# Layer Numbers: 4
# Layer Number: 0
relu
128 290
# W
0.043802872
-0.03604153
-0.10353555
0.060891017
0.1442254
0.06661903
-0.10558113
-0.12770823
0.1415259
-0.0740099
0.0748009
0.045927413
0.15261163
-0.053599898
-0.027975662
-0.01702561
0.06593504
-0.1374035
-0.058909953
0.07267664
-0.007964357
0.17586629
-0.097619265
0.02221092
-0.042748414
0.08433948
-0.06512122
0.015226999
-0.111612886
-0.027097506
0.022562003
0.076736465
0.054502435
0.13406178
-0.04288679
0.052533306
0.122823566
0.104996495
0.06084909
-0.09925367
0.006956724
0.118053965
0.106577
-0.022882191
0.025615184
-0.0115895085
-0.058433015
-0.054347236
-0.043820113
-0.10052477
-0.06561868
-0.111326985
0.0106709255
-0.12967566
0.08821977
0.06939188
-0.032606
0.109616704
-0.07301668
0.028559752
-0.08428341
-0.007309166
-0.10134318
0.07973096
0.0015483935
0.06993346
0.013789165
-0.038164638
0.06915537
-0.072077535
0.04445597
1.6611379e-05
0.055008553
-0.13694884
-0.078037985
0.043451313
-0.10751186
-0.0016201955
-0.06628578
-0.13885365
0.062192246
-0.04755659
0.11412296
-0.022186132
-0.055822127
0.042615555
0.09553109
-0.07299381
0.024852958
-0.005297108
0.11706178
-0.1384038
0.12758279
0.1434481
-0.061487246
0.018314822
-0.015077143
-0.045950755
0.09969224
0.11245666
0.10494008
-0.0078053446
-0.007253666
0.045736983
0.08806317
0.16163343
0.08440422
-0.0397244
0.029525718
-0.08952732
0.13176802
-0.04697612
0.025218166
0.022727124
-0.14315143
0.08739272
-0.024264917
0.053308405
-0.037214838
-0.10361036
0.13114709
-0.035153203
0.028890511
-0.070233196
-0.005204171
0.05033895
-0.068128616
0.10034912
-9.909672e-05
0.053605776
0.0125674065
0.09937444
0.00048018142
-0.20425357
0.09293058
0.13581875
-0.072247915
-0.06526892
-0.06959679
-0.057342164
0.065313704
-0.010401531
-0.025477996
-0.15741633
0.024981564
0.092454396
0.04849881
-0.102479525
-0.019477727
0.094325684
0.012796889
0.09684353
0.09134371
-0.06641479
0.016559394
0.14755903
0.04215139
0.029662037
-0.11232797
-0.10075041
0.08431634
-0.02309124
0.12878111
-0.05752334
0.11904683
-0.1037863
0.1142067
0.048404805
0.06238688
-0.09668232
-0.017046658
0.043926544
-0.092476435
-0.044578303
0.07398774
-0.058544707
0.0846822
-0.024007415
-0.011274223
0.036213916
-0.00267497
-0.07632597
-0.10255979
0.0016546958
0.06473105
0.06814158
0.072356164
-0.03535385
-0.08981282
0.0151162045
-0.12332624
-0.122758694
-0.109482706
0.011522776
0.08073639
-0.07800746
0.10996601
-0.14166199
0.0022108515
0.10950486
-0.032213338
0.02288278
-0.016421953
0.09646332
0.014103823
0.065371975
-0.033702713
0.11665459
-0.083407536
0.08227921
-0.08766223
0.003369406
0.0693679
0.0008307095
-0.050433315
-0.14078555
-0.040762845
-0.119518846
-0.059240602
0.12624955
0.033027433
0.18553182
0.0015575195
0.015742198
0.08019085
0.14892401
-0.07162473
0.09487239
0.046328627
-0.06759125
0.13635983
0.15670992
-0.015919575
-0.031263385
0.04203067
0.18652283
0.024862852
0.08027034
0.047547933
-0.008076748
0.0025018342
-0.030663105
0.015839433
-0.08059036
0.10425582
0.02587171
0.043717925
0.042216368
-0.032872666
0.11256286
-0.04568644
-0.04360274
0.0072631957
0.10337445
-0.029082866
0.09400335
-0.030988201
-0.0635976
-0.14782056
0.06157674
-0.04538536
-0.07224351
0.18927911
-0.03065134
-0.005046888
-0.034288492
-0.08849553
-0.07679764
0.10296581
0.01856261
0.09896483
-0.008899838
-0.17657065
0.027462678
0.018766664
0.08546054
-0.058121055
0.11311662
0.10728309
0.13584094
0.09791044
-0.30275962
-0.020546203
0.1173684
0.15031287
0.045455504
0.09491319
-0.1514676
0.09094758
0.1318414
-0.0089160055
-0.01911326
-0.01797952
0.051464707
0.00698143
0.1022575
0.052040096
0.085850924
0.076004654
0.028708253
-0.10493141
0.028253859
0.19883439
0.04904318
0.033197228
-0.0034088928
0.11525861
0.037047196
-0.00871164
0.09639117
0.049883436
0.044314113
-0.09874571
0.04811658
-0.017801287
0.113214366
0.038283747
-0.107603215
-0.073405854
-0.19089256
-0.09766064
0.02007975
0.059850037
0.19292647
-0.02331614
-0.0740759
0.0825541
0.103993274
-0.02703316
0.08520772
-0.051520836
0.027202187
0.11303241
-0.0035481993
-0.059292734
0.0880962
0.03617339
0.050380614
-0.005035769
-0.011012283
0.08828685
0.036193147
0.045226768
-0.025671301
-0.16504675
-0.0820881
-0.08133646
-0.08136965
0.101616204
-0.032891467
-0.10283439
-0.08345482
0.0073838867
0.24711968
-0.10552241
0.07077201
0.12160057
0.0103179
-0.100619204
-0.005966536
-0.13092442
0.09473448
0.0070725204
0.06282011
0.07132243
-0.08157949
0.0056664525
0.043255124
0.033605058
-0.039539844
0.034874246
0.057820782
0.008029597
0.08779637
0.083760224
-0.20557691
0.037130035
0.11222571
-0.2490282
0.055965357
0.018443147
-0.0708411
0.022692282
-0.16900335
-0.020710314
0.01825925
-0.026337272
0.11540269
0.14768839
0.00095038826
-0.05162903
0.042511627
0.045926522
-0.059368547
0.02068358
0.040179327
0.026113745
0.034376975
0.1091963
-0.008408149
0.029810853
-0.15627521
-0.0799513
-0.010532659
0.14002758
0.15801051
-0.118950136
0.06528453
-0.034945153
0.016020937
0.053047687
-0.07463947
0.032545663
0.055573687
0.014222126
-0.10305469
-0.038937367
-0.018608218
0.0955109
0.11291168
0.14414719
0.085338205
0.106256865
0.01653604
-0.10401926
0.13370624
0.00030049318
-0.010225584
-0.04728362
0.06318535
-0.07555233
0.006695525
-0.034900688
0.07197906
-0.017581005
0.11631153
0.014564811
-0.026468124
-0.09948539
-0.020556567
0.06807633
0.034453858
-0.12468537
0.06353875
-0.0049133003
0.064371414
-0.00998851
-0.15004463
-0.0014432457
-0.0083033275
-0.1206399
0.08361497
0.031157345
0.014083183
0.08633577
0.009572725
0.022338467
-0.003101986
0.00954294
0.055012763
0.045472104
0.034478668
-0.02955302
0.06489834
-0.047982965
0.11201755
0.12875797
0.06785414
-0.04460949
0.11753578
0.17676733
-0.16185874
0.10278363
-0.0988146
0.12455877
0.010097155
0.08547243
0.05718321
-0.07302709
-0.033017613
-0.12003082
0.11109535
-0.0119158635
0.0013348489
0.1752432
-0.06898756
0.044071145
0.13108619
0.023538915
-0.22247218
0.110844605
-0.06305421
-0.110786766
0.011306915
0.040727142
0.004025176
-0.034834728
-0.055887777
-0.0958552
0.14649926
-0.08391105
0.05272709
0.12882175
-0.12603116
-0.052120574
0.032009013
-0.08079245
-0.003386005
0.0049963533
-0.10525147
0.08385931
0.08981432
0.048915476
-0.11462269
0.11904042
0.022206394
0.061737828
-0.046827402
-0.09481614
-0.1132356
0.038212605
0.020237925
-0.12657045
-0.12359529
0.07970134
-0.055400554
0.03979665
-0.1188853
-0.11683241
-0.12993255
0.030148782
-0.005049577
-0.07629665
-0.104903005
0.05457294
0.07257329
0.0988417
0.048765086
-0.0192414
-0.086198784
0.009265083
0.09320593
0.00938019
0.10120718
0.07920786
0.046385694
-0.08055459
0.06552172
0.042756405
0.075597785
-0.06843643
-0.08504568
-0.06883685
-0.08074103
0.019849498
-0.11180978
0.04896407
-0.023206716
0.05004533
-0.08768808
-0.01155887
0.1036084
0.08572407
-0.019399166
-0.075804204
0.09187464
-0.073296644
-0.09918915
0.006253517
-0.0841404
-0.024876919
-0.073800035
0.076239996
-0.073981576
0.10694327
0.013295346
0.012655545
-0.028319992
0.036516126
-0.03181725
-0.08929306
-0.078202635
0.030713128
0.054080598
-0.017495638
0.06484135
0.045483164
0.012546546
0.048167493
-0.09743708
0.13349399
0.10381873
-0.102171466
0.09572686
-0.07829001
-0.024286289
0.09181108
-0.041028444
-0.0100129
-0.07385084
-0.042431206
-0.092954434
0.014594532
-0.030145463
0.002840025
0.022553785
-0.008633224
-0.06690425
-0.12670365
0.028521296
0.0420934
-0.051093504
-0.12598136
0.13280074
-0.017170139
0.054183826
0.07741126
0.029974578
0.047084812
-0.09021932
0.13324541
0.0434433
-0.021109337
0.11747009
-0.0018796315
0.0026104979
0.10832252
0.027305616
-0.0056602927
-0.08554974
0.027532136
0.046743415
-0.09385863
-0.04531261
-0.08263127
-0.045506917
-0.14702612
-0.049234357
0.021279853
0.032092936
-0.06626846
-0.04968685
-0.091702566
0.07102514
-0.043489236
-0.07317255
0.05084965
0.0005516486
0.0011992672
0.0390414
-0.005073784
0.0712612
0.03830272
-0.034687985
-0.01851703
-0.093485415
-0.10034582
0.06820393
-0.024401227
-0.059861593
0.021898624
-0.12964123
-0.10036836
-0.059236348
0.023824984
0.0753368
0.049152005
-0.07962277
0.076425575
-0.06121861
-0.035919227
-0.09765514
0.057125635
0.06246715
-0.04816516
0.054971322
-0.05728104
0.059760287
0.013573945
-0.047620837
0.024963034
-0.07194199
0.062516086
0.041505683
-0.012260174
-0.14231117
-0.08408207
0.12206557
0.020876838
-0.12882623
-0.06509372
-0.026088405
0.065175675
-0.05458706
0.08518037
-0.13323717
-0.08870209
-0.11777712
-0.030548295
-0.053355567
-0.030724047
-0.030511698
-0.09710283
-0.042149384
0.0205598
0.057203475
-0.038654193
-0.10774285
-0.020787977
0.12155725
0.028945686
-0.02481011
0.06731771
-0.01558538
0.08546617
0.09638805
-0.10699153
-0.07963588
-0.06937126
-0.09102501
0.047807865
-0.030526057
-0.09320829
0.078859024
0.12365721
0.09622606
-0.105555065
-0.09160592
0.05541614
0.105104804
-0.0071863267
-0.02210326
-0.05938261
0.011932467
0.04809587
-0.10732499
0.08180209
0.014682359
0.0034873488
0.05424549
-0.13609134
0.13333087
-0.083511405
-0.057101674
-0.057604432
0.13001917
0.018292297
0.11928122
0.074730955
0.06464897
-0.09167308
0.10426301
0.072611935
-0.10524284
0.07958052
0.09000001
0.025175368
-0.09004519
-0.004709557
-0.12393701
-0.061128516
0.024556631
0.099721625
0.0005531245
-0.073734485
-0.05101398
0.0076383357
-0.007844582
-0.013010847
-0.08258643
0.030536566
-0.1068248
0.002357633
0.12713823
-0.059617724
0.05226083
0.007448598
0.07773975
0.05589171
-0.07773602
-0.04591934
0.0820963
-0.094055444
0.025738703
-0.111590214
0.027250407
-0.06898622
0.015347666
-0.050571874
-0.053485278
-0.13484101
-0.059445366
0.0133634405
0.039331287
-0.10241031
-0.016400216
0.13043328
0.06897964
-0.034828562
0.036699783
-0.081363715
-0.007936078
-0.0905414
0.07407731
0.10095906
-0.040210396
-0.07598684
0.06142658
0.023178056
0.07854926
0.081501566
0.0938792
0.033291634
-0.02740784
-0.023284985
-0.068264954
-0.07265897
0.02006659
0.048663117
-0.05453001
-0.07736267
-0.08112478
0.07662037
-0.077578865
0.09508996
-0.07666587
-0.074743144
0.041426245
0.11230771
-0.077626854
-0.044527926
-0.04146386
0.06859654
-0.09104649
-0.0032086442
-0.0066173677
-0.061199274
0.08154633
-0.083810546
0.12180606
0.041090295
-0.08369924
-0.06966323
0.04993279
-0.016895434
-0.008050777
0.0036568004
0.03562335
-0.08663632
-0.11656276
-0.039477535
0.12153218
-0.04378084
0.062318765
0.108495735
0.07087181
0.053350914
-0.04672608
-0.035774074
-0.09832022
0.09142544
-0.043674786
0.096566126
0.09649523
0.09068082
0.082520455
0.055430233
-0.03192404
-0.05590655
-0.043035537
0.018499644
0.1100746
0.053330854
-0.046315283
-0.11461302
0.10556929
0.012321975
0.091376975
0.0070892037
-0.07491588
0.03862936
-0.03876773
-0.09512047
-0.01008224
-0.047008663
0.04940096
0.013112114
-0.08986193
-0.10853182
0.097232185
-0.025578983
0.10883034
0.04187519
0.030169532
-0.058202904
0.13273011
-0.098620586
0.06998971
0.035897765
0.015555884
-0.019699438
-0.03603813
0.027062792
-0.123661146
0.09130982
0.046254665
-0.0994625
-0.06834554
0.082051285
0.05536163
-0.022125997
0.039725978
0.03194592
0.033419095
-0.052290656
0.11686771
0.07184316
-0.14327297
-0.05153339
-0.06512675
-0.005421629
3.3537122e-05
-0.021117926
0.063887164
-0.05042824
0.0943314
-0.043769695
-0.12280526
-0.033048995
0.013276789
0.09584004
0.0033221398
0.02596361
0.0142658455
0.0821412
-0.05760663
0.117199704
0.13476574
0.10625922
0.08806411
-0.017036136
-0.023592953
0.068655886
0.08410716
0.012057806
-0.0820352
-0.052134413
-0.0025026079
-0.011436494
0.059074704
0.08925367
0.053743698
0.106199466
0.0857135
-0.0724958
-0.059289396
0.10544771
0.08762602
0.04585945
0.0040502213
-0.030182317
0.029414698
-0.10406988
0.038470995
0.03292167
0.10290597
0.12844539
-0.0140343085
0.08423785
0.091173284
0.015779437
0.04329126
-0.018142331
-0.10251231
-0.08938001
0.051294588
0.11839801
0.12025215
0.030367795
0.0070485524
-0.059518237
-0.09084304
0.027204506
-0.016091114
0.046307947
0.017019963
0.09752342
0.006157346
-0.096319586
0.09921758
0.07571828
0.105328225
-0.01534363
-0.106793456
0.07557033
-0.008809496
-0.030913513
0.14110555
-0.09969539
0.073679395
-0.039655384
-0.035636775
0.010482548
-0.0117174
0.09046499
0.02336895
-0.09257957
-0.043696955
0.07609259
-0.06433593
0.07122995
0.07274091
-0.055188447
-0.020625828
0.08672771
-0.082384445
0.007961454
0.014222118
0.05041872
-0.031099912
0.045065988
-0.07634186
-0.0069254
0.035924762
0.035735827
-0.04080583
-0.04330727
-0.03474084
-0.083276555
0.013775595
0.10401321
0.12812847
-0.08603289
-0.0034617744
0.09354508
0.07096256
-0.0082654925
0.05766931
-0.06301098
0.028149167
0.1426822
-0.10482564
-0.083543286
-0.0066250023
-0.05001409
-0.06692099
-0.10316504
0.06638378
0.095829256
0.013159797
0.07340929
0.005269298
0.06505867
0.0145329945
-0.09979592
0.10306667
-0.078593016
-0.04086278
-0.092150465
-0.03374873
-0.09387156
-0.14990778
0.060707014
0.01574135
0.14322437
-0.013586574
0.046315726
0.08053651
-0.1269348
-0.0035049922
0.102373354
0.00018163923
-0.017624395
-0.07957063
0.085255
0.08278922
-0.02094599
-0.0806974
0.019488463
0.04833939
0.05072673
-0.016845498
0.051282603
0.043580193
-0.070895486
0.059447013
0.052164637
0.06327619
-0.040660705
0.020641666
-0.08340239
-0.1241238
0.04474832
0.116865195
-0.15951945
0.09167497
0.101558015
-0.07348242
-0.099481635
0.085354954
-0.032621704
0.11142539
0.0053177383
0.051991034
0.099349186
0.052199706
0.053757686
0.027849043
0.004695177
-0.09341351
0.08758672
-0.084777944
0.0017220519
0.10677612
0.117867544
-0.0682973
-0.07914661
0.015623365
-0.0005748964
-0.043541446
-0.007987171
0.05768393
-0.0546743
-0.01164114
0.051247854
0.042074952
-0.087343976
0.025477512
-0.045120474
0.00872649
0.046666462
0.069817215
-0.16571766
-0.004592454
-0.09388236
-0.11038767
-0.009877701
-0.022396037
0.012477556
-0.0012557943
0.073881425
-0.017574834
0.09958544
-0.16653375
0.009975644
0.008989801
-0.17697395
0.03701472
0.025748612
-0.029890703
-0.03577478
-0.08618737
-0.1060019
-0.10464436
-0.080783255
0.072937824
0.04443603
0.10053706
0.010225766
0.113175735
-0.095024325
0.066992894
0.033232152
0.019647341
-0.06426864
-0.039522666
-0.04812975
-0.07356973
-0.07626129
0.091606274
0.050006587
0.13096069
-0.0343518
0.020031376
0.015741264
0.033819348
0.005001437
-0.0043968926
-0.09086461
0.030713849
-0.004416344
0.057442266
-0.08488031
0.06558172
-0.06972574
0.08814282
0.059252236
0.053430423
-0.0141569115
0.0031626786
0.027246153
0.037761133
-0.037654042
0.03795368
-0.11508445
-0.010896385
0.047022145
0.04387494
0.05137855
-0.06799897
0.033575293
-0.13666804
-0.0510756
0.13059455
-0.052673075
-0.06372385
0.025361473
0.04662241
-0.028916514
-0.09160336
0.11082396
0.012936371
0.07811128
-0.0094123995
0.050609577
0.01981318
-0.0053371694
0.005410505
-0.12809506
0.09191797
-0.06760853
-0.0067832447
-0.0317612
-0.045309506
-0.12806228
-0.095727906
-0.054444466
-0.077315204
-0.012422404
-0.09811393
-0.019238047
0.099669896
-0.11010272
0.06783583
0.020884855
0.058782496
-0.095590316
-0.017120471
-0.03988122
-0.06379101
0.065706745
-0.03090732
-0.053326055
-0.019291107
0.08671166
-0.13249587
-0.09329937
-0.1247938
-0.012118358
-0.037245747
0.083171055
-0.053211115
0.01479682
0.011071406
-0.012513107
0.032475717
-0.064344764
-0.04568187
-0.02697237
0.052287042
-0.094083026
-0.033874307
0.025589578
0.016772505
-0.022081733
0.11234974
0.11574586
0.13264288
-0.054561924
-0.039076764
-0.050743386
0.0676858
-0.063950464
-0.10774875
0.026554616
-0.033880975
0.1139977
-0.08203665
-0.10469891
0.053655606
0.05280841
0.08773321
-0.031314336
0.037986517
0.021650642
0.10114083
-0.12120832
0.061481703
-0.008298499
0.023036096
0.026391625
-0.044032168
0.072984606
0.014349676
0.053443976
0.10630805
-0.13934794
-0.028573941
0.01233074
0.013820301
0.02451283
0.019997727
0.11045271
-0.027448442
0.14821264
-0.11001655
0.028758358
0.03698891
-0.028464237
-0.067613475
0.04804269
-0.08832304
-0.105191365
0.0932906
-0.011639927
-0.014613373
-0.10878454
0.19364026
-0.07176033
-0.008679701
-0.00391149
0.03233466
0.10425942
-0.023836873
0.10319206
-0.059888985
0.0132823335
-0.028577078
-0.01696426
-0.020633
0.07547672
-0.034286346
0.096314505
0.010101816
0.053793687
-0.02254146
0.10944509
-0.10398977
-0.007066014
0.111935355
0.07069478
0.14258403
0.07839922
0.08015071
-0.082089394
0.060887516
-0.11523795
0.0028111243
-0.06257952
0.01826199
0.104230024
-0.053286895
0.03813653
0.053688873
-0.074681826
0.106799275
-0.020826517
-0.06269545
0.027286243
0.05694067
0.118207246
0.040656343
0.0975616
-0.07670475
0.07420347
-0.029327389
-0.07484849
-0.08414124
-0.008449688
-0.028742097
-0.033714633
-0.09797896
0.0013981232
-0.081921026
-0.043094546
-0.04357667
-0.06300446
-0.038760606
-0.0281232
-0.06927635
0.032283444
0.11472147
-0.05034842
-0.11745396
-0.082458295
-0.0091731595
0.008603825
0.0021340803
-0.11699252
-0.025564231
0.08074666
0.036570154
-0.051179036
0.10051742
-0.08580291
-0.061388347
0.04219336
0.035672765
-0.058662254
0.09442833
0.05894008
0.07828158
0.010678782
0.10598358
0.112512015
0.06566389
0.021407304
-0.07122956
0.12158417
-0.04611059
-0.0152346315
-0.0354237
0.056501523
-0.06163134
-0.11619553
0.030474812
-0.077158265
-0.030242119
0.003424789
-0.013124156
0.12916657
0.08782497
0.1041009
0.11643243
0.039278146
-0.04089138
-0.021295229
-0.0028026146
0.07658395
-0.058638506
0.023188977
-0.0072310753
0.00863754
0.028186012
-0.044987816
-0.036575396
0.14198409
0.07493179
0.034231707
0.06094731
-0.012169459
-0.12309549
0.063349284
0.08301504
-0.0018064829
0.10856264
-0.07731758
0.042908646
-0.039594073
-0.07014452
-0.09019359
-0.014394462
-0.017615566
0.021815363
-0.0915192
-0.037909955
-0.08393307
0.03699595
0.1091583
-0.07936999
-0.074497625
0.016345253
0.03969831
0.024718635
-0.06536701
0.0109998705
0.064807005
-0.06305197
-0.1553061
0.088595144
0.007968166
0.08988399
-0.012045664
0.05420243
0.08915265
0.0625811
-0.05973084
0.11042633
-0.11196869
-0.0003684148
-0.0713989
-0.04455375
0.12717424
0.13416763
0.026413513
-0.05639094
0.096640594
-0.060250822
-0.07367
0.04166667
0.06772712
0.0050199917
0.023582071
-0.045525834
0.09003669
0.06495286
-0.06017437
0.06810766
0.03945713
0.039965548
-0.06309442
0.024585245
0.04262649
0.06094232
0.10914478
0.128229
-0.035319235
0.0998001
0.09448311
-0.07814754
0.018840132
0.07619326
-0.08556573
-0.027346784
0.00012286866
0.041657116
0.11644044
0.05143354
0.010687627
0.00062464655
0.053341895
-0.015981896
-0.059075996
-0.0030742397
-0.035638176
0.08278532
-0.054806888
-0.09020136
-0.12111036
-0.048647847
-0.041090414
0.016012048
0.04370604
-0.004459356
0.07720256
-0.05032156
-0.077345535
0.08223343
0.04687039
-0.18327674
0.05627203
-0.066364706
0.07933902
-0.07578406
0.039404158
-0.030119233
0.07857158
0.020941501
-0.08449533
0.00853851
0.06432761
-0.0051650056
0.05807946
0.08242172
0.08190114
0.0056942096
-0.031743266
-0.10662574
0.06337376
0.00013279155
-0.07303893
0.018926857
0.008663096
0.1017874
0.04765012
-0.050916687
0.047888074
-0.057147745
-0.02993674
0.05484199
0.10588975
0.009141095
0.023975246
0.08574384
-0.009953249
-0.09861191
0.20311378
0.14283808
-0.03485355
-0.0010179697
-0.025207017
0.047948424
-0.08880902
0.03748776
-0.06382991
0.050167393
0.02185164
-0.0065146545
-0.026958354
0.0977147
0.00040207978
0.09059439
0.17550896
0.03684841
-0.04543075
-0.10254022
-0.015531544
-0.040352914
0.041248802
-0.09578463
0.03284933
0.054853607
0.088536374
-0.004407573
-0.049821403
0.06355823
-0.05292653
0.07624614
0.13146782
-0.09904889
-0.07240753
0.010255449
-0.03601188
0.023104692
0.10958513
0.13256663
-0.008967024
0.08361683
-0.0831347
-0.14734186
-0.053661626
0.08887567
0.06199143
-0.025907155
0.085579306
-0.09394183
-0.085288316
-0.11450764
-0.037966445
-0.024218844
-0.059011944
-0.07838915
-0.05424518
-0.103483334
-0.11688708
0.0689789
0.04731691
0.0074385847
-0.024311703
-0.004970689
-0.06058383
0.041698594
0.024948452
-0.080475576
0.09777985
0.13526689
0.08766988
-0.08351823
0.04902845
-0.061428823
-0.060619127
0.08886757
-0.07379304
-0.11563491
-0.036776647
0.053588465
0.042690467
-0.036041103
-0.06849119
0.00065499166
0.008652268
-0.022179475
-0.06658545
-0.055607583
-0.11471338
-0.12736191
0.060737103
0.081945226
0.04019334
0.0319225
0.004965924
0.06817982
-0.14257634
-0.08532459
-0.17206271
-0.058395132
0.045929942
0.03054922
-0.07470632
0.07227713
0.007819423
0.042199444
-0.012414909
-0.008762762
-0.014166121
0.07075258
-0.002804446
-0.057917673
0.02522039
-0.06752168
0.07561071
-0.02641695
0.020203894
0.013266456
0.05028217
0.061954644
0.04139303
0.034994338
0.06729856
0.07449894
-0.0049749534
0.15993822
0.05280752
-0.110546626
-0.082226604
0.016740248
-0.07925041
0.0698544
0.039884083
0.07828576
0.010358998
0.0061300998
0.046838075
0.058284532
0.2449053
0.07244604
-0.0036376936
-0.114353955
0.10553451
-0.093445666
-0.07996683
-0.05147188
-0.07540724
0.10248495
-0.01718119
-0.1176527
-0.094197035
-0.006025723
-0.033143498
-0.023340981
-0.09865826
-0.05532365
-0.06734165
-0.015524629
0.1051097
-0.09920381
-0.009612652
0.06353347
0.036714945
0.102531366
-0.0241562
-0.10096173
-0.08984378
-0.112956755
0.11334142
-0.00488542
0.030190278
-0.039406214
-0.0726843
0.034497157
-0.11437604
0.05591249
-0.019782387
-0.059963826
-0.07648407
0.05563352
0.03239073
-0.0836406
-0.044396374
0.044125043
0.07133079
0.034299053
0.026532557
-0.0070003937
0.0354999
0.17990078
-0.09098983
-0.073450565
0.07107423
0.012007376
-0.09356514
-0.03846974
0.14163667
-0.08324275
0.039805207
-0.019886758
-0.1356538
-0.047249857
-0.0375255
0.064718045
0.038731333
0.112181865
-0.038486116
0.075090446
0.051943623
0.098329775
-0.08228251
-0.008707164
-0.0050424896
-0.057906292
-0.048757896
0.10121873
0.0116764475
0.074352354
0.07970495
0.07046366
-0.12196289
0.046959914
0.08198172
-0.09691882
0.0466876
0.13370976
-0.014260758
-0.10669909
0.0052221413
0.048813507
-0.016661864
-0.09409866
0.060373355
-0.07453333
0.057273556
0.10571646
0.0004261608
-0.01351566
-0.04265369
-0.0836397
-0.046357293
-0.11374031
0.016620113
-0.095568456
0.035497826
0.10556431
0.0050797826
-0.016284524
-0.07538891
0.027842676
0.035445556
-0.050740603
0.08605057
0.12477382
0.08159651
-0.03899928
0.020338435
0.076472685
0.022979876
-0.05491285
-0.10192925
-0.1290797
0.09401248
-0.11921726
-0.00085097476
-0.081067525
-0.042791408
-0.06634408
-0.01111882
0.06976812
0.15966065
0.0647382
0.07929896
0.10127077
0.105732225
0.07262256
0.06320454
-0.037914027
0.11159988
-0.05364225
0.035026867
0.09464137
-0.08064998
-0.102768354
0.069796376
-0.04120814
0.07676893
0.085114755
-0.04647598
0.085072525
-0.030803347
0.026162328
0.14682499
0.082563914
0.021450683
-0.06099277
-0.036903996
-0.027027683
-0.11909837
0.03158643
0.09875309
0.012180328
-0.08768256
0.08472028
0.10736622
0.06762495
0.032403674
-0.010597236
-0.04090298
0.0060841106
-0.055316508
-0.047303773
0.07424399
-0.005370767
0.096132115
0.09855107
0.042758852
0.022078497
0.064893074
0.05067252
-0.09754372
-0.044036947
-0.0051269345
-0.036451604
0.07210686
0.05549342
-0.07606759
-0.044848055
-0.0054182103
-0.08687064
-0.1179208
-0.09000476
-0.066864826
0.103107154
0.026281042
0.014818488
-0.008686611
0.071461484
0.0074779424
-0.05621022
0.009508869
0.0225487
-0.015652103
0.22069718
-0.0327332
0.046994466
0.09108869
0.014521528
0.027687272
0.09175838
0.08713188
0.038312614
0.038122814
-0.028166138
-0.070985705
0.027680712
0.0044448795
-0.08161757
0.037577942
-0.055986498
-0.088780075
-0.06441583
-0.09719176
0.09225986
-0.13992535
-0.049388148
0.06312615
0.07584697
-0.13611035
-0.08417382
-0.07659329
0.057697825
-0.07849837
-0.06450071
-0.0030489059
-0.0433641
0.061613016
0.063081704
-0.12118118
0.07925663
-0.056155927
0.040975172
0.04028441
0.02834851
0.003539259
-0.12956674
0.024695639
-0.09317559
0.10499256
-0.03644638
0.16950023
0.02280535
-0.026343243
0.0987848
0.068815246
0.075495355
0.040414706
0.01489487
0.11017599
-0.04505426
0.079090916
0.11201279
-0.03627308
-0.00567563
-0.082636714
0.046780955
-0.07543183
0.035909858
0.074128464
-0.013021633
-0.111437395
-0.053365245
0.08724286
-0.11894731
0.10069115
0.04237656
-0.12901293
-0.079581775
-0.010527946
-0.015240239
0.028220296
-0.035910934
-0.08392384
0.061139923
0.03801349
0.010239336
0.09683128
-0.11288242
0.044861056
-0.032194547
-0.09536222
0.06501727
0.0344458
-0.12967439
0.08646435
0.05869548
0.03423109
-0.11485501
0.077163264
0.07297138
0.011878153
0.046330966
-0.09579968
0.078419216
-0.061819162
-0.13338085
-0.025828691
-0.02930965
0.0036674687
0.12252472
0.0030479555
-0.05348193
-0.069756575
0.054331303
0.023866415
0.029473491
0.117272004
0.025064785
0.04693114
-0.040220432
0.07856828
-0.09380639
-0.043526627
0.054916255
0.06682635
0.10604326
0.075050525
0.028565677
-0.13034526
-0.0341474
-0.049284596
0.052360468
0.09843525
0.10271525
-0.06100165
-0.023187997
-0.09935679
0.06266886
0.06678554
-0.049695134
-0.09157802
-0.087561026
0.01378785
0.058810517
-0.10686343
-0.0091042565
0.13999572
0.123406015
0.11111426
0.004424902
0.077846095
0.024560295
-0.08274819
0.07409801
0.12546869
0.031252924
-0.0076359254
-0.017668882
0.030665187
0.075677566
-0.10269179
0.028396744
0.027067758
0.09115075
0.08844223
-0.041857053
-0.120621756
-0.029932303
0.025109388
0.14234652
-0.063875124
0.011061466
0.048503403
-0.042095676
0.05749745
-0.08208204
0.0819242
-0.1423414
0.03317993
-0.0794539
-0.038552884
-0.11073527
0.057848062
-0.06081851
0.027739681
0.07230185
-0.078337915
0.07525361
-0.04861721
-0.023392316
-0.07020082
-0.10257465
-0.15432116
-0.097692646
0.15214038
-0.071750574
0.0043913582
-0.0430101
0.047894306
0.07704319
0.103856236
0.07750827
0.09493283
-0.073820315
-0.121234685
-0.11434037
-0.026182847
-0.02632233
-0.09810532
-0.0056472346
-0.031809524
-0.0603619
-0.054103002
-0.067701
0.093652844
-0.098217785
0.008648955
0.055348277
-0.05924497
-0.040029574
-0.11694713
0.0048624305
-0.059284598
-0.054600485
0.064817294
0.05275677
-0.005839561
0.08634441
0.100420535
-0.068581924
-0.062145285
-0.10971556
-0.069128156
0.017735688
-0.12340347
-0.08953739
0.05626602
0.04602279
0.11430895
-0.049782697
-0.11720167
-0.022211377
0.07051136
-0.034894146
-0.07589024
0.119843
-0.007909599
-0.13054504
-0.034209274
-0.016469117
0.06420036
-0.016808106
0.013702567
0.09329529
-0.069555126
-0.023367105
-0.070745856
0.009129513
0.07766575
-0.0409332
-0.13188022
0.11725419
-0.045805253
-0.011110834
-0.014411551
-0.07257817
-0.04669119
-0.05038706
0.057409123
-0.022415837
0.03528135
0.05879712
-0.02011026
-0.044565562
0.10675382
0.013042953
0.09592631
-0.098752245
-0.1408125
-0.10151186
-0.032963555
-0.102534585
0.098029085
0.10051793
-0.052057102
0.025326751
-0.028537413
-0.08249727
0.009080306
0.006716318
0.09113008
0.1123612
-0.014803505
0.013787844
0.11307696
-0.012129998
0.032277692
-0.02731948
-0.09353168
-0.06463172
-0.1053604
0.034785226
-0.108208485
0.0700292
-0.0225211
-0.06456899
0.06379646
0.06134347
0.048603274
0.015287509
-0.11153587
-0.059821334
-0.011329544
-0.060564764
-0.08883325
0.12470235
0.030034317
0.033683084
-0.06821534
-0.06841656
-0.013280944
0.13313055
0.13162191
0.102446854
0.045210373
0.109232515
0.015441393
-0.011620671
0.024694987
-0.011132246
-0.048106465
0.07660026
0.03839445
-0.01677502
0.097220495
0.09942181
0.110921286
0.09580617
-0.038703457
-0.14080234
0.07528617
0.029488515
0.033247825
-0.04484282
-0.04134795
-0.12319397
0.03683998
-0.054862343
-0.005328536
-0.06398351
-0.06752851
-0.061897647
0.09133722
0.08728079
-0.052731693
0.015129551
-0.11510335
-0.04702083
-0.07407081
-0.10865099
0.13553251
-0.08526493
-0.08645009
-0.0031992958
-0.052092835
0.03185362
0.028255982
0.095569745
-0.02140312
0.034687683
-0.010811913
0.027372083
-0.08935051
0.009805391
0.019288424
-0.024170233
0.06182975
-0.015049175
-0.016980615
-0.07034197
-0.048992265
-0.10083795
-0.115060106
-0.107702
-0.052570768
-0.048096687
-0.10160236
-0.0011906715
0.08635073
-0.03395033
0.055846114
-0.04955842
-0.040480632
-0.066107534
-0.092061594
-0.1329001
0.05349585
-0.0602717
0.069526985
0.041255888
0.040033903
0.07584296
-0.025990982
0.054844886
-0.025944822
0.0077764173
-0.03311116
-0.08733068
0.0873644
0.012991874
0.10737245
0.08784409
0.0609135
0.014003177
0.04993372
0.04904165
-0.113731496
-0.08624404
0.04225358
-0.025357414
0.06606355
0.10607674
-0.039430447
0.020582182
0.03120254
-0.07900409
-0.087947726
0.06402454
-0.10538995
-0.011036722
-0.05058486
-0.10497234
-0.087995924
0.05751213
0.08423557
-0.078935266
0.029121645
0.1366269
-0.063265674
0.060193386
0.009387403
-0.08325174
0.07736127
0.042368576
-0.054580603
0.007469687
0.09498976
0.032550655
0.012020172
0.053196907
0.06540978
-0.0043692146
-0.087956086
0.061657373
-0.040563323
-0.05897324
0.13936937
0.057811256
-0.01990971
-0.023581095
-0.029048124
0.09388378
-0.010449424
-0.010613182
-0.055905793
0.10979011
-0.083942056
-0.0732241
-0.0574159
-0.010987662
-0.058932588
-0.035336986
0.0057895677
0.049987547
0.0921068
0.122052245
0.06815964
-0.06577832
0.11341616
-0.04098061
-0.056824155
0.058241084
-0.081987455
0.08032144
0.007027659
0.10736913
0.13882405
0.09111777
-0.05531616
-0.040315203
-0.06790947
0.052944284
-0.023168877
-0.044964314
-0.024205524
0.108588554
-0.08821372
0.03222103
0.029714523
0.093034744
-0.042936016
-0.050737157
0.03623965
-0.1299717
0.0007491367
0.0312952
-0.0035958672
0.06868341
0.041407768
-0.05188507
0.039794665
-0.058013335
0.022682114
0.056820184
0.06961654
0.14838184
0.027680557
0.053592816
-0.03862676
-0.07115635
0.07598447
-0.056419656
-0.09233562
0.05312871
0.011831761
-0.0741951
0.12437825
0.030672172
0.10253155
-0.0692803
-0.100608855
-0.008734248
0.008916132
0.0022104788
-0.033634678
-0.06022901
0.12095182
-0.07857855
0.03080311
0.05200173
-0.015250603
-0.10109706
-0.04633539
0.034562886
0.093465224
-0.074919045
0.09566401
-0.1091611
0.050927516
-0.026862523
0.091753624
0.021346746
0.08299727
0.03730062
0.087805934
-0.0026333013
0.033351164
0.033568393
-0.09588396
0.057462245
-0.007119256
-0.10668257
-0.121862784
0.06858194
-0.019880243
0.11373856
0.07683437
0.07250213
0.03248942
0.04255863
0.07931062
0.0154251605
-0.07896863
0.02682239
0.014132277
-0.062878706
0.0034445026
-0.08210271
-0.0602564
0.06220777
-0.04759034
-0.010642343
-0.040887903
-0.07139304
-0.09494495
0.073508576
-0.011383054
-0.078381896
-0.005744753
-0.07652513
-0.084057406
0.096053764
0.02631648
-0.028593415
-0.1002521
-0.0872804
-0.116059735
0.051004242
0.016463814
0.08186371
-0.012893672
0.014335087
-0.08218058
0.07139371
-0.045475036
0.07478094
-0.06867262
-0.11764977
-0.021326339
0.046055324
-0.06898926
0.07300792
-0.011252965
-0.022978205
0.11182269
-0.083590284
0.037168898
0.07673849
-0.018455056
-0.004140544
0.14149937
-0.08640053
0.022926657
-0.13589098
0.12085545
0.05603533
0.070441134
-0.057898127
0.140896
-0.05146033
0.053320274
0.17729506
0.062509656
0.120640114
0.039194323
0.11211701
-0.038629893
0.078719415
0.036606546
-0.09666048
-0.0033181189
0.09212012
-0.10152184
0.024114288
0.010120435
0.10950931
0.09822157
-0.04634992
-0.01780791
0.040552042
-0.06366092
-0.12929113
-0.04856157
0.10221689
0.09818926
0.027167939
-0.0345856
0.031372614
0.051004797
-0.1157454
0.0687396
-0.043645106
-0.057542697
-0.11260399
-0.05267188
0.02468063
0.059807867
0.086276256
0.07282122
-0.024232201
-0.08646517
-0.015588167
-0.0023354671
-0.07947019
0.13278377
0.092676334
0.011228273
-0.07508446
-0.021418536
0.12350041
-0.0035296334
0.08691726
0.07555786
-0.0050049312
0.041625056
0.109347776
0.08405625
0.07033884
0.09755715
-0.055737883
0.017768802
0.09510822
0.008519166
0.07025654
0.08219857
0.048123065
-0.07462365
-0.022742245
-0.012245153
-0.052624535
0.14725319
-0.054773778
-0.01679374
-0.04136781
-0.069637224
-0.0711112
0.07993816
-0.065652765
-0.03301153
-0.14840257
0.002066089
0.12249474
0.11976336
0.056952767
0.013108431
0.020392517
0.083725184
-0.042990323
0.12844673
0.086839266
-0.09732078
-0.0771774
0.018621562
0.007547562
0.11534812
-0.077248916
-0.07593268
-0.08081989
-0.0894149
-0.049377296
-0.064459436
0.046228874
0.03163885
0.052837133
-0.091878444
-0.097261764
0.0052490192
0.015449927
0.10679241
-0.020420179
-0.08382952
0.04160718
-0.00650145
0.014036309
-0.06709364
-0.05379974
-0.054166466
-0.08628882
0.0034723717
0.095606804
-0.04691949
-0.047705874
-0.054144517
0.00087527157
0.09784271
0.037295923
-0.09973364
-0.0148776155
-0.042705767
-0.03153238
0.037984524
-0.054640193
-0.03393449
-0.076231495
-0.031068027
0.08957925
0.038753673
0.13607042
0.0751519
0.08286501
0.10996483
0.0004940221
-0.020911245
0.044080596
-0.0717194
0.048430048
0.032766946
0.11160129
0.03978248
0.03307128
0.031390794
-0.05371608
-0.010151197
0.09923062
-0.06987647
0.12555635
0.076035924
0.13888799
-0.06686445
0.038402498
-0.12388156
0.008310681
-0.06376785
-0.034801
0.07904109
-0.078714445
-0.040404066
-0.10143586
0.06526613
-0.021477334
0.028483013
-0.03794295
0.097353265
-0.08078984
0.0041277013
0.029085264
0.020448944
-0.019139938
-0.021707272
0.042064507
-0.095488325
0.033344414
-0.0076364055
-0.043519035
-0.03208868
0.051758017
0.007563674
-0.018855521
0.06206918
-0.035289988
0.08218493
-0.009171169
-0.043041132
0.09733303
0.04684127
0.065860465
-0.12312434
-0.07478541
-0.008947771
-0.098591015
-0.05104003
-0.09215829
-0.025618011
-0.051500358
0.07437033
0.07889399
-0.08784054
-0.03316686
-0.013377916
0.030090317
-0.052043244
0.05507183
-0.10737034
0.09032873
-0.06927101
0.017659144
-0.03460136
-0.051425554
0.12535313
0.12105184
0.004775312
-0.029179377
0.0167475
0.025094844
-0.09023315
-0.07196166
0.074087374
-0.0035188682
0.081297964
0.06869279
0.06588426
0.08183047
-0.04345446
0.06995441
0.0667421
0.05253469
0.026103938
-0.0033283348
0.044978295
-0.04995028
0.104220055
0.004638015
-0.05117395
-0.022782372
-0.099643506
-5.8151134e-05
0.043386016
-0.05910683
-0.0633151
0.10771103
0.008364037
-0.07066743
-0.085948825
0.10125571
-0.11218247
-0.02535678
0.11633641
-0.05810657
-0.024848947
-0.02191096
0.14315024
0.00647164
0.0020303908
-0.032367613
-0.08633374
-0.074631564
-0.053339265
-0.049299948
-0.0728298
0.07249963
0.04517305
0.082495615
0.0970376
-0.01767711
-0.056443162
0.12296629
-0.063208565
-0.0598013
-0.10882211
-0.07054126
-0.012250912
0.026595926
0.08307217
-0.12194035
-0.12688531
-0.04102408
0.02416326
0.01826627
-0.018143447
-0.00554493
-0.061451945
0.14751492
-0.0712402
0.0829761
-0.063192174
0.0298277
0.03757514
-0.090336524
0.009728147
-0.038496345
0.11433813
-0.0010325663
0.034403946
-0.075466536
0.091884084
-0.053270772
0.06578273
0.03371163
0.068598755
-0.08981244
-0.033512663
0.051400263
-0.11986073
0.15590517
-0.081156686
0.04651354
0.0055111623
-0.14106414
-0.023604749
-0.03447022
-0.06663316
-0.091864936
-0.044584345
-0.0668365
0.10770506
-0.030235657
0.1510703
-0.033728622
0.0167683
-0.07756139
-0.1766884
0.021714335
0.074016616
-0.07215008
0.0012190733
0.09180053
-0.05685257
-0.033647735
0.066845745
-0.08650948
-0.090710625
0.08261889
0.0798074
-0.066722
-0.07679692
-0.018610902
0.11650195
-0.012241627
-0.01589644
-0.09392046
0.0897028
-0.05442592
-0.07632161
-0.07529413
-0.072701305
0.1132476
0.091246136
0.026738564
0.00045167556
-0.003432831
-0.028520541
0.109557964
-0.09311866
0.12923796
0.0051348894
0.081232354
-0.04170598
0.08011954
-0.05761546
0.047037363
0.05000543
-0.16329138
-0.017797872
0.0012053354
0.10291394
-0.0056019975
-0.06819306
-0.053187747
0.07372976
-0.11754658
0.13240807
0.025687777
0.12737569
0.0015758729
0.08234057
0.04223778
-0.08078794
0.042391837
0.07336495
0.067321055
-0.11280139
-0.046788584
-0.07155373
-0.018978119
-0.13301656
0.0779021
-0.049680434
-0.024222469
-0.056162167
0.1345612
-0.0790567
0.032798067
-0.07008565
0.07034461
-0.10564686
0.11333089
0.041796405
-0.06454439
0.14141431
0.105375715
-0.06467547
0.1273753
0.021400351
-0.04023159
0.11222413
0.13748959
-0.015671968
-0.10201308
0.044912294
0.032247633
0.06350717
0.13564402
0.087770514
-0.010886067
-0.07240285
0.047904827
-0.03984127
-0.0715164
0.07189927
0.021299087
-0.076183975
0.023489663
-0.03386189
-0.004062484
-0.0692491
-0.049891073
0.024766743
0.02989776
-0.07360132
0.099764764
0.042770375
-0.013495767
0.09481775
0.0039678053
0.07563219
0.1320717
-0.069213234
-0.07796794
0.12800702
0.033194933
0.086609736
-0.12647474
0.10966954
-0.057457652
0.051383924
0.047753826
-0.052491114
0.04490215
0.017876962
0.054589666
0.019301971
0.049345206
-0.04366801
-0.08708526
-0.0010481828
-0.03596094
-0.009043705
0.09767403
-0.12472783
0.009535395
0.14220792
-0.0025930176
0.01333688
-0.08903229
-0.08899106
-0.017747734
0.08298912
-0.015512598
-0.13307089
-0.0721671
0.06513924
0.06267656
0.036449276
0.046032786
0.13165519
0.0946468
0.13477083
-0.00949606
0.013519924
0.09831884
0.12664108
0.108199686
0.093812145
-0.098149665
-0.019247752
0.062198766
-0.10303274
-0.046316158
-0.05699803
-0.046709575
-0.022310961
0.055067316
0.120570466
0.011462836
0.092307515
0.116846874
0.111327
-0.08426273
-0.11280132
0.0692911
-0.0599178
-0.106907524
-0.024564354
-0.05126822
-0.03624361
0.024436941
-0.02384871
0.054889735
-0.06118509
0.008336508
0.06758169
-0.10382704
-0.008943351
0.105704024
-0.013499214
-0.064641505
-0.08516901
-0.06683436
0.0041355076
-0.14247951
0.008865348
-0.11882408
0.010249322
-0.0463014
0.009900714
0.08818146
0.089362375
-0.00068034854
-0.028886713
0.09687451
-0.05728145
-0.060501434
0.013594114
-0.13723771
0.013982605
0.11423422
0.045825165
0.032134388
0.036930688
-0.17736864
0.029464107
0.01087231
-0.0657908
0.057795327
0.051683873
0.012729586
-0.07644602
0.06522841
-0.10806255
0.16846773
-0.012295779
0.056856308
-0.06215439
-0.11471905
0.019409757
-0.09917939
0.1307088
-0.08642198
0.08167006
0.019353278
-0.015287384
-0.05479
0.02803823
0.08653792
-0.071181126
0.08672404
0.065152444
0.06692987
0.001716813
0.032855146
-0.12932041
0.16111694
-0.0075422847
-0.06160527
0.07454231
0.14853963
0.113244124
-0.12240335
-0.07956041
-0.18619542
-0.015481522
0.045581836
0.011003766
0.044608083
-0.006415839
0.05534786
0.16116713
0.12789643
-0.064073704
0.051411685
0.041219972
-0.02377632
-0.084083766
0.009418572
-0.0007125678
-0.038215537
-0.062359
0.018372638
-0.015734755
-0.021297349
-0.0691929
0.09547786
0.08310099
-0.16816378
-0.045592073
-0.07512157
-0.12872858
-0.16258566
0.058869846
0.0120461555
-0.13078155
-0.068356484
0.03223183
0.026223833
-0.019075738
0.10161758
0.0732812
0.009219169
0.050332896
0.08382472
0.11539115
-0.15560912
-0.061504964
-0.004711064
0.096616946
-0.030153677
0.12975356
-0.040301662
-0.101324484
0.1092591
0.02121803
-0.08920189
0.06466804
0.04661961
-0.03120876
0.015494814
0.029171515
0.022407314
0.03514761
0.13977805
0.07854947
0.05191234
-0.05688434
-0.07015582
-0.21802238
-0.04080517
-0.023480127
0.069288045
0.120499395
-0.069267824
-0.10675859
0.084870964
0.1134149
-0.10672143
0.12038091
-0.070582636
0.10723974
0.08901597
0.10117947
-0.108846225
0.11843738
-0.17370357
-0.049757976
0.15887792
-0.025618095
0.04729413
-0.24609558
0.08586496
0.03976744
-0.08203436
-0.101068065
-0.036713865
0.13206391
-0.03495094
-0.12841576
-0.090330206
0.119750336
-0.12528236
0.08173596
0.06747386
-0.083734795
-0.031404793
-0.049824037
0.09170708
-0.02028265
0.015652843
-0.15340771
-0.07051801
0.11566897
-0.026914256
0.052497424
0.0732342
-0.096494235
-0.10528227
-0.033292353
0.13670374
-0.10873927
-0.02852871
-0.036486935
0.08389014
-0.06414083
0.009485229
-0.12640737
0.0691581
0.12600836
-0.06660266
-0.14363016
0.018497461
-0.16851246
0.05838664
-0.0027789355
-0.019654775
-0.10677395
0.03629201
0.015376316
-0.015651131
0.07015946
0.07140769
-0.07225805
-0.10482478
0.038496185
0.07446707
0.14544758
-0.19716984
0.01687349
-0.08687971
0.066689156
0.032140765
-0.0067725913
-0.010830312
-0.0740419
0.033239454
0.0005076289
0.000109545574
-0.06666049
0.064978585
0.041252952
0.030432792
-0.018422179
-0.056659386
-0.001238789
0.03980992
-0.0867395
0.026076796
0.0034659617
-0.16705991
-0.06287028
-0.13567585
0.14324096
-0.09615181
0.074616484
0.1276377
0.1270861
-0.06430373
0.081799656
-0.07232981
-0.075081006
-0.060122807
0.041363012
0.047878392
0.13750765
0.09888789
0.0017699372
-0.08207138
0.045510676
0.06136871
0.01929098
-0.037271507
-0.0869045
0.08216025
0.024179654
0.09536911
0.04170718
0.05179153
0.04640891
0.0067830803
0.00903096
0.23952168
-0.06662928
0.03145291
-0.11523982
0.03765673
-0.046689037
-0.11346422
0.14577357
-0.10102706
-0.022189004
-0.017053235
0.012271541
0.07862084
-0.0048633944
0.053929143
0.1324204
0.03642502
0.17442627
-0.0125066815
-0.010903388
-0.0648176
0.005373773
-0.10698105
-0.01779242
0.03922178
-0.09281616
-0.09341965
0.12321379
0.09604819
-0.0344557
0.035330977
0.06821698
0.07169263
-0.06063861
-0.04589375
-0.08049848
0.028012374
-0.18767186
0.16661058
-0.010306265
-0.070700265
-0.1616343
-0.08911721
-0.08301619
-0.110758916
0.014285401
-0.12348844
-0.08919736
-0.0016052247
0.023566961
-0.009144378
-0.13192642
-0.0066454927
0.03275636
-0.035482347
-0.049159337
0.03506035
0.038013358
-0.059262652
-0.15900445
0.035593566
-0.097815
0.06594407
-0.07942729
0.097338736
0.036904246
-0.10995077
-0.1321452
-0.06273693
-0.08065346
0.061490614
0.06554868
-0.1075787
0.055137344
0.12484879
0.07044088
-0.008883231
0.04741843
0.09612635
0.003264686
0.028177788
-0.03640595
0.13932714
0.12973706
0.059861798
-0.02778267
0.15610091
0.06782715
-0.08572747
-0.070048526
-0.17557718
0.14394498
-0.060771756
0.05042153
0.10617602
-0.047595143
-0.062259693
0.095839754
0.1072967
0.036860123
0.042430762
0.04992739
-0.08254744
-0.2071093
-0.012077557
-0.021579033
0.0044925315
-0.107497275
0.044443414
0.048328627
0.0790637
0.022603337
-0.09194693
-0.14529763
-0.03365802
-0.0023129906
0.10447553
-0.13796437
-0.11592226
0.16622993
-0.054098416
-0.023253022
0.08391875
-0.0036333185
-0.05465461
0.0113238795
-0.08914409
-0.14770374
0.013672608
0.035112396
-0.0251605
-0.075430095
-0.05156661
-0.0013916425
0.015030806
-0.026734022
0.15200661
-0.027898377
0.068960436
0.017477872
-0.09424381
-0.06163888
-0.044634003
0.120820515
0.14651908
0.21067148
0.028018273
0.060585387
-0.024151282
0.004386795
0.015503379
-0.05505175
0.028945591
0.16374144
0.06960056
0.04704135
0.08202411
0.047837198
0.14827454
-0.08764772
-0.060570966
0.05247309
-0.05535755
-0.03908075
0.11732845
-0.010284378
0.052760307
-0.0986557
-0.03971199
0.028222961
0.018943427
0.082816824
0.019064007
0.07494941
-0.13810813
-0.049904265
-0.04164764
-0.069270216
0.013377675
-0.12527089
-0.13065305
-0.02083947
0.12275752
0.0027619123
-0.050826166
0.13710111
0.06542766
-0.13234152
-0.013200635
-0.03415442
-0.013448258
-0.0626575
-0.06848539
-0.011020494
-0.107756026
-0.10179422
-0.08907774
-0.10699979
0.002076047
0.042124
-0.0832248
0.045794137
-0.15433568
-0.07756129
0.057494577
0.10180546
-0.10494262
0.070583485
0.09765747
0.18906054
0.1265502
0.025330316
0.061822493
-0.06487345
-0.03360737
0.0036991886
-0.23123527
0.075852096
0.04826218
-0.061379153
-0.05215272
-0.12630172
0.11964284
-0.056469686
0.14685501
-0.15196836
-0.055550177
0.011991437
0.11079621
0.023690721
-0.06912885
0.03495895
-0.021892628
0.033118553
-0.048583735
-0.16250747
-0.07378111
-0.098278455
0.110758506
-0.039053243
-0.06644028
0.19605616
-0.046386793
0.035661727
-0.1668495
0.090296805
0.021850483
-0.090036094
-0.053102132
0.08561954
0.13626398
-0.08283298
0.07718726
0.036144506
-0.014244572
0.047196288
-0.10202399
0.13531536
-0.02074697
0.10116472
-0.037259303
-0.025529927
0.11078708
-0.03462448
-0.08469642
0.16082858
-0.06324532
-0.06698264
0.02315438
-0.077754736
0.036385793
0.05749546
0.14490753
-0.07551745
-0.06435249
-0.070491806
0.017657187
-0.088734254
0.071812734
-0.11660889
0.062274165
0.11254778
-0.12703681
-0.09160986
0.08846619
0.020811439
-0.013725362
0.022884408
0.0439598
0.073620394
-0.015800845
-0.06476696
0.13763006
0.10509461
-0.030372407
0.042213198
0.08752418
0.115620494
-0.08984713
0.12041262
0.086775854
0.019228583
0.12374556
0.06839284
-0.09183865
-0.083979644
-0.04612472
-0.07067848
0.053663053
0.11760903
0.010617895
-0.0024931005
0.15615056
0.062493473
0.009470934
-0.0827876
0.009686539
-0.08197048
-0.06148952
-0.069090545
-0.04307671
-0.057260185
0.07821879
-0.021504303
0.043728855
-0.03141724
0.016077444
0.032680586
-0.11470835
0.009498773
-0.16731659
-0.0188037
0.1240312
0.06216578
0.047138713
0.16568738
0.050755646
0.08286776
-0.055909324
0.061394688
0.011083491
0.07042443
-0.13360487
-0.07325371
0.12077145
-0.12862991
0.15893634
0.0823298
0.11560927
0.09784294
0.17549908
-0.048102625
-0.071671575
0.040573463
0.094993226
0.105849594
0.11724119
-0.053446762
0.07213144
0.042536005
-0.022958895
0.049844526
-0.075192615
-0.05586896
0.1128986
-0.010204661
0.0871555
-0.080566645
0.17897594
0.027667698
-0.020831006
0.0036856146
-0.11113465
0.035494436
-0.09063494
-0.028347349
0.047442663
0.091714896
0.104062065
0.012290928
0.06452582
0.10075891
-0.3719966
-0.084859975
0.07211487
0.015884649
-0.09651901
0.11387619
-0.017690659
0.016164083
0.056751844
0.06285678
0.050143603
-0.09450032
-0.06638324
0.08153106
-0.011832203
0.059308514
0.12151717
0.042203113
0.11766017
0.07095369
0.11724164
-0.13162677
-0.011888117
-0.061978612
-0.014447644
-0.05876276
0.006386744
0.1453729
-0.0214758
0.09297586
-0.020355128
-0.0999439
-0.0054045976
0.07677499
-0.13163659
0.11289915
-0.07875802
0.11804469
-0.015951958
0.10571571
0.0322383
0.08161722
0.00865515
0.075840406
-0.11481117
-0.0038168845
-0.007702037
0.025657997
-0.021925503
0.07080072
-0.069068104
0.013998983
0.118910514
-0.1268045
0.052896798
0.017608281
-0.01843381
-0.07652733
0.18343447
-0.15608223
-0.030020794
0.0070702313
-0.12819573
-0.120328404
0.14599061
0.006772969
0.025002722
0.092137575
0.12237378
-0.013576166
0.10793958
-0.017642274
-0.098891586
-0.05613118
-0.15441354
-0.026659211
-0.13131472
-0.006736434
0.06696157
0.12644826
0.09132041
-0.08033016
0.050169405
0.13011739
0.07635782
0.029419256
-0.056358416
-0.054010388
-0.013725682
-0.03178332
0.051585067
-0.05359207
0.021943577
-0.030308146
-0.20546418
-0.01549168
0.036720708
-0.13477843
-0.075747095
-0.09987539
0.059258386
0.07366737
0.0705499
0.09637672
0.035319377
-0.01882713
0.024718693
0.04759336
-0.017585559
-0.04499291
0.026287057
0.011644627
-0.096153684
-0.104130514
-0.2789167
-0.059085228
-0.18870749
-0.031086667
0.015282152
0.04449746
0.039226692
-0.0037507226
0.03443716
-0.09294795
-0.03174554
0.07808925
-0.1153525
0.03365227
0.009296469
0.031740353
0.0323265
-0.06190015
-0.09727734
-0.07585251
0.009104613
-0.08763313
0.12469041
0.016351618
0.36477485
0.002127202
-0.08470796
0.073640905
-0.022507645
0.025549069
0.07986587
0.06231196
0.15451564
0.10753339
-0.021677332
-0.06177247
-0.12831284
0.009551503
0.105233885
0.10394522
-0.10416364
0.11328706
0.09296832
-0.054588474
0.09664413
-0.07527107
-0.11176858
-0.007890005
0.0822274
-0.02606204
0.034429785
0.019425785
-0.05297807
0.025462216
-0.0029735256
-0.027681665
0.07556657
-0.004519365
-0.04800605
0.07566752
-0.054725748
0.02693692
0.109093316
0.083300106
0.0444434
-0.12324614
0.026094204
0.0664445
-0.002821455
0.11464819
-0.014748614
-0.07726917
0.01916078
-0.06890469
-0.021531591
-0.00079262926
0.13538732
0.038528886
-0.0023960564
-0.20082834
-0.03348781
-0.0053332346
0.06350208
0.06443967
0.04412304
0.00064034393
0.011738409
0.032771606
0.0014032344
-0.14152195
-0.06440212
0.07807407
0.12762897
-0.043934274
-0.11401325
0.12998693
-0.031767834
-0.110027656
-0.006731236
0.088518396
-0.041701924
0.007885087
0.108491495
-0.07737358
-0.07194228
-0.01819554
-0.08942559
-0.0056026746
-0.16652456
-0.051034275
0.067648634
-0.04057005
-0.0076362444
-0.018001387
-0.079489
0.09484525
0.0042728893
0.087729126
-0.06480167
0.15122996
0.03945913
0.12608014
-0.04958855
-0.14319254
0.119802915
-0.03207084
-0.015596955
-0.040130973
0.09073017
-0.015300822
-0.07058574
-0.062006183
-0.09337619
0.12157512
0.043434523
-0.16606325
-0.08491646
0.010167357
0.016726246
-0.17187501
-0.08248856
-0.13445194
-0.28641084
0.21531072
-0.1593933
-0.09617397
-0.040537838
-0.023078248
0.011525876
-0.25408185
-0.14674057
0.16466495
-0.06626213
0.21983999
0.18618117
-0.10287418
-0.035690166
-0.223322
0.08998235
0.052649856
-0.30367962
-0.06918846
-0.19114028
0.08712407
0.19247876
-0.3820469
0.17941077
0.10593731
0.09663206
0.03236708
0.061391167
-0.120936915
-0.0008805694
-0.061863776
-0.01652748
-0.09484013
0.054546967
0.020652344
0.053046435
0.070269
-0.103731595
0.020953832
-0.23657599
-0.15449117
0.11963801
-0.32446468
0.24865082
0.13573575
0.15640827
0.028146474
0.062986545
-0.10734355
0.027291283
-0.07941511
0.20275345
0.0009396337
0.05346349
-0.11815192
0.15183443
-0.08187607
0.008442035
0.14615238
-0.08424258
0.08243921
-0.05468618
0.1786195
-0.05440121
0.0005524238
-0.085726626
-0.07064478
0.010451976
0.18618546
0.17508864
-0.057491146
-0.03364514
0.012713364
0.104629375
0.06767103
-0.18910912
0.10716699
0.17598628
-0.07570246
-0.035592232
0.09246925
-0.20586446
0.07231123
-0.0752879
-0.17517403
-0.23172186
-0.02263331
0.19396684
-0.05014848
-0.06954599
-0.009409969
-0.017541345
-0.059082206
0.04486145
-0.0755684
-0.01580373
0.36521906
0.1860386
0.017255748
-0.15464905
0.027291285
-0.07367208
-0.13828665
0.029716324
-0.11321688
0.07370619
-0.13202329
-0.08415608
0.18414834
0.15817368
-0.03439409
-0.14262529
0.21016851
0.2552913
-0.02189713
0.23996797
0.073742785
-0.06418673
-0.05922975
-0.028910128
0.084028676
-0.14735353
0.17174496
-0.1846151
-0.05355935
0.03396684
-0.1330342
0.04765368
-0.03840986
0.07697071
0.067644596
-0.047915727
-0.03722356
-0.09148632
0.024490155
-0.06664987
0.079037644
0.082959644
0.10475597
0.1098761
0.06137458
0.038951743
0.08850879
0.106743366
0.048754267
-0.08289735
0.10241325
0.0061929277
0.0813703
0.06268324
-0.01819193
0.09543295
-0.06714261
0.04516699
-0.03296333
0.052082106
-0.017444225
0.08576678
0.06269964
-0.08617263
-0.111215316
-0.12019798
0.08765933
-0.031504683
0.05812605
0.009314518
0.0087794615
0.010633209
0.026702192
-0.009970002
0.09546625
0.0049850885
0.044212118
0.14428978
-0.037741836
-0.01656976
-0.005304323
-0.045149926
0.08003438
0.10802371
-0.08541762
0.037550904
-0.012137618
-0.04921146
-0.038249716
-0.08464694
0.07582132
0.039346736
0.079504915
0.11434327
0.03348843
-0.1218185
0.1814605
-0.061365206
-0.15312685
-0.106616296
-0.12322251
-0.06470565
-0.10316929
0.01252957
0.038208626
-0.06762947
-0.09563608
-0.08033866
0.10660442
0.08006034
-0.046654273
0.035804328
0.07055185
0.0054411776
-0.13277212
0.16792953
0.03491495
-0.022602933
-0.11995665
0.049954023
0.0755424
0.019800093
0.113360524
0.09388851
0.11697131
0.02482334
0.11920389
0.018158913
-0.022173982
0.016632631
0.013415389
-0.05278822
0.06997855
0.05771785
0.10979611
0.1252476
0.09334793
0.06827383
0.0047456147
-0.04356444
0.13194378
-0.08312127
-0.081896394
0.067444034
-0.04647771
-0.13015108
-0.122878276
-0.13045375
-0.06706917
-0.008392348
-0.02597403
-0.07688376
0.06762645
0.07317734
0.044252098
0.051587433
0.09140672
0.073344946
-0.09529851
0.1398766
-0.04273314
0.0803753
0.09011267
-0.04550564
0.018465562
-0.0024259542
0.13671313
-0.13893606
0.03940732
0.072423376
0.052677054
0.058701493
-0.043905795
-0.016479475
0.0061556823
0.127873
0.06462926
-0.053994685
0.060304858
-0.07364041
-0.06973706
0.008603892
-0.1193766
-0.08634348
-0.073275834
0.10979039
0.03534632
0.049152855
0.10349333
-0.037354056
-0.08716605
0.06419572
-0.032745924
-0.058074523
-0.087945975
-0.071472116
-0.06601091
-0.060439177
0.032704577
-0.05057229
0.07414143
0.025802078
0.06024998
0.028410317
0.02091969
0.10334658
-0.08896927
-0.018682348
0.038952425
0.1176202
0.03565232
-0.06829799
0.00550554
0.0133956475
0.047134396
-0.021952722
-0.0628545
-0.0027084579
-0.17393741
0.0063871527
0.06457003
0.085727744
-0.05797273
0.092234105
0.08629189
0.12506412
-0.12915151
-0.12416516
-0.05321198
0.017006218
-0.07147454
-0.066268295
0.041714862
0.030796772
0.106421076
-0.072233684
-0.017269522
-0.09832393
-0.11525126
0.07011656
-0.0015706
0.06849978
-0.05922991
0.16558677
0.058698352
0.050677855
-0.06550525
0.056815695
0.0025476583
-0.059980556
-0.070517585
-0.06489027
-0.04684612
-0.054746773
-0.019899702
0.07014846
0.028508935
-0.10116758
0.073787786
0.10842672
0.09878003
-0.1467272
0.075363606
-0.05543017
-0.027297178
0.05187102
0.10453763
0.009576285
0.098460875
-0.07700927
-0.08638293
-0.09690086
0.04159605
-0.036926284
0.063845776
0.0070690354
-0.16603172
-0.097386725
0.010121541
0.04325538
0.00815671
0.007358064
-0.07376402
-0.0317642
-0.034664877
0.034797937
-0.07923128
0.11603907
-0.01853586
0.0003929355
-0.03119141
-0.10806891
0.02752138
0.073524326
0.10309561
0.06545358
-0.038875967
0.02885918
-0.09418616
-0.061183542
-0.07165506
0.020770125
-0.10504402
-0.044526447
-0.1293548
0.09292705
0.029755218
-0.013001235
0.07363142
-0.03248732
-0.117541924
-0.050015405
-0.1329878
-0.111754134
-0.083100475
-0.03341714
0.033306725
0.089497656
0.024621395
-0.13710064
-0.03946976
-0.100649595
-0.034468167
0.026467206
-0.024185494
0.036669187
-0.004050909
-0.012751559
0.06409247
-0.11527789
-0.06832593
-0.05662301
-0.037973106
0.1356137
0.078364596
-0.09000368
0.09176767
-0.0032410207
0.07967844
0.014814429
0.07752646
0.14377366
-0.03009213
0.05909048
0.05666981
0.10813985
0.06814786
-0.084248036
-0.020073159
-0.08244457
-0.036951587
-0.08842598
0.19360632
-0.049506184
0.0063237776
0.08527824
0.02591706
0.018221935
-0.090145215
0.08062787
-0.07373529
-0.047913466
0.0139279775
-0.06871226
-0.07157315
-0.043007176
0.011786958
0.06765879
-0.08446445
0.012622555
0.045939937
0.03143709
-0.087262966
-0.09643252
0.0995894
0.08471116
-0.025034165
0.14484073
0.05332798
0.030886425
0.08104728
0.051576007
-0.033913597
0.015568811
0.095276415
-0.058944643
-0.073904544
0.08012875
0.032690693
-0.028351774
-0.13210475
-0.057330355
-0.14209096
0.013625018
-0.051765263
-0.11537863
0.029572215
-0.047206532
0.04783559
0.0073050326
0.106881775
0.0856097
-0.059428006
-0.10701208
-0.048753515
0.048505653
-0.0975098
-0.05393907
-0.10110142
-0.026731454
0.06462864
-0.070110835
-0.05260329
-0.018290803
-0.07522189
0.07806185
-0.12258672
-0.043876227
0.019667009
0.055033125
-0.060145915
-0.08935361
0.058723837
-0.1009063
0.04217823
-0.06693926
0.10314707
0.1580927
-0.034028307
-0.058981866
-0.06518953
0.169858
-0.051705267
-0.07352111
-0.097074956
0.0062927045
-0.066957586
-0.049966414
-0.0030173617
-0.14513686
0.036951695
0.024552163
0.115132205
-0.028516643
0.016140409
-0.07207764
-0.052460417
0.08145583
-0.12398313
-0.12228898
-0.0478115
0.0938165
-0.09910038
0.14526272
0.023097115
-0.059779774
0.09380297
-0.08634462
-0.082990654
0.036553424
0.002394981
-0.046669472
-0.028494902
0.044690806
-0.061832946
0.020835793
0.0616202
-0.063123226
0.13428108
-0.014014135
-0.041633464
0.053086944
-0.024821853
-0.07463826
-0.0057742507
-0.009900427
-0.07065191
-0.11665176
0.00041810118
0.036324635
0.14203309
0.08894318
-0.11644899
0.025363572
0.098158956
0.06696412
0.005683549
0.0024095585
-0.07827394
0.085664354
-0.019869223
0.11697279
-0.04033337
-0.10092656
0.042846136
0.03232343
-0.02042543
-0.10820303
0.098737955
0.07090266
-0.059411865
0.034129944
-0.038517915
0.0205506
0.036872085
0.1111976
0.04965509
0.07482684
-0.020219361
0.08255077
-0.017400801
-0.0071652615
-0.051030595
-0.101498276
-0.09554938
0.120031886
0.02335651
-0.0021649196
-0.072189756
0.10279943
0.053234007
-0.11592384
0.09180965
0.093702406
-0.009169151
-0.006982341
0.046945073
-0.013807363
0.041924648
-0.002966323
-0.001091382
-0.20900008
0.016373727
-0.056829233
-0.03998916
-0.016459826
0.011627296
-0.01855114
-0.16177712
0.06061563
-0.020469561
-0.0877981
-0.09937198
0.041704286
-0.0455014
0.15324953
-0.13319914
-0.1733431
0.1380906
0.011854117
-0.015598762
0.014689691
-0.023728704
0.09765928
-0.02916446
-0.11083342
-0.022675887
0.028112382
0.1330696
0.24373586
-0.116568245
0.04826863
0.31306362
0.08934431
-0.0556331
0.032474328
0.07869082
0.08952728
0.03540162
-0.07110239
-0.020472568
-0.17357384
-0.05993191
0.017203432
-0.0478966
-0.12581594
0.005155694
0.12468686
-0.13551207
0.14612937
-0.023555199
0.14482775
0.03151699
0.016355757
0.12469002
0.04265676
0.23058029
-0.21272951
-0.018326083
0.00633623
0.033083346
0.1399076
-0.034958046
-0.040684484
0.06371511
0.094350114
-0.031363387
-0.10942714
0.09287434
0.15267354
0.10735157
-0.050510135
-0.23742747
-0.04378084
-0.04472537
0.13066599
0.018254297
-0.05305631
0.114871204
0.005689821
0.04914539
0.06093502
-0.0477853
-0.07373998
0.10301555
-0.101542704
-0.10620729
0.00028657087
-0.05456807
0.045293156
0.065929666
-0.0008652244
-0.063400514
0.10727493
0.037595723
-0.022329655
-0.13025603
-0.000860152
0.044529304
0.024409741
0.11699345
-0.07608696
0.10490786
-0.031501167
-0.04405862
-0.17075853
-0.038500182
0.08475104
-0.074370615
0.09859733
-0.07123741
0.10079457
0.034860484
0.07433337
-0.11255314
-0.038489442
0.10782308
-0.029165015
0.056837413
-0.08212478
0.09724608
-0.036008354
-0.048542667
-0.079791516
0.051727783
0.014932766
-0.19814594
0.054446347
-0.06402323
0.04859529
-0.13077499
0.028474558
0.06122481
0.16007435
-0.118539535
0.04512542
0.045917615
-0.010420946
-0.0025861114
0.13250376
0.08074392
0.16008133
-0.10743229
0.03892131
0.07476191
-0.0495031
-0.017221386
-0.0702938
-0.005347393
-0.060061436
-0.038373556
0.027804349
0.04002951
0.08410804
-0.021749998
-0.08017728
0.06752717
0.08166412
0.0440524
-0.05197908
0.12595086
0.028752144
0.079068445
-0.01119054
-0.11792231
-0.12204749
-0.10449305
-0.03198204
0.022775607
0.060633723
0.17800851
0.16495603
0.0034039088
-0.0058638495
0.024994746
-0.06614256
-0.081593044
-0.099387795
0.026934028
0.07516803
0.1251329
-0.091435716
0.08420089
-0.112150356
0.04020419
0.06923904
0.036512718
0.02321575
-0.1330341
-0.018323371
-0.06322255
0.029943243
-0.07362568
0.08912383
0.1464154
-0.017612698
0.10573651
-0.04485268
0.017758476
-0.061267555
-0.016768787
-0.054140896
-0.058763087
-0.06976281
0.042353127
-0.01001587
-0.061895512
-0.1696434
-0.11611601
0.09299229
-0.061183844
-0.011650164
0.07779522
0.051763434
0.051995374
0.0012158486
0.06590271
-0.06163096
0.026924575
0.10639106
-0.010411202
-0.031339213
-0.066259876
0.029310292
-0.0022817233
-0.06593547
-0.027590794
0.09062295
0.10874442
0.0920161
0.10884523
0.04765079
0.11169365
-0.06250993
-0.08887684
-0.03266374
0.072369024
8.635105e-05
-0.07120989
0.16804345
-0.073927276
0.02992779
-0.06587223
-0.02789975
0.11952676
0.11532673
-0.05970887
0.044869795
0.0065302583
0.11068027
-0.033979233
-0.028337471
0.032188676
-0.02454438
0.011583821
0.05670362
0.06830299
0.08476057
-0.06732434
-0.061462782
-0.039753452
-0.12424961
0.08357399
-0.020836778
0.03736145
0.016991124
0.08028625
-0.10480245
0.07733459
-0.006224629
-0.07703619
-0.01895906
-0.03327848
-0.09301753
-0.051333927
-0.042048927
0.0071296636
0.07179955
0.01317581
-0.015089434
0.10893285
0.045240622
-0.0010302283
0.00062391703
0.001750599
-0.052004136
0.043855745
-0.0590269
0.12880313
-0.02516836
0.08138992
-0.045454085
-0.14015307
0.002274547
0.09702207
0.03728806
0.082824394
-0.08803792
0.06747271
0.012782695
0.1166896
0.03942318
0.121249415
-0.11741615
-0.05496044
0.019431727
-0.012424868
0.10492432
0.010129375
0.06259142
0.11905644
-0.0706965
-0.09125417
-0.022361865
0.026877949
0.053943533
-0.0031016055
-0.001624664
-0.0442768
0.11672498
-0.10621766
0.117172725
0.1070575
0.047087573
-0.044964593
-0.07167871
0.09816998
-0.021856323
-0.059808996
-0.06684451
-0.10319224
0.044071086
-0.050223943
-0.06254519
-0.137709
0.040116295
-0.09663907
0.101046085
0.07591408
0.08905983
0.056612264
-0.05842149
-0.0015295389
0.106341
-0.045104947
0.091139704
-0.1289564
0.11134291
0.08587083
0.049565
0.008176705
-0.06676761
-0.013023294
-0.058553286
0.029748406
0.009332191
0.06182626
0.13891281
0.00053709035
0.12236862
-0.09686041
0.042047773
0.046239655
0.04793421
-0.109247304
0.10116899
0.09812253
-0.0704578
-0.05920529
0.037924837
-0.064684995
-0.041928474
0.02653382
-0.0029612025
0.053773053
0.074008524
0.016748894
-0.077883534
0.10075799
0.107187495
-0.03874685
0.14815806
0.13866788
-0.06532817
-0.07201776
0.026822256
-0.053377472
0.023646807
-0.08603602
0.058783393
-0.08617095
0.0383996
0.009831502
-0.0937565
0.062211424
-0.007403327
0.021761158
-0.084622
0.074662045
-0.0044024517
-0.13211332
0.12859495
0.12618876
-0.017905863
0.0314204
-0.05913706
0.039945815
-0.058076676
0.013823448
0.076227486
-0.0006599505
-0.13788572
-0.0038715708
0.15098074
-0.10261725
0.090574525
0.14651757
-0.07701122
0.065799356
0.07931971
0.10374851
0.05468053
-0.09282661
0.09257111
0.12431965
0.09056437
0.062133837
0.000667448
0.11487792
-0.1109117
-0.046393704
0.048194937
-0.06859741
0.051487494
0.078123875
0.15494314
-0.09236111
0.05639302
0.16279086
0.13751985
-0.046936255
-0.04344872
0.00640933
0.11504801
-0.10019388
-0.060770825
0.020054152
0.1105072
0.045476604
-0.026191413
0.13604024
0.11324297
0.106535874
0.056149997
0.048052773
0.07153451
0.028826486
0.056719404
0.10685999
-0.015032428
-0.04039915
-0.17790748
-0.12316085
-0.0585871
-0.15204921
0.004444079
0.06323923
0.12168581
0.036634512
0.007924678
-0.06308555
-0.05057487
0.10227083
0.045435198
0.107462466
0.10059162
-0.06379577
-0.095238216
-0.039687596
-0.010863399
-0.063588545
-0.06398209
0.010669463
-0.06832323
-0.0912292
0.044861358
-0.054652266
0.11618899
0.056378998
-0.14379643
-0.015267049
0.032564424
0.08500141
0.029209452
-0.0010598281
-0.14801213
0.12598372
0.111112036
-0.02601337
-0.105543695
-0.0021402996
-0.028175827
0.0025625918
0.0072657177
-0.12077292
0.0114634605
-0.095543824
0.1696234
-0.015898932
0.13225733
0.010608537
0.011229503
0.067062035
-0.08404325
-0.0712545
-0.01983081
-0.058728497
0.054985046
-0.12820528
-0.06258204
0.09099275
-0.071364015
0.0052798316
0.061141852
0.04328966
-0.051456634
-0.06903485
-0.06178572
0.04579547
0.0039525544
-0.09335476
-0.1212803
-0.092218965
0.050457086
-0.020193985
0.0611215
-0.068119645
-0.09228978
-0.007272029
0.088617936
-0.10968343
0.005171796
0.049527977
-0.07937703
0.024238724
0.07518571
-0.07230604
-0.14536855
-0.044512868
-0.044244807
-0.027801437
-0.07811267
0.0005338212
-0.07745287
-0.039305814
-0.10377929
-0.083389804
-0.1182686
-0.10419008
-0.052762132
0.10743545
-0.09160777
-0.09549743
0.007987127
0.071014166
0.05375123
0.02034976
0.022743862
0.05154173
0.06578234
0.03792293
0.043380953
-0.03167752
0.13726161
-0.08652863
-0.09567967
0.12495253
0.07615015
-0.028188253
0.09350437
-0.049447257
-0.05263525
-0.019875014
0.027834864
0.02826292
0.021942517
-0.10144352
-0.085349336
0.025674244
-0.058473963
-0.10969541
0.033660922
-0.062325347
0.08006851
0.046311427
0.031639878
-0.020536765
0.119210325
0.09957212
0.03354041
0.027571978
0.0817797
-0.06446189
0.06742976
0.02738156
0.090439305
0.07273756
0.021180265
0.04747378
-0.03678315
0.052258953
-0.1102255
0.122570306
0.14106448
0.103444636
0.034133192
-0.102497324
-0.11287317
-0.057117797
-0.078395456
-0.044745825
0.034432318
0.0976268
0.09393568
0.15319374
-0.0591402
0.04703924
0.07779673
0.069584146
0.1447642
-0.11516189
0.05838438
0.10613222
0.024323339
-0.07700947
-0.075936876
0.10070121
0.123890996
0.03609588
-0.035297353
-0.0734877
0.037751272
0.0398182
0.07581145
0.12278941
-0.07154185
0.11861115
-0.043509636
0.069530785
0.07216676
0.0021652444
-0.015189851
0.03844739
0.10404564
0.14554448
-0.17052548
-0.10216792
0.09564253
0.02130255
-0.09968399
0.004133505
-0.028777737
-0.00954271
0.08925503
0.029064605
0.046972595
-0.134387
-0.009828682
-0.013102197
-0.026709242
-0.032579564
-0.07205146
0.1250289
0.14220516
0.16910572
0.015603496
-0.17386459
0.06481486
0.1523601
-0.039128598
0.034976855
0.02911308
-0.114169315
-0.0053459797
-0.016611438
-0.106915645
-0.0046552946
0.06049464
-0.018161213
-0.10638262
0.1469522
0.03193547
-0.037544694
-0.08103867
-0.078696676
-0.011391754
-0.031676702
0.028965527
0.00968196
-0.019125083
0.044475723
0.19282615
0.07799863
-0.13073537
-0.1235068
-0.062380895
0.020482462
-0.12876163
0.05518952
-0.042831823
0.097816825
0.08435478
-0.050668795
-0.10812602
0.07821864
0.00017866543
0.07123436
-0.0379175
-0.11096943
-0.022558995
-0.026634425
-0.11520284
-0.043113668
0.061085455
-0.075511
0.12589031
0.040803026
0.041505814
0.07139311
-0.07559969
-0.0808391
0.04913806
0.1104151
0.0010646862
-0.031609632
-0.033038676
0.09731259
-0.06427955
0.032748662
-0.09440313
-0.006991431
-0.0456277
0.030922072
0.014841729
0.030925896
-0.07693527
-0.024355406
-0.0736295
-0.13668108
0.045181304
-0.17869975
0.013331499
0.011735485
-0.06916118
0.06556255
-0.10480801
-0.011111654
-0.12986104
-0.0089958515
0.05048985
0.034579135
-0.01136671
-0.07303394
-0.05843695
0.11187854
0.06870487
0.0914634
0.114790455
0.13108023
-0.12500523
0.04542342
-0.045908704
-0.03336398
0.15240557
0.03952594
0.1098911
0.18126467
0.06919879
0.0037950475
0.05212676
0.15994944
-0.086932585
-0.049191404
0.0026975758
-0.012290427
0.14803395
0.13298735
-0.08637778
-0.038539153
0.06924018
0.056961827
-0.022009036
0.08747608
-0.020587489
0.13649367
-0.111729786
-0.055178747
-0.04712923
0.0041377433
0.023889484
0.10301754
0.10115078
-0.08375795
0.12027857
0.05350507
0.011316023
-0.047263753
-0.0022100941
0.0031447045
0.076165214
-0.006318335
0.045572687
0.029114164
0.10390231
0.051929057
0.0536484
0.12998673
-0.0068097347
-0.05252171
-0.026146965
-0.030798275
-0.029075796
0.14547819
-0.057310432
-0.07064817
-0.10879509
0.11827708
0.07754768
-0.07237151
0.08949283
0.06280418
-0.032596752
-0.004633309
-0.04495767
0.05240072
-0.04539595
-0.057488386
0.010418127
-0.041034117
0.016584551
-0.013902825
0.0048771147
0.05713436
0.112051465
-0.09410376
-0.16351397
0.10652646
0.020313913
0.037244156
-0.051355213
0.08206443
0.015088896
0.10569851
-0.0728776
-0.0013149511
0.1213519
-0.073168464
0.013987167
-0.10550269
0.047778517
0.052139636
-0.012229042
-0.12543657
0.04834035
-0.11816028
-0.15468132
0.10003388
0.036819123
0.0030567413
-0.033961635
0.101803474
0.033805996
0.03091482
0.015873665
0.060424633
0.050878346
0.096561834
0.08888802
0.077720605
0.029906956
0.05637191
0.03458361
-0.034143552
-0.07738777
0.013874551
0.05485762
0.08415355
-0.02895013
0.00263891
-0.10914433
0.060808826
0.06528911
0.045956586
0.0764349
-0.09525294
0.05183398
0.0049134814
-0.070654534
0.035243597
-0.02454524
0.0018179017
-0.15801112
0.046852004
0.08842392
0.03954389
-0.040783215
0.039279647
-0.229625
0.19101553
0.049623672
-0.12587102
0.20824602
-0.15906285
0.045987986
-0.016877107
0.14430363
-0.11869319
0.056994677
0.032180842
-0.11901015
0.001471011
-0.05021742
-0.16289252
0.08625053
0.06663057
0.05159006
0.10884222
-0.00048397525
0.016061345
0.059797544
-0.1704145
0.10095244
0.06310796
-0.1035684
0.046354562
-0.15179177
-0.23839624
-0.10619749
-0.036561888
-0.03734276
0.15874214
0.0732833
-0.18938208
0.097677365
0.012399543
-0.00025990195
-0.14779568
-0.037858747
-0.06945862
-0.05641136
0.078446954
0.07491019
0.100359365
-0.16534407
-0.05726944
0.07838889
-0.042597175
-0.024609447
-0.017197207
0.039571147
0.057046242
-0.10982769
0.0958207
0.11272991
0.0017002381
0.036431354
-0.0547624
-0.035569668
-0.010629281
0.054457624
-0.03905787
0.014715817
-0.017362043
-0.091589995
-0.05291922
-0.025509203
-0.055835187
-0.08486902
-0.08494877
-0.041462258
-0.049263503
0.077063315
-0.100397006
-0.008263746
0.107772745
-0.06714181
-0.036418293
-0.029024173
-0.17111343
0.0143370945
0.11631937
-0.07433995
-0.07279251
-0.027434796
0.07468999
-0.07462847
0.061278746
0.11658522
0.03448658
-0.21823424
-0.07325128
-0.2574691
-0.023417206
0.014660639
-0.1214251
-0.03160414
-0.09586153
0.0077812523
0.15765002
0.043784592
-0.027343584
-0.16195655
0.13207704
-0.0015009969
-0.16274714
-0.009378995
0.034785863
-0.17265642
-0.020139642
0.2549721
0.012520574
0.11963766
0.068230815
-0.008210229
-0.13455303
0.055260967
0.029465362
-0.019331494
-0.113598846
0.079318844
0.055448264
0.06576242
-0.003907201
-0.07310923
0.1517468
-0.08343558
0.008478061
-0.0697216
-0.00035705656
0.1838713
-0.05826863
-0.051141597
0.022436019
0.001919157
0.07424382
-0.10900289
-0.11359922
0.002892811
-0.008974731
0.11969027
0.014034092
0.015983507
0.121364765
-0.010041975
0.023039583
-0.03242636
0.111369036
-0.036131915
0.04459932
-0.09416284
0.08143172
-0.07932341
-0.17065269
0.012622919
0.094189346
0.015573987
-0.124016814
0.08659047
-0.08867713
0.20128877
-0.07355495
0.053175364
-0.14250249
0.07108233
-0.018329214
-0.010936345
-0.09375806
-0.045174457
-0.013762426
0.090669714
-0.15426019
-0.02163543
0.11673262
0.014487609
0.09215746
0.001358233
-0.042116143
0.20980465
0.15281713
-0.025690423
0.11057947
0.09319175
-0.03609444
-0.070006065
-0.079324275
-0.011479255
0.004780319
-0.06917346
-0.044983122
0.064012155
0.10043486
0.12658258
0.07067493
0.06292087
-0.09289166
-0.104302764
0.022921953
0.0073410873
-0.08211418
-0.08705188
-0.036531363
-0.11260775
0.023912169
-0.06713658
0.13184732
-0.06872275
0.0200395
-0.15844975
0.052077867
0.065788105
-0.102281496
0.00018503405
0.0097279055
-0.08751359
-0.040979568
-0.14264888
0.019417858
-0.1461025
-0.11687613
0.04701575
0.0027844794
-0.0053701825
0.022358892
0.16534647
-0.12101763
-0.070113875
0.03935378
-0.15826783
-0.060497973
0.13289592
0.094882004
0.07456927
0.0400128
0.018406322
0.14017652
0.06094441
0.007643615
0.034558702
-0.0008890109
0.04361146
0.00070779945
-0.1269919
-0.020556001
-0.07544091
-0.12103884
0.013165855
-0.036274664
0.0055593173
0.02566351
-0.009360428
-0.15938239
0.0577039
0.03869993
0.023242818
-0.0063652303
-0.009944693
-0.10476444
-0.0852881
-0.05611815
0.11494411
-0.08279945
-0.013728141
-0.026317017
0.032704297
-0.019634796
0.053642433
0.0570734
0.17069371
-0.08209665
-0.13755363
-0.09515282
0.08090206
0.055054758
-0.036500916
0.11199947
0.09198289
0.0450766
-0.13028318
0.106333725
0.052714016
-0.042546272
0.11249598
0.095779784
-0.10868256
-0.088443086
-0.04366683
-0.0075243413
-0.00490257
0.07418988
-0.0069514136
0.025600262
-0.14605698
0.1555794
-0.07417186
0.05404501
-0.03926445
-0.05059653
0.009919857
0.009655801
-0.14011993
0.05412497
0.08585285
-0.17067334
-0.0783974
-0.024918878
-0.10623347
-0.01890399
0.10859486
-0.012974721
0.11816879
-0.034695014
-0.05057572
-0.13165726
0.008266255
0.019500148
-0.08587913
0.013890022
-0.041377444
-0.055100705
-0.08112334
0.03355657
0.037721902
-0.032974508
0.08118943
0.014471437
-0.09768116
0.07940851
-0.067125
0.032730937
0.07895568
0.09313307
-0.11180196
-0.018665805
-0.021761423
0.04181535
0.16399014
0.095072754
-0.025919376
0.02318057
-0.050977103
0.12970057
0.11553844
-0.04574038
0.057743333
-0.006773811
0.019897643
0.033435617
0.099273294
0.070347965
0.13389973
0.08050509
0.12269165
0.081992604
0.025651649
-0.067182384
-0.04102378
-0.0022287357
0.0705957
-0.12679869
-0.07402589
-0.11015414
0.05089069
0.03157356
0.051898893
-0.0124056535
0.015894461
0.04033063
0.19970307
-0.15726751
0.17499205
-0.062752984
-0.059543945
-0.17054132
-0.13138026
0.006189812
0.008529869
0.01655602
-0.09956881
0.07059747
0.07144537
0.056786947
0.03330657
0.09929793
-0.06375906
0.117222905
0.02383619
-0.020442015
0.034150362
0.071574055
-0.08151203
-0.12100552
0.08950227
-0.017593918
-0.07022629
0.08368314
-0.02385206
0.011637098
0.010639009
0.020992547
-0.061132926
-0.06760442
-0.013218972
0.1303166
-0.06529192
-0.0923566
-0.028844533
-0.1057197
0.13546298
-0.13410245
-0.09314958
0.052188396
0.009552568
0.050994847
0.116999336
0.011890156
0.07183766
0.09540789
-0.102627955
0.006175465
0.03476774
0.1502311
0.101383746
0.038500145
-0.034078095
0.10170403
0.12549919
-0.10451455
0.065321535
0.026580893
0.01477016
-0.070045725
-0.06937127
-0.048837736
0.09154298
0.09952557
-0.047644384
-0.034376964
0.08105081
0.040283266
0.11161297
-0.03726661
0.0125335585
-0.08708521
0.03645312
0.071910165
-0.009750841
-0.054158323
-0.05302091
0.14369899
-0.041346855
-0.05695618
0.051753342
-0.0941823
0.050752055
0.068958126
0.000322755
0.0012585886
-0.04275952
-0.105614915
-0.025215771
-0.11027513
0.14606734
0.09215216
0.016935952
-0.019652454
0.017778337
0.079380326
0.09017299
0.10586433
-0.0061714556
0.094346754
-0.0056869867
0.033534713
-0.034265116
0.07796895
-0.0034654287
0.104026996
0.009515912
-0.109417364
-0.08321091
0.12789725
0.120004594
0.035060834
-0.13539493
0.050240222
-0.079184726
-0.12452401
-0.04301181
-0.08498015
-0.10885442
-0.01688973
-0.0021122734
0.025505655
0.005482307
0.024748357
-0.024884114
0.046361204
-0.07972236
0.10752604
0.05157213
-0.11817238
-0.06025313
0.042427063
-0.1416546
-0.05880412
0.025518866
0.09985317
-0.032442164
0.23967297
0.052371625
-0.13524437
-0.02053415
-0.0050983033
0.047069613
0.022066439
0.042556062
-0.11312192
0.005560222
0.05209755
-0.07449498
-0.053192373
-0.10787142
-0.072770245
0.1680552
0.01239306
-0.12579127
-0.07155472
0.022134416
-0.08609039
-0.08868555
0.051063914
-0.09220198
0.067429766
-0.0348452
-0.1229953
-0.10463421
-0.057033334
-0.024469102
-0.09115905
0.038079865
0.0950043
-0.049984362
0.08900873
-0.08453736
0.057306692
0.03928073
-0.021586182
-0.13466117
0.17765412
0.08511935
0.018322943
-0.086980045
0.13835204
0.082438
-0.03376905
0.063977085
-0.015520944
-0.08875351
0.019310594
-0.06205223
-0.048510537
-0.007143813
-0.10487864
-0.09420252
0.08388911
0.02084604
-0.060101766
0.017930318
-0.03779355
-0.12945001
0.039083056
0.042687226
0.09752993
0.23835845
0.012656671
0.0078035644
-0.12246027
0.026005022
0.017148105
-0.06784191
-0.04893028
-0.094387844
0.0033113598
0.124605276
-0.093990065
0.111512884
-0.16067201
0.100664355
-0.07506907
-0.021481937
0.06283874
0.12610865
0.1595226
-0.103613116
0.089262985
0.012389013
-0.17330281
-0.024805475
-0.15175194
0.2652629
-0.015811952
0.07219382
-0.04333128
-0.07859579
-0.043837566
0.030946072
0.058081526
0.13776255
-0.17122827
0.029881703
-0.11368701
0.026090095
-0.04440218
-0.02778742
0.016207447
-0.1395037
-0.114638686
0.00825587
-0.06463238
-0.055953696
-0.04599159
0.0005528958
-0.07758113
0.12949944
-0.038728777
0.04029465
-0.08507803
-0.09515657
-0.15115276
0.045752373
0.04855442
0.15636063
-0.074671395
-0.11015855
0.0856649
-0.09948127
0.039570082
-0.09727832
-0.16597271
0.026866345
0.14023864
-0.2145648
0.07940893
-0.18086597
-0.02247097
0.1088707
0.11105093
0.2051696
0.13212225
-0.106210634
0.099638194
0.058427732
-0.041519903
0.10718661
-0.10540784
-0.15642157
-0.09752605
-0.08148093
0.11777465
-0.05858961
0.10701657
0.020365296
0.022312783
-0.19455934
-0.04583722
-0.08129986
0.11730605
0.16473147
-0.08168054
0.17917453
0.15153165
0.069297604
0.06772068
-0.14042765
0.04339832
-0.037772667
-0.26964813
0.029524952
0.09503421
0.035589743
-0.086449236
-0.07421144
-0.028014341
0.12180635
0.091622725
-0.11513951
0.1857117
0.16172448
0.18699588
-0.10281107
0.12288048
-0.09127637
-0.03388626
0.08570675
0.1514107
0.008890714
0.093849696
-0.13387433
-0.03293994
-0.042407963
-0.06461597
-0.05187541
0.062414855
-0.14026107
-0.109245665
-0.07177549
-0.08155804
-0.21740915
-0.091692455
0.02383165
-0.047847487
0.0461776
0.08011359
-0.07417689
0.104012065
0.12430315
-0.22239648
0.07018384
0.111577176
0.034007747
0.13475414
0.25129056
0.17448433
0.020465914
-0.10664792
0.17667742
-0.011368497
-0.29547438
-0.029477382
-0.100842886
-0.038500912
-0.12896809
-0.048213333
-0.028652389
-0.15487495
0.18159203
-0.11506825
0.07341619
-0.03573516
-0.009702605
-0.040027704
-0.029322607
0.017719
0.06627058
-0.053072214
-0.0047243424
0.05004355
-0.041357778
-0.015574227
-0.0060162814
-0.14260678
-0.042957626
0.044988
-0.0641845
0.07667786
-0.17415348
0.20296992
-0.08008945
-0.15118161
-0.07493851
0.021297118
-0.108444266
-0.08294425
0.03744383
0.20170796
0.09603647
-0.11653539
-0.011459702
-0.07481437
0.0904202
-0.01298129
0.10805182
-0.12870693
-0.099900655
-0.06361543
0.07093306
-0.033029296
-0.059160575
-0.036107507
0.031000819
0.09920277
0.096709475
-0.07281056
-0.103580564
-0.011464474
-0.13702424
0.049385346
-0.10957637
-0.10512763
0.0065608798
-0.10634539
-0.059573386
0.04174917
0.12287558
-0.02881874
0.058047794
0.04616137
-0.08303782
0.03612511
0.0061009326
-0.049009733
0.016510002
-0.10445653
-0.06696707
0.018450284
0.107877046
-0.1266735
-0.09090855
0.087593414
0.05324639
-0.10040468
0.07859001
0.061148923
-0.06970447
0.08946459
0.086375184
-0.101170816
-0.09324231
0.055536997
0.10440358
0.03554706
0.08424309
-0.09059206
0.061909292
-0.105349764
-0.082420506
0.012489575
-0.013700678
0.065220006
0.020591993
0.067641236
0.001397318
0.04578604
0.02670842
0.07964041
0.019399203
0.1197205
-0.07971056
-0.104217656
0.061934944
0.013296984
0.010205084
-0.08458723
0.03372735
-0.079272486
-0.112045094
-0.033671707
-0.030130344
-0.033851605
0.07552779
0.031571396
-0.048779048
0.033814564
-0.02313756
-0.111252785
0.04490013
-0.020950593
-0.0067717186
-0.112169266
0.06922935
-0.040802397
0.09926099
-0.024303759
-0.028871624
0.018574772
-0.12095164
0.0031686174
-0.0745319
0.04341536
-0.1604075
-0.045421753
0.11019578
-0.118898354
-0.06707619
-0.06363611
-0.10444044
0.10128672
-0.10362532
0.048511583
-0.11728228
0.06478218
0.0420484
0.030173402
-0.03709785
-0.14663261
-0.12379174
0.14195366
-0.036740277
-0.08098569
-0.032258272
-0.030998664
0.0033917252
0.021469934
-0.048848763
0.0917687
-0.0064362013
0.0878411
0.099633604
-0.021614207
-0.052362703
-0.017597416
0.06662238
0.10145669
0.07408988
-0.11038613
-0.10582762
0.08370948
0.11119792
-0.05107195
-0.10819136
0.065713584
0.13963182
-0.007894506
0.059291482
-0.12039846
-0.013165447
-0.06101057
0.048397988
0.061519396
-0.11410183
-0.10674983
-0.026847757
0.0024223411
-0.05567908
-0.015068779
-0.080857284
0.026390115
-0.018557461
-0.11088722
0.120694615
0.008513771
-0.06508179
0.03243274
0.07229724
-0.026068669
-0.0010702143
0.094192915
-0.043411404
0.09252954
-0.11691669
0.023779983
-0.015504508
0.028621659
-0.0638321
-0.04584343
0.022215633
0.023025721
-0.032114163
-0.0052701402
-0.0550451
0.006466361
-0.04460424
0.017057287
-0.017119609
-0.008056088
0.029840678
-0.09049185
-0.065969326
0.07892986
-0.14274278
0.025901232
0.035537116
-0.0903051
-0.0010438383
-0.054677945
-0.008067417
0.044023227
-0.09841998
0.041555103
-0.038106326
-0.09988877
-0.0004941041
0.11802935
-0.08381242
-0.07258376
-0.10093327
0.086695544
-0.030373689
-0.12097093
0.017435499
0.08213245
0.099749446
0.07024907
0.0592595
-0.01118967
-0.035359845
0.004453047
0.10412151
-0.076957166
0.037595533
-0.021366818
0.02148119
-0.0102394475
-0.077395566
-0.115232676
0.0019129352
0.1000891
0.02028292
0.10502161
-0.06236841
0.047201812
0.10092872
0.0074366354
-0.08604462
0.08897751
-0.10510524
0.055090643
-0.10785012
-0.014072899
-0.07523617
-0.019684864
-0.08658927
0.025010379
-0.08229561
0.07790877
0.07357254
-0.06559512
0.051812284
-0.034501158
-0.150025
0.032229174
0.09053439
-0.09165711
-0.12871131
0.071687296
-0.06367484
-0.0033239988
-0.026230238
0.0760498
-0.10076795
-0.005417366
0.10546992
-0.13804013
-0.014130149
-0.031154048
-0.0478725
0.095195934
-0.1183419
0.121009424
-0.03234672
0.012923723
0.08605743
0.057665218
-0.01841471
-0.066482
-0.16085099
-0.08587633
-0.10463503
-0.058051378
-0.048599366
-0.096049
-0.10722622
0.0011989897
0.01666204
-0.09755187
0.008498755
0.049224947
0.04175691
0.05960309
-0.026562411
-0.017514672
0.08639874
-0.012604912
-0.098864436
-0.09113005
-0.14924067
-0.024394924
-0.021965526
-0.16508442
0.07726548
0.035483826
-0.10436551
0.1251704
0.062938236
-0.118651874
-0.06490931
-0.10573742
-0.0014066987
-0.08963667
-0.084562615
-0.05946499
0.0761995
0.031373665
0.07535882
-0.06081347
0.04293547
-0.11301791
-0.0029382552
-0.15913235
-0.081397295
-0.08218408
-0.11681051
0.062213514
-0.05248823
-0.10701852
0.01667058
0.15885498
-0.03385271
0.119064696
-0.0033447524
0.084115334
0.094378956
0.043725297
0.08654421
-0.046364702
-0.098470874
-0.119332
-0.008434293
0.01696196
0.12942797
0.105336666
-0.00066003116
0.07143271
-0.1254214
0.04362206
0.08638761
0.13159417
-0.00878037
-0.04669871
0.09793534
0.12282782
-0.093389355
-0.015472914
0.076429725
-0.06911539
-0.033915065
0.0573738
-0.003385964
-0.12995823
-0.054174196
0.06789358
-0.06585416
0.10223059
-0.02723111
-0.033890966
-0.10844335
-0.093990125
-0.09678313
-0.058115575
0.049789254
0.040039584
0.023207206
-0.0024906618
-0.05115801
-0.09627339
-0.00921553
0.022562979
-0.08005477
-0.0009934586
0.08956194
-0.07150458
-0.15106536
0.10308272
-0.08939013
0.02437687
-0.092500076
0.061482005
-0.03994592
-0.09636667
-0.005890797
0.11394348
0.069583856
-0.002127665
-0.009380732
0.02230423
0.074965276
0.08059861
-0.055658087
0.11019026
-0.054135412
0.06468655
0.055052616
0.035307504
-0.12884063
0.046765957
0.103539415
-0.029065404
0.041330505
0.1391159
-0.025005354
-0.07733029
-0.076476164
0.08028935
0.011972522
-0.07664243
-0.014086437
-0.00010245211
-0.08723875
0.06128504
0.07778342
-0.12416424
-0.03141974
0.06791079
0.046242658
0.028789695
-0.07172866
0.058279116
0.009247927
-0.069721214
-0.13038832
0.0041680504
0.041357175
0.015104281
-0.10663312
0.027675854
-0.100711256
-0.022082945
0.07473336
-0.1273971
0.004599265
-0.052318007
0.11028736
-0.11328934
0.0996231
-0.05741983
-0.08893504
-0.13714246
0.08745402
0.10269445
-0.007223685
0.10334041
0.0959292
-0.022361018
-0.10629165
-0.10083394
-0.041296598
0.1161189
0.06967504
0.048079588
-0.07814782
-0.060711376
-0.07949081
0.0019757731
0.1205718
0.123189546
-0.018791206
0.086435184
-0.008222224
0.0016575921
-0.03563313
-0.049392704
0.07532785
-0.038285393
0.052829597
0.007777971
-0.056422107
-0.05365754
-0.10352079
-0.067460805
-0.043047007
0.027070718
0.13698564
0.011618943
-0.045714878
0.00039536937
0.12444035
-0.089853965
-0.09299663
-0.09084065
0.015965758
-0.05782114
-0.036884166
-0.07025826
-0.13172644
-0.02900459
0.0099401465
0.08161776
-0.14129095
0.012856767
-0.07901673
0.1019226
-0.057767954
0.07439218
-0.063896425
0.102130786
0.07638324
0.12825641
-0.06280031
-0.19825988
0.09534727
-0.12313147
0.24393108
-0.14542273
-0.13652878
0.006486245
0.017358474
-0.14758845
-0.1032832
0.04682089
0.08741234
0.15928936
-0.00889646
-0.02580863
-0.08552608
0.047581837
0.24849112
0.0892623
-0.05860947
0.071279384
0.08918166
0.07527169
-0.05826124
-0.053561654
-0.002594055
0.051366135
-0.006068968
-0.08539343
0.0316323
-0.07315317
0.0040283897
0.10485579
-0.08525554
-0.01077737
0.16459745
-0.1305663
-0.04835141
-0.012225157
0.0017054324
-0.118541636
0.024767855
0.060366094
0.20492639
0.007921632
-0.076792
-0.008607488
0.05955121
-0.06649648
0.19332427
0.08367578
-0.109774314
-0.12871346
0.07079302
0.028231245
0.0044285827
-0.083437905
0.15052016
0.064964116
-0.055016894
-0.009791413
0.016008638
-0.12521914
0.009340675
-0.118648924
0.10650196
0.06272864
0.034546822
-0.10982318
-0.044686824
-0.030807342
-0.10094159
0.11607462
-0.06765653
0.07743031
-0.0093404045
0.10202039
-0.092837505
0.14402367
-0.12774363
-0.1537207
0.10950503
0.10187749
-0.02959692
-0.2248898
-0.01886144
0.25060108
-0.021469457
-0.019103106
-0.032139853
0.05527668
0.10360075
0.003438633
-0.011543346
0.07719806
-0.035498384
-0.04659435
-0.023809021
0.115678534
0.03396064
0.06583257
0.07006922
-0.05346514
0.15119262
0.02409799
-0.09892616
0.0014347068
-0.0072179455
0.121531464
0.086254716
-0.024057705
-0.010911668
-0.034378037
0.19893664
-0.20691389
0.14064288
-0.014701834
-0.0410106
-0.1081058
0.09210444
0.0153403925
-0.010040433
0.040939007
0.054630414
-0.053898092
-0.024072152
0.082998656
0.0332228
0.060059108
0.056226537
-0.0295159
0.13709895
0.15035962
0.07385649
-0.06082489
-0.025920399
-0.063444205
0.0034538507
0.08905385
0.013225923
-0.046969388
0.04990445
0.010591964
0.20056862
-0.031733297
0.10418697
0.1535132
-0.008513846
0.17821589
0.058683544
-0.058181804
0.1439205
0.06682563
0.023903292
0.049567975
-0.07315587
-0.010642509
0.06612731
0.04532184
0.10145366
-0.0387761
-0.019069087
0.14071244
-0.1302288
0.13747326
0.04812398
0.14940126
0.013761384
-0.0326202
-0.082173206
0.06866483
0.1211648
0.106205754
0.12926488
0.03274612
-0.0020254182
-0.03402153
0.014804215
0.05221116
-0.054820515
0.06815468
0.010752732
0.00731986
-0.013731163
-0.083211005
0.087695576
-0.07105402
-0.041687645
0.017938714
-0.06554776
-0.005366858
0.18447414
0.08437403
-0.064075805
-0.05395812
0.08556197
-0.053827073
-0.06695905
-0.085525416
0.061288007
-0.07955666
0.11367991
-0.08734338
0.03466498
0.06144098
-0.1325061
-0.0034786686
0.0871395
0.05139995
-0.00024349791
-0.07013503
0.13136393
-0.028582688
-0.0956201
0.16139784
-0.06165471
0.037000507
-0.014828746
-0.010627136
-0.022570096
0.051422816
0.05654899
-0.058784425
-0.005067066
0.094720624
0.07844696
0.064253815
0.1310808
-0.0737709
0.066358455
-0.023650508
0.018054616
0.07879518
0.089351825
0.075624324
0.0024511877
0.033315707
0.13063245
0.059832733
-0.12651052
0.11829863
0.0044531305
-0.13065661
-0.093800366
-0.12540542
-0.09653225
-0.105624564
-0.07332836
-0.0021317597
0.030914247
0.00200696
-0.021559803
0.093732096
-0.0738558
-0.045361094
0.1463443
-0.07057699
-0.0677572
-0.069498666
0.063794345
-0.08578596
-0.021815022
0.093097486
-0.030081095
0.02399177
-0.05635474
0.012218532
0.09188905
0.028182348
-0.064951405
-0.04539006
-0.09213691
0.026595905
0.05885422
-0.076764435
0.01562022
-0.056671873
-0.10160819
-0.06939872
0.001015109
0.04348707
0.07159263
0.03593191
-0.0942945
0.08952931
0.06318929
0.040588617
0.08404473
-0.06984508
0.006366318
0.104688816
0.030773634
-0.001369543
0.043022096
0.03436023
-0.016846199
0.00086023856
-0.05680551
-0.051482342
-0.066999644
-0.14213093
-0.018880391
0.10310075
0.0613225
-0.06571687
-0.106974594
0.11723185
0.11449911
0.04957574
0.05380229
0.025975399
-0.03524662
0.06476638
-0.09683037
0.13573816
-0.019687194
-0.06844753
0.028545907
0.05754341
0.02047795
-0.04627906
-0.06021695
-0.07037638
-0.01978232
-0.054829873
0.07436355
0.06118847
0.09961403
0.10536021
0.06703761
0.061318368
-0.012481083
-0.09385786
0.096414685
0.10394659
0.14425877
-0.014514871
0.048473623
-0.0921509
-0.0468478
-0.09645822
0.046948288
-0.039600275
0.12047998
0.071795106
-0.091409504
0.048311826
0.052603595
0.05605931
-0.0079101315
-0.07920961
-0.0092597585
-0.05731049
0.07427146
0.003711045
-0.05110083
0.045515444
0.06615917
-0.06937424
-0.06604171
-0.042948548
-0.06747632
0.022872344
0.073818184
-0.095592484
-0.053658854
-0.10133649
-0.05702134
0.03044616
0.04430415
0.13137327
0.061882857
-0.07906764
-0.06426196
0.014749561
-0.051737685
0.04898363
0.009856121
0.09825845
0.06835111
0.0822313
0.06789111
-0.06888361
-0.009392253
0.11239867
0.08241109
0.06004738
0.05418898
0.13429348
0.06745384
0.10407996
-0.08634286
0.10199109
-0.035071615
0.038911298
0.09141478
0.027015386
-0.007743656
0.027369568
-0.09766348
-0.024490753
0.1355514
0.038288124
0.12523594
0.0377978
-0.10396219
0.0046349317
0.1349712
0.057208102
0.047538638
-0.054230615
0.0538546
0.15227133
0.08006427
0.11094996
0.10864195
0.0010151316
0.011766866
-0.086629175
0.07047152
0.00523766
0.10409973
-0.02229645
0.10204243
0.012636174
0.081243
-0.087112844
-0.03924431
-0.07610892
0.09127638
-0.08892655
-0.06367555
0.054996792
-0.104036525
-0.10769929
0.03327892
-0.028672816
0.13136047
0.015894054
-0.03639781
0.043623507
-0.07127538
-0.113610186
0.102514684
0.057700567
0.09370203
-0.049998537
-0.105829276
-0.07593897
-0.16018575
0.07168358
-0.06295194
-0.03335335
-0.12302407
-0.1104162
0.017852323
-0.049484596
0.04598538
0.051683526
-0.09851948
0.1285701
-0.012867744
-0.028122282
0.017514555
-0.111420035
0.09369968
-0.101907305
-0.00531842
0.011964751
-0.00083180197
0.038468394
0.07278418
-0.10176543
0.058377158
0.02632451
0.0817468
-0.009467473
-0.13577156
0.013787085
-0.0670943
0.13691525
0.16195346
0.06969447
0.05777231
-0.042411685
-0.11541502
0.029023414
-0.05609452
0.09435735
0.018127736
0.012157231
-0.10606806
0.02915247
-0.040503357
0.0083210375
0.11824877
0.07404147
-0.07805493
-0.12773508
-0.0321384
-0.16122046
0.13694623
-0.016484309
0.02753627
0.05716674
0.028299158
-0.09820569
-0.112661086
-0.11180358
-0.04186844
0.08108759
0.03660984
-0.10376889
0.14514002
-0.0583527
-0.025205132
-0.060452037
0.06068575
0.05180552
-0.0001589459
-0.028160794
0.060291164
-0.033679143
0.1259695
0.079605654
0.12283038
0.13287587
0.045922905
-0.070626885
-0.0696023
-0.08063068
-0.089377105
-0.025298696
0.08778881
-0.09492999
-0.0691687
0.056313902
-0.07759453
-0.11636979
0.03754047
-0.0838371
0.047365032
0.09195808
0.0669864
0.0733593
-0.026647868
0.012786938
0.0024366356
-0.076405264
-0.05696121
0.15290934
-0.12914456
-0.049718462
-0.041700665
0.076997384
-0.025467778
0.00086331397
0.1166498
0.102075316
-0.05196926
0.13169208
0.14475317
0.04292718
-0.09338122
0.03923533
0.11933887
0.0042383587
0.038280554
0.029285748
-0.08237036
0.04098221
0.011003918
-0.11526467
-0.0055373153
0.07371429
-0.08038181
-0.06862134
-0.07542686
-0.010983024
-0.16059223
-0.1125018
-0.026902014
-0.03622727
-0.053099904
0.07941622
0.14301865
-0.0625945
-0.03731184
0.14617047
0.093674704
0.11339489
-0.105330475
-0.1715644
0.1630703
0.14232484
0.04400357
-0.006445005
-0.028711937
-0.04023625
-0.08431256
0.1323282
0.065923564
-0.06800677
0.1071421
0.0720635
0.08996222
-0.069580376
0.00017888812
-0.13447559
-0.057405233
-0.12252393
0.052926898
-0.1010752
-0.0031049722
0.07736621
-0.15252575
-0.12157712
-0.07146116
-0.011915309
0.13134773
0.037693873
-0.06645906
-0.1943657
0.022566551
-0.09126768
0.01276606
-0.0619849
-0.015518327
0.11697202
-0.11503369
0.13152514
0.016381972
-0.03801929
-0.09702587
-0.08206095
-0.046385325
0.034845818
0.018322917
-0.089025244
0.015502281
-0.06698812
-0.19586456
0.09082843
-0.024771655
0.033113588
-0.06355441
-0.018503277
-0.049350318
0.17129289
0.03220696
-0.0830396
0.0056751454
-0.06626916
-0.038051452
0.040082317
-0.12748736
0.08241396
-0.066473484
0.09269733
0.11185185
-0.08599355
-0.01305145
0.04910354
-0.021626687
-0.059581637
-0.028925693
0.10107958
0.098311044
0.03561596
0.006465096
0.041380864
-0.019255681
-0.055837333
0.027654452
0.06532353
-0.0056037884
0.15039785
0.055079978
0.18033183
0.0005468338
-0.009233687
-0.07496523
0.13877903
0.07122678
-0.14955308
0.09081483
0.061319627
0.029807886
-0.01750339
-0.10319788
0.018730117
0.11477153
-0.088206165
0.11884038
0.145872
-0.10852859
-0.01616719
0.0013591165
0.019145008
-0.043454684
-0.025232779
-0.09457001
0.13580146
0.077873036
0.09542829
-0.012391459
-0.14949754
0.049365472
0.1504954
0.14961791
0.02264225
-0.12213021
0.04179846
0.0920786
0.009787738
-0.02247249
0.014678133
0.03754317
-0.13721949
0.15782435
0.075630665
-0.0032480902
-0.047679286
0.13012706
0.080065764
0.06256991
0.027756538
-0.06945943
0.0028451714
-0.07793244
0.09153902
-0.12186138
0.011102074
0.119791955
-0.13733666
-0.07400693
-0.10519821
-0.17803372
0.13980082
0.105579644
0.060662452
-0.022052968
-0.021788739
0.07237746
-0.024482615
0.07093022
0.046137426
0.030477285
-0.035918538
-0.034588862
-0.024828257
0.016556723
0.0164624
0.15400559
0.05326781
0.047015432
0.20574732
0.030454267
-0.0738299
0.1263738
0.005393988
0.09105954
0.06337642
-0.070049256
-0.046183974
0.050860696
-0.06367794
0.107583314
9.647201e-06
0.018811744
-0.12299786
0.07886881
0.04994438
0.0045372727
0.07719973
0.018495604
-0.047608092
-0.054193005
-0.011955242
0.07623436
0.054577284
0.028816126
0.08180091
-0.1288254
0.022401825
0.017700307
0.04621184
0.122174345
0.012820518
-0.065637685
0.12763806
0.08611634
-0.019687403
0.0037912128
-0.00985212
-0.1280773
0.001241218
0.034148578
-0.06575156
0.09473552
-0.08465516
0.09283621
0.04253115
0.014902397
0.10276387
0.060155697
0.007462359
-0.080080144
0.07850798
-0.09873889
-0.028320065
0.0018960689
-0.019482236
0.07734613
0.113460764
0.13599873
0.028532362
-0.018852003
0.12065084
0.027495462
0.1038664
0.11813117
0.11089694
0.042398136
0.15857953
0.025687087
-0.003538396
-0.07674422
0.031104727
-0.12151426
0.22027233
-0.0237075
-0.06862314
-0.03353756
-0.027401058
0.09007596
0.05954344
0.067333765
-0.08061092
0.03173674
-0.12928833
0.114818916
0.13119856
-0.06311816
-0.10510637
0.06994182
-0.0015152919
0.06501084
-0.04355513
-0.116168976
-0.002556002
-0.011673604
-0.07660143
-0.10001443
0.019281294
0.13410458
-0.0528425
-0.0018012241
-0.016876604
-0.1450833
0.052914124
-0.058676127
0.105728075
-0.10027989
0.080161326
0.054958627
0.11732849
0.008854781
-0.10930485
-0.0020138007
-0.07615603
0.12970918
-0.005171933
-0.09577012
0.045566212
-0.12217607
-0.0798553
0.081457585
-0.039284192
-0.11244687
0.0059549105
-0.029887283
-0.16783553
-0.006744967
0.03636987
-0.0020314741
-0.04488145
-0.1282693
0.011299197
0.001380738
-0.031992547
-0.045683865
0.035135683
0.056906875
0.07304588
-0.088697515
0.07310793
-0.17263272
0.06414933
0.0014636157
-0.042383935
0.023304362
-0.08228606
0.1205618
0.05000177
-0.022418674
0.0191996
-0.13482775
-0.09130335
0.009012345
0.022129677
-0.0018276969
0.04862497
0.05552377
0.039886862
-0.009599102
-0.0063911574
0.035087414
-0.13625
0.11064825
0.08483788
-0.036602262
0.055642594
-0.11811593
-0.13392986
0.029568717
0.032849234
0.03400702
-0.04541932
-0.054620326
-0.16991894
0.024756305
0.003721252
0.10032339
0.05760528
-0.08225273
-0.15782659
0.06190776
0.0168964
-0.0069190506
-0.084645435
-0.09178825
-0.118391104
-0.14663188
0.1272594
0.051192943
-0.06463469
0.10187386
0.011757161
-0.097063884
0.015280287
-0.013276281
-0.099026896
0.19371572
0.069064885
0.02756673
0.04147846
0.038206033
-0.011204941
0.07858006
0.026606625
0.031121965
-0.075168066
0.06850915
-0.0720245
-0.020653997
0.078975566
-0.03672406
-0.08931445
0.094188616
-0.04951357
-0.10977177
0.10769903
0.038599413
0.12400755
-0.13455458
-0.03932745
-0.047549367
-0.009267707
0.04836958
0.02587805
-0.0067760483
-0.010298755
0.06724378
0.07782614
0.03322614
0.030135859
0.035853036
0.09414073
-0.013193114
-0.045887012
0.0063995244
-0.14184965
-0.07515878
-0.13259222
-0.0011982218
0.03972152
0.039129797
0.008603016
-0.16538352
0.11211217
0.0687694
-0.16248125
-0.018737497
0.11112325
-0.14083652
-0.1878014
0.009530607
0.10594649
-0.071240105
-2.2100718e-05
-0.12052938
-0.062137935
0.18935117
0.15438437
0.038731553
-0.11662787
0.1998115
0.02196867
0.04403124
0.008195091
0.016409583
0.10655597
0.029682435
-0.03329034
-0.028528182
-0.025921032
0.027603313
-0.09712266
-0.070090316
-0.008147073
0.026784688
-0.11639501
-0.049803544
0.06617091
-0.024973108
0.017789282
-0.020666214
0.16375677
-0.13972796
0.018895343
0.021220455
0.079190366
0.08323006
0.09747843
-0.105696864
-0.035615273
0.11787785
-0.09930264
-0.16298732
0.047257647
-0.05136334
0.012185965
0.06111884
-0.09388729
-0.036025032
-0.10597188
-0.0010935662
-0.005802249
0.14308636
-0.14656289
0.11052863
0.10395833
-0.1379882
-0.10623129
-0.03474776
-0.07918769
-0.05562254
-0.101733714
-0.12946731
-0.09078505
-0.1424412
-0.09485812
-0.013946903
-0.11314104
0.040670723
0.062140714
0.048662998
-0.069464736
0.050346956
-0.14130872
-0.09001111
0.12082057
0.051021166
-0.026418434
0.056704957
0.008548552
-0.09222752
-0.07682521
0.13026701
-0.15169859
-0.018893637
0.05429064
-0.071578324
-0.0064870426
-0.018354146
-0.095171064
0.07281614
0.11645457
0.074605994
-0.07870657
0.09284941
0.022507228
0.010575965
-0.034730457
-0.13880195
0.107720084
-0.13241595
-0.005801953
0.09020186
0.036716826
0.09190275
-0.045039717
-0.14133753
-0.15719104
-0.15111798
0.13941924
0.006996163
-0.058934767
0.016031278
-0.023660194
-0.04565155
-0.021108698
0.01746663
-0.045839053
0.036970846
-0.05240176
-0.08265947
0.014759796
0.07804411
-0.06660912
-0.037133943
0.021254553
0.0674071
-0.11888108
-0.051878393
-0.20699964
-0.04892441
0.011672029
-0.02532423
-0.057920977
0.07677356
0.03664798
-0.15383743
0.051688287
-0.12416363
0.025954489
-0.058214527
0.07140007
0.061313372
0.050745834
0.08760813
-0.1522363
0.13208711
0.023531765
-0.16601887
0.088065185
0.045367725
-0.037244193
0.0044213766
-0.026828699
0.14238581
0.023541052
0.048343323
-0.08396276
-0.0863405
-0.04226281
-0.11743108
-0.002281781
0.028409934
0.10131017
0.11809327
-0.123289764
0.036157794
0.02885679
-0.1574821
-0.1324149
-0.012737404
0.07753604
0.105089545
-0.051983815
-0.069883175
-0.024776414
-0.013310821
-0.03863508
-0.23644875
0.08950004
0.09483613
0.11130779
-0.03116176
0.039015155
-0.10092134
-0.014377932
0.0098834345
0.10858578
-0.0067908242
0.061925862
0.091830954
0.10115871
0.15946071
0.10150035
-0.080949984
-0.005437295
-0.10052305
-0.17772351
-0.09693121
0.06131961
-0.03899345
0.06791944
-0.051304005
-0.07276062
0.022155257
-0.16608238
-0.04067961
0.073614
-0.06076277
0.0584088
-0.17462857
-0.059916478
0.065672
0.093920365
0.081326626
-0.10004853
-0.08155788
-0.00072741695
-0.035388384
0.005554736
0.0058798864
-0.051416293
-0.09779222
-0.018320924
0.05061827
0.013910144
0.07128996
-0.05136332
0.10785809
-0.06565298
-0.10008144
0.06840176
-0.040096823
-0.03613273
0.1609089
0.049113516
0.048099037
-0.03920125
0.044310458
-0.03879386
-0.022019627
0.0670099
-0.1018139
0.10304526
-0.0036522413
-0.044641003
0.10280852
0.10315967
0.11669162
-0.035972938
-0.027757725
-0.06910808
-0.09036915
-0.01167262
0.011097319
-0.0341708
-0.015965201
-0.059458192
0.1535161
0.001964476
0.17907861
-0.061545882
0.04287202
0.096704155
-0.013906337
0.093260385
0.103692606
-0.073598705
-0.11635226
-0.05962775
-0.055419568
-0.13789624
-0.030729214
-0.056231473
-0.017131494
-0.098194644
0.06448683
0.08152946
-0.064838625
-0.047369916
-0.038526893
0.121442005
0.13323988
-0.02011626
-0.079066984
0.1770933
0.13935985
0.056222495
-0.17324208
0.03522316
0.12726586
0.10601336
-0.06274083
-0.057447746
-0.050180595
-0.092651375
-0.010514936
-0.11019749
0.09306423
-0.030661141
0.004167133
0.01722805
0.07796738
0.015244069
0.13545614
0.05746769
-0.020789823
-0.15688346
0.18469374
0.09164703
0.040549606
0.054426476
-0.016250044
0.12639503
0.07338477
0.059064142
0.09549719
0.0033220982
-0.056439664
0.055858936
-0.004461701
0.1371
0.10606037
-0.07676206
-0.058940697
-0.060311742
0.15172406
-0.067180276
0.0491545
-0.10374495
-0.0033346927
0.048356853
0.040881082
0.13643195
0.021864064
-0.0065255645
0.13586788
-0.00073506095
-0.08687268
-0.019986708
-0.08129702
0.029048707
0.006194588
0.040566932
0.0032368144
0.14173973
0.10147134
-0.010493578
-0.10807549
-0.0029835412
0.09272491
0.17172654
0.079037696
-0.16008553
0.011491625
0.13638161
0.02234213
-0.025508836
0.044964857
-0.036327694
0.100931436
-0.01701869
0.0045759524
0.022797903
-0.16830984
0.047892436
0.04452089
0.045643713
-0.084057234
-0.1135141
-0.003924811
0.135074
-0.06166423
0.013965615
-0.05386013
-0.037722565
0.022610905
-0.11298717
-0.0451732
-0.09963356
0.10270877
-0.1804918
-0.124940194
0.040407564
-0.10505059
-0.089339845
0.09350558
0.15435381
-0.025246127
0.025242168
0.0035555845
0.17358154
0.06467687
-0.16863416
0.0037506812
0.15477468
0.11115113
0.09328739
0.009381825
0.013282492
0.11293682
0.04411886
-0.03244788
0.016159272
0.12539394
0.25695238
-0.007958182
0.047434606
0.09054505
0.058398277
0.098818116
-0.08582183
0.20987748
0.049203537
0.014892969
0.0520726
-0.041681573
0.06877467
-0.2761055
0.20180954
0.029243419
-0.077575855
-0.21969321
0.020115474
0.016973656
-0.12752205
-0.13405327
-0.1100204
-0.03231639
0.057745866
0.06296987
-0.12974365
0.23218289
-0.11762465
0.0057751844
-0.14423575
0.02253031
0.08292102
0.19493441
0.2552069
-0.07801606
0.01563936
-0.066867396
0.036725342
-0.08674701
-0.06937576
-0.012755856
0.068531215
-0.12531693
0.004102766
-0.031547863
-0.11028296
-0.186986
-0.12262361
0.00087500963
0.10117646
-0.063226275
0.3009889
-0.016875185
0.122541
-0.17800169
-0.013520239
-0.058996264
-0.013902373
-0.047278274
-0.008341146
-0.056981303
-0.16275536
0.09090936
-0.0651077
-0.063607655
0.11534944
-0.02270532
-0.1077795
-0.07473905
-0.023416622
-0.0010926555
0.017878769
0.049559034
-0.11376479
0.07630579
0.07044898
0.16596442
-0.017017772
-0.07819327
-0.10120185
-0.061623394
-0.10596977
-0.05842404
-0.13849121
0.2066871
0.029844068
-0.020360501
-0.09005203
-0.043906104
-0.025590014
0.021579018
0.10801398
0.0494137
-0.023846118
0.0679478
-0.001757096
0.08049376
-0.05242528
-0.024008628
0.097683065
-0.14270858
0.028814513
-0.07371892
-0.066541724
-0.14479479
-0.036035556
-0.03015686
-0.1929828
-0.04978683
-0.14092435
0.16629775
0.034807287
-0.021722505
-0.035692222
-0.046493232
0.08871193
0.030812241
-0.12023081
-0.03244911
0.080457486
0.08921734
0.06779015
-0.12274641
-0.085549794
0.057772886
0.09610011
0.30594456
0.16790709
-0.04377907
-0.019486928
0.09479774
0.20471118
0.22258995
-0.22108729
-0.1017325
-0.122310765
-0.088257775
-0.030910771
-0.12596077
0.07262263
-0.16034466
0.057121523
-0.07911355
-0.16054639
-0.09887401
0.09048676
-0.056808144
0.02028414
0.038835485
-0.12659125
-0.031197893
-0.08680016
-0.16145805
0.0013651422
-0.23946582
0.14001465
0.15840197
0.09383617
-0.007196413
0.10380498
0.0800364
-0.0147981895
0.022370934
0.10402831
0.030305149
0.23063485
-0.15340877
-0.017195133
-0.16756684
-0.040185064
0.2620121
-0.045771807
0.028919598
0.012007123
-0.0149656795
0.1777336
-0.09426412
-0.08656271
-0.014111636
0.2767424
0.017563423
0.15028176
-0.20623896
-0.17741823
0.055035472
0.11167862
-0.031117324
-0.15897651
-0.112618454
0.05896488
0.07809495
0.039812922
0.15080768
0.107226774
-0.1527657
0.016949022
-0.19209181
0.118048936
-0.20174874
0.07859735
0.036823068
-0.21329604
0.059440136
0.09478819
0.1369222
0.22093816
-0.08763875
-0.18834916
0.1359978
0.03274704
-0.08837215
0.20109434
-0.21890947
0.10337978
0.05981563
-0.23164152
0.101071075
-0.007284637
0.094581656
-0.08150596
-0.41303834
0.15989706
-0.17837732
0.1746756
0.020772308
0.1184763
0.11690328
0.3486256
-0.014053692
0.16533642
-0.2308227
0.023211392
0.001681075
0.22310323
0.05626769
0.20450042
0.25050882
-0.055869605
0.0831906
0.1357139
0.0717872
0.15146692
-0.00047801711
0.01635649
-0.04484416
-0.060839307
0.011882792
0.023775697
0.28220904
-0.08117129
-0.10233293
0.07688596
0.10076233
0.0017664244
0.10672381
0.022436714
-0.028376924
0.046417285
0.00064905593
-0.09215714
0.10867205
-0.1591177
-0.10793732
0.08625985
-0.13986634
-0.0050785546
-0.117529325
-0.05410334
0.14467387
-0.0323401
0.042308107
-0.031788968
-0.032190032
-0.027301745
0.0660705
0.050463535
0.09076639
-0.04261181
-0.038368788
-0.008635388
0.05591823
0.05913719
0.046141714
-0.09051399
-0.061540928
0.13950594
0.05152228
0.124665596
-0.011100509
-0.075196
0.08516015
-0.08769926
0.029257495
0.08238871
-0.09354794
0.084603176
0.020074444
-0.006574854
0.041888785
-0.04384589
0.02050278
-0.03438494
-0.034047723
-0.012148483
0.025553094
0.06343488
-0.08469216
0.020233475
-0.0011435614
-0.1325172
-0.016350364
-0.007216825
0.017198961
0.05946591
-0.0727782
-0.05407938
0.05902238
-0.0002935299
0.027485939
-0.042582616
-0.06591013
0.021655018
0.10078226
0.040277477
-0.14031342
0.13972022
0.07604404
0.054534826
0.08894607
-0.12316932
-0.08841091
0.018343523
0.11251741
-0.09033581
0.12084325
-0.026623227
0.07394106
-0.038936034
0.043711007
0.032056503
0.054711055
0.13018431
0.0838159
0.10720831
0.038892012
-0.06276892
0.12825646
0.063940994
0.044994436
0.015074898
0.016033921
-0.03058342
-0.014711243
0.09882334
0.096575804
-0.10282217
-0.057666697
-0.058321137
-0.016716523
0.030492403
0.042505212
-0.000869872
-0.10719972
-0.03555544
-0.12050757
-0.023812437
0.01397928
-0.10398322
-0.00076254585
0.01975488
0.08741342
-0.07823343
-0.01762856
-0.12919718
0.103073
0.03556997
0.0677137
0.019578231
-0.05386647
-0.071498916
0.2311308
-0.11995922
-0.017822124
-0.026294004
0.042473953
0.06773247
-0.13893755
0.020979203
-0.09559397
-0.056146197
0.083622254
0.010982091
0.071291246
0.06974213
-0.08186101
-0.05651438
0.00869793
-0.07639219
-0.11740139
-0.0027277835
0.11620767
-0.035000708
-0.07381883
-0.095121205
0.037950262
0.014551732
0.060943957
-0.15109044
-0.07589859
0.14097172
0.07130288
-0.06498534
-0.030731143
-0.026322866
-0.041082248
0.032986287
-0.11643891
-0.010275561
-0.0685544
0.067481205
-0.041271064
-0.027594935
0.07985076
-0.06779098
-0.022631036
0.07310475
0.13607754
0.18475887
0.039954558
0.12797926
0.019842904
-0.03862106
-0.066999614
0.09792227
-0.05736874
-0.050915405
-0.038829084
-0.11387824
-0.08449507
-0.030794958
0.073104344
-0.04865132
0.09306814
-0.06692003
-0.058174755
0.057715014
0.031169262
-0.14763391
-0.0890518
0.039079785
0.07332684
-0.04763514
0.021079032
0.08996779
-0.0271443
0.025985483
0.01458097
0.033004038
0.007191146
-0.040904045
-0.051491633
-0.026686167
0.021362202
0.13372436
0.11029867
0.053298015
-0.074168704
-0.058258288
-0.067919455
0.027744418
-0.10152046
0.013046932
0.05930576
-0.07576268
0.052518517
0.04930809
0.005019278
-0.073224105
-0.09805048
0.065981425
0.07245492
0.06604321
0.099587224
-0.104429804
-0.048474766
-0.02443394
-0.08920448
0.05620061
-0.07878426
-0.12041738
-0.030353067
-0.03480528
-0.032133795
0.13756935
0.06769773
0.03218979
-0.017761538
-0.12524316
-0.11378521
0.08378086
-0.014249457
-0.10534994
0.04314382
-0.1470829
0.047941945
0.13310207
-0.08148013
-0.041525304
0.13073212
0.044473555
-0.01624538
0.18833038
0.014731352
-0.033643536
-0.017365977
0.05758316
-0.019472389
-0.017145908
-0.0057542888
-0.033510476
0.05708444
0.050063808
0.010231088
0.019555986
0.1523321
-0.0027850987
-0.049581446
-0.037043218
0.003388796
-0.03381473
0.06723544
0.04886491
0.087278135
-0.100387566
0.16478099
0.04765855
0.013634021
0.08690578
0.06942857
-0.14417924
0.013678614
-0.026300477
0.030192303
0.004476448
0.04045435
0.034009736
-0.026832968
-0.022988845
0.049943056
0.06915683
-0.010003218
0.09468491
-0.069589436
0.125335
0.11652698
0.17693602
-0.015383166
-0.060010027
-0.007807015
-0.09604058
-0.01702307
0.117422774
0.022567436
0.11827549
-0.05348263
-0.06916757
-0.0008182485
0.034324013
0.007260223
-0.054562055
0.07130153
-0.00632328
0.06503077
-0.1024819
-0.031366866
-0.044768896
-0.06756321
-0.013537893
0.051984657
-0.09540897
-0.15415438
-0.051752567
0.05889346
0.03690501
0.0189376
0.0042829476
-0.0151383765
0.10780294
0.06058555
0.077869885
-0.038222898
0.09772062
0.033426613
-0.07593258
0.03170823
0.09416247
-0.001502915
0.007361081
-0.03872833
-0.050395332
-0.02028673
-0.09759475
0.22227532
0.07019603
0.03432127
0.0023889474
0.06502065
-0.011132439
0.13600695
-0.07904798
0.09098332
-0.016305948
0.1393358
0.0025484974
0.027020967
0.018258495
-0.052405093
0.16056414
-0.102031626
0.041033965
0.00861773
-0.027831927
-0.011330793
0.041422393
-0.089583054
-0.06517838
0.01239518
0.04280364
-0.0031194268
0.027855566
-0.104202524
0.021547534
0.051188324
-0.09827354
0.027097525
-0.07423637
0.10035967
-0.021645114
-0.07678634
0.069542736
-0.05039528
0.012263044
0.08495433
0.016119896
-0.020505847
-0.08565436
-0.047641847
0.1143231
-0.043568224
0.029492196
0.108090594
-0.09175645
0.066697754
0.105779186
-0.046339907
0.049969252
-0.060462024
-0.025320977
-0.07348451
0.06093817
-0.09958803
0.019160273
-0.009536658
0.0046271184
-0.08721031
-0.040402174
0.08661079
-0.06323371
0.028132796
0.10393233
-0.07331642
0.0051379316
-0.009497438
0.15504856
0.11393781
-0.08758834
0.092168294
0.08292603
-0.099064186
-0.09086278
0.021256894
-0.0020280196
-0.0373416
0.07353899
0.061622072
-0.026173929
0.07656713
-0.10188563
-0.051751792
0.167764
-0.052012812
-0.013197454
0.08739673
0.008549263
0.0069494774
-0.089965135
0.025626248
0.09215558
-0.10909468
-0.05363943
-0.022389963
-0.043893434
0.067303695
-0.09259931
-0.06617322
0.052379407
0.1311308
0.095744155
-0.03273781
-0.06501526
0.076242566
-0.10531022
0.033102203
0.06447055
0.027420716
0.029472472
-0.042715173
-0.045620427
0.033914026
0.07701694
-0.087667815
-0.07987555
-0.03807185
0.1208128
0.019917766
0.104897805
-0.11054612
0.022671558
0.03591481
-0.052587267
-0.08348079
0.070046544
0.06525424
-0.10390562
-0.09688656
0.059676744
0.01831353
-0.027741393
0.025658336
0.07096093
0.0374882
-0.10228729
-0.023256894
0.09156174
-0.05013116
0.0068233563
-0.04588508
0.0840546
0.009348359
0.09849625
0.03338635
-0.085070305
0.08195056
-0.07055324
0.017610384
-0.105822116
-0.04677864
-0.06916043
0.08732699
-0.026282763
0.0151916435
-0.0008964929
-0.022094272
-0.064586125
0.17618479
-0.12599963
-0.31168854
-0.24626313
-0.12987524
0.033814378
-0.12993804
-0.21045046
-0.01269881
0.22674228
0.19251712
0.0070795035
0.1073107
0.079250716
-0.018698022
0.044801604
0.20577723
-0.18324296
0.0578008
0.08041997
-0.034047432
0.09241333
-0.1677437
0.06949196
-0.18646267
0.11847873
-0.06916619
-0.09043436
0.009035061
0.03384405
0.23101977
0.12305028
-0.17515303
-0.055466115
0.087184735
0.0009803035
0.10431576
0.06013638
0.032163646
0.06594754
-0.035071585
-0.15827276
-0.023252651
0.105624534
-0.08308574
-0.00073596666
-0.05471243
0.013659674
0.004583389
-0.053902637
0.082036495
0.040276796
0.15651028
-0.0020980844
-0.07828943
-0.1712153
0.09052374
0.075687535
-0.052837815
-0.08004714
-0.104713514
-0.01907867
0.088024914
0.019711645
-0.061680675
0.056118984
-0.091672726
0.18486483
0.03980899
-0.15201415
0.1996268
-0.071005166
0.002447299
0.02914964
0.13999559
0.040987216
0.16093068
0.21668155
-0.08770476
-0.10694146
0.1108162
-0.07045752
0.0017841758
0.090234995
-0.16707613
-0.08437132
-0.13747677
-0.16387616
0.024219172
-0.068399765
0.1829852
0.048649393
-0.1267802
-0.07234707
0.13500793
-0.0793057
0.16600293
-0.051802695
0.17792836
0.06253958
0.010962722
-0.17044209
0.2494939
-0.35736886
0.17227602
0.0050115734
0.07317253
0.04183005
-0.005489134
-0.14381659
-0.042467646
0.055135403
-0.13121757
-0.19366664
0.20692784
-0.15110071
0.0008868169
-0.037438493
0.040604442
0.0837406
-0.059205234
-0.028709458
0.008365079
0.04906916
-0.4229119
0.117165506
-0.062482543
-0.00088571187
0.08467831
-0.04722323
0.09494688
-0.034430344
0.12815306
-0.059710395
-0.069917016
0.03367326
-0.07191445
-0.07575544
0.053821914
0.14162268
0.103416026
-0.044933815
0.039785273
0.059199046
0.16986817
0.07045164
-0.0048363446
0.062231056
0.06443358
0.038229518
0.0765232
0.0038182673
0.035363942
-0.05738187
0.01259366
0.0076072556
-0.15026522
-0.12877038
0.026345512
0.124437965
0.07158311
0.048457943
-0.00991747
-0.039699297
-0.040286526
0.075722955
0.037994564
-0.029146893
0.0049823374
-0.011467215
-0.013975425
-0.068698086
-0.033942234
-0.041327454
0.10935483
-0.07150114
-0.15279269
0.052899677
0.08626471
-0.09344329
0.011759031
0.14161506
-0.12372235
-0.00794981
0.08564787
-0.034027733
0.041662417
0.02284608
-0.11594003
-0.058129106
0.061656367
-0.00296132
-0.07600106
-0.13951963
0.07381685
-0.026848169
0.056418605
-0.009682603
-0.07921228
0.045421336
-0.13463572
0.029170368
0.07957879
0.03353851
-0.15283689
0.09983831
0.021227365
0.05031326
0.011562614
0.020939836
0.03691452
0.06955488
-0.041058406
-0.1089558
0.075114414
-0.055840436
-0.13822562
0.047583047
0.08574682
-0.10744521
0.035940707
0.01747891
0.07378753
0.016661275
0.02479849
0.0627032
-0.14575261
-0.14735468
0.081736125
-0.027490305
0.057290062
-0.0101103885
-0.05921997
-0.07987938
0.048729006
-0.07095482
0.0047643334
-0.12691763
-0.029359726
0.03344617
0.056473386
-0.03459858
-0.08403289
0.13396442
-0.023231266
0.042207003
0.013518186
-0.01181615
-0.07646692
-0.09558536
0.07684707
0.038996287
-0.0050446205
-0.11064031
0.056311294
0.0020580944
-0.064178474
-0.016173165
0.1186434
-0.046507306
-0.041911114
0.05681574
-0.10337021
-0.029910345
-0.014862233
-0.04519065
-0.01350825
0.0147493705
-0.091258496
0.10453487
-0.018344654
0.07214079
-0.06635469
0.056501724
-0.058948927
0.0055166176
0.101318605
-0.10323234
-0.07913566
0.07533021
-0.037215024
-0.06855882
0.033058807
0.045933977
0.05637556
-0.09987955
0.034916926
0.10308905
-0.0050389706
0.09241046
-0.048811026
-0.060774814
0.11779657
-0.027473463
0.10201937
0.086993106
-0.017895289
-0.025142163
-0.061821148
-0.078388385
-0.021121103
-0.09958978
0.14664797
0.05518114
-0.04873355
0.047144152
-0.051102303
-0.018474577
0.04047814
-0.016445817
-0.013650932
0.07845214
-0.037256677
-0.044253245
0.027135612
0.018707555
-0.04577354
0.14020412
-0.067503035
0.13735479
-0.1193904
-0.047343284
-0.08841557
-0.042335868
0.075025685
0.0030038531
0.020280264
-0.05554143
-0.1557382
-0.054632496
-0.08857009
-0.0027253537
0.03630078
-0.0032183768
-0.028240426
0.05398759
-0.08984861
0.10013126
-0.05688836
0.11764882
-0.018486064
0.04392729
0.1015686
0.03990165
0.026767008
0.10829007
0.038020607
-0.10521431
0.104103014
-0.030242514
-0.13927573
0.025519937
0.09166628
-0.068456754
-0.07205433
0.020636523
0.0055896044
-0.0367083
-0.072335094
-0.043815177
0.034733582
-0.035182513
0.11379968
-0.10914919
-0.093691796
0.10394317
0.10756376
0.12823139
0.057531584
0.079520985
-0.1010666
0.10182562
0.012083265
-0.025374945
-0.04774836
0.0076212017
-0.06162769
0.035622112
-0.06502845
-0.09792272
0.044713363
0.14689758
0.028090244
-0.007824707
0.041332044
0.06904288
-0.08336021
0.06793883
-0.051693853
-0.041765712
-0.106501274
0.12782429
-0.08739387
-0.01594124
0.035212085
-0.031914435
-0.10131389
0.050519314
-0.08416125
-0.03781625
-0.017817594
-0.042883452
-0.007311437
-0.056316942
-0.067887075
-0.029949032
0.07037684
0.028258055
-0.0021204767
-0.15679953
-0.074023396
-0.038266946
-0.09245331
-0.0084026735
0.01304838
-0.07483089
0.05315911
0.00985522
0.030291094
0.03713739
-0.088921
-0.12812394
0.094946414
0.11869241
0.012166743
0.08045103
-0.10500906
0.107190974
-0.08738099
0.008501499
0.16750862
-0.0101602
0.050021425
0.024357403
0.0364808
0.025221298
-0.038366817
0.15479107
0.0072936974
0.11861327
-0.12855956
-0.13312337
0.058815997
-0.07464288
-0.03881063
-0.016057363
-0.17165871
0.1421205
0.02471753
0.12195457
0.05452526
-0.060628343
-0.07062935
-0.08355102
-0.017297916
0.077558815
-0.049110662
0.02763685
0.062498614
-0.03119867
-0.054014213
0.04398603
-0.028473742
-0.08613142
0.07064769
-0.07192624
0.014415931
-0.18838844
-0.065515965
0.14784978
0.032705795
-0.07522932
0.115450606
-0.03050025
0.08310754
0.08471581
0.021358896
0.05885034
-0.10802797
-0.11254831
-0.12924758
0.120628975
-0.08701263
0.041861523
-0.09081648
-0.05467213
-0.041676834
0.09974377
0.035671934
0.007854341
0.07960795
-0.08078821
-0.03871057
0.058409583
-0.050084993
0.08241805
-0.07435271
0.1200658
0.046658125
0.05226078
-0.039013278
-0.107078284
0.14244446
0.0020367745
0.011829669
0.05758605
0.093100406
-0.036798872
0.06322977
0.04300077
0.029413963
-0.07356484
0.06380364
0.102275014
-0.055138998
0.033119783
0.08802541
-8.6354215e-05
-0.11004588
-0.10646202
0.03349583
0.071497396
-0.03310164
0.05554198
0.009683474
-0.09278546
-0.016914692
0.020019552
0.019014047
0.10461266
-0.048807766
-0.0012706227
-0.07868268
-0.016661938
-0.08952882
0.09517641
0.013109221
0.10450195
0.063697964
-0.05351768
-0.03693612
0.049344745
0.028325986
-0.009546001
-0.021305876
0.09516496
-0.03475192
-0.10073961
0.00060968456
0.062619865
0.13938531
0.10722873
-0.102073796
0.0785945
-0.036229763
0.06883806
0.09601281
0.08796457
0.04465052
-0.02266101
0.09244781
0.00429683
0.07455939
-0.0057670553
0.12766445
0.15095782
0.13151814
-0.09971523
-0.12092087
-0.013372257
0.011217739
0.100264296
-0.06559922
0.055507958
0.0005153557
0.009933375
-0.016689831
-0.047578756
0.089333706
0.00022320301
-0.10166427
-0.08214813
0.089304656
0.04212339
-0.030698588
0.029431265
-0.08476175
0.09018239
-0.014356731
0.09984239
-0.041041225
0.090097204
-0.079298995
-0.07395302
-0.03457113
0.09330873
-0.110689916
0.12671416
0.109453484
-0.08272348
0.11904926
0.118059345
-0.037295766
0.07566474
0.046246268
-0.04553027
-0.094812915
0.12369445
-0.06197848
-0.10909839
-0.026879478
-0.01711019
-0.023191087
-0.025055971
-0.10994722
0.09531111
-0.019887583
-0.05632351
0.02892718
-0.043971542
0.038423985
0.122304976
-0.08413574
-0.08415488
-0.06259247
0.11470257
0.025421925
0.05381108
0.06205229
0.03598554
-0.07822364
0.0061917645
0.06311781
-0.058892474
0.02574293
0.047811475
-0.032362193
0.022004122
0.21816215
-0.02913831
-0.10481855
-0.015406388
-0.039790455
0.079792164
-0.10587665
-0.06181531
-0.062185846
-0.11706497
-0.07632019
0.11846426
0.048211016
0.09030595
0.057340235
-0.10067817
0.028665433
-0.09242327
-0.09006054
-0.117753945
-0.10509334
-0.10426282
-0.05318257
-0.0015242854
-0.108828
-0.056751896
0.07751793
0.046998505
0.044450868
0.12836958
0.054345906
-0.0009815727
0.06284772
0.0010039142
0.06937229
0.11857067
-0.07370976
0.12435964
0.055266857
0.0767633
0.15722895
-0.03624641
-0.05463299
0.02856762
-0.060639016
0.11388709
-0.068675235
-0.024924044
-0.00774644
-0.009753048
0.13156152
0.027293585
-0.13625824
0.12483284
-0.10445664
-0.012018473
-0.02857925
-0.026223736
-0.083258286
0.047595296
-0.066025764
0.045944236
0.006724896
0.15278019
-0.025083058
-0.025747223
0.050329167
-0.043322723
-0.049845815
0.036952145
-0.062241398
0.008350362
-0.006818615
-0.09656413
-0.034496468
-0.14819169
0.12723814
0.115839176
-0.10600737
-0.02352232
-0.08656501
-0.027056755
0.03523571
0.07693816
0.061992753
0.1806026
-0.14928141
-0.031931512
0.1441642
-0.14462139
-0.010824366
-0.008618185
-0.11259537
0.06546519
0.18761462
0.035628058
-0.027833492
0.04620323
0.12143272
-0.017445555
0.038419146
-0.0033788553
0.12295927
0.039976757
-0.1587904
0.042804487
0.11442693
-0.092749216
-0.07701577
-0.08388899
0.117377184
-0.07490339
-0.08151556
0.09354976
-0.054174453
-0.011053642
-0.02792475
0.031401042
-0.03315372
0.106623545
-0.09184053
-0.11426691
-0.003296554
-0.16300204
0.07856706
0.10363765
-0.10482387
-0.067379184
-0.025630645
-0.051907632
0.027771957
0.04060624
0.0048231743
-0.00078248
-0.08249636
0.050791703
0.0805301
-0.04459955
0.10094631
-0.05569105
-0.06569151
0.00419696
-0.07131969
0.0014354055
-0.07867215
0.08970635
0.017411862
-0.048384298
-0.05254451
-0.0761537
-0.121451385
0.10467158
-0.071499124
-0.061271023
-0.0338166
-0.06799592
-0.026690822
0.026319422
-0.031893726
0.06701282
-0.06669573
0.06800267
0.11040154
0.074297845
0.035794728
-0.071714945
0.018791335
-0.0018198973
-0.014737567
-0.020387009
-0.031908125
0.06953817
0.017012658
0.090226464
-0.05188085
-0.0048974175
-0.02339597
0.0037614095
-0.07322162
0.010521075
0.10280755
0.024257254
-0.027397875
0.15309316
-0.07514728
0.034054603
0.10450788
-0.04291145
0.021611555
-0.05281634
0.035360307
0.06480694
-0.052466903
-0.0062857466
0.0050998377
-0.038676422
0.064655796
0.06524371
-0.026310554
-0.050361525
-0.01583107
-0.0073819375
0.035884805
-0.017687475
0.03886638
-0.059417024
-0.015134621
0.08119445
-0.009388808
0.035461888
-0.0741547
-0.1142873
-0.10033704
0.06702531
-0.01246954
-0.020314265
0.08540592
-0.05099271
0.059900228
0.032207165
0.11175814
-0.02931285
-0.097396255
0.08207428
0.036615103
0.07099913
-0.07719555
-0.076638386
0.118360825
-0.008477616
-0.012185648
0.02130362
0.018142307
0.03809079
-0.02224205
-0.044115316
0.1364458
-0.060536604
-0.049433984
-0.11897737
0.029777199
0.09946096
0.016019985
0.14910899
-0.09759608
-0.11608215
0.008891123
0.0022905339
0.086426795
0.0025392082
0.030864878
-0.07460126
-0.113099664
0.103041835
0.09868091
0.12058206
-0.12702402
-0.028550945
-0.17173079
0.044865016
0.13743837
-0.18869
-0.041608345
-0.019435134
0.08306828
-0.003165025
-0.14152896
0.05260686
-0.08353116
-0.06541923
-0.09341101
-0.0801157
0.024775356
0.12320069
0.18352824
0.13882363
-0.0007707388
-0.057507616
0.0006226253
-0.18368356
0.03803755
-0.10572618
-0.13272087
0.11392911
-0.12415039
-0.12264943
-0.12107323
0.094012514
-0.003348434
0.07738843
0.25634468
-0.01707681
-0.081251524
-0.16942978
0.09413631
-0.115984924
0.015226158
-0.021668313
0.05450855
-0.15363568
-0.16911623
-0.044884477
0.016747575
-0.111440405
0.015668543
-0.01669978
-0.0044579194
0.06956361
0.09491081
0.07636802
0.05618186
0.0880452
-0.0953512
0.00097435125
0.013470257
0.018663911
-0.057519745
-0.060418602
-0.05638526
-0.012849114
0.024977738
0.0042004664
-0.17149311
0.11512696
-0.10405102
0.026641004
0.08074024
0.11565521
-0.0917547
0.1724904
-0.13665429
-0.053887382
-0.09497786
0.11819622
0.021889674
0.054076675
-0.033949047
0.007280387
0.086988665
0.071211696
-0.09545259
-0.11825317
0.14357364
0.15595812
-0.1071801
-0.02743386
0.20956182
-0.093061626
-0.14872149
0.07318258
-0.055047296
-0.07690119
-0.023103781
-0.116146
-0.31203035
-0.038211152
0.1680766
0.085769586
-0.05282046
0.017253263
-0.005838576
0.00012936238
-0.12928069
-0.026590606
-0.045086756
-0.0020399306
-0.1428557
-0.18916352
0.03672517
0.18875165
0.028668128
0.13937499
-0.04207864
-0.009347348
0.05510046
-0.0689067
0.11614178
-0.021171132
-0.0072177267
-0.011096863
-0.025153156
-0.12020545
0.026566302
0.014175977
-0.034579568
0.19195291
-0.19702238
-0.0853998
-0.018298326
-0.010521633
-0.07254945
-0.07508233
0.076907925
0.08934113
-0.07995137
-0.105005816
0.07572473
0.07513015
-0.029683333
-0.032112632
0.084967464
-0.021456486
-0.024522377
0.034999702
0.031652376
0.09407252
-0.09974125
-0.009292128
0.005508662
0.032934215
-0.1596103
0.086600855
-0.07921344
-0.020577416
0.11560599
0.12813003
0.02191897
0.064223185
0.06591024
0.014478506
-0.010485618
0.011894142
0.09800188
-0.04830948
0.04959596
-0.062648
-0.06073645
0.066096015
-0.03630824
-0.020157188
-0.18530415
-0.08589638
-0.10423481
0.0813838
0.004512517
-0.10079496
0.12391863
-0.049157444
0.1033405
-0.014558166
-0.07457566
-0.017792718
-0.043165024
0.054301206
0.12386734
-0.048340388
-0.0513469
0.08546258
0.041612174
0.0041905562
0.10143384
-0.030401405
-0.011504031
0.084227495
-0.025291758
-0.055421747
-0.05573749
0.11380991
-0.1426421
-0.11217076
0.015779832
-0.01043979
-0.0541249
0.052687332
-0.013405568
-0.0658936
-0.1249998
-0.123178974
-0.025120258
-0.045833975
-0.094977535
-0.0032414512
0.053151287
-0.031000888
0.04211733
-0.05403527
0.02006679
0.061036147
0.14767313
-0.010228799
-0.011518608
-0.09179232
-0.017761607
-0.041884277
0.024565129
-0.035366017
0.0007546583
-0.034367975
0.07718626
0.16062601
-0.024333173
0.026208047
0.019182762
-0.046633545
-0.07369313
-0.0137120355
-0.0041530197
-0.13717195
0.13845515
0.11549556
-0.07728047
0.029554447
-0.08276402
0.022561617
0.09514659
-0.12689792
0.01047018
0.057149325
-0.03677657
-0.09430018
0.058193702
-0.0032989345
-0.07579643
-0.05153717
0.026847167
0.07272353
-0.018393295
0.07672327
0.034418944
-0.09679128
-0.015123021
0.01507167
0.15885049
0.07648228
-0.015067343
0.005018247
0.05160207
-0.023049522
-0.07866532
-0.09706774
-0.05891064
-0.042792987
-0.0065909587
0.060447935
0.0036150247
0.04343447
0.08551118
0.039707433
0.112808816
-0.11259624
0.0028375664
0.07655408
-0.055668805
0.04921734
0.14546089
0.082086846
0.10485708
0.020001689
-0.10138907
-0.052379534
-0.047932934
-0.09674048
0.025323952
-0.055051055
0.06257565
0.08144515
0.023000967
0.18074761
-0.09679722
0.14643489
-0.07037596
0.10211055
0.094098106
-0.1319764
-0.060484406
0.032798402
-0.08041052
-0.03847104
0.061891016
0.0603204
0.100376494
0.10747622
0.036398422
-0.026872635
0.055583138
0.16279806
0.088309154
-0.049055453
0.10994881
0.08162762
0.024819527
0.032327104
-0.0072044325
0.010679184
-0.01723076
-0.034417674
0.00903707
0.08879943
-0.06874521
0.1637672
-0.00020336382
-0.06856463
0.088299006
-0.0554256
0.01190647
0.046882894
0.03330088
0.068301305
-0.029326787
0.034180004
0.061243474
-0.07137943
-0.11463209
0.07245996
0.057809077
-0.095028654
0.18804981
0.07096932
0.0076255957
0.107756786
-0.021842804
0.08270096
0.105033316
-0.15060502
-0.051497813
-0.034424495
-0.03089637
-0.08283725
-0.02129709
0.08163617
0.012081184
-0.102428965
-0.0130268885
0.07070525
-0.099027775
-0.08103392
0.009570004
-0.13226098
0.07722584
0.013380118
-0.12637557
-0.057760607
0.09910404
0.008797017
0.09139454
-0.0024275884
-0.002072457
0.015089632
-0.058006864
0.062997155
0.091768496
-0.011871702
0.09062581
0.01877661
0.09795374
0.07758452
0.040311784
0.06382608
-0.05978922
-0.004085725
-0.09269856
0.011411307
0.14265312
0.03957911
-0.027096676
0.072381735
-0.03561285
-0.06273363
0.05302903
0.0035853111
-0.10325981
0.004679581
-0.10359612
-0.06835312
0.08663836
0.037044637
-0.09059076
-0.0043053217
0.03496739
0.02858586
0.1231982
0.02408143
-0.0019231798
-0.062507
0.061660483
-0.03445626
-0.15324745
0.1320324
0.10845091
0.11251544
-0.0303211
0.06498807
0.06412018
-0.057652112
0.0290287
0.047660794
-0.061493445
-0.0615431
-0.011057125
0.07996366
-0.025287014
0.072207585
0.05655472
-0.027395166
0.09637026
0.14233921
-0.068010025
-0.042918954
-0.088354625
0.046466105
-0.0076544345
0.06921865
0.06515919
-0.008183077
-0.022494156
0.055570316
0.0946808
-0.0058459826
0.023073133
-0.06996327
0.02542429
-0.017149666
0.03320555
0.0037665216
-0.16093215
0.11818337
-0.057745393
0.03003028
-0.095320135
-0.01817855
0.08327105
-0.007862526
-0.1229425
-0.093925275
-0.007816407
0.029446458
0.07484305
0.10945002
0.13912913
0.01435757
-0.09287246
-0.0072686924
0.040554658
0.12780303
0.037902363
0.12897056
-0.06020543
-0.0075939675
0.1398303
-0.0058177607
-0.038274832
0.04523457
0.015103366
0.04843505
-0.18180227
0.1116826
0.09624653
-0.050872568
-0.0947896
0.075636
-0.040450886
-0.021492217
0.07557315
-0.031720445
-0.032380965
0.061044604
0.055323236
-0.022458099
0.10368692
0.13452731
0.09658103
-0.0028529775
0.01681882
0.030236732
-0.04897226
0.11092066
0.07362264
-0.17353255
0.013328845
0.0051021846
0.06509695
-0.15068476
0.0638877
0.018207643
-0.03469935
-0.008557783
-0.013142899
0.099026
0.055185873
-0.0317319
-0.07867791
-0.10762944
0.072638184
-0.029272886
0.04293373
0.10957108
0.11439733
-0.09747548
0.09377742
-0.046284873
-0.093271665
0.01766457
0.15363114
-0.04455133
-0.031786453
0.14502735
0.08712156
0.07741205
0.079450965
-0.07567427
0.058137212
-0.022493903
0.07265145
0.020492362
0.10342484
-0.07685758
0.12886149
-0.05437533
-0.07519333
-0.023157226
0.06646997
-0.016244086
-0.053572703
-0.014070141
0.09871308
-0.042014003
-0.07498492
-0.09881168
-0.10958953
0.061430234
-0.110491745
0.034159757
0.04221522
0.05560869
0.13738269
-0.037786815
0.09813067
0.020635732
-0.10992623
0.28392622
0.03429117
0.22524357
-0.12063994
0.16232383
-0.013937492
0.11744315
0.026849747
-0.020417735
-0.06898582
0.105282485
-0.058291905
0.09587376
0.05965681
-0.02845763
0.017164499
0.13071753
-0.067430675
-0.0609636
0.12527707
-0.07344359
-0.13581337
0.036955785
-0.027330894
-0.11698219
-0.118076414
-0.103428826
0.059375755
-0.010375845
0.04649421
0.02193107
-0.10158581
0.22879012
0.00028443878
-0.055437762
0.072975524
-0.14531587
0.033847615
-0.019491319
0.102992095
0.043540347
-0.06991342
0.047739644
0.074088015
-0.030459346
0.17375703
0.027231168
0.1796008
-0.066090025
-0.08682614
-0.0056483615
-0.022733416
-0.00084476254
0.114301726
0.18543805
-0.110620365
-0.020564701
0.034909327
0.029319271
-0.031072792
-0.16704383
0.12993242
-0.13447037
-0.020682
0.0843793
0.03841364
0.26725084
-0.038604107
0.03523599
0.114588946
0.06470815
0.52217627
-0.068207756
-0.056621235
-0.03667336
-0.19501752
-0.111271895
-0.053367622
-0.18108718
-0.16124576
0.045814913
0.038843963
0.12593222
-0.052838612
-0.17666999
0.003633838
-0.1553021
0.1508011
0.0823353
0.08911034
0.01406707
-0.08402134
0.068500064
0.0435437
0.13910206
-0.09968593
-0.1262808
0.028356792
0.01334649
-0.113585666
-0.07662311
0.013608766
-0.050651796
-0.037742868
0.07789392
0.00090985774
-0.14597441
-0.015158141
0.09373562
-0.1412464
-0.011674896
0.09504228
0.038269203
0.044478662
0.058705658
-0.26619086
-0.09231258
0.3362362
-0.1094102
-0.1371158
-0.13083413
0.16944173
-0.1826607
-0.016222091
-0.17670721
-0.1672474
0.020497771
0.10541234
-0.015794277
0.20953585
0.30538002
-0.07860101
0.17195287
0.111498736
-0.14647393
0.020905744
-0.027003871
-0.11944505
-0.19163671
-0.054307528
0.01496692
0.07150739
-0.04983297
-0.04891555
0.09106261
-0.006832605
0.19504255
-0.13217391
-0.07323651
-0.055393323
-0.29793635
-0.0068666455
0.21689416
-0.1630515
-0.07559719
0.10267403
0.116691016
-0.42792788
-0.16674498
0.11710466
0.05293996
0.05625321
-0.12247092
-0.22788778
0.124475755
0.65308976
0.07127573
-0.17184995
-0.23427837
-0.1823416
-0.077135056
-0.1468905
0.32322696
0.1697178
0.019218216
-0.021326922
0.107079424
-0.06269364
0.12923612
0.034089312
-0.14656425
-0.10184828
-0.20983471
-0.09459519
-0.070414156
-0.21450813
-0.0027504303
-0.05964643
0.040494055
0.14973018
0.07042274
-0.056712978
-0.050809547
0.03130306
-0.016242743
0.03432984
0.07339885
0.02603453
-0.01147971
0.27131084
-0.03077012
0.07475081
-0.008541716
-0.0563032
0.16976477
0.060817104
-0.13909285
-0.11513813
-0.14695477
-0.00031051048
0.05467571
-0.10430971
0.06554547
-0.048368827
-0.00046611
-0.082065746
0.014419657
0.06367767
0.013601811
-0.02286578
0.01846859
0.058748674
-0.089355245
-0.10117701
0.030756518
0.028330414
0.032752573
0.013260786
0.095398046
-0.04015135
0.12392848
-0.024812168
-0.13960297
0.037571758
0.10412166
0.12346148
-0.048433978
-0.03721903
-0.050074346
0.02446325
0.008214588
-0.11647721
0.06791039
-0.07259361
-0.079736955
-0.05895044
-0.09976253
-0.021491038
-0.032062266
0.0013596168
0.09672777
-0.077252865
-0.0021903752
-0.004663284
0.0856831
0.022557281
0.16809936
0.061560277
0.04042471
0.05030376
0.04579872
-0.082921974
0.06530657
-0.0447326
-0.01470228
-0.013661861
0.181401
-0.0915892
0.0005880838
-0.035883237
0.16843545
-0.0445637
0.066776365
0.03753172
0.051915746
-0.019334713
-0.061820842
0.04417554
-0.07051774
0.018833697
0.06415576
-0.108546846
-0.09956528
-0.06855787
-0.03346453
-0.04761998
-0.112951055
-0.031452667
0.05749121
0.031449836
0.06978988
-0.050212715
0.085143805
-0.058496315
0.049818516
-0.1357106
-0.020393884
-0.037843544
-0.033636045
-0.05718155
0.053056996
-0.0036557969
0.09394109
0.09560993
-0.09183559
-0.14214225
0.15574883
0.019771596
0.117464095
0.22529949
0.04540902
0.006871761
-0.06427229
-0.044698324
-0.118561395
-0.024300095
-0.03755522
0.0638393
-0.049079493
0.09698286
-0.08911532
0.071485914
0.17807525
-0.030821253
0.0644569
-0.09341592
-0.040677477
0.46490985
-0.09127239
0.049715783
0.079993024
0.07320742
-0.06489006
0.03046694
-0.13965383
0.012099723
-0.10538521
-0.07151518
0.01686887
0.06900968
-0.06709997
-0.04514931
0.14604697
0.029755954
0.02469902
0.043301597
-0.047170527
0.03263523
-0.024549706
0.08601164
-0.12183801
0.05939464
-0.03609571
0.009636154
-0.033053126
-0.12939799
-0.06979166
0.036432013
-0.045034867
-0.049210504
-0.038327582
0.10185609
0.104954325
0.0138342725
-0.07899834
0.054013904
-0.09733275
-0.038307488
0.09015031
-0.11116542
-0.054134503
-0.039254706
0.13417402
-0.06415038
0.035863053
-0.11548256
0.09289098
-0.07360995
-0.10661537
0.12329708
-0.017356904
0.057814915
0.08890595
-0.1468428
0.09187709
-0.09457625
0.030123835
0.016689308
-0.11857622
0.059995715
0.061692927
-0.058896825
-0.03140447
-0.03836104
0.15821874
-0.09689154
0.07358159
-0.08852969
0.18937656
0.053943053
-0.033968333
-0.06644549
-0.054275975
0.11727308
0.11350854
0.064507574
-0.02404691
-0.12179339
-0.14606905
-0.15470725
-0.044247303
-0.097511664
-0.14705059
0.011555357
-0.09099252
0.0049788486
-0.0430148
-0.113709524
-0.061285987
0.07639994
0.0968667
0.044008113
0.028758384
-0.056603923
-0.0036159968
-0.050052915
0.057668764
-0.02252116
0.023258954
-0.054971997
0.06606291
0.08643171
0.033672944
-0.0127687855
0.045129705
-0.016567592
-0.049212355
0.022160996
-0.036953833
-0.13606232
0.048093025
-0.08068539
0.072209954
0.062237736
-0.01689294
-0.08949558
0.11224946
-0.079071045
0.06527076
-0.07530652
-0.044344366
0.038312778
-0.08316327
0.016257022
0.012933507
0.16202204
0.12850887
-0.011613425
-0.105697624
-0.11596411
0.20947556
0.030246632
-0.106152005
0.030269604
-0.049691737
-0.045644462
0.06947792
0.102894746
-0.08701939
-0.0025885378
-0.09732972
-0.027083308
0.14206554
-0.037267197
0.023967823
-0.015213488
0.056011554
0.012863374
-0.13368991
-0.04041429
-0.017901927
-0.114180535
0.053513534
0.021716809
-0.024254309
0.08254231
0.017586127
0.023448272
-0.12891231
-0.04329711
0.092285305
0.015226353
-0.060260918
0.074416496
-0.038953424
0.10526054
-0.04688278
-0.09371695
-0.004689592
0.09966459
-0.02013367
-0.08479685
0.04110286
0.02057828
0.07484541
-0.06997579
-0.08566673
0.035357527
-0.1668056
0.020909267
0.04649927
0.079227336
-0.049659677
0.01533455
0.018584317
0.044821255
-0.07992975
0.00067076983
-0.08057807
0.004261331
-0.042248804
-0.111542374
0.12160269
0.0083013205
-0.039363764
0.004055419
0.07556386
-0.115134105
0.038641725
-0.020947468
-0.07183291
0.08909762
0.10742927
-0.09649768
0.034385536
0.059972443
0.11239684
0.0069902604
-0.051148534
-0.09778105
-0.033474155
-0.12025999
0.06888133
0.057535153
0.0068781073
0.06816596
-0.10911293
0.020320814
-0.09332451
0.07886644
0.08942413
-0.116629146
-0.111805886
-0.07518847
0.02455074
0.06898595
-0.08819843
-0.02986595
-0.00835529
0.042817988
-0.095859125
-0.1186632
0.081026375
-0.14505364
0.017181126
0.12302902
-0.023731442
0.00011832402
0.0483824
0.10656309
-0.11135906
0.079537325
-0.1279232
0.08338748
-0.011573137
-0.05721403
0.023157662
-0.004698596
0.14604647
0.11007968
-0.044334363
-0.10950805
-0.09463641
0.14105618
-0.05611597
-0.068451874
-0.0563884
-0.10869457
-0.057489853
-0.089156985
0.030999132
-0.049315106
0.026514452
-0.03512265
-0.052467518
0.0100482255
0.061855104
0.11763491
0.0017004227
-0.111188985
0.1915698
0.046727568
0.11609411
0.067066126
0.033209305
-0.010023045
-0.03463418
0.06295168
0.096792564
0.09753597
-0.0059791757
-0.055989895
0.063620284
0.013882119
-0.101542346
-0.004210104
-0.005484175
0.041547876
0.06330274
0.09750631
-0.08097488
0.11326465
0.12811033
-0.117017925
-0.13589573
-0.055604048
0.0044921096
-0.074501686
-0.011709696
-0.10507636
0.049085557
0.0021535137
-0.054766394
-0.08082838
0.008411213
-0.028242068
0.07245694
0.0104756355
0.16735068
0.08587312
-0.011820571
0.05288487
0.012779859
0.113316394
0.09243968
-0.10674812
-0.09541492
-0.091872625
-0.17001961
-0.010776194
0.2062801
0.09664142
-0.09479008
0.04101803
0.023958312
0.029671788
0.08067664
0.07446383
-0.03921563
0.028118338
-0.10152593
0.030353544
-0.041375585
-0.023360556
-0.095039
0.060206812
0.0611216
0.011905666
-0.12788707
-0.020544315
0.058724932
0.0068578613
0.10054967
0.112542614
0.11489528
-0.07712744
0.02317157
-0.05984753
0.025079152
-0.013891279
-0.07983098
0.030853419
0.050290324
0.07382559
-0.06412536
0.016549228
-0.06344822
0.040734988
0.053363472
-0.081349075
-0.052892786
0.076131135
0.031593
-0.031226361
-0.09880762
-0.18507876
-0.08649363
0.05103756
0.07078605
0.09208493
0.042793762
-0.12478275
0.031798482
-0.09193787
0.02541073
0.16329193
-0.034601744
0.028201412
-0.09125372
-0.024115702
-0.0062021925
0.00064717047
-0.12013677
-0.22467412
-0.0009532664
-0.02511085
-0.03072394
-0.079147175
-0.03698366
0.018013082
0.08979163
0.01268514
-0.10820274
-0.16141303
0.19417968
0.20326357
-0.023354169
-0.050617132
0.03209598
0.115968406
0.06901962
0.06925803
0.1562152
-0.07644083
-0.09713392
-0.09162985
-0.04899987
-0.024974266
-0.012295379
-0.008144609
0.02047825
-0.12286044
-0.10294887
0.06289187
-0.1942407
-0.05429429
-0.21244206
0.09422814
-0.058994483
0.12615201
0.06552068
0.081985705
0.013155273
0.06466134
-0.008823437
-0.042439103
-0.09359697
0.054552175
-0.022571387
0.10387995
-0.038421776
0.1365793
-0.004138047
0.1542159
0.13043317
0.10975486
0.14393409
-0.07854439
-0.0125894165
-0.057587698
0.08981502
0.12778012
0.02169795
-0.058125332
0.007128172
-0.023113133
0.052170426
-0.0012315945
-0.11622751
0.07264185
-0.045266308
-0.016251877
-0.08376134
-0.051087778
-0.015987122
-0.016440894
0.0014583605
0.040917262
0.014060328
0.07347525
0.25499216
0.07566003
-0.062878005
-0.10829046
-0.10234738
-0.081545204
-0.047103655
-0.012320583
0.0692114
0.007481738
0.09915216
0.054892868
0.12029561
0.012029838
-0.07232671
-0.12945019
-0.022926295
0.0853414
0.14372581
-0.027655793
-0.0567569
0.10367103
-0.058973778
0.013924617
0.15786599
-0.118123874
0.10879652
-0.076221265
-0.022652226
0.05133318
-0.16169786
-0.11097859
0.07041818
-0.027361311
0.1108975
0.07293156
-0.14983809
-0.12224492
0.12958375
0.13479583
-0.06894752
0.10290386
-0.015210131
0.067561366
-0.07777977
-0.09966614
-0.081405945
0.015945943
0.030771192
0.0011955346
0.004045
0.11367689
0.00777473
-0.07823507
0.026748745
-0.13309328
0.15618078
-0.063269
-0.018443864
0.0104416795
0.087144524
-0.06892902
-0.03521181
0.07188216
0.038649783
0.040149633
-0.0074134856
-0.02512217
0.027084023
-0.15543471
-0.052106295
0.16717751
0.006906566
0.16435984
0.08092482
-0.09878562
0.011247144
0.010591787
0.08858948
-0.040052984
-0.031489484
-0.1289055
-0.10777036
0.030333232
0.03141245
-0.083155625
-0.02304005
-0.067981504
-0.0018444498
0.05265551
-0.08565349
-0.027670395
-0.046610422
0.116208486
-0.031742435
0.0027859893
0.0091391485
0.033612743
-0.07431817
0.18299769
0.008600966
-0.03427795
0.038944907
0.014333712
-0.052540842
-0.11036283
-0.012840702
0.13849355
-0.050241876
0.12153269
0.11693626
0.1685186
0.046514533
0.025165567
-0.088197134
0.10705438
-0.08686203
-0.07488768
-0.050209094
-0.110167935
-0.051149063
0.029402567
0.0087978635
0.014988199
0.053578943
-0.034672096
-0.06721646
0.03562932
0.014336167
-0.10366487
-0.069120996
-0.087053895
0.0689987
0.10036954
0.052178822
0.24059527
0.03351017
-0.041192677
-0.004854189
-0.10441052
0.116398886
-0.015515747
-0.03387248
-0.07749473
-0.037929818
-0.056380156
0.08315005
-0.090531886
-0.006307334
-0.14046003
0.027378274
0.055262167
-0.14294626
0.05805627
-0.04424413
0.12501709
0.04681491
0.03900211
0.09468876
0.15394409
0.09429001
0.017416978
0.07144964
0.0086755855
-0.058674168
-0.047804173
0.034316164
0.0014863154
0.03373668
-0.035258673
0.025109626
-0.054690477
-0.02549712
-0.029764356
0.046706937
-0.009936604
0.08593079
-0.12660612
-0.079219416
0.07306062
-0.01465294
0.08736675
-0.0075968076
-0.0038953954
0.050155897
0.0029843396
-0.0064493576
0.11821789
0.09478187
0.0109394435
0.08095262
0.10531093
-0.00030392437
-0.033490833
0.007995819
-0.01589046
0.14367752
0.054135446
-0.069156855
-0.06582122
-0.005824192
-0.022649486
0.049739186
-0.08355026
-0.048504397
-0.054171607
0.0028866956
-0.08479479
0.012075529
0.073652245
0.13985634
-0.12620027
-0.085122876
0.0467568
0.11332216
-0.07466468
0.12172968
-0.027118979
-0.060726896
0.019240787
0.1347917
0.050198056
-0.010647435
-0.1323638
-0.02816187
0.14320067
0.047538232
0.1296075
0.01825262
0.12572798
0.072243765
0.12543567
0.10941301
0.12276125
-0.01805053
0.013709748
0.005234996
0.085367054
-0.072319075
0.009660989
-0.11062934
-0.072298594
0.033422038
0.02690175
0.1039824
0.12239003
-0.026033495
0.017640349
-0.056334984
-0.023309853
0.08228807
0.06970285
-0.071495526
0.00913725
-0.07532579
0.13547365
-0.0953746
0.1113111
-0.019952407
0.06352774
-0.01399794
0.10605681
0.10805148
-0.04797954
0.100039475
0.1427877
-0.0071172956
-0.007660708
0.006914945
-0.15231416
-0.00054208084
-0.09011857
0.066902086
-0.09817519
0.008296404
0.061721895
0.06584257
-0.018529445
0.12245257
0.09775814
0.027617479
0.04169008
-0.045928895
0.12559636
-0.017208967
-0.048583347
-0.09101634
0.028293625
-0.052948233
0.029001152
-0.08038228
-0.043615088
0.036951702
-0.0868183
-0.07805345
-0.044502288
0.08482472
0.045264203
-0.035741236
0.121494286
-0.12930958
0.004820749
-0.043287814
0.075160086
-0.05667678
0.11735067
0.022618748
0.07677225
-0.113230854
-0.052640658
-0.09795282
0.01087805
-0.0038419217
-0.0056506526
-0.09634779
-0.054117315
-0.07989402
-0.06449791
-0.0036846779
-0.032319095
-0.11466712
-0.06575956
-0.10536167
0.1194274
0.04558305
0.10006588
0.04252441
-0.0037398564
-0.002376222
-0.09202001
-0.056168884
0.062567115
0.06519618
-0.059827793
-0.059842695
0.09028904
0.06685796
-0.005013451
0.019101257
0.099889405
-0.032608733
-0.021986408
0.12536111
-0.013945077
0.10518724
0.03934901
0.049911406
0.008566681
-0.112300076
0.16093437
0.09666712
-0.035397805
0.054641932
0.0074661262
0.038007975
0.05020864
-0.049795654
0.06132153
-0.02296041
-0.06671445
-0.15790148
-0.037573483
-0.048711937
-0.054817278
0.14600219
-0.15604019
-0.075002514
0.0338015
-0.048053965
-0.04160735
-0.09221294
0.0013016105
-0.005232118
0.020156212
0.087087125
-0.17198154
-0.0764537
-0.009737388
-0.051468372
-0.074366085
0.18608205
0.029050503
0.07395444
0.05959875
-0.071057394
0.05088686
0.028689548
-0.015954046
-0.068407215
0.045828115
0.034779146
-0.11014758
-0.08042635
0.1349588
0.12746488
0.031681694
-0.030797893
-0.0064071813
-0.123496
-0.08705361
0.20246458
-0.124531135
-0.048520397
0.042880688
-0.05647847
0.24167535
0.073859274
-0.008388592
-0.0635173
-0.08776209
0.056648288
0.07934696
0.09848391
-0.005743808
0.09043468
0.062214162
-0.08070353
0.11596925
-0.053472836
0.007132491
0.032766964
0.062035605
0.06717586
-0.0764517
-0.046885185
0.05724083
-0.13822818
-0.12118206
0.011426342
0.09286745
0.09005452
-0.022315178
0.012147787
-0.07810519
0.07203918
0.11387735
0.009077208
-0.013573709
0.050609056
0.0014168632
-0.12342156
-0.07130824
0.085188136
-0.12267977
-0.06404481
-0.07621316
-0.069427386
0.040941566
0.110463195
0.06508203
-0.097671025
0.06096547
0.09460092
-0.0817813
0.04248475
0.06675188
-0.0704663
0.041069593
0.08391481
0.061734006
-0.08469745
-0.037607647
-0.021517398
-0.0135699725
-0.004678895
-0.12798417
0.04142171
0.002159705
0.023251625
0.05452862
-0.056921635
-0.06893279
0.069426276
-0.073808454
0.048124578
-0.018560253
0.014036293
-0.04706616
-0.08305339
0.073013216
0.06399745
-0.0048765442
0.09612906
0.0840618
0.02464919
0.051104937
0.06004723
-0.047312014
-0.0014843174
0.04910358
0.016605427
0.14376137
-0.0760106
-0.07286691
0.012305674
-0.09847712
-0.053847454
-0.066227876
0.0016958874
-0.06918392
0.07611674
-0.04516515
0.09156489
-0.06624313
-0.08310612
-0.07294137
0.017912637
-0.0665516
-0.06367121
0.05171519
-0.05029532
-0.03288899
0.09756088
0.046677664
0.11665195
-0.043610357
0.05493382
-0.092213854
0.10227316
-0.04380317
-0.044508472
-0.07364897
0.11489253
0.06944475
-0.09588395
0.05133501
0.054200254
0.069533676
-0.09203755
0.08015981
0.103724994
-0.027812127
-0.1297438
-0.136692
0.10168149
0.16442484
0.092667915
0.1112256
0.075751945
-0.089053266
-0.006086481
-0.10168789
0.14702895
-0.04585229
0.112901755
-0.015077299
0.038244706
-0.00527721
0.103047475
0.02882163
0.09154988
0.04617181
-0.023408912
0.04782863
0.08291167
-0.10495213
0.088262685
-0.20344724
0.30386084
0.08791788
-0.13800725
-0.07935637
-0.2920451
0.1601097
0.09820546
-0.068964094
-0.10990641
-0.06264214
-0.0051371176
-0.04841235
-0.015891647
0.28014785
0.022893537
0.1717771
0.053561892
0.089815274
-0.005194127
0.11603821
0.096399724
-0.18178186
-0.019788941
-0.098730356
-0.033585493
0.0006961208
0.10571942
0.0847783
-0.0056102714
-0.017624982
0.16765825
0.18266402
-0.094797626
-0.10440733
0.13411132
0.099378705
0.08555344
-0.26125926
-0.13159868
0.049238928
0.0071910764
0.09379377
-0.04477069
-0.21485217
0.20321874
-0.047122635
0.14799652
0.028235693
0.11550592
-0.24593979
0.09049937
0.18090495
0.06296307
-0.1011472
0.16233803
0.0036316726
0.10845775
0.034544062
-0.0068050716
-0.04873946
0.009378976
0.042862598
-0.15581015
0.15478201
0.074930936
-0.048327304
-0.060540386
8.5119056e-05
0.063915096
0.15067472
-0.090567246
0.0014829923
-0.08843556
-0.13545974
0.092434876
0.056339134
-0.047241453
-0.04775962
-0.1202866
-0.022714015
0.1212194
-0.11739017
-0.06387241
0.049655344
-0.022010515
-0.23390855
-0.086457856
0.19100642
0.12046082
-0.004406158
0.05665117
-0.00660664
-0.11617236
-0.23869933
0.10314279
0.05385304
0.115860224
0.09739656
-0.2492312
-0.040583882
-0.030428767
-0.022401609
0.1052036
-0.12525626
-0.034532078
0.02584937
-0.078616746
0.04638675
-0.055531744
0.097801834
-0.13262449
-0.15131074
-0.025006134
-0.106444255
0.19632584
0.009888601
-0.057241593
0.06684802
-0.047510326
0.08618399
0.021264574
0.19467308
-0.12237381
-0.0003579115
0.007062183
0.06472268
0.012791861
0.012221211
0.090266265
0.11156324
0.048007563
0.12775315
-0.14924075
0.08855784
0.12660828
-0.17240873
0.12430545
0.20698464
0.1198432
-0.07054002
0.12312748
0.013880042
0.14765984
-0.025646774
0.022954555
-0.007893367
0.12672965
-0.050645895
-0.03474668
0.049188286
0.10448516
-0.29130164
-0.01783028
-0.08957596
-0.15003145
0.10003307
-0.0113408705
0.07947693
0.12779118
0.06216425
0.04499524
-0.1245254
0.017289814
0.17527598
0.062958084
0.057987094
-0.17181996
0.12698011
0.1447618
0.0960735
0.02378171
0.08378564
0.032265883
-0.062656745
0.04540895
-0.018957503
0.1389114
-0.017348798
-0.013174106
-0.10163602
0.033473622
-0.059087414
-0.054597873
-0.13512547
0.05446638
0.044919547
-0.10606983
-0.010495053
-0.09502642
0.10134374
-0.020410685
-0.10944665
-0.0522053
-0.02367251
-0.017366968
0.057406034
-0.12187209
0.057131708
-0.014826757
0.0776952
0.04479283
0.11150984
-0.0953338
-0.0126089305
-0.005639895
0.13252212
-0.09991632
-0.013212388
0.06381628
0.07262938
0.090095736
0.046376962
-0.009930503
-0.19837914
0.071443364
-0.02218943
0.034834124
0.14928226
0.055408705
0.089625545
0.029684504
-0.033993583
0.0705176
0.08162805
-0.090835154
-0.029686045
-0.048079506
0.10177313
-0.041525245
0.1425606
0.041114148
-0.04872117
-0.07858852
0.023290833
0.017048981
0.062603764
-0.011322553
0.0786419
-0.019384064
-0.16813326
0.10970258
-0.0919015
-0.029338667
-0.032422498
0.09005201
-0.001948797
0.039608236
0.080125846
-0.17386611
0.035678927
0.024815224
-0.012715437
0.13573228
-0.060076673
0.032013316
-0.098253585
-0.11185149
-0.02220432
-0.18553518
0.2891988
0.17900279
0.02427799
-0.12798472
0.042299155
-0.111640714
-0.06880757
-0.008114776
0.085402004
-0.11470533
-0.2904895
-0.13706692
-0.057034317
0.042257983
0.012905488
0.101512715
-0.13890623
-0.11189131
0.0023249798
-0.16417043
0.02126474
0.1734476
-0.075110845
0.06867135
-0.075358175
-0.27779776
-0.08453236
-0.14903727
-0.2422261
0.14608549
0.21102768
-0.22665322
0.14190349
-0.21383597
0.11540462
-0.039029233
-0.17483105
-0.060536236
-0.031534743
0.075897135
0.38639548
-0.23357725
0.16180114
-0.09831139
-0.04818989
0.0770464
0.14293547
0.03448015
-0.08103959
0.23544133
0.0043710736
-0.009806732
0.008850728
-0.13738543
-0.15495831
-0.13815546
-0.14908764
9.4904164e-05
-0.02280088
0.066800855
-0.033724755
-0.09315964
-0.051991664
0.14545973
0.008873674
0.09570657
-0.10841233
-0.052204773
0.08488606
0.008670484
-0.0024714859
0.16013964
-0.14999916
0.042242385
0.19658294
0.2541631
-0.04799367
-0.10405387
-0.03906777
0.15257801
-0.012003446
-0.12120911
-0.074475385
0.07564847
-0.1487389
0.23128991
-0.036549833
-0.11071556
-0.11414281
-0.004185619
-0.06423356
-0.04178934
-0.06166807
-0.26076862
0.03165715
0.11464405
-0.10648973
0.15589751
0.1940091
0.019139303
0.11407745
-0.016383052
0.14320183
-0.007731746
0.13877538
-0.06928414
-0.15004887
-0.1015565
0.15461749
0.28745613
-0.088564046
-0.33801508
-0.15277286
0.05977002
0.10707728
-0.15508838
0.040609777
-0.0341466
-0.018318312
0.036586996
0.19942914
-0.15806863
0.0026110339
-0.08169969
0.14763644
0.017643925
0.15872055
-0.06540196
0.023716776
0.15801078
-0.17787887
-0.057821617
0.18793693
0.076809816
-0.060230326
-0.027403591
0.11513004
-0.026301272
0.019420208
0.19508708
0.0022748248
0.031411737
0.011902513
0.17256023
-0.02567032
0.14736347
-0.062361933
-0.04770069
0.007081962
0.06822241
-0.16458982
-0.04902868
-0.08750107
0.20769916
0.14447477
-0.10696447
0.019380404
0.04622329
0.045546412
-0.10409135
0.050794974
-0.032876883
0.2950857
0.024069907
-0.062210374
-0.07430796
-0.102722935
-0.19842096
0.06711224
-0.1149737
0.07224671
0.09552406
-0.21325363
-0.09194058
0.09672034
0.099269755
0.012106029
-0.012871464
0.037315987
-0.0864118
0.034268357
-0.09727064
0.029397668
-0.06586108
0.15657961
0.07545645
0.10822874
-0.056274075
0.11920953
0.049213827
-0.05658231
0.05026776
-0.12562168
-0.2564287
-0.24856518
0.031387262
0.10081532
-0.14313355
-0.12686029
0.011493636
0.07579612
-0.03314875
-0.12809941
0.12710121
-0.086401254
-0.09130107
8.0161684e-05
0.09186393
0.03762254
0.12885602
0.010809491
-0.11537884
0.10276271
0.07455733
-0.13486125
-0.045700062
-0.011269878
0.115083925
0.20391619
0.16292982
0.015785497
0.053376697
0.25388187
0.017062722
0.092055775
-0.22418636
-0.16396621
-0.117789075
-0.0029984533
0.09751549
0.009775706
0.035315733
-0.045286387
0.108576834
0.07555717
0.098439075
-0.13980705
-0.14862671
-0.04522741
-0.11595167
0.1211409
0.1082362
-0.16650791
-0.023547806
-0.060236823
0.031306222
0.050542627
-0.042907152
-0.0052080285
-0.09268074
-0.01924977
0.15492608
-0.14147426
0.0815583
-0.012670607
-0.05081619
-0.14810845
-0.27460504
0.014469705
0.13558157
-0.02646032
0.12967949
-0.08551183
-0.10654891
-0.12601697
-0.06457475
0.31785253
-0.0113555
0.124639586
0.07250593
-0.13372949
-0.058228757
0.10417089
0.0975291
-0.08270857
-0.080877215
-0.11071249
0.07002876
-0.037691794
0.055626377
0.032881252
0.012951136
-0.056902975
0.072208285
0.044751614
0.07972272
-0.10512043
0.055493504
0.048428785
0.1244621
-0.16004185
-0.22270814
-0.020600364
-0.081343584
0.1330399
-0.07208197
-0.10395594
0.2686819
-0.34733695
0.10008003
0.0505833
-0.017681371
-0.22012758
0.0535984
0.029743742
-0.034485746
-0.1469043
0.11310186
0.06114802
0.16324997
-0.010550767
-0.024785021
0.11663554
0.025311578
-0.05254942
-0.02151568
0.27797568
0.018811468
-0.15540339
-0.21544294
0.03503272
-0.07751689
-0.05489101
-0.09824466
-0.13314347
0.016848464
-0.0027838766
-0.19831306
0.042460166
-0.16916466
-0.12783542
0.06570666
-0.00042066694
0.09708413
0.17005193
0.09857267
0.023095012
0.025159303
0.11238829
-0.056299467
0.20536637
0.09435067
0.020048458
0.084447816
-0.008514884
0.106372304
-0.10814229
-0.051951084
-0.11906068
0.27061972
0.10947525
-0.03466056
-0.17495939
0.05080598
-0.11008259
0.098001204
-0.037119664
-0.08722971
-0.084938206
-0.08642424
0.023961365
0.10489221
-0.11391826
-0.011228634
0.030003084
-0.14561129
0.07800852
0.036708854
0.06551086
-0.19822615
-0.121960536
0.068744816
0.0598385
-0.043735776
-0.032441963
-0.104299165
-0.115951106
0.17328556
0.18268684
-0.10534922
0.011140194
0.13490452
-0.06520546
0.041158967
0.0731282
-0.0753649
-0.09279185
-0.022251582
0.025724906
-0.100708984
0.12316921
-0.11174222
0.12717889
-0.12515786
-0.015189365
0.058695424
-0.12274023
-0.05115893
-0.04303382
-0.06803363
-0.02866716
0.14225431
-0.088905476
0.06840485
0.03791139
-0.10554879
0.06340275
-0.21815185
0.10261306
-0.053958327
0.022416485
-0.08208763
0.12216798
-0.07046335
0.06087069
0.109977655
0.06591903
-0.13289165
0.08389123
0.062919445
-0.04693549
-0.08880855
-0.047243312
-0.058634855
-0.049757063
0.016480675
-0.10032182
-0.052685283
-0.066075034
0.0009237916
0.006794689
0.062017813
-0.048054192
0.085903734
0.077731505
0.03504437
-0.029549582
-0.05042152
0.1576454
0.1434517
-0.08950592
-0.12842125
0.043816946
-0.068583675
-0.054994646
0.10048475
-0.005161123
0.095261045
0.024150705
-0.04786011
-0.046461456
-0.047381204
0.20201953
0.099072404
0.029273782
-0.021368545
0.0379326
-0.08128416
0.000604681
0.075801276
0.1681724
0.04314541
0.049354415
-0.052987862
-0.099998765
0.04324091
0.012926319
0.039325953
-0.12653394
0.074264236
-0.15660684
-0.0022023907
-0.10226489
0.04839114
0.17622216
0.022436066
-0.034591567
-0.029404327
-0.07573927
0.034105334
0.10131005
-0.09978973
0.01387053
-0.037700497
-0.04615715
0.029757202
0.05507506
0.090190634
-0.048083514
-0.020390559
-0.027149972
0.097286254
0.048663452
-0.14666475
-0.19796084
0.06123646
-0.0036062968
-0.004360488
-0.15697141
0.07359308
-0.054938734
-0.039004125
-0.029626679
-0.0053399266
0.045522407
0.026180835
-0.014677619
-0.16458103
-0.18465506
0.023258042
0.13449676
-0.078321405
0.000738862
0.024153858
0.23191191
0.118031844
0.21879505
0.13151397
0.034384727
-0.028617932
0.044960167
0.03732698
0.06608563
0.10961388
0.08488597
0.11274651
-0.058513492
0.22557274
0.04087943
0.025336575
-0.045195643
-0.052971646
0.015370294
-0.2094852
0.11640784
0.07196829
-0.06466899
-0.07335805
-0.05882338
0.055321485
-0.036314752
-0.032447536
-0.08686583
-0.14823003
0.04924427
0.08919278
-0.15921243
-0.08917113
0.070030265
0.0510942
-0.113224454
0.08746874
-0.023026962
-0.07547525
-0.033629555
0.12618643
0.12097921
-0.09357359
-0.099150464
-0.0041368287
-0.013442861
0.12105103
-0.17673768
0.058089588
0.024991188
0.09166758
0.029056141
-0.017550737
-0.017205723
0.040441718
0.14071985
-0.08007163
0.04630648
0.11076426
-0.09390208
-0.08446215
-0.043701928
0.117661476
0.14932224
-0.091298446
-0.020867016
-0.2724197
-0.161446
-0.14046952
-0.12407964
-0.033994213
0.028162623
-0.0778322
0.03762028
0.037199073
0.028035859
0.07798242
-0.0042937724
-0.042720713
-0.07972905
-0.010011712
-0.02993386
0.0626796
0.14029953
-0.085825846
0.079523735
0.062489007
-0.12896438
-0.0198609
-0.102795884
0.079715066
-0.04826525
-0.14437263
0.04626546
0.011779866
-0.082649454
0.18628731
0.026871575
0.05336279
0.04935183
0.04863036
-0.12321886
-0.188384
-0.06607718
0.08623698
0.030454211
0.1548108
0.05241959
0.040547855
0.02306014
-0.1064498
0.03413355
0.0002334109
0.008872103
0.028756224
-0.01278511
-0.1301219
-0.0013004844
0.06818025
0.02191017
0.064762756
-0.03197022
0.2696177
-0.35494462
-0.03507871
-0.1858057
-0.3059691
0.13397937
0.25002235
0.03923945
-0.013283689
-0.04430998
0.0144934505
0.05551758
0.0063892375
0.23610918
0.018868668
0.009862468
0.06286545
-0.16730265
0.014647828
-0.00782787
-0.11647663
0.010260487
0.0902167
0.11190867
-0.10571666
0.07063795
-0.028965376
-0.28756788
0.12838635
0.119504504
0.25878653
0.09167408
-0.20812562
-0.110182665
-0.122042306
-0.25954697
0.10338737
-0.23438117
-0.07842235
-0.037548207
-0.049222983
-0.017956303
-0.020944402
-0.1638259
0.028095173
-0.111912295
0.019957615
-0.15428375
-0.15584671
-0.1540829
0.09454524
0.14142166
-0.10851331
0.048894137
0.2321578
-0.12645872
0.17300601
-0.06176244
0.039262757
0.17212458
0.040708486
-0.069747336
-0.2065975
-0.075514674
0.044738855
0.122171104
-0.13949832
0.19484673
0.030802788
0.06848344
0.1290927
-0.11536202
-0.17979291
-0.033373266
0.0436442
0.25049654
-0.06115838
0.14616725
-0.10045185
-0.08855028
-0.11524713
0.095295064
-0.06522716
-0.06682213
-0.06620186
-0.16726702
-0.021562835
0.045815393
-0.04940972
0.18634856
0.017267318
0.039090637
-0.14210872
-0.03702376
0.17742562
-0.2606672
0.18129005
0.12555414
-0.296448
0.026389882
0.01982201
0.027972046
0.2934965
0.14306375
-0.20569721
-0.33169413
-0.00027487468
-0.07294085
-0.1529554
0.052227132
-0.029362759
-0.18440138
0.0006034651
0.043436497
0.0703567
-0.2604907
-0.091819994
-0.04679011
0.11848231
-0.020938292
-0.08743351
0.26242194
-0.15694414
0.053115807
0.16087522
-0.08898596
-0.027546857
-0.10852921
0.12562
0.12346717
-0.013138219
-0.038967058
-0.12104312
0.08083692
-0.038678296
-0.054736514
0.29947656
-0.044873048
0.061528333
0.022118075
-0.08229881
0.052841377
0.022871776
0.15457109
-0.042959105
-0.010257583
0.094000824
-0.0057828603
0.010154013
0.038274143
-0.06739837
-0.06718148
0.07345336
-0.09018991
-0.08730653
-0.0054101995
0.089899726
-0.08544277
0.07429187
-0.028907968
-0.061575316
-0.017339274
-0.008038977
0.042998277
0.024977122
-0.023657376
0.09361813
-0.0030555043
0.06562738
0.009610857
-0.07443492
-0.15467595
0.042867422
-0.11670377
-0.033107884
0.04724949
0.03267105
0.03768617
0.047646962
0.1002297
-0.0034983016
0.064460166
-0.09186023
0.069743685
-0.07168404
0.052275416
0.07605518
0.07836893
-0.08380331
0.069457576
0.055379555
0.15129998
0.057499785
-0.10477568
0.0007656524
0.020150442
-0.08469562
0.035292473
-0.057910394
0.01460696
0.035328407
-0.05363808
0.0016616611
0.13486531
-0.030790739
0.0078293765
-0.046304107
-0.13158223
-0.09775403
-0.09890385
0.023631098
0.04507511
-0.03602447
0.0033892726
0.08346447
0.03957134
0.019586157
0.014657592
-0.092410915
-0.023621699
-0.0985989
0.014584284
-0.040186297
0.038811963
0.08959519
-0.0205455
0.041386668
0.022502344
-0.0465749
0.015908282
-0.091591716
0.002934734
-0.089428194
0.0072169253
-0.041403178
0.01992532
-0.12361057
-0.053238846
0.0030877
-0.13266721
0.087053835
0.11590183
0.05311406
0.033261545
0.06631789
-0.030606823
-0.018536165
0.0067949095
-0.007573973
-0.126498
-0.020862972
0.04103165
-0.042481437
0.075324304
0.17546335
0.026028516
-0.028394282
0.18575022
-0.10347182
0.02218543
-0.011201158
-0.08073996
-0.064472504
0.073196016
0.020805705
0.04458621
-0.009128786
0.006032622
0.114897385
-0.16850735
0.055975527
-0.058217466
-0.021894693
0.091749206
0.08831624
-0.06286829
-0.030187594
0.035446823
-0.112220034
-0.033825636
0.06100089
0.005118139
0.064176224
-0.08462927
0.021579305
0.023020219
0.027814338
-0.11786171
0.1275021
-0.048809316
0.0064712157
-0.07124396
-0.0197532
0.098913
-0.030151684
-0.12721168
0.10556271
0.047883738
0.08678551
-0.119283654
-0.064877994
0.048605077
0.018995466
0.020746393
-0.064179584
0.014095724
0.021652533
-0.06551752
0.12874828
-0.04902264
-0.10418553
-0.08095446
0.011983237
-0.069074966
-0.037434094
0.05486144
0.07666067
-0.057456773
-0.15454467
0.028317016
-0.0370844
-0.062035907
-0.02975223
0.001480141
-0.04509952
-0.059302356
0.04525332
-0.04338135
-0.008124377
-0.08706428
0.14289221
-0.0154547
-0.0017922639
0.025146725
-0.0142688565
0.047718816
-0.0006978955
0.06725783
0.11151888
0.0065877284
0.1322324
0.069942184
-0.11199291
0.10232858
-0.04700621
-0.008106902
0.090393715
-0.11510749
0.023030642
-0.03700736
-0.11670623
0.06769904
-0.0458456
0.055190127
0.15671341
0.01346341
0.043875553
0.026634343
0.019695882
0.04910872
-0.07624151
-0.080043994
0.10469438
0.074638076
0.0059662214
0.0853447
-0.009583762
-0.04017701
0.086613536
0.037100915
0.04761465
0.009923316
-0.0980566
-0.097688936
-0.081293225
-0.07739506
-0.059880972
-0.072066
0.13533935
-0.12246555
-0.027902748
-0.15348724
0.09800744
-0.14437129
0.013024106
-0.04405633
0.10988931
-0.035061877
0.027852334
0.10079213
-0.025580483
-0.121031225
0.16857263
-0.033118807
0.019500079
-0.04383322
-0.021347653
0.19031657
-0.037864123
0.17052317
0.03610184
-0.030803146
0.05707329
0.01767008
0.016447062
-0.032700952
0.033404477
-0.021012796
-0.08713043
0.05770568
0.09739793
-0.04651564
0.16005361
0.089394145
-0.07595704
-0.0063188677
-0.044469483
0.005762017
-0.06153784
0.022623504
-0.028521547
0.07376475
-0.16258179
-0.09698442
0.035283756
-0.0669531
0.108189866
-0.09323979
0.08009568
-0.015145849
-0.093259275
0.06312432
-0.061379366
-0.023124859
0.030376872
0.038515035
0.04080222
0.04551309
-0.10737281
0.014950504
0.043482475
-0.02332241
-0.10029431
0.011973337
0.034899175
0.06598405
-0.119343035
-0.019186284
-0.024105022
-0.012593334
-0.029821206
-0.03939503
-0.047476888
0.123661116
-0.0710423
-0.143072
-0.10330774
-0.0805701
-0.030745905
-0.06610083
-0.016558586
0.104912855
-0.16314122
0.013558632
-0.065634646
-0.030009989
0.06461002
-0.02119314
0.08761285
-0.03648125
-0.061168764
-0.009075613
-0.032477017
-0.055546347
0.105287485
-0.042289745
-0.03211896
-0.1549997
0.043688357
-0.018163921
0.14173907
-0.08374481
-0.15384214
-0.00016046947
-0.041809466
0.048849195
-0.07372646
-0.09573345
-0.14037977
-0.09522271
0.11177908
-0.09601637
-0.004326779
-0.066222675
0.03398303
0.06836074
-0.054400314
0.0068965843
-0.003773283
-0.06281179
-0.014970233
0.053156905
0.08737928
-0.016424758
-0.0021541782
0.10777543
0.024773382
0.0063948496
0.054349083
0.19875054
0.13157438
0.056662876
-0.09275131
0.027764123
0.01505036
0.05756619
-0.010616886
0.024664145
0.07321937
0.10054061
-0.09855962
0.07676184
0.06583557
0.06882476
-0.015534433
0.021588534
-0.025440462
0.034169964
0.07229869
0.09612039
0.061151817
-0.023872111
-0.015058077
-0.014886008
-0.035949286
-0.09476191
0.1592229
-0.10503982
-0.012927499
0.039283305
0.038595743
0.09520833
0.06131235
-0.028239027
0.010020356
0.10522448
0.03333799
0.021896586
-0.15416266
0.02992034
-0.06525962
-0.049146503
-0.0054577724
0.051726658
-0.059386153
0.02764051
-0.04006324
-0.12888099
-0.059962634
-0.03372599
0.004372802
-0.0036924782
-0.07157264
-0.06302489
-0.08231635
0.040118385
-0.03939732
-0.012942841
0.0568254
-0.10380687
-0.11049827
-0.021213638
0.06766823
0.039479278
0.01939415
0.080820814
-0.0003804681
-0.06193752
0.028623605
-0.023087416
-0.015898097
0.062119376
-0.104452446
-0.07752975
0.029807463
-0.003454444
0.17790562
0.025844753
-0.06889415
-0.099157415
-0.007192587
0.077345476
-0.08558308
0.0885144
0.020929646
0.04676113
0.088395335
0.08708985
-0.10148978
-0.013192167
0.08072285
0.06442796
-0.00442742
-0.081795305
0.09095361
0.0667293
0.05606212
0.015024934
0.004358725
-0.008034348
0.038868304
0.24563542
0.06925972
-0.0357811
-0.036757033
-0.0485906
0.013303938
0.04702176
0.09640168
0.050410584
-0.025801985
0.07404122
0.033331968
0.07821066
0.05438932
0.03260308
-0.09005298
-0.012017739
0.009470241
-0.08761777
0.062230654
0.07745733
-0.009571767
-0.02259284
0.08776467
0.050959416
-0.14359114
0.011523324
-0.18218018
0.040189303
-0.6517878
0.10468408
0.24262425
0.28195882
0.44452286
-0.37407523
-0.18845175
0.40107536
-0.38037091
-0.07419941
-0.21681866
0.04995133
0.118286066
-0.53872013
-0.32411498
-0.09105255
-0.16189927
0.10725701
-0.021209888
-0.27722332
0.02649854
0.08400308
0.00793682
0.21919826
0.56092083
0.08503843
0.10226331
0.059218016
-0.3862073
-0.053727824
-0.49356586
-0.30664966
0.12600645
0.37081683
-0.130545
0.21179526
-0.31634963
0.43606684
0.4986614
-0.13671595
0.21218814
-0.07794095
-0.10798355
0.52386475
-0.12848848
0.32142642
-0.057605334
0.078912176
0.107393
0.4898694
0.21180208
-0.44745138
0.2705045
0.2114746
-0.157221
0.15206903
-0.37041986
-0.14756632
-0.022031752
-0.20815906
-0.21111862
-0.05563905
0.10628969
-0.052974388
-0.010682833
-0.11022595
0.22883616
-0.21461923
0.15328832
-0.13495773
-0.1999607
0.32098204
0.2720257
-0.18144497
0.12996376
-0.06407451
0.14303866
-0.12921166
0.16295062
-0.03367904
0.0435822
-0.07721726
0.42353627
-0.1218104
-0.006293744
-0.053686
-0.19155636
-0.27107352
0.060851242
-0.04680624
-0.083377875
0.043674212
0.056700002
0.14993082
-0.36535585
0.24406268
-0.30055478
-0.14360677
0.28443187
0.13343096
-0.078846164
0.14908275
0.04708635
0.1528549
0.013011879
0.2957803
0.14482975
0.0008021305
0.09217874
0.11366437
0.14226331
0.27348575
0.5056444
0.05882228
-0.4876645
0.20928067
0.28705332
-0.105073124
-0.43451485
0.16467421
0.019121546
-0.21955752
-0.020674957
-0.106088154
-0.23401284
-0.33012608
0.0044477186
0.07874686
0.07571698
0.05042091
0.054098565
0.0024388933
0.07946728
0.111696884
-0.05120887
-1.4817732e-05
-0.16088055
0.023325298
-0.07896324
-0.0112454705
-0.0026372892
-0.08589796
0.04256379
0.007967131
0.0021598486
0.023988742
0.12006141
0.11121717
-0.053095028
-0.048235703
-0.007625393
-0.20141658
0.03908342
-0.06322044
-0.15448418
-0.09486238
-0.025738532
-0.010014642
0.043226924
-0.0037152935
-0.11926125
0.02449413
-0.014991412
0.06819626
0.012664468
0.076026574
-0.17103837
-0.034488708
-0.04436599
-0.037140697
0.08683917
-0.053372327
-0.05887925
-0.14820829
-0.041663498
0.0014015329
-0.037712507
0.040552247
0.041399285
0.09676736
0.043672144
0.05895491
0.10512741
-0.053078454
0.06433579
-0.06750747
-0.055882584
0.00034595001
-0.040103346
-0.02092604
0.000592517
-0.1270923
0.08120661
0.030620467
-0.07876927
0.03539177
0.12704551
0.07214933
0.0075495276
0.08431032
-0.0047501405
0.13671908
-0.032003153
-0.08352282
-0.057880744
0.24837475
0.035465088
0.07456889
0.11472279
0.08140565
0.07982952
0.11274319
0.09255929
-0.018357184
0.14262088
0.019246995
-0.07850757
-0.007063992
-0.05558036
-0.06802149
-0.11968948
0.06211659
-0.030050654
-0.059085023
-0.041391186
-0.013207827
0.06916311
0.017477097
0.015185325
0.07715744
-0.1554435
0.11790824
0.11986909
0.011128592
-0.076408744
0.031680882
0.1132866
0.035730973
0.08004396
-0.11737141
0.09253586
-0.05007756
0.03610986
0.097182184
0.09436292
-0.08357799
0.14791659
-0.08702085
-0.10756603
0.029913088
0.044529468
-0.019704642
0.03477514
-0.051500384
-0.13860033
-0.012965328
0.08920554
0.06111946
0.09371537
-0.0441099
-0.057394017
0.078583315
0.015190436
-0.08670624
0.12747061
-0.032776296
-0.015934596
0.018414577
-0.014092451
-0.06431434
-0.070811674
-0.04575989
-0.0428283
0.026133534
-0.052742153
-0.056434307
0.06663586
-0.010527636
0.111037664
-0.04720104
0.13058163
-0.026918113
-0.067426145
0.037340544
-0.056811158
-0.08224921
-0.06128358
0.034732644
-0.092712015
0.14490514
-0.02109986
-0.05775225
0.13982576
-0.07336132
0.11801595
0.0045987144
0.038722366
0.033987448
0.03509988
0.14691223
-0.09693441
0.11873198
0.04897761
0.12547976
-0.040242452
0.09784124
0.001690881
0.1198964
-0.020094033
0.07343789
-0.0013860153
-0.046781447
0.078622565
-0.03777189
0.011944904
-0.009457039
0.00291514
-0.014503524
0.049126264
-0.072965845
-0.0066231214
-0.0570334
-0.024492877
-0.07101719
0.11355549
0.04245201
-0.06604755
-0.04732289
-0.019864053
0.13060504
-0.09765232
0.112588026
0.07287812
-0.08364255
-0.032097176
-0.010530642
0.018757978
0.05974781
-0.04748104
0.08189186
-0.09483927
0.10336158
-0.10662314
-0.08844866
0.0922792
-0.0873225
0.08393993
0.044878148
-0.0032060952
0.020277407
0.057307456
0.036172517
0.0790365
0.11058046
0.0075747776
0.0074622054
-0.020222833
-0.054948416
0.05316016
-0.051444888
-0.009180142
0.076921895
0.07175167
-0.07868231
0.07661687
-0.054553673
0.051655173
-0.03619477
0.07403906
0.058437772
0.045467086
0.073351465
0.04885415
0.09437967
0.010658217
0.082271166
-0.02692824
0.06794106
0.0355488
-0.020217998
0.10623307
-0.028012764
-0.090112984
0.02627499
-0.04995107
0.08902576
0.13000783
-0.13236824
0.06866916
0.022798503
-0.12997267
-0.003278032
0.07399548
0.012284286
0.09227613
0.0011741633
0.025298484
0.04918141
0.02906534
-0.0076166578
-0.031480946
0.0018203945
-0.013074337
-0.16665673
0.13427131
0.07180176
0.11982569
-0.06347315
0.109154806
0.14468616
-0.024174387
0.021916753
0.013192684
-0.049811993
0.102156416
-0.06055673
-0.17917494
-0.112903595
0.100856945
-0.16809076
0.14458346
-0.0022812341
0.014092549
0.0009412475
0.03924531
0.023243353
-0.0015496073
0.0640299
-0.0682696
0.0302758
0.07636875
-0.00836627
0.1245793
0.10540708
-0.0053502424
-0.13398999
0.017126033
0.028023917
0.0046541016
0.082925
-0.0069228136
-0.08666565
-0.20996444
0.053717807
-0.09272818
0.07526714
0.11667607
-0.0678946
-0.069165125
-0.030367004
0.043968197
-0.10560726
-0.121335775
-0.052802972
0.0074152346
0.05571298
-0.050169826
0.08685363
-0.06213582
-0.090740874
0.1715912
0.06551023
-0.06100822
0.01772733
0.16872163
-0.15043542
-0.01436287
0.044790838
-0.041335396
0.09309678
0.010053837
0.03273431
0.11215522
-0.03339687
-0.103551626
0.0724184
-0.058646426
-0.059630666
0.027980108
0.18379274
-0.061655995
-0.0070015634
0.06260269
-0.24318331
-0.060284786
-0.008082132
0.0012220326
0.10921876
-0.017701682
-0.06564152
-0.018344412
0.014499788
-0.17926472
0.120193586
0.21086156
-0.14186709
-0.11717334
0.119719945
-0.17724767
-0.068954416
0.085468434
-0.18496391
-0.069808766
0.014839976
-0.035836846
0.017216751
0.007254847
-0.12462631
0.023274492
0.034167632
-0.1031448
0.18455242
-0.10852019
0.12016252
0.07888159
-0.08002425
0.074113205
-0.010613485
-0.06114036
0.013544485
0.01147529
-0.03056876
-0.08875867
0.058224496
0.07150178
0.031704348
0.07159683
0.082094155
0.05981331
0.048920263
-0.18886147
0.029831937
0.0037857601
0.16673161
-0.02917945
0.040013045
-0.077717654
-0.06831542
0.033868354
0.038372297
0.13169433
0.043599598
0.05902421
-0.0014326699
0.07792357
-0.14981048
-0.07377583
-0.14258683
0.041495737
-0.008346188
0.08032755
-0.015793491
0.026465023
0.12155442
-0.09290611
0.017417584
0.123818785
-0.07059598
-0.08579606
0.007887869
0.008214974
-0.017505575
-0.020353194
0.018283267
-0.05455024
-0.13248508
0.020224301
0.1438243
-0.05735519
-0.09812609
-0.102546
0.048012074
-0.12830526
0.17472751
-0.0865754
-0.098442554
0.118406825
0.036562335
0.024576431
-0.033307888
-0.17449674
0.0064228247
0.06728016
0.127535
-0.029846221
0.0034674662
-0.048307054
-0.09763401
0.1437295
0.077173606
-0.05614249
-0.0005527914
-0.027777145
0.026067378
-0.07441391
-0.024230322
0.034797415
0.11301866
-0.07508606
0.020572774
-0.045935027
0.011014966
-0.09511918
-0.007816369
-0.11622239
-0.1159172
-0.07553347
-0.023709081
-0.05039034
0.088124946
-0.04422965
-0.13465196
0.039277803
-0.13010567
0.047478355
-0.13325797
-0.12910861
-0.051413268
-0.0069581736
0.10913445
0.08155412
0.053756356
-0.14701097
0.023345476
-0.060080994
0.030513283
0.030154316
0.14212778
0.07232471
-0.0247051
0.058051858
0.012144061
0.08847272
-0.092331894
-0.054420535
0.07522787
-0.05303575
-0.10683131
-0.11066593
0.05976367
0.0042475634
-0.038947526
-0.006838686
0.070572056
0.032752503
-0.027582634
-0.09600466
0.095594294
-0.06829293
0.027261116
-0.035694927
0.0007496863
0.050242953
-0.054448847
-0.14041549
-0.008980668
0.012961734
0.11275724
-0.12060612
0.022708053
0.12150246
-0.033048436
0.14444657
0.05029255
0.022167763
0.05233362
0.085519165
-0.10748046
-0.14328673
0.038066488
-0.065313764
0.05494354
0.11278433
0.090936914
0.056347765
0.025724106
0.016131654
-0.047242075
0.029506054
-0.059968382
0.0240621
-0.1724969
0.106121235
0.20564164
0.19069026
-0.09567801
-0.030160567
0.07482727
0.0049723973
-0.024864757
-0.021655187
-0.07703546
-0.07424802
0.13522379
0.15970284
0.05159292
0.054615207
-0.023874111
0.08940707
-0.049041025
0.040636927
-0.04909648
0.09245082
0.16492747
-0.001132831
0.002162003
0.20558324
0.026268968
0.15124954
-0.0059314524
-0.10725125
-0.13060626
0.041109383
0.031929303
0.06457537
0.035797995
-0.09770002
-0.054107923
-0.013883788
-0.1563172
-0.07050516
-0.07327081
0.043430727
-0.037770547
-0.01719917
0.06266101
0.0040458073
0.031661313
0.08499519
-0.092788845
0.051085696
-0.0778832
-0.13646309
-0.043229852
-0.111478925
-0.017874125
0.011193637
-0.040585525
0.20957313
0.039530966
-0.1004168
-0.044605535
0.019532697
-0.14846237
0.09312874
0.14034784
-0.08228916
-0.09986771
0.047589622
-0.055370234
-0.026897699
0.038157377
-0.080642425
-0.0013975991
-0.020399347
0.10141544
-0.027701015
0.109077215
0.020152744
0.03474908
-0.050733462
-0.12940542
-0.032819305
0.08196473
-0.09330333
-0.11693437
0.05316164
0.13131377
-0.0025781747
-0.047761362
-0.045655686
0.067335315
-0.06438404
-0.026855016
0.025829718
-0.058641993
0.09473487
-0.04292506
0.102420695
0.08792773
0.03731809
0.07263002
-0.15108742
-0.15784094
-0.043781485
-0.037644163
-0.10811991
-0.0068930024
-0.18270911
0.11068519
0.0041206586
-0.15965778
0.1221296
-0.10792408
-0.14403602
0.011403371
-0.073843315
-0.068860374
0.15190448
0.081279315
0.026140193
0.21455775
-0.018843906
-0.12902394
-0.0020243723
0.14230879
0.09260086
-0.114200145
-0.040279515
-0.010769032
-0.11558202
0.035512377
0.020801164
0.086748034
0.036590062
-0.006775405
0.088952936
0.06284488
-0.10300179
-0.016885102
0.023673968
-0.061462995
-0.09474024
-0.028517978
0.056727402
-0.0351799
-0.17307296
0.029530786
-0.1018587
-0.12328539
-0.054505087
0.109242626
0.059138294
0.114893585
0.044571523
0.14266251
0.07902992
-0.008632564
-0.101562425
0.08575238
-0.056510765
-0.011345168
-0.002066727
0.009440093
0.07500096
0.07009992
0.04187038
-0.10585376
0.06959478
0.014745941
-0.039888594
-0.033263203
0.06822111
0.096316844
0.06289316
-0.07359081
-0.0026383786
0.09890165
0.02830959
9.874866e-05
0.0033838684
0.046627283
0.10489049
-0.03315494
0.12468963
0.07962781
0.026487872
-0.028238082
0.11516364
-0.0042712805
-0.059108827
-0.03753487
-0.045687336
-0.058991086
0.0026073537
-0.0077754273
0.12908305
-0.039668594
0.06919726
-0.1935103
0.089332
0.086667866
0.15900385
-0.06185425
-0.08983854
-0.061203904
-0.08020235
-0.045978043
0.045304965
0.07684286
-0.06921719
-0.09438671
-0.050979357
-0.031678136
0.038521174
-0.0072270366
-0.0453689
0.20720139
-0.016840342
-0.15289104
0.5171387
0.07057488
-0.07011413
0.039076395
0.11940844
-0.084562734
-0.25581655
0.036875665
0.27328348
0.074764736
0.2774544
0.12487548
-0.0060635475
0.24625051
0.07353299
-0.5285132
0.1510638
-0.04382588
0.101038605
0.038075924
-0.15703024
0.073165946
0.22844602
-0.047604572
-0.1744544
0.30768454
-0.004322444
0.120732136
-0.33983037
0.17040333
-0.10696039
-0.24668841
0.085421756
0.20603037
-0.1921875
-0.1423076
0.015570981
0.046671815
-0.035810784
-0.038540415
-0.250966
0.10753627
-0.11787027
-0.034147862
0.0029826262
0.23740743
-0.019858459
0.11907538
0.15089458
-0.0742436
-0.4389599
0.032118414
-0.018818809
0.0181055
-0.120252095
-0.07431406
0.05998563
0.03886728
0.033355184
0.23473732
-0.2445932
0.24359144
-0.22837293
0.14371754
-0.07368296
-0.07666968
0.10310103
0.3189005
-0.21823353
0.20641646
0.039648026
0.047426175
0.49238288
0.004864299
-0.036452077
-0.14701882
0.22652406
-0.25658047
-0.1380404
0.104544066
0.03364018
0.016836332
0.20664969
-0.0046973387
0.07902451
-0.11562993
-0.08193712
0.25248274
0.013630649
-0.068432525
0.2726972
0.22001308
0.14069457
0.16887826
-0.28218874
-0.30647868
0.036072694
-0.42954817
-0.06010773
-0.069975056
-0.094877996
-0.13434505
-0.14409511
0.04242935
-0.4069035
0.103224434
0.041922744
-0.09084432
-0.21392931
0.12728085
-0.16638477
-0.07118004
0.027488308
-0.1334001
0.0034872496
-0.008532101
0.03789233
0.04490116
0.024308695
-0.27691403
-0.10887498
0.045097217
0.06979446
-0.01824006
-0.062493797
0.092676274
-0.09913291
0.11142411
-0.088817306
-0.025557807
0.030005386
-0.060658883
-0.11362501
-0.15814328
-0.09300735
-0.0070191235
-0.021743968
-0.0019245454
0.088444486
0.12528954
0.08447179
-0.074280575
-0.017321927
0.059363022
-0.058276255
0.09864184
0.0462947
0.09071087
-0.0724009
-0.048445478
-0.11517481
-0.024303067
0.116088845
0.12810269
0.11658192
0.12571353
-0.010086022
0.08393012
0.021889571
-0.061025098
-0.07961608
-0.0028633499
-0.026343321
0.08583951
0.0774234
0.05796309
-0.129849
-0.056027506
-0.13071598
0.009582174
-0.028277917
-0.097938545
-0.056613788
0.071101025
-0.048580937
-0.032124795
-0.03637721
0.0061487085
-0.07955185
-0.093365304
-0.06914086
-0.108987294
-0.1420857
0.007521232
0.113617815
0.015418038
0.05237107
-0.11021065
0.21606404
-0.123770416
0.06518318
-0.040113956
-0.085274726
-0.108796425
-0.022888402
0.030981097
0.02341972
-0.12455868
0.06757198
-0.062129896
-0.051247664
0.08723225
-0.037801422
-0.09515463
-0.011895507
-0.020637132
-0.000999186
0.025401503
-0.04591633
0.17727941
-0.13948093
0.045587298
0.040061574
-0.0144629935
-0.222164
-0.15921809
-0.031592883
-0.00013448452
0.09508909
-0.11396753
0.064462475
0.22033878
-0.061975636
-0.0145883085
-0.052896578
-0.030713415
-0.03198909
7.97851e-06
-0.061968934
-0.047962286
-0.014238409
0.025985956
-0.02297057
-0.0061602355
-0.17983174
0.0085282745
-0.10821715
0.07081905
-0.02796535
0.017692
-0.11702857
0.12735237
-0.07558117
-0.22916006
-0.023082575
0.049814012
0.024604255
-0.08083787
0.04831454
-0.16257468
0.015426912
-0.06920717
0.13322249
-0.08975753
-0.20812637
0.22869538
-0.46272442
0.017250195
0.14079736
0.17016555
-0.15004168
0.058998924
0.28012475
-0.05998659
-0.1088532
-0.35947135
-0.27415976
-0.037385736
-0.14612144
0.06686298
-0.31639996
0.3158703
0.20348841
0.022636518
4.8289658e-05
0.16549002
0.28441396
-0.6097655
0.16718069
0.3722999
0.039478023
-0.36294985
0.08178029
-0.13354461
0.34464177
0.31842336
0.0514235
0.06485707
-0.25875357
-0.091085315
0.081993766
0.16436762
-0.06156921
0.01846441
0.075164184
0.44180843
0.29444504
-0.20258218
-0.13286789
0.15882608
0.07745527
-0.21637331
0.030135492
0.059904344
0.008735874
0.0796444
0.6289472
0.08576072
-0.2567278
-0.1337428
-0.21567965
0.009491663
-0.16120948
-0.15650813
-0.05346637
0.0998575
0.3266199
-0.047363453
-0.010906603
0.06959929
0.004417629
-0.18234566
-0.3041637
-0.3285371
0.5024262
0.27014893
-0.23632863
0.15039358
-0.1379646
-0.01475867
0.17712958
-0.22032802
-0.16935235
0.40252048
-0.023092257
-0.079012476
-0.1768304
-0.06962252
-0.020405717
0.24029332
0.05601187
-0.077994764
0.21412359
-0.21295883
0.020392627
-0.24192925
-0.3065228
-0.02289195
-0.29526877
-0.0890698
0.2690448
-0.40789488
-0.05361141
0.57758826
-0.00012934931
-0.058311407
-0.11725685
0.09789046
-0.1191917
0.13239925
0.17545852
-0.010681936
-0.459083
0.050566696
0.44356772
0.19702113
0.049998693
0.007621014
-0.17701238
-0.100674845
-0.16731365
0.12598182
-0.018766563
-0.12062185
-0.1684048
0.32305008
-0.022683717
-0.15068114
0.0077239424
-0.03409123
0.025078459
0.040860556
0.079640165
0.015783353
0.08517917
-0.0469593
-0.10455892
-0.13271116
0.06648408
0.03644107
-0.11881995
-0.0825364
0.11522878
0.10105997
-0.030624883
0.014519698
-0.07797227
0.02338673
-0.040403605
-0.12568085
0.047810085
0.124800205
-0.10475236
-0.12793176
-0.079032294
-0.012794711
0.046493784
0.10956042
0.019562548
0.10340962
0.022829384
0.028277786
0.08682023
-0.021173047
0.043854523
0.119055584
0.092770614
-0.052832555
-0.11625058
0.13063215
-0.058036484
-0.012390933
-0.1168523
0.13827854
-0.011984473
-0.026792224
0.11315784
-0.0024991194
-0.100648165
-0.018525062
0.13900784
0.15476981
-0.05539442
-0.10826758
-0.0012011944
0.08042847
-0.107033305
0.07788472
-0.051045723
0.06528766
0.14431542
-0.12625714
-0.07745456
0.13882673
0.08223945
0.12025562
-0.16576414
-0.0021683024
-0.01809915
-0.1146067
-0.0729096
-0.033864573
-0.09474941
-0.027583104
-0.0087647885
-0.08695489
0.14897197
0.099708885
-0.105006196
-0.0704632
-0.059655774
0.12663236
0.029272573
0.15044405
0.0079895435
0.13904718
-0.043700963
-0.07134542
-0.058793377
-0.12941512
0.000113387076
-0.11579375
-0.12372557
0.09191038
0.022358099
-0.0051558716
0.026566526
0.04696303
-0.11472122
-0.021010317
-0.04806328
-0.09113738
0.009031882
-0.08190717
-0.12055212
0.14109728
0.030894239
0.022055455
0.045155603
-0.034193415
-0.0379618
-0.08598965
-0.09857965
-0.09050771
0.04259051
0.036600355
0.07799024
-0.020901095
0.050580706
0.07063617
-0.015354793
-0.14513603
0.10283396
-0.0629903
-0.15362561
-0.13142535
-0.04696818
0.103297286
-0.019099616
0.10129821
0.05187602
0.13732693
-0.1676241
-0.08134556
-0.03491372
-0.027869042
-0.26838335
-0.085492305
0.09567857
0.05084285
-0.08951808
-0.21165936
-0.18954273
0.04356234
-0.1315347
-0.12113124
-0.13560824
0.113558084
-0.007616715
-0.001109713
0.14619124
-0.026692891
0.16795912
-0.16196056
0.047708157
0.028545784
0.023316553
-0.22260974
-0.050141655
0.054695863
0.20475662
0.12488519
0.11406262
0.044454806
-0.016739996
-0.10938972
0.13078368
-0.08937301
0.17837662
-0.038967352
0.105793834
0.25836888
0.05592505
0.058735307
0.049276534
0.14625992
0.002300057
-0.15067692
0.067833446
-0.023133907
-0.16061504
-0.034661036
0.2455834
0.046338167
-0.26164055
-0.16689287
-0.007097971
-0.027509611
0.10685115
-0.10680277
-0.024962611
0.17704871
-0.040578485
-0.13236101
-0.01920973
-0.06626378
0.027962836
-0.16761068
0.06641607
-0.09268482
0.11952458
0.085363664
-0.13590807
-0.09071472
-0.2692271
0.12783927
0.09050146
-0.123495914
-0.05698456
0.17372343
-0.11267535
0.015043616
-0.073631406
0.009724201
-0.03301867
0.23844598
-0.039196815
-0.0033085002
-0.04051721
-0.14456044
-0.03467654
0.04004192
-0.26485184
-0.022796232
-0.045944266
0.0856508
0.21289714
-0.091840655
0.09651012
0.19482131
-0.07227672
-0.04066544
-0.03451295
0.060082227
0.019515809
0.06243898
-0.058483314
0.104916975
0.027605424
-0.01750716
0.1472145
0.14984466
-0.21025051
-0.08151199
0.055219058
0.12269888
0.049801193
0.097443745
0.021865997
-0.24815826
-0.17582221
0.077116504
-0.08316071
0.05057291
-0.11189821
0.0873747
-0.0053506736
-0.15104382
0.02792886
0.1255274
0.008017316
0.07697143
0.11104585
-0.04759994
0.1869651
-0.020201713
0.17432885
0.086400434
-0.18110333
-0.15966487
-0.08188659
-0.073804185
0.06292033
-0.1126011
-0.3063069
0.14357932
0.024992075
0.14711301
-0.12555844
-0.3354322
0.23724541
-0.1430512
-0.07745959
0.20510276
0.23325397
-0.00900102
-0.024863932
-0.05791705
0.14296941
-0.016833575
-0.065855145
0.043502975
-0.27235392
-0.018270504
0.087283164
0.31871724
-0.08545591
0.028689105
0.055302314
0.06372379
-0.0903866
-0.32908922
-0.08904289
0.019542178
0.10457488
-0.20930503
0.05263301
-0.019732427
-0.082317755
-0.17660944
0.35418245
-0.11494847
-0.119259425
-0.19428715
-0.17452243
-0.052740403
0.010743638
0.06816772
0.10373354
-0.19950882
0.21239878
-0.008699505
-0.020161923
-0.1538658
-0.04442203
-0.137636
-0.06591503
-0.1583484
0.1243277
0.25735974
-0.039802752
0.009119538
0.016697682
-0.113528475
0.040743563
-0.14261419
-0.11190022
0.053512648
-0.13686165
-0.0001388312
0.16739953
0.12215449
-0.19212113
0.23346189
-0.16123457
0.011050163
0.02458918
-0.12401959
0.019793523
0.06521219
-0.16008706
-0.004862405
0.024637364
-0.091235235
0.16139868
0.0085716285
-0.0013001404
0.16421445
0.07403173
0.07211498
0.06967043
0.034965646
0.07662992
0.13959602
0.36732197
-0.079241164
-0.19707228
-0.00088813214
0.16189907
0.2916873
0.13592274
-0.082890585
-0.103339426
-0.044215847
0.0874727
-0.081379294
-0.068289354
-0.17737219
0.027399778
0.19462676
0.008086611
-0.1488121
0.05019755
-0.016883926
0.058644854
-0.077101484
0.05013593
0.0654841
0.041423086
0.003985998
0.09291223
0.0950141
0.1972449
-0.075650185
0.024253223
0.100592755
0.17259511
0.14427957
-0.11075637
0.057554718
0.019259676
0.056959346
-0.13140166
-0.10037633
-0.01545072
0.09158464
0.08956302
0.00018844422
0.04653516
0.0007800821
-0.10656701
0.14865804
0.015440626
-0.0014900257
-0.10122458
-0.019276436
-0.0945834
0.062101185
0.05272014
-0.054404113
-0.03553896
-0.036592834
-0.03995621
0.028725665
-0.013670348
-0.05876659
-0.030194886
0.02109025
0.07148048
0.06350527
-0.03098521
0.023214212
-0.03285185
-0.09260104
-0.037132524
-0.15048596
0.088139
0.061997384
-0.08868419
-0.08826687
-0.093366764
0.06662078
-0.14377922
0.07916251
0.024037726
-0.05915824
-0.1386588
-0.010047852
0.037167724
0.015398734
-0.05778023
0.100879446
-0.02568324
0.022325117
-0.06347109
-0.07655681
0.04099684
-0.044546843
-0.05591798
-0.050432272
0.029012948
-0.020382287
-0.05758902
0.10484216
-0.06748114
0.0011249048
0.024695767
-0.04207391
0.025528824
0.04743557
0.093990244
-0.11452974
0.035761613
-0.013506576
-0.039998557
-0.06093392
0.08772536
-0.10168077
0.024647573
0.0002705638
-0.07343079
0.061636534
0.065415435
0.03767712
0.032714415
-0.03332341
-0.061281316
0.035844
0.06564965
-0.035515632
-0.09387089
-0.031726465
-0.061262157
-0.085374326
0.03431813
-0.02506859
0.03140432
-0.11650485
-0.008859024
-0.1011427
-0.06293182
-0.0103478795
0.03431751
-0.044757456
0.054086003
0.10812518
-0.023910603
0.118518226
-0.087372296
-0.042620286
-0.07636829
-0.017320529
0.07915122
-0.06754466
-0.04417717
-0.06467254
0.11056004
-0.094885096
-0.13662438
0.009170884
0.2599073
-0.033667922
-0.120980404
0.20256959
0.45591593
0.109416485
0.033101056
-0.061647777
0.05513093
0.08017199
0.012763248
0.046532195
0.027360259
-0.053343818
0.013007191
0.0028276446
-0.090710975
0.16235127
-0.12113265
-0.09264675
0.009305617
0.0123036085
0.033367947
0.024219558
-0.10318869
-0.07028373
0.05111018
0.0017895527
0.054514874
-0.05296835
-0.034009796
0.017484093
-0.04991783
0.13026525
0.04510095
-0.04766953
0.05971159
0.18697676
-0.019885471
0.081442475
0.08355436
0.1322461
0.10158624
-0.06185097
-0.004779852
-0.05946802
-0.14070739
0.062076256
0.023253268
-0.10513357
-0.090606414
0.016454348
0.016904231
0.029945605
0.0909968
-0.09683361
-0.10749057
-0.054218117
0.058710232
-0.09065231
-0.03309794
0.037631135
-0.05531065
-0.013991696
0.050658163
0.05568796
-0.13108133
0.10058477
0.087774865
-0.10064698
0.09451364
-0.05671445
0.0087193865
-0.09605633
-0.06322513
0.013543336
-0.013121086
0.0647637
0.0044593294
-0.061817177
-0.0739683
-0.07256081
-0.012927103
-0.1135364
-0.024844611
-0.048277654
-0.03304498
0.045821283
-0.071271904
-0.057974964
0.0016496523
0.0997517
0.008719832
-0.0781047
-0.009638265
-0.078807026
-0.055733398
-0.05526698
-0.06281951
-0.034220953
-0.07517204
0.08240974
0.03381777
0.15516151
0.057687182
0.0033104485
-0.054783788
-0.04639282
0.102739155
0.057317045
-0.06106242
-0.068908885
0.09570418
0.025387619
-0.08002649
-0.1355125
-0.09550969
-0.047762133
0.055681687
-0.027085667
0.10341633
0.019373508
0.01835204
0.07326422
-0.08736466
0.063477315
-0.04246408
-0.038605954
-0.049706247
0.08877613
0.10624
-0.065236434
0.25723264
-0.048111778
-0.15088741
-0.007674918
0.09284398
-0.10698675
-0.14017004
-0.08434066
-0.0066265194
-0.06614065
-0.060602173
-0.099852435
0.0040329727
-0.14752176
0.003582112
0.051812578
0.085915215
-0.08279358
0.023738641
-0.10781078
-0.07017492
-0.029451875
0.07330815
0.023908654
-0.03156381
0.09205501
-0.08706195
0.059090525
-0.012229022
-0.029299268
-0.10725166
0.041331857
0.16701546
-0.03908406
0.036725443
-0.09897069
0.04058178
-0.10986745
0.112973645
-0.13394119
-0.035991594
-0.07316
0.15484926
0.14899924
-0.090234175
0.039391212
-0.14873983
0.027452413
0.07838027
-0.13104652
-0.020362085
-0.013211305
-0.059434067
-0.0065876143
0.051829398
0.00893952
-0.06375191
-0.00302141
-0.042296004
-0.08895442
-0.007020003
-0.010245278
-0.10563712
0.1258752
-0.010070166
-0.12852092
0.07567885
-0.08025577
-0.08485697
0.14703648
0.015557481
0.06495296
0.06285922
0.13446462
-0.07359601
0.07317449
-0.14131679
0.0008111003
-0.025671134
-0.09057034
-0.0006073175
0.06521901
-0.05416616
0.047307417
0.00022933699
-0.15482007
0.07254937
0.033900544
0.11717109
0.07632344
0.0025197489
0.063103296
-0.14257199
0.0018816405
0.10335645
-0.03601494
-0.062775284
-0.033781677
-0.049245782
-0.030675229
-0.020267615
0.06720006
0.09436146
0.08936605
-0.07606012
-0.0054941364
-0.06657976
0.052663952
-0.1324426
-0.0016302693
0.034425583
-0.052213963
-0.103573024
-0.074101724
0.045331426
0.15622567
-0.13973223
-0.082102
-0.020607054
-0.09566235
-0.063962825
0.047472328
-0.091546655
0.030815715
0.17324144
-0.025347603
-0.039802976
0.088567704
0.005248636
0.08252464
-0.121164195
0.06202329
0.04027827
0.08452098
0.12020408
-0.025406098
0.04451045
0.11456585
0.01972918
0.0665356
-0.116200946
0.0037963437
-0.003971952
-0.008414946
0.08195072
0.023683872
-0.0002513657
-0.052508805
0.1486624
0.06786546
0.12979937
-0.073537186
0.08749963
0.1303849
0.013534993
0.048569642
0.09920084
0.12731597
-0.11843265
-0.075780004
-0.14178415
0.16060284
-0.02564097
0.05405946
-0.026939914
-0.038562305
-0.016399303
-0.011294697
-0.096011065
-0.07970195
0.11358011
0.005437461
0.09216185
-0.12017998
0.018381014
0.066362195
-0.079881966
0.10005334
0.009454123
-0.006532275
-0.06295349
-0.019000985
0.07161614
-0.021835087
-0.06424779
0.07542981
0.047729727
-0.0768533
0.011924148
-0.059288114
-0.020198572
-0.08513917
0.024821622
0.022197401
0.10358408
0.11612
0.088726945
0.040904924
0.025434477
-0.007216535
0.14531444
-0.061550625
0.10173411
0.08220642
-0.024354342
0.09248427
0.02404756
0.10844272
-0.0734802
0.009338875
0.025405528
-0.024732195
-0.0031656
0.06564995
-0.13669851
0.10247282
-0.08696962
0.035529166
0.02730576
0.065135576
0.09174341
-0.003202308
-0.09604602
0.07310067
-0.03740352
-0.06208743
0.11295035
0.1536806
-0.04558515
-0.041213684
0.052583486
-0.04850215
-0.029484453
-0.10023428
0.10869473
-0.053255763
-0.06513087
0.09440134
-0.053660188
-0.059241325
-0.05153402
0.13892405
0.078728765
-0.024450598
0.19849965
0.21797875
0.22971779
-0.20574145
0.6364048
-0.016420968
-0.1601688
0.043666717
0.42778563
-0.05590769
-0.4915397
0.17437829
0.22587764
0.43880615
0.33499599
-0.030039707
-0.0013124002
0.055573825
0.40333384
-0.5219538
0.106554605
-0.22649266
0.35790372
0.22150168
-0.46664116
0.8660744
-0.28040314
-0.70925385
-0.24094817
0.5642196
-0.032615785
0.15856567
-0.5226908
-0.3811459
0.052107282
0.09415546
0.50774586
-0.07752466
-0.44841388
-0.32611755
-0.06305745
0.12278406
-0.021385213
-0.813135
0.012026531
0.16102003
0.044095024
-0.026656393
0.09348563
0.55298305
0.0810359
-0.013156792
-0.031266153
0.04300161
-0.6721807
0.32412636
0.90891856
0.14122036
0.3305765
0.038645484
-0.11490563
0.24893507
-0.08173946
0.3262278
-0.49666417
-0.25378966
-0.30672112
0.057787716
0.15654816
0.39949572
0.36994404
0.47845548
-0.67653364
-0.045269445
0.2542912
-0.28415376
0.27051207
0.21305679
-0.2339476
0.21162346
0.37673932
-0.40787312
-0.013547446
-0.0026929954
0.059356183
0.3579759
0.20934941
-0.40703693
0.10034778
0.020965464
-0.18878487
0.44027573
-0.12308254
-0.047844604
0.38310847
0.13463007
0.6496187
-0.05197995
-0.35637861
0.08687837
-0.07092316
-0.7062154
0.011036581
-0.1371832
0.03116371
-0.50730854
-0.021622762
-0.287349
-0.4887307
0.16110782
0.39361927
-0.25367823
-0.43764758
-0.11475074
-0.1226231
-0.0014231296
0.010637355
0.03469552
0.28026378
-0.08705473
0.13546535
0.45367965
-0.03093877
-0.7379558
0.22793639
0.15269361
-0.102309845
-0.07335795
-0.028910339
0.08835547
-0.047508646
-0.0059808656
0.06825648
-0.035625048
-0.084646694
-0.12579495
0.07282483
0.041408863
-0.085954465
0.1528124
-0.044106066
0.024574004
0.06330239
-0.1519697
-0.025707057
-0.025116624
0.053881466
0.046371996
-0.06431092
-0.00017797199
-0.071782626
0.026666975
0.01551838
-0.029082991
-0.084378086
0.01815432
0.037471633
-0.19139495
-0.0008216784
0.06609904
-0.041698437
-0.10323532
-0.015822455
0.03360655
-0.15391907
0.047752902
0.027084382
-0.09774204
-0.089443624
-0.025816265
-0.029906686
0.06501221
-0.041938294
0.042638242
0.030763248
0.12121304
-0.043311696
-0.10683489
0.15358406
0.047656756
-0.015615154
0.06757762
-0.06807564
-0.11923007
0.059829537
0.017049646
-0.09325285
-0.0023219753
0.03600418
0.0064054173
-0.022706347
0.10260008
0.020036161
0.030492723
0.013675003
0.051508382
-0.008628327
0.050037164
0.074335515
0.092180125
0.119730175
0.05528381
-0.016881902
0.053872522
0.036693033
0.05737214
-0.04018794
-0.002769795
0.0060624713
-0.030673003
0.0028700656
-0.0896348
0.060770337
0.038889717
0.08202744
0.13908589
-0.024807947
0.0013436502
0.021713238
-0.037808888
0.18485975
-0.07255928
0.0023904545
0.19553745
0.03722095
0.048155107
0.040059645
-0.080599464
0.09102969
0.103408806
-0.038628016
0.09631343
0.06466291
-0.0018084631
0.0816811
-0.12580736
0.094279885
-0.03882786
-0.095025614
0.098822154
0.036883645
0.02878495
-0.012659195
0.061880786
-0.052704554
-0.04122258
0.08375782
-0.022712385
-0.112883605
0.09359649
0.060178384
0.0019822523
-0.024171298
0.0384001
-0.05379803
0.048167754
0.07244128
-0.14750583
-0.059684917
0.12327559
-0.041675128
0.004664291
0.017028823
0.07960352
-0.074175775
0.07254015
-0.021116935
0.033644475
0.028252957
0.032307804
0.026147299
0.12454065
-0.0067799306
0.009578529
-0.04747572
-0.08652465
0.043725442
-0.034396812
0.0996483
-0.10936838
0.069735
-0.013938984
0.057031207
0.11751906
-0.035713993
-0.08229149
-0.12344316
-0.004425671
-0.0800394
0.08173944
0.039624188
-0.115443215
-0.003723924
-0.0110811675
-0.02121298
0.10980694
0.00057498075
-0.05589323
0.004267801
0.06454554
0.07484498
0.14004694
0.05810553
0.048092358
-0.052891925
-0.057794042
0.108152494
0.14482693
-0.10537766
0.094479635
0.019768802
-0.10209779
0.124949865
-0.0070331856
0.036674842
0.031914845
-0.08062009
-0.09622995
-0.05994628
-0.07894594
0.0065841326
-0.032868676
-0.024376208
0.03438866
0.11269235
-0.0883207
0.02024799
0.005885717
-0.0039429637
-0.0036448867
0.093375295
0.15369289
0.07422503
-0.01418569
-3.0948147e-05
0.041336942
-0.13015337
0.031060623
-0.04067624
0.06189215
0.035139307
0.108932495
0.021397859
-0.05852021
0.06524168
-0.10924057
-0.025277706
0.01861597
-0.11001654
0.10242661
-0.008780305
0.013929271
0.019830478
-0.0959604
-0.06285171
-0.039641563
0.13936794
-0.0072507802
0.019543994
0.09400026
-0.057894673
-0.0040365607
0.09271588
-0.07515065
-0.027901482
-0.08350519
0.029736433
-0.0045725396
0.05789891
-0.10353964
0.009471193
0.02620368
0.08915181
0.08891976
0.0342889
0.08361374
-0.021182746
-0.12217845
0.06740477
0.107394025
0.081434555
-0.038406428
-0.10041374
-0.26113135
0.015545919
0.11896998
0.035197496
0.05861793
0.04716805
-0.12365203
-0.035389636
-0.15790275
0.12420436
-0.04877932
-0.039585426
-0.0021918488
-0.046515092
0.14460932
-0.050149
-0.18064946
-0.0075871386
-0.10929638
-0.111327305
0.19232842
0.0014610862
0.11054245
0.08161605
-0.098686546
-0.043305214
0.13262396
-0.1066744
-0.067973144
-0.04168469
0.079884596
-0.020708201
0.022673817
0.08860899
0.05755796
0.0764402
0.006921141
-0.0288494
0.028808083
0.050276536
0.10077442
0.097297505
-0.033112805
0.0071837073
0.13789515
0.2136912
-0.0075918166
-0.08194226
0.16381647
-0.09081132
0.1499672
0.081216924
0.09293304
0.13164784
0.05706238
0.007631943
-0.13131627
-0.037013464
-0.11354392
-0.019165212
0.05338329
0.02350157
0.023686472
0.13156787
0.013960466
0.08397596
0.059506074
0.09453026
-0.09479867
-0.08044823
-0.07671716
-0.101853415
0.005883964
0.04670537
0.008738203
-0.052278716
-0.06956758
0.048314214
-0.042262036
-0.020764614
0.0805312
0.06891047
0.0680987
-0.013428739
-0.13017675
-0.05479009
-0.06539903
0.031933367
0.15358235
-0.08757033
-0.04050588
0.10670814
-0.06523723
0.07376
-0.06674722
0.0035236126
-0.018557087
0.102627605
0.03695374
0.05377127
-0.0277726
-0.11605046
0.061787955
0.11303003
-0.06871005
0.10549443
-0.034943998
-0.08230342
0.06581275
0.11834003
-0.040533137
0.24460882
0.021998864
0.10975573
-0.08654583
-0.0140078785
-0.055952948
-0.041621923
-0.016182195
0.06212129
-0.13731806
0.019722752
-0.09064356
-0.06986819
0.101351775
0.02654336
-0.15426213
0.064609766
0.036936793
-0.071442075
0.14245555
-0.06599988
-0.07193762
-0.019124096
-0.091153465
0.056231957
-0.06069054
0.09559297
0.09008591
0.007428656
0.058993407
-0.049658738
-0.104537204
0.030681873
0.06376505
0.09497574
0.027872458
0.13235612
-0.017532488
0.027281493
0.045541573
0.003645637
-0.04244526
0.08820948
0.061335806
-0.07519535
0.026902825
0.104654685
0.039180472
0.08258471
-0.07181816
-0.08105671
-0.09591356
0.08666469
0.044249147
0.025000084
0.006586742
-0.071667686
0.057917062
0.005887335
0.09012122
-0.091361545
-0.026924493
-0.02838598
0.075456835
-0.03598038
-0.071884654
0.07531334
0.064484484
-0.030900791
0.099801
0.13233535
-0.1033412
-0.11869988
-0.058802877
-0.119571
-0.055803977
0.16352108
0.07808222
-0.07020334
0.011921015
0.049975365
0.08683341
0.109201044
0.092267595
-0.0882684
0.06205994
-0.07137016
-0.11888723
0.14349827
-0.03138379
-0.048907068
-0.0870897
-0.11545747
-0.018682498
0.15938061
-0.095338374
0.11397632
0.010088893
0.025552591
0.007168735
0.14514093
0.01886311
0.12242609
-0.015627127
0.14829352
-0.001046184
0.13111472
0.036619943
-0.0068455786
0.01971889
-0.054773867
-0.023051245
0.065883204
0.07157049
0.089976795
-0.040561378
-0.05059667
-0.036622956
-0.033929218
-0.07177214
0.0064714164
-0.12645546
0.007250588
0.115428686
-0.059765168
-0.039767303
-0.02675844
-0.06999817
0.04842224
0.023591803
0.118494004
0.0145247085
-0.03311607
-0.014908486
-0.00865843
0.015373566
0.085965
0.079134546
-0.07390623
0.041070588
-0.09245114
0.104940325
0.058044128
-0.062454935
0.107639395
0.26927173
-0.1342867
0.06306716
-0.015018748
-0.13863546
-0.03815123
0.043753974
-0.0040930314
0.04372903
-0.014731047
-0.10963913
0.010860369
0.16962098
0.07031013
-0.033452783
-0.18854408
0.010572846
-0.043657232
0.02586862
-0.041494954
-0.024444073
-0.01932319
0.0640006
0.10030559
0.04520995
0.08724175
0.09014686
-0.09797587
0.008200147
-0.016235346
-0.0032765865
-0.07073168
-0.05539831
0.10664182
0.0018265265
0.018581703
0.07691451
0.04264608
0.19473867
0.004079793
-0.13481374
0.05806698
0.016221482
0.024682483
0.13145775
0.054393828
0.00052949606
-0.06327646
-0.06597933
0.13401465
-0.09339922
0.1705639
-0.06580429
0.08075439
-0.07359937
-0.07328928
0.0816329
0.025774429
-0.06655662
0.17554536
-0.03470154
-0.011625244
-0.09105554
0.062701896
-0.057218503
-0.081992686
0.115878135
0.12509295
0.052898254
0.31640202
-0.08123426
-0.05783181
-0.028728789
0.11876928
0.0041087167
0.041657403
0.16936707
0.03676778
-0.002750887
0.0039681336
-0.09649273
0.047994606
-0.11600666
0.1571083
0.027635198
0.049517885
-0.02327559
-0.052642804
0.20104471
0.022122955
-0.012845635
0.10079245
0.11850809
-0.11038474
-0.06775186
0.067434505
0.20385073
0.099438205
0.09935675
-0.12827584
0.12523432
-0.15035622
-0.061579738
-0.011587347
0.030347152
-0.052490048
-0.069609486
-0.07186157
-0.09774886
0.104849815
0.04037527
0.039527994
-0.22067456
-0.089177355
0.057388224
-0.20429736
0.14639652
0.10336945
-0.047828
-0.0607797
0.08851886
-0.074871555
0.13319202
-0.020290686
0.08722425
0.10772665
0.02444522
0.1585472
0.07586678
-0.10197195
-0.000811221
-0.033856954
0.04450607
0.086258695
-0.11448624
-0.04300426
-0.09589712
-0.01931585
-0.04842799
-0.008890481
0.0781231
0.0031740863
-0.05163777
-0.045504846
-0.08986063
-0.02876093
0.06576001
0.04136432
-0.09972729
-0.07324749
-0.07473411
-0.040725797
0.11381977
-0.12426297
-0.042936284
-0.10003565
-0.1115165
-0.054857694
0.07906609
-0.0399345
-0.015312673
0.13490161
-0.104877144
0.0483864
-0.05604239
-0.032137405
-0.0017998328
0.084823385
0.009477875
0.021098373
0.0615839
0.012758406
-0.0012645976
0.013063931
-0.09236584
-0.025163334
0.078371756
0.10002564
0.013642322
-0.019968057
0.11808835
-0.005061055
-0.018067844
0.007688203
0.033388622
0.013742041
-0.028368834
0.024944562
0.045292277
0.035405297
-0.012918646
-0.056017116
0.13961191
0.12700021
0.117403366
-0.005398044
-0.09539199
-0.19157077
-0.009454572
0.11858796
-0.078698255
0.1529162
0.14863549
-0.119105294
0.010450828
0.021435674
-0.19592413
0.011909641
0.06780637
-0.08381439
0.05432554
0.036554396
-0.088684574
-0.04808546
0.04219398
0.039597064
-0.008770928
-0.029323874
0.12774152
0.043793563
-0.08487337
-0.07041653
-0.021715928
-0.04814377
-0.04044462
0.13269602
0.0984885
-0.10359281
0.075917035
0.12089967
-0.016531752
-0.019589324
-0.10061594
-0.05786829
0.18423563
-0.044346273
0.08251468
-0.07767997
0.030849066
0.098952174
0.014299723
-0.02563517
-0.051293448
0.13741016
-0.09008542
-0.11414562
0.12387753
0.08618864
0.09667808
0.076748304
0.06434546
-0.031238256
-0.08109583
0.004809336
0.013269386
-0.31084773
-0.7905636
0.16074793
0.018523678
0.023488713
0.06597024
0.19467194
-0.058447324
0.0016049237
-0.36071557
0.027099213
-0.0010152183
0.08835586
-0.03084732
-0.04926586
0.1778848
0.07483728
-0.18018894
0.10969403
-0.25802717
-0.09201792
-0.03177135
0.056973927
0.16889574
-0.14139669
-0.058909107
-0.109476276
-0.097580016
-0.078061014
0.17483683
-0.0063249664
0.019202957
0.27255964
-0.042767502
0.33023304
0.06539375
-0.10581378
-0.23094638
-0.15246095
-0.123785526
0.009934428
0.26976925
-0.08162585
0.03985547
-0.19647595
0.25490004
0.38610983
-0.13193347
-0.122714676
0.2906729
-0.14369531
0.21167578
-0.10629232
0.43658164
0.12934835
0.2873389
0.09080243
-0.34767225
-0.14125511
-0.1168543
0.29108548
-0.4037585
-0.13090788
-0.25720042
-0.029533377
-0.12421501
0.019797757
0.5148806
0.09514879
-0.13159244
0.23558396
-0.08929993
-0.16237853
0.12287526
-0.102810845
0.19155149
-0.009485757
-0.29896256
-0.017710561
-0.06813893
0.121309005
0.3178165
0.29403147
0.055721506
0.14354299
-0.12955098
0.10947381
0.01111516
-0.069663845
0.20646118
-0.39957228
-0.19321905
-0.14377163
-0.16942412
-0.118439086
-0.42265815
0.04570672
0.031501167
-0.0044016615
-0.023929702
0.1723765
0.21461637
-0.06230924
0.10441001
0.06767241
-0.06814302
-0.06347545
-0.022845948
-0.039541457
0.02685235
-0.02297209
0.006925586
0.3898514
0.09552028
0.1486379
-0.098113745
0.2337042
0.099580325
-0.24779104
-0.0466352
-0.08545633
-0.33062345
-0.0745124
-0.24753475
0.33801007
0.08109973
0.3812248
-0.33036935
-0.04807644
0.14105235
0.12551884
-0.11557503
0.0061000623
0.101351
0.11747992
-0.07591159
0.07227318
0.059155278
-0.09501811
0.0039915
-0.042760246
0.16326325
-0.1955406
-0.034950458
0.04012306
0.014633134
0.057015296
0.10293715
0.072746515
0.024845947
0.104320854
0.07140839
-0.025157286
-0.06782812
0.10561858
0.09721766
-0.0861412
0.11791045
-0.105771415
-0.08568904
0.0536887
0.11929171
0.12083585
-0.07621304
-0.08398051
-0.017954445
0.1302362
-0.042283233
-0.018145151
0.048633385
0.051755745
0.029674137
-0.0067659416
0.08064678
-0.13532703
-0.08613577
0.082055345
-0.116207086
0.07832856
0.11932808
-0.0017514973
0.1935633
0.023367692
0.027410755
-0.18518655
-0.039160304
-0.040513013
0.06209656
0.0091427155
0.19675158
0.08686718
-0.025419697
0.18072717
-0.040930167
0.022481464
0.027011175
-0.09952653
-0.13840793
0.05343089
0.063849
-0.045091778
0.066463515
-0.023091953
-0.016697943
0.07493518
0.02142265
-0.0644114
-0.1145221
0.04475559
-0.00033444766
0.08992906
0.17485951
0.123393446
-0.12694305
0.13025957
0.1614751
-0.080618314
0.12559338
-0.07507685
-0.04814904
-0.11777089
0.038053818
-0.122613475
-0.06993643
-0.011511048
-0.15131617
0.080383584
0.047389165
-0.03684864
0.021700228
-0.12183326
0.05517574
-0.09576251
-0.029266234
-0.03330821
-0.045094643
0.04078498
0.088683955
0.12120769
0.05890989
-0.000841978
0.036126945
-0.057285044
-0.03319932
-0.06482722
0.006651362
-0.1500611
0.091682374
-0.008829996
0.03828832
6.752587e-05
0.097924046
0.015256591
-0.1222289
0.13005322
-0.023670686
0.25578654
0.27163312
0.08354162
-0.08940587
-0.19740684
0.22225875
0.086550616
0.07548081
0.09341729
-0.061303005
0.03568105
-0.12602888
0.047020905
-0.020593058
-0.0668632
-0.19444105
-0.14841665
0.25222453
-0.13189492
0.5239076
0.14869216
-0.0181068
0.13406381
0.1959206
0.13871741
0.10000401
0.110874884
-0.21823901
-0.14511248
0.12456736
-0.08761109
-0.14070624
-0.057663735
-0.0014573149
-0.19381735
0.23674817
-0.33338845
0.06358766
-0.1510696
0.42982152
0.01980586
-0.3512919
-0.21625444
0.027165312
0.19448017
0.24899566
-0.28294286
0.21813202
0.037696972
-0.31546974
0.10854989
-0.24237256
0.1334763
0.095381714
-0.12960672
-0.11183673
-0.058905702
0.11484845
0.12409303
-0.11535767
0.047504287
0.07799002
0.046727978
0.01929622
0.16007717
0.11760277
-0.15667471
0.29835746
0.087008
0.23873425
-0.099219464
-0.19866598
0.14549686
0.11677075
0.25173593
0.02836739
0.07460503
0.23552556
0.44166133
-0.046534345
0.121676356
-0.1888954
-0.31162885
-0.197708
0.062544
0.2407393
-0.23820338
-0.047478575
0.2999383
0.07297847
0.3906609
0.054545406
-0.14206952
-0.04647956
0.13513151
0.15523691
-0.06617526
0.054340173
-0.10077014
0.044314973
-0.11127499
-0.087040134
0.20161535
-0.18850598
-0.025919352
-0.013293469
-0.12065544
0.09222942
0.024569098
0.043470237
0.008395591
0.073281385
-0.25991738
-0.035871767
0.03350537
-0.23459943
-0.4086328
-0.08887982
0.18473762
-0.03985779
-0.18220347
0.04914828
0.064544074
-0.10480138
0.16310988
-0.0884546
-0.20765983
0.36139593
-0.040271364
0.058757097
0.103943944
0.10307589
0.059539717
0.045070704
0.057059992
0.011927961
-0.03472723
0.16902281
-0.0343751
-0.14854987
-0.035906956
0.09112945
-0.14535533
-0.10012817
-0.11127699
0.0998872
0.060813308
0.039865993
0.015386449
-0.07205407
0.08447425
0.1220023
-0.018307645
-0.009261567
-0.10406354
-0.08617115
0.0030565679
-0.020500887
0.085468896
-0.061784957
-0.09302505
-0.032956626
0.12291982
-0.011094068
0.023134682
0.083257064
0.07329479
-0.056119364
0.014593629
0.0065112035
-0.0055686994
-0.0923604
0.11825072
0.04903388
-0.14316069
-0.003152465
-0.07563481
-0.1025167
-0.028985271
-0.05161614
0.02808769
0.07031896
-0.006795261
0.12400453
-0.063187964
0.11822856
0.0018812914
-0.11459006
0.05001521
-0.026381198
-0.00017864081
-0.06376401
0.090632565
-0.09273775
-0.01607944
0.02460982
-0.01566536
-0.11169879
-0.12227941
0.10205276
0.004287576
-0.10820036
-0.10278609
0.030990586
-0.05566425
0.11125365
0.065675795
-0.09546788
-0.04176854
-0.07701816
0.025994258
-0.04706875
-0.015028722
0.07376107
0.20367175
-0.09918268
-0.034566287
-0.018894862
-0.10483857
0.016055118
0.03678645
0.01115344
0.06677727
0.1107842
0.11035186
0.09079484
0.024522187
-0.06676319
-0.021732865
0.13595243
0.038494907
0.06180102
0.10800793
0.008770913
-0.05008976
0.08447716
-0.0016108738
0.006191014
-0.035689026
0.13454399
-0.06714015
-0.038867194
-0.08900004
0.101464964
0.051422253
-0.033250522
-0.091553204
-0.005532997
-0.061452437
-0.10561675
0.084633164
0.03789439
0.10215025
-0.0863612
0.08319401
-0.13349354
0.067774594
-0.054079723
-0.0212926
-0.0038012736
-0.14542353
0.21038544
0.017813742
0.14769308
-0.11786135
-0.042256813
-0.21219145
0.06634208
0.112044334
0.11476798
-0.030873492
-0.04827913
-0.2026683
-0.08555646
-0.018040575
0.28217104
0.21424827
0.01903865
0.057895638
0.028424103
0.096257456
0.018094571
0.04301575
0.029616727
-0.17369935
0.07675791
-0.1355649
-0.118728325
0.06999206
-0.15881447
-0.12838002
-0.06741306
-0.12347399
-0.019018542
0.010480281
0.1372232
-0.15428849
-0.18135205
-0.15655792
-0.086210005
0.09896842
0.029535506
-0.15303193
0.11190384
0.06527183
-0.21097274
0.19715257
-0.1434121
-0.0030777266
0.5105052
0.02131303
-0.068593204
-0.036175475
0.1438513
0.19449626
-0.13954635
-0.25427452
0.16877788
-0.07610441
0.06645891
-0.030890353
-0.024799293
-0.045937598
0.23041008
0.016469207
0.13412121
-0.16940719
0.026785245
0.03343183
0.060407035
0.039090768
0.07469985
-0.13689424
0.20582058
0.23124222
-0.11365539
-0.0737351
-0.11237797
-0.17745174
-0.1444892
0.017472463
0.14493454
-0.21753843
-0.051965944
0.2465588
0.0066419193
0.24730672
0.1505995
-0.12665384
0.030300152
0.04478187
0.029115401
0.09670681
-0.21270594
0.09688955
0.07869623
-0.12262402
0.20910275
-0.100275666
-0.13842374
0.18396598
0.014191047
-0.10690947
-0.13635616
-0.121817775
0.18214151
0.14084205
-0.16271053
-0.12617551
0.014864454
-0.020005733
-0.07280598
-0.16596062
0.16967885
0.058829006
0.1315769
-0.059930176
0.19511618
0.07463371
0.059854526
0.068706706
-0.11281545
0.20139803
0.27133343
-0.046730466
0.0059481445
-0.09501625
0.026387023
0.034321204
-0.13132468
-0.086469464
-0.14108938
-0.013340913
-0.21449427
-0.20136823
-0.058497854
-0.11074989
-0.012899424
0.08618303
0.025188351
-0.056567077
-0.22649018
-0.069433875
0.33912945
0.18538973
-0.16371924
-0.15061735
-0.014661906
0.04604861
-0.1236719
0.00635422
0.0148002235
-0.31741256
0.03961945
0.074618034
-0.07075374
-0.32566503
-0.0665517
-0.114899926
0.12586965
-0.08933908
-0.06561015
0.12522186
0.32676467
-0.18679114
-0.2912313
0.06816778
-0.25377846
0.17937808
-0.07215527
-0.24423899
0.21674213
0.07916152
-0.04478699
0.114307106
-0.12028228
-0.117591485
0.09846075
-0.31968614
-0.16784652
0.028210046
0.11675554
0.008415396
-0.01507426
0.10759353
0.34176308
0.16639622
0.12960547
0.04114615
-0.13728717
-0.08909248
-0.07362095
-0.15308729
0.30306348
0.017140165
-0.07483706
0.15814902
-0.021836571
-0.044763852
-0.11868884
-0.03437982
0.085228965
0.09973676
-0.12939164
-0.11803829
-0.07582838
-0.3226741
-0.1952557
-0.10312549
0.16651404
-0.19606715
0.054087237
0.2805761
-0.18345547
0.22213562
0.07430724
-0.0029221533
-0.077056676
0.16708599
0.0460867
0.05585073
-0.10745058
-0.07766107
-0.18329045
-0.04702202
0.13799055
0.026173988
-0.18871616
-0.10496645
-0.16287552
0.025293984
-0.124372095
-0.08658294
-0.20494011
0.05005187
0.04122501
-0.12162997
-0.18918946
-0.107029356
-0.2786286
-0.23671462
-0.038640548
0.21316782
-0.017357567
-0.12434841
0.18679398
-0.09053909
-0.14791065
0.109182686
-0.079097904
0.005016469
0.13725673
0.03884314
0.02353086
-0.010610522
-0.08515419
-0.036560934
0.078865066
0.09601385
-0.09138265
-0.003335037
-0.069507115
0.17661159
0.018439982
-0.14229618
-0.046405826
-0.0834256
0.039024226
-0.08337168
0.03187561
-0.053681906
0.13482204
0.11911719
-0.029255731
-0.056952365
-0.046831198
-0.09694825
0.03287013
-0.029042521
-0.040256854
-0.037724543
0.07245576
0.009438431
-0.024954852
-0.055469748
0.09055231
-0.0140135
0.09855869
-0.14511664
0.04883172
-0.071563624
0.09613252
0.01612066
-0.15813453
-0.121051945
-0.047249228
0.02102661
0.13207778
0.023622999
0.020510003
-0.0052408255
0.057746787
0.09780043
0.033303145
-0.1488227
0.039649915
-0.17462926
-0.115434945
0.0729044
-0.022050789
0.029222062
0.08649116
-0.08468981
-0.07895117
-0.0257476
0.091376394
-0.0018481842
0.072113045
-0.113669075
0.03352106
0.008162099
0.061462954
0.08296654
-0.061681967
-0.014489068
0.018650629
0.08799637
0.0554177
-0.108849674
-0.087748416
0.0979297
0.033007126
0.024557754
0.018209217
-0.07434125
-0.124785945
0.009529934
-0.12296916
0.0038284431
-0.12385089
-0.05560627
-0.08636612
0.067607686
-0.12348242
-0.024993509
0.09524436
0.0799964
-0.024625197
-0.1091266
0.02137045
0.035129473
0.17101304
-0.005194993
-0.07340128
-0.041493673
-0.036347587
-0.047987167
-0.06838122
0.07821663
-0.02207941
-0.046268396
-0.037055686
-0.10268348
-0.012666641
0.04761368
-0.12684025
-0.06788796
-0.08035696
-0.10614448
0.053957652
0.04014279
-0.10890693
-0.075809285
0.056932397
-0.12427572
0.07769186
-0.058103506
0.02531721
0.0004931939
0.066956274
-0.07447466
-0.036848772
-0.04176455
-0.019776167
-0.027639879
0.08569571
0.027782198
0.050704736
-0.05594259
0.037325334
0.09156077
-0.07886841
-0.040051673
-0.094137
-0.073631376
0.09931869
0.029874727
0.056159105
-0.037542358
-0.019352634
-0.06510047
-0.07559502
-0.1318807
0.09744652
-0.024572304
-0.07289821
0.03635984
-0.04732627
0.117458135
-0.09186976
-0.056683857
-0.023654975
-0.08774665
0.0012901224
0.15944713
-0.06951482
-0.012898409
0.08957948
0.08326101
-0.123518355
-0.06000672
-0.014510772
0.04015431
-0.009918442
-0.042261973
-0.0403454
0.019979887
0.03915775
-0.10559949
0.027700623
-0.036687385
-0.007476775
-0.12613982
0.08706141
0.04553426
-0.017937446
-0.0132570835
-0.022210648
0.00344994
0.25941658
0.11596483
-0.003404501
-0.06852472
-0.004299702
-0.1146385
-0.027529767
-0.01814608
0.03681271
0.033603016
-0.06797466
0.18810987
-0.0037029537
-0.080982834
-0.14180802
-0.009572293
0.059779342
-0.06121838
0.0586295
-0.035197124
-0.06324472
-0.07433393
0.102298506
0.16500984
-0.040522058
0.02676428
-0.12470504
0.067533344
-0.11687794
0.00031550624
0.03682136
-0.10240758
-0.04367209
0.036086448
0.020380527
-0.12859558
-0.0032583184
0.013923254
0.14449263
-0.05216964
0.09191281
-0.1014066
0.024162032
-0.07198567
0.117755495
0.082717285
0.12995274
0.004123479
-0.14799902
-0.08396037
0.0004546604
-0.0922614
-0.018117175
0.066990644
-0.0066240453
-0.03834195
0.084298395
0.07191431
-0.069818415
-0.14056985
0.049004346
0.080348045
0.010466769
0.07290843
-0.04225584
-0.07533266
0.106731854
-0.02788171
-0.08717202
0.08391036
0.12761006
-0.066490486
-0.06348388
-0.09198176
-0.093942754
-0.10904259
-0.028350975
0.04932954
0.12019657
0.010754659
-0.06410163
0.06047966
0.048436195
-0.02836959
0.016360823
-0.025472267
0.0019578876
0.021790173
0.18874855
-0.009463667
0.056665692
-0.038605936
0.060217083
0.07336471
0.10654036
0.15343161
-0.16918477
0.03417633
0.023196032
-0.055246245
-0.09662182
0.061503142
0.0071948385
-0.0903265
-0.05364535
-0.018197639
0.02514952
0.09674407
0.06915664
0.019964365
-0.053573377
-0.11314788
0.07124249
-0.01725811
0.052116957
-0.15066908
0.041872792
0.071697146
0.050898086
0.110814005
-0.12222204
-0.122007385
-0.022999626
0.021893052
-0.0018286988
-0.033685315
0.10010238
0.023673981
-0.06551931
0.113294914
-0.11877435
0.05479508
0.090622336
-0.11443699
-0.01664139
-0.105916955
0.0937617
0.049829595
0.17944933
0.031095317
0.012340966
-0.091651
0.049413137
0.15749316
-0.064609624
0.043633524
-0.0102901
-0.022922698
0.03957916
0.040323086
0.019195769
-0.1641722
0.0948199
-0.044551328
0.101777695
-0.05850185
0.013683389
-0.09619751
-0.1375271
-0.05496269
0.038033742
-0.018862747
0.01896438
0.058595408
0.086194605
-0.062230524
-0.064236365
-0.017013324
-0.018267637
0.08698246
-0.09616214
0.03081699
0.05006319
0.098620586
-0.09665974
-0.10386968
-0.11384557
-0.028367648
0.09676084
0.09950483
-0.07580382
-0.0032426002
0.07736903
-0.05820065
0.11685708
-0.124406144
0.1255546
0.007511917
0.050280042
-0.07268354
0.028849905
0.0766036
-0.030776178
0.0371958
-0.09868153
-0.010352399
-0.011206307
0.11065158
0.035461966
0.11129285
-0.05484552
0.12958798
0.11007285
-0.011306225
-0.007260423
0.03147199
-0.07747532
0.11161479
0.033069737
-0.15839574
0.09701979
0.06797452
0.015089059
-0.061415404
0.0575295
0.09972121
-0.06587747
0.042221863
-0.028800735
0.013011593
0.1146211
-0.06139509
-0.0050905733
0.012014712
-0.037227117
0.019474287
0.10112591
-0.09073532
0.111622825
-0.0031271332
-0.09681032
0.14279716
-0.08792641
0.033435825
0.037028387
0.039052546
-0.08973705
0.04548165
-0.023968006
-0.0770359
0.11293681
-0.1344412
0.070114866
0.094539486
0.05022129
0.09365062
0.12895721
-0.10332166
0.023088984
-0.010264583
-0.040325567
-0.053842057
-0.09411439
-0.09884992
-0.104845524
0.07946337
0.17337862
-0.03831934
-0.06260962
0.054250356
-0.014502791
0.004365042
-0.11317572
0.04956513
0.045676332
0.011048858
-0.007236192
0.102601975
0.085265145
-0.035126172
-0.060260117
0.040774688
-0.047905214
0.00017945007
-0.017595567
0.020982148
0.00772356
0.019452505
-0.06206218
0.029179106
-0.046773236
0.0636241
-0.04056145
0.1390749
-0.094075054
0.009448184
0.0922782
-0.093469955
-0.13769445
-0.081805386
-0.027279977
-0.023328174
-0.09659912
-0.008621857
0.0102489535
0.06815107
0.10329837
0.095882945
0.025471251
0.0019015111
0.059930064
0.051996455
0.045581687
-0.09363937
-0.07458085
0.04182922
-0.11909973
-0.025690116
-0.07672343
0.07684011
0.09101456
-0.0057227905
-0.019703211
0.1274782
0.10676801
-0.07635569
-0.05324446
0.057943184
-0.108669244
0.014258085
-0.0012220463
0.06594919
-0.03015362
0.10812452
0.053957753
-0.15759148
-0.4671361
-0.02837186
0.087450124
0.2540764
-0.105128475
-0.063716546
0.28334695
0.02445776
0.5181077
0.20401935
0.019847842
0.032399677
0.04247804
-0.06795671
0.26031125
0.15623891
-0.16399637
0.0051138713
-0.9776698
-0.5356261
0.4208914
0.28281856
-0.18479313
-0.1252609
0.028697366
-0.34990215
0.3147783
0.23046985
-0.32352543
0.00010088767
0.11231483
0.27876422
0.102340795
0.8834163
-0.4786568
0.54885817
-0.012541297
-0.0033648023
-0.6464584
0.16883892
0.4228588
0.29538098
0.18451108
-0.35320088
-0.4001462
0.25333366
-0.3860068
-0.3002597
0.26675266
-0.50400794
0.13570288
0.102671914
0.025569858
0.23490326
0.27096033
0.25039428
-0.29950878
-0.05591327
0.23730372
-0.2402852
-0.41355327
-0.08601116
-0.13076249
-0.27530837
-0.040501077
0.06461624
-0.40391913
0.11550099
-0.46701342
0.5121374
0.1892814
-0.42473054
-0.08390655
-0.45444643
0.14239565
-0.02959812
-0.27167982
-0.59315646
-0.033040214
-0.03474023
0.30414486
0.5882662
0.3004464
-0.109271854
-0.30684984
0.7158911
-0.009341537
-0.4747013
0.34046367
-0.69087964
-0.06443134
0.016136194
0.2555882
-0.2149336
-0.030715056
-0.08371535
0.09009761
0.198505
0.09958009
0.11675027
0.03776203
-0.17541988
0.3944579
0.24091615
-0.018289493
0.050088517
0.07574022
-0.025956944
-0.030962352
-0.06844388
-0.028999917
0.9800589
0.20067932
0.15605855
0.09636602
0.45868874
-0.0582917
-0.36395192
0.07738296
0.4678353
-0.08430643
-0.12716322
0.23461425
-0.4097424
0.20880376
1.2492133
-0.19814491
0.16419123
0.027836856
0.026823808
-0.07406969
-0.05216552
-0.08798911
0.07064435
0.109922245
-0.06771013
0.16094404
0.05387072
0.028165132
0.15068711
-0.07644702
-0.08741136
0.081470706
0.075681
-0.105937265
0.047812983
0.09048633
-0.11135227
-0.0022264419
0.06738505
0.07462609
0.04293119
0.058861673
-0.029768862
0.015872587
-0.19397806
0.107475676
0.034373652
0.077983886
0.026425384
-0.16402324
-0.050224226
-0.031003062
0.09946094
6.3254956e-05
0.09869035
-0.042493284
0.04950628
0.011679541
-0.046601675
-0.06274559
0.1258631
0.10428861
-0.039208252
0.07517614
0.13253252
-0.044552244
0.088185176
0.12184992
0.04315346
0.050347116
-0.099744946
0.06798285
-0.04501853
-0.11282308
-0.05441369
0.20629008
0.024890121
-0.025998723
-0.12211729
-0.06684757
-0.0028212962
-0.00081177586
0.042061534
0.13169457
0.098397
-0.08470778
-0.097538605
-0.00093253405
-0.0862046
0.051505458
0.023028636
0.09563065
-0.055641733
0.046872478
-0.08883752
0.12175799
-0.037850004
0.009835554
0.09839706
0.08187325
-0.112785414
0.0131060835
0.035753626
0.001772536
0.003925069
0.06581705
-0.0940378
0.103814885
0.045729503
-0.067493886
0.060671225
0.0879362
0.0125307655
0.0126760565
0.12063411
-0.115120135
0.012467142
0.04486759
-0.07437727
0.021445261
-0.0007539936
-0.07660527
0.051754802
-0.020743378
0.0060854643
-0.008790202
-0.024607986
0.035523023
0.042647365
0.036441416
-0.04340136
-0.05004647
0.01691817
0.14036104
0.10345114
-0.036769528
-0.038571723
0.10959297
-0.04796316
-0.04383539
0.12871404
0.1123392
0.041804694
0.021664763
-0.04437043
0.0333156
0.12631524
-0.036676534
-0.004406396
0.11146833
0.03874685
0.01115195
0.05343916
0.086526975
0.061901696
0.000369752
0.07086063
-0.049864464
0.084948346
0.062410884
0.049013585
0.10844737
-0.030886907
-0.050408434
0.010608582
0.037691534
-0.067164116
-0.007263217
-0.08309603
-0.048460077
0.11164669
0.06516566
-0.07137566
-0.05591047
-0.08977703
0.013531699
0.07423676
0.04972095
0.07169651
0.03604326
-0.082480334
0.077750675
0.10249854
0.10098482
0.0320694
-0.09230854
0.10934183
-0.03791485
-0.023867616
-0.09007467
0.09129071
-0.004804586
-0.10122868
0.04832627
-0.07880825
-0.10444828
0.020540688
0.059380908
-0.09244821
0.15595578
0.06482895
0.07722323
-0.053940464
0.13289607
0.103101924
0.10324072
-0.09483239
0.057041604
-0.028399404
-0.09494326
0.024063345
0.033337448
-0.06201808
0.08333017
-0.04262119
0.0121541945
-0.06867372
-0.047754794
-0.026147358
-0.05566807
0.09396597
0.021958854
0.051823635
-0.092486225
0.12995256
0.026418287
0.053317085
-0.099791914
-0.045335513
0.11521345
-0.06742908
0.07125256
0.016172888
-0.10128617
0.07115177
0.037308183
0.036151014
-0.012481578
-0.08048758
-0.06935426
0.031300962
-0.00802555
-0.060586534
-0.060989484
-0.025946042
0.009426241
0.0637761
0.056955684
-0.01149296
0.015129958
0.0656156
0.10497464
0.03463659
-0.023579478
0.08150004
-0.011309614
0.13506603
0.11423996
0.11529663
0.016641282
-0.07497072
0.011855528
-0.011371048
0.0080828965
0.06389482
0.0077163437
0.041448653
-0.10282713
-0.08263061
-0.011390014
0.014502714
0.11089087
0.055720784
-0.03168454
0.022042716
-0.030166533
-0.09866697
-0.07086064
0.022503158
-0.019025132
-0.030475156
-0.083733514
0.08090485
-0.09525982
0.09499597
-0.0033352883
0.04645921
-0.058418803
-0.08129573
0.066826984
-0.05938446
-0.09951577
0.019488959
0.09872475
0.0104832025
0.08223381
-0.107439995
-0.021542357
-0.06378439
-0.032476287
-0.054738797
-0.011269994
0.13362293
0.019306676
-0.107248075
0.013483292
-0.10891624
0.109200224
-0.05355965
-0.0146024525
-0.03180769
-0.04165733
0.13251638
0.116862535
0.033279534
-0.020276612
-0.07232288
0.077813506
-0.092701934
0.002070022
0.002554082
-0.010127918
-0.024062049
0.009551006
0.0037187554
-0.027363094
0.061161034
-0.0051056277
-0.024302252
0.09646069
0.01888234
-0.12193688
-0.00085706444
-0.045836776
0.07497319
0.028209617
0.06713818
0.03251215
0.09251671
-0.07539719
-0.10053678
0.028975401
-0.013224279
-0.08834277
0.05055428
0.047235694
-0.038820397
-0.14205606
-0.060160737
0.04400562
-0.0041030017
0.004256113
-0.08366286
-0.06048981
-0.034801006
-0.094157346
0.0890057
-0.06943871
0.0527946
0.037937097
0.06517585
0.03591713
0.038146682
-0.0051266765
-0.11891517
0.12861672
0.09435085
0.01052845
-0.096504256
-0.06346188
-0.03150884
0.14864355
-0.019287312
-0.08891952
-0.09683365
-0.07806174
0.10135263
0.1336362
-0.13763802
0.09564876
0.07824103
-0.049257398
0.005071357
0.052854005
0.09769182
-0.042824656
-0.03638503
0.037185326
0.060878374
-0.046047024
0.042573374
0.07628857
-0.022376353
0.1052363
0.16388535
0.03353203
0.13715121
-0.008506747
0.13648182
0.081741095
-0.035043914
0.114510246
-0.09898062
0.06929837
-0.01465083
-0.25292328
0.21563397
0.1267838
-0.0353675
0.043716088
-0.109092094
-0.069727436
-0.1036614
-0.08012007
-0.048314422
-0.27081525
-0.122314036
0.016663535
-0.008077843
0.03900296
-0.060437202
0.030609969
-0.11332453
-0.07721042
-0.0007429234
0.18302967
-0.12849459
0.2406174
0.099522755
0.07734288
0.08407166
-0.12998164
-0.0399785
0.024040736
0.13126627
-0.37114802
-0.060104806
0.21168758
-0.09842356
0.14128678
0.14317806
0.057019055
-0.081807196
0.076503046
-0.07131604
0.01351259
0.17596525
0.19675085
0.01074956
-0.134849
0.004938335
0.14468758
-0.20503378
-0.32195893
0.14537686
0.083412014
0.0050757932
0.015419176
0.026955847
0.056517974
0.024743095
-0.057741214
0.05555051
0.04086566
-0.089249134
0.042291667
0.06988428
-0.15841636
-0.14323603
0.07189683
0.03059163
0.05986843
-0.01708529
-0.053066775
0.03767015
-0.07547144
0.20841078
0.13039316
0.083897926
0.09294412
-0.06927943
-0.19377545
0.11151757
-0.09206572
0.30866587
-0.005177388
-0.12927483
0.057070535
-0.121169835
0.1603072
0.08494044
0.011271697
-0.09551722
0.10338469
-0.0666632
-0.0074698147
0.11734144
0.08107919
-0.062414497
0.11914872
-0.0052022063
0.021985661
-0.09802791
-0.111060925
0.05939864
-0.17277789
0.05377124
-0.012806415
0.09372243
-0.1301577
-0.15428258
-0.11620644
0.037945114
-0.10372551
0.011561014
0.20608142
0.043724887
0.24017273
0.03249617
-0.13395847
-0.04620642
0.1572411
-0.184273
0.01591418
-0.16884914
0.08055492
0.0016112098
-0.012036401
0.090325244
0.08314264
-0.07822208
0.060960162
0.027840761
0.022699662
-0.024525622
-0.01620777
0.10331259
-0.101133995
-0.081719
-0.04598086
0.057091683
0.0926814
-0.06698135
-0.126766
-0.033227112
0.03266519
0.06588072
-0.07517547
-0.10324982
-0.080617234
0.07753239
-0.06504765
0.13994053
-0.01167987
-0.15831542
0.0060996613
0.06340648
0.075630955
0.09245825
-0.00040635772
-0.08994553
0.09085201
-0.13328059
-0.034306362
0.12602347
-0.052226163
0.022043537
-0.0085389195
-0.036990263
0.026346104
-0.062161177
-0.09536024
0.0774712
-0.07936661
-0.047456868
0.03731274
-0.05677584
0.16287997
-0.043760855
0.13681367
0.0034186698
-0.021826511
-0.008797829
0.01342621
0.02531481
-0.08104953
-0.013000197
-0.09816798
0.11352349
0.11220704
-0.034500506
0.063994035
0.083081804
0.008067731
0.0022524835
-0.027374873
0.04161557
0.14554699
0.08276162
0.051886752
0.11576426
0.102272935
0.057699174
0.007619883
0.004166329
0.08493474
-0.12408315
-0.07008319
-0.08292252
0.06330659
0.011557768
0.044494834
0.103092715
0.09078649
-0.034307495
0.07196635
0.06877849
0.16071293
0.018401096
0.043641116
0.015094188
-0.092884846
-0.061820008
0.020610504
-0.061761875
0.051300786
0.0029574037
-0.05659543
0.04091354
-0.009380158
0.0028427818
-0.12132049
-0.034023546
0.006819987
-0.020457149
-0.0918093
0.03609366
-0.017890204
-0.04709998
0.12916301
0.16112617
0.08635209
-0.20655446
-0.15802218
-0.103861846
0.12309886
0.10282643
-0.13310032
-0.07670798
0.018202374
0.08887731
-0.002267849
0.063174546
0.026455835
0.13541198
-0.09623291
-0.0019912124
0.03543432
0.075624324
0.08046199
-0.055725213
-0.001016054
0.003990901
-0.09778178
0.011808785
-0.01388049
-0.1136539
0.12064264
-0.035885893
0.0016074211
0.048198223
0.04529771
0.004212346
0.07272228
0.044485487
0.0819327
0.07383491
0.024765087
-0.10213557
0.09560157
0.059724014
-0.08513458
0.12045646
0.0048442823
-0.14499147
-0.016147556
-0.002288566
-0.13736673
0.06650332
-0.038863998
-0.057909474
0.12523839
-0.012970041
-0.045269255
0.10295101
-0.062314894
-0.0042922287
-0.09452923
-0.0019947174
0.06675599
0.003749654
0.07392374
-0.10793196
0.035226382
-0.038487636
0.021430932
-0.0831299
-0.059722066
0.037205644
-0.04401034
0.10361911
-0.0014842104
0.013095127
0.009001065
-0.11286724
0.017996235
0.056397766
-0.033455513
0.029397305
0.05808745
-0.026059698
-0.07232197
0.025571162
-0.139731
-0.09731282
0.01899316
-0.041555423
-0.11467079
-0.034453306
0.116919555
-0.051273283
-0.07289822
0.1144588
0.11606351
-0.056103922
-0.008290363
0.03271505
0.0058464017
0.07535414
0.10334726
-0.09619975
0.1167192
0.0010159758
0.08874168
0.05028098
-0.0018426984
-0.09935572
0.040417656
-0.1694226
-0.089687146
-0.0021421893
-0.10624432
0.08347267
0.0025682629
0.08608747
0.010568832
0.083131045
0.06341648
-0.044634335
-0.03788527
-0.02006925
0.083992735
-0.078729995
0.08559184
-0.029790107
0.0060974676
0.040804498
-0.114565834
0.08289291
0.029868165
-0.11281634
0.015000148
0.0054749404
-0.031369433
-0.00408792
0.11015914
-0.05465329
0.1073197
0.011462475
-0.0020208594
0.0047850884
0.018769814
-0.057971176
0.008478232
0.10207693
0.007787977
0.17616893
0.29011828
-0.14983964
0.19846122
0.028582657
-0.09444099
0.240986
0.045795362
-0.03132809
0.015497014
0.111181095
0.025497666
0.00029781178
-0.10079281
-0.0039513055
0.105933845
0.12934522
-0.09055467
0.008018785
-0.05159626
-0.012475766
0.1363482
-0.18738942
-0.047191042
-0.0036283669
-0.15237483
-0.025387881
0.0053335167
-0.04614585
0.0685948
-0.07372289
-0.065298356
-0.106938496
0.16580504
-0.17322336
-0.06699935
-0.21515478
-0.10780465
0.19405395
-0.013345389
0.03604754
0.15759028
0.13980779
-0.11977427
-0.15067153
0.0549391
-0.052728705
0.13175602
-0.035741627
0.06265897
0.16362876
0.23496625
0.30530992
-0.080719054
0.29714411
0.39293164
0.07384741
-0.028153118
0.0133842705
0.023207536
0.484977
0.34872603
0.05714149
0.11720041
0.13145135
0.06608975
-0.2513242
-0.010543964
-0.09131618
-0.19181769
0.074453875
0.046169993
0.044841226
0.024989637
0.005112122
0.10729976
0.15904903
0.07890291
0.019639554
0.074529015
0.061103612
0.042107645
-0.06880651
0.043343537
-0.09698915
0.016221102
0.01910556
0.17884454
-0.11411348
-0.027963033
-0.452964
-0.017889561
0.21303599
-0.10555084
-0.20392598
-0.37375775
-0.16096243
-0.021973474
-0.10651887
0.06932258
-0.03582683
-0.17814453
0.0931816
-0.02338227
0.099791884
-0.106443666
-0.16990985
0.058114745
0.05645051
-0.072350584
-0.19594637
0.28400117
0.034408413
0.008798179
0.10174352
0.11871061
-0.039988987
0.102555186
0.01893773
-0.042426858
0.30793867
0.05680459
0.27504238
0.22934112
0.19951943
0.15312
-0.05787056
0.08542859
-0.13250463
0.15260252
-0.117189646
0.11257765
-0.07689821
0.077149585
-0.12843162
0.075832665
-0.16814302
-0.06226402
0.060195144
-0.10446828
-0.13410287
-0.13704896
-0.0038650627
0.0007370882
0.03453545
-0.08386024
-0.08285213
-0.08193227
0.08951515
-0.08681014
-0.05304015
0.054290295
-0.12035256
0.006115229
0.07345551
-0.070721656
-0.08884091
-0.09595974
0.08511223
0.09557609
0.12049832
-0.12621088
-0.15338823
0.15942265
0.019281099
0.10452267
-0.027271425
-0.06451895
-0.08983291
-0.0036124084
-0.08954263
0.047927853
0.13126346
0.05605922
-0.011426562
0.02463534
-0.04146806
-0.08657605
-0.08176714
0.022106463
0.03894064
-0.07015606
0.06884507
-0.052859254
-0.13602267
-0.079421066
-0.105368555
0.10969508
-0.013206474
-0.14428663
0.009211904
-0.10536647
0.058946934
0.07486616
-0.14050803
0.06538273
-0.07289936
0.10209281
-0.03249483
0.038390018
-0.07626775
-0.089849226
0.012652456
-0.13393135
-0.07549739
-0.033491895
0.09764892
0.013218771
0.07099221
-0.046182692
0.08382886
-0.0002562829
0.091006376
0.053083915
-0.008739597
0.16288203
-0.09851005
0.09481046
-0.117300674
0.014150943
-0.036240295
-0.003755228
0.0774643
0.0015717951
-0.047463093
-0.04301019
0.015352519
-0.012603207
-0.15551834
-0.0012677708
0.062308565
0.0758124
0.024485495
-0.04537179
0.1252611
-0.13727511
0.09300093
-0.118629456
-0.053337015
0.071737416
-0.1196609
0.021887586
-0.053770788
0.021541925
-0.050522987
0.024817519
0.041926555
-0.11104045
-0.16734442
0.05121174
0.06261478
-0.13580391
0.039046146
-0.100087486
-0.17035572
-0.087139316
-0.10037304
-0.06139931
0.24103467
-0.18842237
-0.04608313
0.04637708
-0.37669024
-0.061867747
0.016097756
-0.027182568
-0.0572563
-0.013248446
-0.03912707
0.18970907
-0.08812082
-0.0056143384
0.36337402
0.0709204
0.09318577
-0.11101968
0.21406704
-0.03928267
-0.2543983
-0.037025303
0.21349025
0.11051145
0.04646916
-0.091539696
-0.24279507
-0.35955447
0.2088696
0.10218701
0.15092537
-0.020109808
-0.047080137
-0.07457783
0.03887272
-0.11165835
-0.33955267
0.079295434
-0.15381393
0.36538637
-0.19784394
-0.0060801064
-0.061114505
-0.023758862
-0.15257838
0.1008192
0.031159267
-0.07875762
-0.10536468
0.23215146
0.12130133
0.05236317
0.10698228
-0.16978905
-0.22148575
0.12653856
0.089944094
-0.104058884
-0.29959443
-0.29989314
-0.25234643
-0.025796147
-0.169307
-0.07005033
0.11367915
-0.2945132
-0.08943241
0.20964514
-0.17682979
-0.014772555
0.08739517
-0.12802306
0.12847638
-0.09742944
0.048637085
0.1894804
0.18275864
0.0071516326
-0.117185175
0.20974055
-0.3404613
-0.045305725
-0.3579224
0.07461036
0.021765586
-0.29052675
0.01809204
0.15274683
0.061545916
0.16741733
-0.12920956
-0.3098314
0.37376428
0.13952355
0.032991752
0.14583805
0.0015893279
-0.035949282
0.32773635
0.27021796
-0.22761405
0.057867903
0.02174354
0.41839683
-0.29396367
0.06536727
-0.05713127
0.06866024
-0.03734839
0.16809608
0.15848257
-0.15115368
-0.13232356
-0.11699797
-0.24303663
-0.05517771
-0.014543691
0.28221437
-0.16715975
-0.0215823
0.18522921
-0.0007162532
-0.16427276
-0.007996492
-0.010178528
0.02590092
0.0025687565
-0.10927567
-0.087098196
0.10597105
-0.091400534
-0.086254396
0.14055914
0.11192817
-0.09450788
-0.07976019
0.12177828
-0.12254811
0.017886292
-0.052619785
0.000105142564
0.09383091
-0.08960294
-0.13189708
-0.073862
-0.06764746
0.02677739
0.002833684
-0.05474303
-0.08876236
0.042925917
-0.16888455
0.031016601
-0.151211
0.008085169
-0.03461132
-0.038926776
-0.119141124
-0.11965538
-0.06410402
-0.02796779
0.015773952
-0.15346457
-0.022028076
0.1041172
0.04258718
-0.03414558
-0.005056585
0.15810497
-0.05224146
0.10394865
0.074317776
-0.019504452
-0.0055092773
0.09272962
0.034183133
-0.028506426
0.16461684
-0.098802105
-0.022611724
0.10050618
-0.032925088
0.06467484
0.1261432
0.08721733
0.06203178
0.14726175
-0.043678444
0.13957739
0.16451193
0.015884224
0.0142584415
-0.014550955
-0.11887418
0.12218212
0.0048946817
-0.038621668
0.067146085
0.051192693
-0.024330068
-0.041630346
0.18584791
-0.049711205
-0.0047491384
-0.022961888
-0.038376886
0.03338749
0.014323085
0.06264979
0.052950874
0.16122594
0.113077335
0.015073779
0.059616048
-0.13626488
-0.1236692
-0.092468575
-0.10393391
0.101718634
0.008818239
-0.151344
-0.0730995
0.07371926
0.059196122
0.092189245
0.10535341
0.05425869
-0.022042692
0.08582034
-0.093607776
0.124424726
-0.10854762
-0.050525717
-0.0565552
-0.12541386
0.07399093
0.114379294
-0.022756163
-0.11383259
0.005842705
0.12424215
-0.13226017
-0.034163494
-0.06241559
0.021286648
0.10026194
0.15029289
-0.017525047
0.10849473
0.011295522
0.045120943
-0.00244798
-0.021981595
-0.16130255
-0.21145517
0.033429373
0.05696821
-0.12499493
0.015733022
-0.042779744
-0.34068212
0.09954333
0.028338911
0.080223106
0.04160596
-0.18822202
0.03315341
-0.01314769
0.0044789533
-0.17281592
-0.14889158
0.13325074
0.054945875
-0.012445961
-0.09681974
-0.109592676
-0.07971746
-0.041542035
0.09548385
-0.043456193
0.036043234
-0.140471
-0.00954767
-0.06721359
0.1524151
0.3768775
-0.02700029
0.024339313
-0.10252982
-0.031176101
-0.047839478
-0.15109183
-0.18151413
-0.118403845
-0.03908396
-0.02002367
-0.18195699
-0.0058311005
-0.2001183
0.08151509
0.02661943
-0.052526783
-0.027496029
-0.124082536
-0.022341318
0.08075475
-0.07217805
-0.13653427
0.013016958
-0.1633614
-0.13669445
-0.1111935
0.18969224
0.0011078452
0.037960693
-0.21731912
-0.23058857
0.098759994
-0.21348695
-0.06047767
0.0032296856
-0.08807799
-0.32804763
0.21788786
-0.08279347
0.01552787
0.086077265
0.11495264
0.07654109
-0.031870034
0.1437753
-0.10914285
-0.08144262
-0.18979153
-0.22532915
0.07846937
-0.19021638
0.061252
-0.063349105
-0.34979558
-0.040416617
-0.07921892
-0.13793507
-0.04459351
0.20811144
-0.0429491
-0.29383045
-0.103447735
0.32897466
0.16566405
-0.18310802
-0.10924257
-0.047809105
0.07655568
0.21468885
0.049296375
0.025362227
-0.029980244
0.019010128
0.31521645
-0.028291643
0.021260116
0.18123744
0.05427536
0.0042757248
0.026320877
0.122112036
-0.01118469
0.1897309
-0.1445832
-0.1518712
-0.1303064
0.12726793
0.18515095
-0.13324672
0.15660377
0.09396478
0.020937735
-0.15334271
0.046675842
0.0493053
-0.07618227
-0.119911045
0.088699065
0.23672397
-0.14565092
0.20879309
0.0064646997
-0.3983195
0.054407667
0.00097255176
0.16027188
-0.22086588
-0.08913553
0.012925378
0.07117425
-0.07739595
0.143512
0.07109429
0.06683819
0.106734045
0.13869533
-0.04229288
-0.3284546
-0.15864806
-0.044489004
0.1581145
0.092411615
0.086808644
-0.15947942
0.1344368
-0.19782187
-0.18122233
0.25606006
0.057985768
-0.1611291
-0.12805861
0.08716304
0.17650026
0.008025903
-0.023718573
-0.04209449
0.13224143
-0.004756804
-0.1557414
0.19022824
0.0759705
0.15284951
0.014352531
-0.24288806
-0.08696515
0.03131364
-0.23566338
0.05761393
-0.05007294
-0.045763742
-0.14097703
-0.23207004
-0.28674886
0.13491964
0.021660928
0.005764532
-0.19796377
-0.27340198
-0.45742795
0.1803583
-0.16321774
-0.10527241
0.28050345
-0.09934167
0.2287483
0.09415503
-0.1824819
0.09335081
0.017389826
-0.1651945
0.057463974
-0.21483994
0.017088076
-0.006687989
-0.02614576
-0.16982746
-0.1201263
-0.15859999
-0.1693989
-0.05460081
0.05946722
0.03746478
-0.24896376
-0.28451014
-0.0051000235
-0.079813614
0.34295264
0.17686756
-0.2672564
0.1660961
0.28621736
-0.15749535
0.08832107
0.09952872
-0.15994236
0.017939039
-0.011287361
0.09575144
-0.14232852
-0.07859341
0.119772114
0.3307886
-0.03969634
0.0048545497
-0.030652508
0.06383984
0.18412758
-0.02807696
0.11785589
0.11343311
-0.12835233
-0.14198087
-0.07060975
-0.077376105
0.0039108736
0.27995545
-0.09094354
-0.17531693
0.06784856
-0.2559265
-0.18778577
-0.07955709
-0.08632475
0.02438674
0.039196435
0.09844528
0.01657077
-0.16013405
-0.053049453
0.1582345
-0.1964185
0.042575236
0.07500345
-0.050076205
0.048040427
-0.13578427
-0.053350683
-0.0147087015
0.11890863
0.1569517
0.09342096
0.050808318
0.09565937
-0.020760007
0.08619279
0.061132338
-0.07239077
-0.062043022
0.15779255
0.03752056
-0.18273962
-0.004745147
-0.12187771
0.033617016
0.05305722
0.07676434
0.061236344
-0.12452625
-0.0424114
-0.080693655
-0.08267178
0.13177703
-0.050672587
-0.0649487
-0.013344385
-0.08510161
-0.08070376
0.05035092
0.06715723
0.06705361
-0.08136073
-0.04701508
-0.007639998
0.05131681
-0.058522336
0.019942937
0.021019861
-0.012575752
0.015077461
-0.07950017
0.40455174
0.015640723
0.016159702
-0.046883985
0.18795122
0.070778534
0.07245526
-0.07911176
-0.10776322
0.049191676
0.062849
0.06713647
0.04883366
0.11096984
0.016738292
0.081229314
-0.0056090066
-0.14471497
0.065344535
-0.07843217
0.12701707
-0.045200706
0.106897615
-0.10509547
-0.159069
0.106698014
0.18384254
0.11853851
-0.15565465
-0.06880065
0.011729073
0.28143287
0.15285271
0.06694952
0.109192
0.042368922
-0.063045844
-0.090778634
0.15904728
0.14857377
0.014003358
-0.072808
-0.13270931
-0.08664249
0.14978032
0.02036683
0.013206428
-0.072362
0.07410329
-0.016174464
0.023721788
-0.023383839
0.11620256
0.08116416
0.13554986
-0.09315329
0.08982718
0.07208175
0.006329988
0.024797795
0.06357592
-0.0026840302
0.03771218
0.11571667
0.1647539
-0.08230554
-0.113553286
-0.10860662
-0.025296517
-0.017799035
0.071919575
-0.068110354
0.029773409
0.025680304
-0.15558775
0.12575254
-0.08830464
0.012966779
0.02477525
-0.13614593
-0.020719506
0.05858953
-0.11032296
-0.017892582
-0.06907759
0.013715768
-0.06844455
0.27504668
0.03685994
0.0026703184
-0.0012390806
-0.054497004
0.11507783
0.09989162
0.029574951
0.028662873
0.029962337
0.025359672
-0.05828953
0.14838661
0.08579285
0.2429019
0.030532727
0.05574341
-0.041084517
-0.04891142
0.09639306
-0.10073696
-0.088077545
0.049456947
-0.06471402
0.057797406
0.11005892
-0.0040101693
-0.0007257308
-0.08279998
-0.043040536
0.19113036
0.009049461
0.100286596
-0.1339961
0.05140899
0.14328821
-0.12822074
-0.100881964
-0.019904356
-0.10726409
0.031360503
1.3081113
0.08506548
-0.020083176
-0.0965015
1.0899571
-0.051698614
0.26638162
0.09359789
0.03290088
0.33462015
-0.11790292
0.060067385
0.24093468
-0.07267745
0.02544011
0.021959346
-0.08226179
0.13187899
-0.07619175
-0.008167738
-0.09325365
-0.06772497
-0.06881313
0.032157335
-0.108445086
0.019452244
0.97892255
0.12924567
0.0018705447
-0.13539772
-0.081519775
1.3871746
-0.05401792
-0.02321358
0.02654264
0.035421025
-0.012427844
0.050594002
-0.17536417
0.08854822
-0.09792982
-0.12425507
-0.10350813
-0.03581132
-0.23075134
-0.06867195
0.037387107
0.064915255
0.09686245
0.015433245
0.036193993
-0.12552424
0.09728353
0.00841142
-0.13258459
-0.031520627
-0.09763621
0.117463
0.08209674
-0.0026957488
0.12711628
0.06377095
-0.09191959
-0.19723125
0.2850079
-0.074324064
0.021638379
-0.058786485
0.10905659
-0.11866854
-0.1512367
-0.0011088285
-0.09142617
0.026709806
0.09026452
-0.024596274
0.024558542
0.035638206
-0.080418356
0.117000096
0.008502817
0.014380363
-0.14788425
-0.12341656
0.08109102
0.043315478
0.10385844
-0.04758661
-0.068837374
0.027025811
-0.07408164
0.008158544
-0.04887091
0.027365264
0.093752466
-0.059302885
0.15831977
-0.02331134
-0.15254562
-0.0041480404
-0.073569216
-0.13344201
0.10032071
-0.034492478
0.016613357
-0.121663325
-0.092106946
-0.034270473
0.17707336
-0.0732206
-0.035274934
-0.020177279
-0.004140927
0.088168286
-0.06619008
-0.06066422
-0.01827023
0.16407752
0.017175863
-0.10160608
0.05745236
0.09827533
0.084344156
-0.122138396
0.025859104
-0.03834234
0.07753508
-0.046698466
0.42609152
-0.020652952
0.04002496
0.059202746
0.25822803
-0.102943785
-0.066206604
0.0047536287
-0.13771546
0.06318299
0.0035691475
0.07209002
0.09987977
0.1423598
0.00041561818
0.03297597
-0.0675089
-0.09747507
-0.07728519
-0.028101163
0.041901406
-0.01980984
0.080345616
0.04162442
0.055668995
-0.11410609
0.094918974
-0.12177204
0.0036904684
-0.06996202
-0.050180808
0.23547837
-0.0018149064
0.043594502
0.18261713
0.15069711
-0.06532197
-0.10301552
0.14835794
-0.021712773
-0.034664515
-0.00963232
-0.060754724
-0.04436063
0.09734278
0.028206857
0.0448001
0.025234805
-0.05748358
-0.027952073
0.005977503
-0.09767362
0.13084882
-0.066279694
0.03945372
0.16514292
0.050062463
-0.031272106
-0.0639266
-0.013404914
-0.078694575
0.01605762
-0.053353585
-0.008677816
0.006027838
0.023967072
0.03557384
-0.060013022
-0.11836487
0.047501974
-0.05360154
0.007818229
-0.008254536
-0.0051522898
-0.061124146
-0.1024573
0.05771389
-0.11482566
0.1317515
-0.058936946
0.0037704676
-0.059117824
0.10636393
-0.05559203
0.090972334
-0.045754276
-0.011216315
0.08131309
-0.023027752
0.03643427
-0.05249064
0.048113868
0.03236674
-0.05980682
0.015614474
-0.08599526
-0.062523104
0.10012049
0.08617737
-0.075062945
-0.036276594
0.053035792
0.09725985
-0.057704996
0.109646685
0.07271528
-0.092056416
0.06709149
0.056701392
-0.06925644
0.0463947
0.11305982
-0.041618932
0.07143178
0.1165189
0.11580845
0.09615206
0.07292429
-0.066679485
-0.046933684
0.034171395
0.06982302
0.0720142
0.020052612
-0.11832423
-0.07380841
0.012558585
-0.06714023
0.07951011
0.08452242
0.16251448
-0.08331731
0.26948288
-0.07417761
0.14411561
-0.03345495
0.119427145
0.060372066
0.08532319
0.06557054
0.046852905
-0.12608276
0.07641682
-0.071186036
0.03624341
-0.09528995
-0.037886016
0.114807785
-0.039028354
-0.03586543
0.05649596
-0.059897438
-0.083958834
0.117256925
0.22820911
-0.012295099
0.13153967
0.053316165
-0.08415359
0.17349291
-0.09617203
0.03675508
-0.08560218
0.03574533
-0.030512175
0.034076422
-0.1149809
-0.06356111
0.01676189
-0.010439822
0.122196004
0.025548657
-0.005938848
0.08284075
0.1485035
0.045749735
0.0023790055
-0.06289482
0.07088676
-0.04432849
-0.011273718
0.019331587
-0.107545
0.108456954
0.014587974
0.017021729
-0.029489765
0.061670106
0.029951736
-0.07828478
-0.03279463
-0.08335542
0.060358915
0.034928046
-0.0145347
-0.07234291
0.072428524
0.029920295
0.22365694
0.15680411
0.16183579
-0.13442764
-0.38194177
0.6577451
-0.21438672
0.036796995
0.7736725
-0.228169
-0.06993072
0.06222625
0.17955117
0.02655521
0.03919758
-0.2762896
0.004484749
0.19354054
-0.27694058
-0.27888244
-0.1128827
-0.076771006
-0.16896138
0.26892376
0.2514972
0.11851688
-0.42394826
-0.11500742
0.116556466
0.11374841
0.41347963
0.47973457
-0.14774045
-0.4196867
-0.32508963
0.18724963
0.16440591
0.24260943
-0.16171177
0.13975343
0.36250415
0.0789773
0.0895579
-0.37951735
0.4102254
0.06806878
0.08015787
0.14526214
0.26023662
0.33609897
-0.060090628
0.31742215
0.34541395
-0.37048388
-0.013877762
-0.17282149
0.11063036
0.24042535
0.29244253
-0.5456012
0.28546166
0.23313063
0.494381
0.45118478
0.6466397
-0.073537536
0.6228896
0.40349358
0.02603493
0.6098459
0.36228034
-0.35995597
0.56417704
-0.21349563
-0.099846885
0.11599882
-0.22616391
0.5001572
-0.47364125
-0.3143533
-0.2407484
0.08200012
0.1738517
-0.058106415
0.47538292
0.23730022
0.41320232
-0.14325257
-0.06554708
0.81428534
-0.017601773
0.14326544
-0.22318588
-0.44036362
0.4852596
0.14312464
-0.6512182
-0.06821566
0.070948415
-0.32389307
0.23211999
0.2555522
-0.34183127
-0.27592278
0.44135454
0.14210875
-0.24881135
-0.60449374
0.5446828
-0.1574104
-0.08957104
-0.28998485
-0.12063631
-0.23057999
-0.39126784
-0.034302212
0.20577829
-0.071396686
0.19626185
-0.27467465
-0.08343933
-0.5541329
0.610207
0.13963252
-0.73763347
0.2094174
0.49388945
0.13447534
0.06664027
0.13534065
0.13810645
-0.10230091
0.04348281
0.13732919
0.07749246
0.0613247
0.010187013
-0.22630492
0.14325152
0.11168229
0.08117046
-0.084396206
0.017868493
0.05404575
-0.12013109
0.02923133
-0.10425158
0.053237196
0.092236914
-0.03512407
0.11010439
0.058906887
0.105447866
-0.23102666
-0.00021949514
0.04327655
-0.022034233
-0.13388033
0.008924843
-0.0032896383
-0.101430885
0.006659273
0.07179217
-0.018965699
0.05241727
0.016620792
-0.0692383
0.013891758
-0.08770769
-0.004021776
0.102985874
-0.016357437
-0.0550749
-0.062131472
-0.13600825
-0.042940587
-0.11057877
0.04486335
-0.056172773
-0.024351878
-0.13352746
0.11056625
-0.042039964
0.054137174
0.07492104
-0.06566342
-0.08140102
0.08693933
0.061215334
-0.06333
0.02066575
0.07145938
-0.042248167
-0.057946038
-0.025500897
-0.0123837385
0.0033335658
0.1296348
0.02219598
-0.06518379
0.09878428
-0.10254284
0.13743486
-0.18639372
-0.058423903
0.097924605
0.06932552
0.02947652
0.070580766
0.054770414
0.025353432
0.04810715
-0.046270248
-0.025846412
0.0998827
-0.124884814
0.07402017
-0.03918237
-0.062054615
-0.012944795
-0.08609248
-0.01046381
0.0614267
0.06423848
-0.092440076
0.029316325
-0.0628322
-0.008584764
0.005137806
-0.077220134
0.013954204
-0.06397556
-0.056188416
0.12920366
0.01877493
0.12262766
-0.13904868
-0.009323987
0.044236157
-0.07142549
-0.07127158
0.17283106
-0.034808975
0.08482529
-0.061857983
-0.03357948
-0.12198582
-0.07593502
0.082404524
0.10161867
-0.012101407
0.052849364
0.099916495
-0.11278887
0.030069489
-0.10286408
-0.0035667634
0.07579639
-0.069825396
-0.10928518
0.113350846
0.08272603
0.09460103
-0.10287138
-0.10205164
-0.061372068
0.006240888
0.036553144
0.09362728
-0.1166962
-0.071282245
0.12289601
-0.09134275
-0.11800692
0.04573309
-0.06892018
-0.099272564
-0.0166378
-0.06525602
0.06999283
0.08557488
-0.06536301
-0.08545333
0.052790526
0.0027784032
0.04505648
0.10333853
-0.09870222
0.02311174
-0.020346131
0.05961666
-0.1030465
-0.07701952
0.101102844
0.049652655
0.022451617
0.074434474
0.11707047
-0.026663382
-0.016751183
-0.04738865
-0.048680305
-0.019760655
-0.012255632
0.010847195
0.035919126
-0.014868089
-0.04100127
0.12294673
-0.07650269
-0.040523425
0.012522198
-0.046536304
-0.008081709
-0.07914152
-0.052676592
0.037708454
0.085841626
0.023812586
0.10263626
-0.063479014
0.065591305
-0.048993535
0.032223437
0.0768642
0.033391956
0.1312134
0.11173648
0.0055156583
0.012585113
0.07016468
-0.1063622
0.105030425
0.050307248
0.123527855
-0.0015635812
-0.008407226
0.031178305
0.033144925
-0.067329794
-0.0730099
-0.05151503
-0.04848635
-0.056327146
-0.02075376
-0.113947034
0.020916903
-0.034736726
0.06291183
-0.014642162
0.0081520425
-0.08658303
-0.047809165
0.07256079
0.037996173
-0.05405042
-0.076425515
0.066768475
-0.009122055
0.13807462
-0.018144827
-0.036527157
-0.08913859
-0.07729235
-0.093906604
0.10691176
0.11408073
0.01259658
0.11326204
0.0004938031
0.06389236
0.0023951738
0.049472168
-0.14722079
0.05805243
0.10227221
-0.08196944
0.11053587
0.066574626
-0.03602876
-0.050202373
-0.052149907
-0.1072753
-0.075152166
-0.06095294
0.07964398
0.0117622465
0.023784995
0.06544294
-0.073173806
-0.1008286
-0.0049027433
0.08711059
0.046173573
-0.01983843
-0.07246102
-0.04437865
-0.041237593
0.106227525
-0.06856127
0.12748745
-0.016370818
0.1008142
0.05671327
-0.047955547
0.10677563
0.08422627
0.051032998
-0.019940816
0.040427923
-0.047859352
-0.10105992
0.08872421
0.036246255
-0.027013978
0.08562933
0.044898875
0.13313618
0.05112724
0.09291413
0.027977385
0.12244119
0.11856146
0.09647477
-0.030068513
-0.021897906
-0.018873181
-0.051860794
-0.000677741
-0.024159944
-0.10724664
-0.03678037
-0.05380147
-0.02392361
0.10724545
-0.038318697
-0.012928693
0.15659432
0.119567364
-0.078567475
0.16013026
-0.020714862
-0.04124412
0.066291936
-0.1049466
0.0032816592
0.003212026
-0.0010930798
-0.037608255
0.00031842073
-0.11920138
0.021756615
0.035112713
0.018766448
0.03764105
-0.066589184
0.018537553
0.12490828
-0.07913336
-0.061143544
-0.0043957024
-0.07645991
0.016081346
0.07249883
0.14925563
0.11816422
-0.05707771
0.0962781
-0.037534498
0.09724443
0.05909688
-0.020195922
-0.036734127
0.010179273
-0.12016762
-0.06978662
0.095972076
-0.018170875
0.0740811
0.08687925
-0.11044732
-0.08703187
0.04250061
-0.015154866
0.0292977
0.040762324
-0.017018873
-0.022420416
0.118453555
0.056416716
0.01497377
-0.044331778
0.015793122
0.055031173
0.077771924
0.045644626
-0.049465783
0.12959638
-0.036298364
-0.037849266
0.09019646
-0.10399709
0.0100759035
-0.010378877
0.09837252
-0.06203194
-0.0094153285
0.11741129
-0.07864793
0.10581042
-0.086367734
0.12309929
0.10741551
-0.11206589
0.087029986
-0.055027816
0.08824327
0.11694388
-0.01288024
0.04729714
0.15153958
-0.050421987
-0.0014846253
0.0035496186
-0.05040512
-0.019716596
0.0009625462
0.16315018
0.018237218
0.00096760987
0.06677899
0.06352027
0.08507552
0.054356463
-0.06365147
0.1449776
-0.0035583246
0.012179695
0.010393424
0.059351362
0.08409857
-0.10818852
-0.029954713
0.04204902
0.12048557
0.026123742
0.064698845
-0.09849898
-0.11407965
-0.124314316
-0.033612482
-0.00017879144
-0.06712137
0.055640865
0.06783646
0.12011395
0.1351806
0.0880833
-0.053892564
0.09305072
0.077028476
0.047266923
-0.08139206
-0.10329018
0.114486225
0.015275344
0.039913896
0.037802912
-0.05531654
-0.07271108
0.0045599644
-0.035069097
0.052106388
-0.00772254
0.088413276
-0.015212904
0.06029942
-0.06944961
-0.023426289
0.10787135
0.07784226
0.03215836
-0.09136385
-0.006797503
0.027892191
0.008301007
0.100511044
-0.03556931
0.008329116
-0.005143739
-0.042288035
-0.051274665
0.0634078
0.1379242
-0.027069168
0.0004098417
0.028184993
-0.03469963
-0.056347083
-0.04002837
0.0169754
-0.10873648
0.1216967
0.06848447
-0.056809746
0.010808302
0.0454035
0.09875497
-0.019451039
0.11013617
-0.06509074
0.05856798
0.050423604
-0.14090404
-0.01184016
-0.034884814
-0.060642533
-0.0804581
-0.086800374
-0.05512862
-0.0946117
0.021968344
0.043720283
-0.07885755
-0.036227584
-0.053492185
0.10727596
-0.04474053
0.12483463
-0.11421332
0.12516266
-0.11587616
-0.061735705
0.051044878
0.008295331
-0.022188386
-0.103678755
0.07758274
-0.074439645
0.02912926
-0.05674429
0.0791473
-0.0845228
0.067586884
0.029842528
-0.23361595
-0.18281138
-0.17137073
0.020961963
-0.011334775
-0.11584385
0.004087744
-0.0017504105
0.0237143
-0.10530744
0.13057677
0.11999022
-0.109325096
0.13046595
-0.03386125
-0.005034259
0.10020077
0.000271304
-0.0021099662
0.06762853
0.032896068
-0.0926969
0.08881195
0.017895032
0.00090270455
0.015713336
0.02589386
0.06278171
0.10563876
0.114065245
-0.03822821
0.03364285
0.05108387
0.17212701
0.045072485
0.14026447
-0.044636644
0.049978185
-0.046881374
-0.08364053
-0.095890716
0.044443715
-0.05063876
-0.1199043
0.14364962
-0.012892224
0.05616222
-0.0642131
-0.043044668
-0.047505748
0.056954354
0.20774074
0.010928428
-0.03152804
-0.013979615
-0.10558162
0.030104557
-0.011867194
0.021988185
-0.10476247
0.04083332
-0.14613137
0.08947561
-0.030938374
-0.008745393
0.099706404
0.11127047
0.06468712
-0.06327112
0.037121017
-0.04250815
0.06891533
0.012667472
-0.024088418
0.085349366
-0.11462215
0.08058147
-0.10005324
0.10588609
-0.08441284
0.12768301
0.038234927
0.017126795
0.023221947
0.16056849
-0.17452732
0.061543614
0.067587174
0.14343257
0.07162392
0.1495843
0.050153717
-0.12398843
0.003981922
-0.029078886
0.013648065
-0.11536138
-0.0077841626
-0.022572512
0.040019695
0.03788634
-0.042487413
-0.009443189
-0.08914768
-0.16302548
0.21017404
0.20756784
-0.020561067
-0.12808678
0.10637402
0.06387539
0.02711517
-0.17088148
0.15801722
-0.05255042
-0.04486436
-0.013306995
-0.0099439835
-0.067070186
-0.16966198
0.036962572
-0.00035371105
-0.018829776
0.08570679
0.023230579
-0.00268301
0.023102399
0.08426996
0.119635314
0.009888111
-0.08397342
0.0013190852
0.0065690195
-0.045550555
0.054996405
-0.02186361
-0.09317588
0.033956602
0.1136037
0.025969796
-0.047735423
-0.07778596
-0.043860555
0.11199265
0.09443043
0.024325844
-0.018899577
0.07043693
0.068781376
0.06865306
0.12406622
0.11077492
0.04978907
-0.041904952
0.0777941
0.09106582
0.01578189
0.0716175
-0.038757887
-0.013650976
0.13615352
0.018475883
0.10568206
0.10393021
0.03917096
-0.06453531
0.10762092
0.09346629
-0.04613721
0.0671194
0.058184303
0.030637847
0.01581716
-0.012507179
-0.0012480143
-0.09014033
0.027556056
-0.078793764
0.040050603
0.005880696
0.008010123
-0.0502122
-0.0467304
-0.036272623
0.060097225
-0.087366864
0.05844952
0.10936809
0.06733603
-0.07514304
-0.06399285
-0.061360218
-0.011879785
0.106071755
0.026469009
0.019894104
0.14148407
0.10946266
0.023077138
-0.093152985
-0.07484458
0.050568145
0.033126738
-0.0393962
0.012116771
0.0218907
0.0020474454
0.10383366
0.020241892
0.03591323
-0.124683365
0.009264673
0.021078624
-0.011257432
-0.107121296
0.057940397
0.04670991
0.09613651
0.012851081
0.027614484
0.07370953
-0.021977328
0.013038452
-0.039753363
-0.054147627
0.041643977
-0.015095914
0.020779615
-0.033440817
0.12551571
-0.05160741
0.08092911
0.016712237
-0.0045406497
-0.04669545
0.08238899
0.056128148
0.10134647
0.0020208268
0.1295283
-0.08962371
0.04271962
-0.065144286
0.028699903
-0.023985032
-0.08983955
0.015387403
0.032239728
-0.08699474
0.07467552
-0.037746686
-0.16748144
0.16073914
-0.06864449
0.074052535
0.11305763
-0.03716263
-0.17720836
-0.05847827
-0.0979666
-0.03206816
0.02971276
-0.07504109
0.07843564
-0.03189303
-0.08791147
0.026587399
-0.022333132
0.028488314
0.09296437
0.03595924
0.028656967
-0.14123854
-0.1734463
0.13311303
-0.030712985
-0.21005002
0.14205119
-0.03974129
0.17547552
-0.0037663814
-0.10929668
-0.13016401
0.14444552
0.15036261
0.07779228
0.20394412
0.068851426
-0.1151911
0.13493244
0.05261058
0.15540086
0.1329399
0.19086
0.04867558
-0.06314318
-0.0060363123
-0.057600375
0.0068483576
-0.16855735
0.06639116
0.116741456
0.029165385
-0.049994268
0.36467248
0.18083441
0.060671106
0.26362854
-0.19705692
0.019446746
0.017256256
0.10463158
-0.032049183
-0.16393036
-0.13809969
0.10795769
-0.13293017
0.055747982
-0.007845131
-0.06847356
-0.029020848
0.03010196
0.004830083
0.09689504
0.16670555
0.105198905
0.060369164
0.09168182
-0.014515495
0.021293143
0.10557658
0.08925481
0.13661902
-0.17002523
-0.030428855
-0.0061625117
0.1443657
0.015039175
0.11304008
0.02184567
0.016276754
-0.046369817
0.07457886
0.016450763
0.057714142
0.08710431
0.035033632
-0.038642436
-0.31933522
-0.21017206
-0.09155737
-0.014760519
0.08982879
0.04715454
0.17034759
-0.009111312
0.040249914
0.14041081
0.14808407
0.03273952
0.10187267
0.07200785
0.08796479
0.003313903
0.07343179
0.27328774
0.05805275
0.18788382
-0.19604163
-0.083716184
0.1261942
0.10096191
0.03989578
-0.21360095
0.2194212
0.10363474
0.16415577
-0.042030226
0.031254165
0.04670364
-0.107111454
-0.013304105
-0.14191712
-0.031650085
0.050448883
0.10131558
-0.21293253
0.07623873
0.08249724
-0.030813148
0.08162068
-0.05992131
0.05556957
-0.16525789
0.106103286
0.12414388
0.08793161
0.084377185
0.024446763
-0.004799014
0.03643408
0.051259242
0.052787255
-0.023739548
0.06370678
0.016209714
0.017139578
0.11771967
0.058625624
-0.0027413908
-0.0862975
0.000692325
-0.042394344
0.08200116
0.08652108
0.06071153
-0.1291063
-0.0093173385
0.121865824
-0.024669386
0.16987278
0.04730408
-0.062506475
-0.09145575
-0.004016139
-0.15106064
0.017824143
-0.0032654626
-0.044878036
0.08553352
-0.07764427
-0.08157005
0.23464443
0.077817425
0.05773717
0.05639517
-0.05447473
-0.031360596
-0.0659465
0.06972808
0.17684285
-0.06411045
-0.0733758
0.15985258
-0.081394516
-0.037498772
-0.032494195
-0.12029361
0.036538895
0.07592259
-0.1066624
0.106229134
-0.016163195
-0.004739355
-0.0723552
0.026062852
0.03816112
-0.0329772
0.024694033
0.1333545
0.07115562
-0.09219993
-0.0315833
0.02117779
-0.03336768
0.054831326
0.083180204
-0.0012033073
-0.0065701907
-0.04790109
-0.02884953
-0.029203415
-0.043344457
0.08479806
-0.04697483
-0.04638946
-0.13098344
-0.113283806
-0.036658544
0.009018374
0.055456284
0.007870259
-0.030507047
-0.05887288
0.083171174
0.014360916
-0.06389877
0.03309163
-0.0017818057
-0.02612466
-0.071222715
-0.008496224
0.19441144
0.08639205
-0.08192583
0.015197624
-0.27949902
-0.038554676
-0.00044227287
0.03985759
-0.108254194
0.11782582
0.08456025
0.11425035
0.052266493
0.0020093182
0.17578317
0.05818283
-0.14472213
0.27127612
0.12557395
-0.2842322
0.13005169
0.11287057
-0.01897737
0.06123802
0.04158836
0.042987656
0.049062822
0.085402265
0.022158451
0.21170408
0.12421494
0.15778562
-0.038691595
0.024686864
0.06284786
0.19710912
-0.012436871
0.22326322
0.14810665
0.004748177
0.023454048
0.019971114
-0.07643898
-0.0008281767
0.04172441
-0.06404788
0.04787175
0.18951666
-0.090840966
-0.020629164
0.21269374
-0.053740446
0.050449632
-0.17983223
0.13025269
-0.009976014
0.27500123
-0.16233428
0.019333554
0.0536289
0.09627031
0.039908785
-0.078022
-0.017874476
-0.0966836
0.24884535
-0.0025967832
0.053105947
0.3839765
0.18830238
0.08973723
0.041673653
0.00503958
0.010533405
0.04449617
-0.03599403
0.09196537
0.053476293
-0.12197628
0.040967066
-0.08758805
0.011956722
0.13824064
0.032785915
-0.053324793
0.018076839
0.09347872
-0.06842005
0.24810795
0.055509597
0.03870279
0.11336007
-0.10217874
0.23795299
-0.019590141
0.15633208
0.3147369
0.017261617
-0.14407039
-0.13740237
-0.1229839
-0.064540245
-0.08357044
-0.044360563
0.0332425
0.012865278
0.10273259
-0.08308219
-0.09963874
0.08138214
0.03526689
0.04219309
-0.02260568
-0.078088425
-0.12930554
-0.17973962
-0.04253822
-0.031025734
0.05196338
0.0433184
-0.055732008
0.11169832
-0.02957656
-0.09353969
0.039560717
-0.19465652
-0.17777546
-0.17972831
0.14638573
-0.028690897
-0.10866903
0.027037695
-0.023252532
-0.043176167
0.07485053
0.048717182
-0.14283326
0.14881642
0.037826624
0.037181366
-0.14027555
0.02485108
0.029918002
0.08200126
-0.044230964
0.11557754
0.031929556
-0.008677404
-0.04260224
0.03536258
0.04397789
-0.055955764
0.11007696
-0.009823727
0.0867296
-0.04909379
-0.10788581
-0.036049664
0.11772966
0.11023594
0.036915846
0.14024939
0.101916336
-0.044417057
-0.007945404
0.14898124
-0.016917305
0.10319411
0.10565459
0.105544776
0.115053006
0.087143525
-0.053653926
-0.10577901
0.059348434
0.0058811363
0.06921282
0.113535374
-0.10181094
0.1004279
-0.034727942
0.04307536
0.11016146
-0.008440603
0.041747265
-0.03368459
0.05238689
0.043049045
-0.010247024
-0.07019162
-0.04813271
0.1165188
-0.049600404
0.02019476
-0.012794307
-0.06739299
0.1443505
0.09348484
0.15858471
-0.02409788
0.026277564
0.13137129
-0.06646115
-0.106776595
-0.012540369
-0.028508352
0.06016242
0.13379323
0.11756382
0.071243316
-0.0033578924
0.092600785
-0.026772592
0.11315239
0.025156708
0.10180772
0.027861482
-0.076272264
-0.054773457
0.06976287
0.083212964
-0.021862568
0.042696275
-0.04946674
0.05641235
-0.02768893
0.04480175
-0.09847389
0.105664596
0.07660763
-0.07736468
-0.09190951
0.030353924
0.03529637
-0.05814146
-0.07718538
-0.04735347
0.08287353
-0.043720815
0.14785154
0.17127913
0.08010898
0.10608679
-0.05937647
-0.10699749
0.05830501
-0.004791747
0.07607129
0.155694
-0.046018835
0.0922844
-0.002477138
-0.12954219
-0.1278435
-0.06263925
0.12985636
0.08862951
-0.012384808
0.005249828
-0.049790837
-0.12924127
-0.016654987
0.11144081
0.1104483
0.042549845
-0.03215607
0.09608236
-0.01051442
-0.038746305
-0.026957562
-0.100529596
0.06559955
-0.0970898
0.13709246
0.23154859
-0.12308056
-0.08592688
0.14521992
0.030818587
0.120600514
0.14030193
-0.0044736015
-0.07966128
0.12836477
-0.12453438
0.34075198
0.16249399
-0.1666894
-0.017839815
0.14327624
-0.116127476
-0.005920246
-0.13738663
-0.09375205
0.0066891345
0.08013272
0.08003777
-0.0073354426
-0.108076796
-0.01192994
0.1302151
-0.13017265
0.059269197
0.25563484
-0.046265345
0.1352794
0.049438562
-0.22055835
0.027313305
-0.30515602
0.029552244
-0.023865791
-0.013661534
-0.21525095
0.14733861
0.008881923
-0.05890741
0.1349028
0.10087518
0.061775524
-0.08506638
0.24254373
-0.01633991
-0.05346215
0.043478467
0.13048984
0.04768924
-0.13472033
0.1485564
0.009759651
-0.035083264
-0.010421227
0.075971685
0.1804724
-0.14145158
0.07946743
0.14635517
-0.03225336
0.09098643
0.20368873
0.055982538
-0.006977549
0.026818363
0.104651526
0.30452707
0.08802884
0.07815953
-0.04518946
-0.11337039
0.23434919
-0.037963692
0.009674241
0.17825282
0.11498208
0.028842384
0.13549574
-0.2845231
-0.0041725887
-0.010418126
-0.24075595
-0.11545832
-0.01130525
-0.026080038
-0.10803295
-0.050762154
0.056148548
0.06427021
0.035025977
0.33946046
0.064480044
-0.071128316
-0.028193336
0.004040715
0.14310144
0.005844748
0.19082302
-0.1421459
0.0046815546
-0.10543046
0.0040256833
0.21419223
-0.041813456
-0.24973367
-0.0066619236
0.023443358
-0.11433481
0.12086785
0.14400949
-0.05777011
-0.2410427
-0.029327761
0.032368302
-0.12211077
0.030062262
0.037839286
0.17075731
-0.04673471
-0.18810573
-0.014028784
-0.019979706
-0.15175186
0.091248475
0.16663575
-0.29507536
0.17552511
0.4259302
0.0024002166
0.19426654
0.2684229
0.072673984
0.19873798
0.07686829
0.057886947
0.2516355
-0.13882086
-0.051131777
-0.008000269
-0.09418953
-0.070707984
0.1481504
-0.1705009
0.11170672
-0.03602569
-0.010717356
0.013472993
-0.015057689
0.18000013
-0.016088374
0.20966539
-0.020934979
-0.0032215186
0.14725758
-0.11198912
0.14768676
0.041193046
-0.26790822
0.14784959
-0.36823055
-0.0318195
0.03719492
0.062314905
-0.33200154
-0.09011468
0.066393115
-0.124190554
0.06606233
0.086561926
0.045844946
0.07483628
0.1794077
0.12070175
-0.14643586
0.52562934
0.053974878
-0.05879637
-0.14081623
0.20589474
0.19000761
0.03182535
0.024889145
-0.02670009
-0.0007319793
0.060925175
0.17292091
0.18390043
-0.22757116
-0.1347099
-0.13775712
-0.091509596
0.021532232
0.17131251
0.056336515
0.23155852
-0.12453799
-0.050256822
-0.033181556
-0.11826409
0.094743155
-0.023887178
-0.05605418
0.03402044
0.1917427
-0.059260573
-0.025157005
-0.20153825
0.036790892
0.013049498
-0.20802125
-0.012434302
0.018299988
0.08413168
0.002798174
0.06579064
-0.24164867
-0.0072281267
-0.118799336
0.24880905
0.088432066
-0.2450065
0.04210386
-0.24127847
-0.05454383
-0.09595124
0.30696213
0.03005729
0.06694065
-0.0013464548
0.030608645
0.21824308
-0.2435851
-0.30307975
0.053840637
0.033054274
0.038046364
-0.01047308
0.030715713
0.21129319
0.035016738
-0.10966711
0.08391153
0.09738193
0.042099588
-0.08058043
0.048999913
-0.12028215
-0.019595817
0.034368783
0.03208598
-0.18917571
-0.01287807
0.019982673
0.006771212
0.06253801
0.07369881
-0.031719163
0.00077211804
-0.1448443
-0.13755038
-0.008901954
-0.05444999
-0.09806139
0.12630199
0.09962683
-0.069274016
0.069294654
-0.010984102
-0.055443257
-0.022180272
0.046663675
-0.04405891
-0.10562966
-0.035646673
-0.04815467
-0.0049964944
-0.0042351508
0.1121373
0.009399854
0.1052061
-0.10008286
0.00383796
0.100973874
0.076425135
0.046779465
0.015779234
-0.07492199
-0.011302688
-0.141958
0.0007229378
0.04799598
-0.13255343
0.09416143
-0.010830366
0.12235982
0.09731582
0.04402967
-0.1312271
-0.024971483
-0.09977926
-0.0353626
0.07240169
0.10359886
0.06198651
-0.10169847
0.08788258
-0.04322288
0.03342701
0.057300474
-0.18742904
0.034238484
0.04298379
0.050255038
0.016684785
-0.03364862
-0.022360906
0.15389018
-0.033007514
0.014464881
-0.07426488
0.019934304
-0.054131262
0.046917614
-0.017416783
-0.05657992
-0.030998409
-0.017927833
0.07160652
0.082486644
0.088779636
0.14031911
-0.046074096
-0.07345487
-0.059074864
0.041511875
0.09357725
-0.0039535384
0.029087462
0.017001443
0.06789808
0.078047045
-0.06003393
0.08297797
-0.14834137
-0.030870762
0.08822984
0.034454435
-0.068009965
0.044600293
0.041211408
0.1468515
0.036603436
-0.07459041
-0.13659771
-0.037824407
-0.04928523
-0.070484795
-0.075673245
-0.084834985
0.22435737
0.03758601
-0.03683846
0.00242024
0.009552721
0.12260965
0.29576203
-0.06924995
-0.12943578
0.09157065
0.07065314
-0.12922198
0.16639178
0.18068682
0.07970666
-0.09184628
0.10433826
0.03861077
-0.06375966
-0.1025802
-0.20186165
0.11799556
0.18147644
-0.14273517
-0.052412
0.05721539
-0.1946827
-0.07223038
-0.08267075
0.13206811
0.10677675
0.010076368
0.022158502
-0.020740256
0.10263458
-0.06743651
0.006971661
0.036492415
-0.08541605
-0.065153286
-0.01909332
-0.003021128
-0.08943362
-0.11381331
0.029856378
0.023019904
0.083277434
-0.11271212
0.15722264
-0.0019410118
-0.10768389
-0.04565285
-0.040774457
-0.20654449
0.060959157
-0.030632984
0.003583396
0.004005092
0.08204549
-0.060689524
0.12141401
-0.08610691
-0.017603137
-0.074307434
-0.040947713
0.02613045
0.050535463
-0.02974397
-0.036369286
0.049670566
-0.020219894
-0.30884132
0.041403048
0.04724775
-0.051171653
0.06757588
-0.113097504
0.015133884
0.016986515
-0.079089314
-0.01618937
0.051161148
-0.0741427
-0.060177285
-0.08872481
0.19037251
0.038635567
0.0048644207
-0.19427598
-0.14151664
-0.12805998
-0.21752426
0.06513858
0.0845469
-0.08940081
0.040474378
-0.015945787
-0.10714181
-0.12573181
0.07781574
-0.050922077
-0.12661013
0.114429586
0.11087749
-0.06848053
-0.07512148
-0.06523601
0.061193693
0.12469637
-0.03249315
-0.010343206
0.10761289
-0.0613122
0.07965994
-0.0046280487
-0.058641266
0.09654094
-0.03236684
-0.03063411
0.08666861
0.06479846
0.029450748
-0.03979654
-0.05218471
-0.00088596187
-0.13904281
-0.11783627
0.004766779
1.0991387
0.061353605
0.0770479
-0.21230604
0.12857255
-0.052002367
0.9339997
0.03405352
0.2101039
-0.03539258
0.03357692
0.082695216
-0.08172137
-0.09901749
-0.09862694
0.055390798
-0.009443929
-0.026434597
-0.0063317744
-0.029183473
0.1609262
-0.048684202
-0.15341848
0.055585906
0.085313864
0.028899822
0.10957082
0.027041107
-0.08565989
-0.033869587
0.11730104
-0.14722365
0.20852609
-0.033626027
-0.11035559
-0.10178075
-0.088391475
-0.11011697
0.047150593
0.080703095
0.06148913
-0.057991937
-0.14458868
0.051920887
-0.051303655
-0.07822133
0.20291395
0.08786044
0.02891191
0.01651277
0.028519982
-0.051099543
0.13263974
0.05602523
-0.06270958
-0.19788547
-0.062992856
-0.01892589
0.08083573
0.08078143
-0.17168246
0.049290635
-0.037025973
0.04461619
0.12506709
-0.16614488
-0.07800614
0.036390208
0.028220449
-0.006258351
0.052540053
0.18818592
0.13402718
-0.08663028
-0.055843554
-0.07559557
-0.015697045
0.024399191
-0.024328187
-0.004264725
-0.044830803
-0.10654948
0.036425546
-0.11274399
0.027202591
0.11721243
-0.15215969
0.029564265
-0.21561675
-0.02490563
-0.22027415
0.06501941
0.044694714
-0.079845615
-0.06345596
-0.09198091
-0.037540827
-0.007535456
0.05052144
-0.04158688
0.12469842
0.075799696
-0.066261545
-0.07917653
0.106634304
-0.010007154
0.0017072244
0.08141838
0.0050004036
0.2151833
-0.12329066
-0.062155996
-0.12498136
-0.020721043
-0.065440014
-0.07013292
-0.058898725
-0.015599621
0.042338453
0.052951574
-0.020615963
0.12551245
0.08717487
-0.033429824
-0.050219912
-0.02436762
-0.009611365
-0.02600692
0.1253951
0.06991575
0.07400512
-0.035784945
-0.06148955
0.05326869
0.3080093
0.09026468
-0.049293894
0.16018665
-0.0743177
0.07271189
0.026996562
0.09539102
-0.11507139
-0.011831751
-0.11073807
-0.12253911
-0.049055412
-0.051992867
-0.106790386
-0.076517224
0.008914439
-0.059504222
-0.049822997
-0.06582797
0.049659412
-0.026210932
-0.119506545
-0.087396145
-0.04601139
-0.115242906
-0.1351063
0.013250561
0.026695287
-0.061950613
-0.025007369
0.1386559
0.094189346
0.0030682273
0.03486657
0.06919891
-0.01256345
-0.01344601
-0.06144455
-0.15645246
0.0075864187
-0.10669266
0.092491195
0.10850035
-0.10949178
0.047403745
0.07405735
0.047154263
0.13050428
0.028827954
0.16920961
0.15887788
-0.08201421
0.012117472
0.027817892
-0.09677804
0.003347901
-0.004449175
-0.13439278
0.012427124
-0.04187416
0.09680771
0.06109934
0.051904608
-0.010227649
-0.050855868
-0.14423262
0.0057639596
0.03473323
0.06787158
0.07762587
-0.12702289
-0.10280816
0.017175205
-0.00875269
-0.07173903
0.021961197
0.11985911
0.007317377
-0.0014995288
-0.09913895
0.16379485
0.006460729
-0.07443642
0.06371471
0.03245824
0.12614897
0.06545631
0.024254512
0.15998045
-0.0036300474
0.019348532
-0.07571496
0.004096705
-0.029523196
-0.079256825
0.002545982
0.20877263
-0.07995195
0.044162665
0.15607527
-0.026713384
-0.06756177
-0.013832643
0.12826766
0.074371755
-0.0491145
-0.07096448
0.053610045
0.034382794
0.05394116
-0.114756525
-0.053637303
-0.08693568
0.09998627
-0.051678274
-0.032709394
-0.024815904
-0.04444984
-0.10621076
-0.120377004
0.046199244
0.22657731
0.051880907
-0.086544834
0.007886299
-0.05744206
0.035877194
0.18153901
-0.06922586
0.030308388
-0.044643693
0.034402516
0.0086893
-0.015097578
-0.055084743
-0.06041314
-0.07259093
-0.08885438
-0.104669236
-0.017815826
0.38189447
-0.29346487
-0.31599084
0.31379113
-0.038081676
-0.34964004
-0.30785066
-0.32920468
-0.010331459
0.013402123
-0.112803325
-0.081153505
0.21890189
-0.49859887
0.008570221
0.29442623
0.1162066
-0.040676642
-0.12962168
0.044379532
0.25154123
0.020423554
-0.07515379
0.16405968
-0.1732225
0.09120972
-0.08256156
0.13758187
-0.16683371
0.078956
0.13514453
-0.45050287
0.28366837
-0.15245046
-0.030479433
0.45313495
0.0098941615
0.22158954
0.15329497
0.038541667
-0.31751868
0.34919092
-0.122958854
-0.11165691
-0.015136391
-0.39762935
0.2510822
0.06939326
0.029503757
-0.5901365
-0.11996847
0.10621743
-0.18136565
-0.45264694
-0.21483597
0.13390148
-0.07054683
0.11674251
0.08947638
-0.16239117
0.06793061
-0.014064835
-0.06957835
-0.0847381
-0.15656313
-0.11643059
0.35645938
0.023088535
0.13616548
0.039038755
-0.3069411
0.08751696
-0.50801164
0.08815715
-0.030777117
0.07300537
0.28260037
-0.23773478
0.111886315
-0.21182115
-0.13190019
-0.0767263
0.17119421
-0.01635303
0.31700718
0.16412729
-0.025335703
0.27807432
0.091129944
-0.09149322
-0.24861583
0.20405082
0.11585725
0.26120785
0.29925713
-0.043795604
-0.48415253
-0.040009093
0.1655259
-0.07187103
-0.043458592
-0.009980642
-0.016329646
0.017777687
0.052013017
-0.013764485
-0.03785667
0.051731724
0.03895729
0.33024594
0.2937834
0.18146187
-0.39215034
0.1779404
-0.06924601
0.5227783
-0.41153157
0.50703275
0.020976817
0.005365446
0.27925727
0.10045189
-0.13209659
-0.06412543
0.20348302
0.23551185
0.061167676
-0.066526294
-0.015526613
-0.0075258324
0.09020122
-0.050951082
-0.03064508
-0.02850635
-0.07713678
-0.06867172
0.14151978
-0.0030817045
-0.091988444
-0.08871816
0.03346471
-0.11078858
0.04733485
0.011650395
0.06681928
-0.12122025
-0.05229878
-0.15002574
0.110852614
0.07335836
-0.016904134
0.15734105
0.2273949
-0.051238332
0.039226506
-0.057405233
-0.18872923
-0.106934436
0.056978874
0.060870312
-0.0062664202
-0.16531761
-0.04438872
-0.09443613
0.12939095
-0.034255497
0.08929846
0.005184207
-0.07975983
0.09124039
0.062375575
0.16034669
-0.045243334
0.15607359
-0.015100838
0.057263993
-0.120377176
-0.010982628
0.08884199
0.06181379
-0.2816161
0.031583533
-0.048403587
0.099980436
-0.093285255
-0.061675355
0.0481818
0.029254356
-0.0061075226
0.12017956
0.12055803
-0.0795899
0.052485097
0.018595915
-0.12937817
-0.041809905
-0.008873587
0.08062565
0.14846179
-0.016403187
-0.11451191
-0.026101839
-0.18482721
-0.085374944
-0.045823015
0.060343947
0.051831506
0.034368534
-0.07671976
-0.01325859
-0.08441328
-0.021908008
-0.015488109
0.060287975
-0.114355706
-0.08630768
0.019157447
-0.08023353
-0.045151994
0.022276498
0.18790218
0.076561145
0.016502367
-0.12841247
0.12887347
0.002286457
0.16190219
-0.0071034487
0.051883608
-0.08393734
0.028788226
0.1440557
0.053805023
-0.08576006
0.03298241
-0.07494998
-0.0879348
-0.03328259
0.023510711
-0.060734954
-0.23915851
-0.021317977
-0.14506376
-0.13652195
0.090271264
0.077196196
0.13607801
-0.043044277
0.005799381
0.056037903
-0.035366744
-0.101386875
0.031721853
-0.030062282
-0.059055515
-0.08342387
0.0011688911
-0.019944722
-0.04509642
-0.06895872
0.077064686
-0.06947927
0.05260591
0.062361665
-0.07873314
0.042961217
-0.11083282
-0.08991666
-0.013382986
-0.11869279
-0.033288896
-0.108126275
0.05163176
-0.025485096
-0.013344298
0.06389542
0.10695966
0.10827506
0.024009332
-0.020645771
-0.0111839725
-0.061548382
0.1376068
0.12408587
-0.060093217
0.008935726
-0.08714857
0.08401172
-0.05004733
-0.10891308
-0.00013768971
-0.06955753
-0.10597926
0.0538659
-0.020130714
-0.012676918
0.09374942
0.026408534
0.13228294
0.017947812
-0.0116112875
-0.028982751
-0.0024850243
0.069392376
0.1477865
-0.065052316
0.09786132
0.11615729
-0.034316264
-0.021208119
0.12532061
0.0872685
-0.069362216
0.105324
0.06706865
0.013153556
0.11548904
-0.089190096
-0.0010287269
0.10902044
0.004460251
-0.045867283
-0.07544574
-0.029609812
0.005488873
-0.06459399
0.020981196
0.045388203
-0.007129844
-0.012504327
-0.14085713
0.08765657
-0.09551649
0.08915879
-0.07508312
-0.016702317
0.115121156
0.04055468
-0.05989592
0.054980602
-0.049491227
0.004743333
-0.028170018
-0.046365492
-0.05365032
-0.06822971
-0.08855201
0.07823063
0.047140148
0.06028771
-0.007007279
0.13216381
-0.13079832
0.11645618
-0.018952155
-0.033645432
0.06628482
-0.042577937
-0.042354316
-0.0055200066
-0.12249455
-0.09098475
0.13303863
-0.07483446
0.104154535
-0.05901076
-0.013617829
0.005819899
-0.09844074
-0.10484747
-0.1025747
0.12451959
-0.055896655
0.103781454
-0.053393018
-0.010154763
-0.021086939
-0.063529246
-0.06771985
0.11772845
0.017298505
-0.093540624
0.052443255
-0.08631898
-0.03784349
0.11275503
0.1436837
-0.048558705
-0.0691449
-0.052036267
0.016317146
0.018823853
0.009662337
0.020344218
0.089235
0.018255051
-0.06332019
0.12622961
0.09936981
0.046236694
-0.13044505
0.009738835
-0.054380585
0.069012746
0.018056566
0.101406336
-0.051155318
0.09245936
-0.065965764
0.001101386
-0.024071747
0.052155897
0.13493611
-0.038227208
-0.06312616
-0.07708344
-0.007828352
-0.049771674
-0.08121052
-0.043653727
0.060295492
-0.026284674
0.08535718
0.026500663
0.0045830025
-0.009758014
0.11151029
0.14200686
0.08194554
0.009316202
-0.054132305
0.037815258
-0.093471475
-0.05394645
-0.13099262
-0.018873135
-0.06791576
-0.030445807
-0.08511821
0.005987846
-0.043858513
-0.02775724
0.032097798
-0.1035906
-0.08746908
0.079079896
-0.15649097
0.043216906
-0.07784733
-0.022724707
0.12706785
0.05500813
-0.018835926
-0.05485964
-0.0065137465
-0.12652357
0.11894492
0.06918689
0.0851649
-0.028955098
0.0565012
0.10120235
0.06541617
0.1495566
-0.108379595
0.0931661
-0.0130978115
-0.11727189
-0.006850024
0.12505169
-0.012974702
0.00886674
-0.031848166
0.08151971
-0.010774378
0.09444321
0.05413405
0.031400163
0.034456562
-0.014032644
-0.028247638
0.14692135
-0.02761532
0.20802134
0.073568635
-0.026041387
0.048997175
-0.010952123
-0.076900356
0.0705886
0.10905493
0.09440089
-0.05148511
-0.11200406
-0.037579626
0.0519231
0.08140802
-0.0036423556
0.09968019
-0.1345513
-0.0056230244
-0.12474326
0.061876386
0.032919053
-0.010872083
-0.029482707
-0.072605625
0.052615058
-0.038275577
-0.07784491
0.13778368
0.11049065
-0.04196952
0.10210917
0.10306256
0.003910392
0.022088867
0.13536327
0.0794625
0.12847032
-0.0601026
-0.044451173
-0.007821555
0.14777839
0.15690815
-0.0018777028
0.03105242
-0.051149417
0.07467884
0.029029619
0.039143376
0.081378646
-0.14429936
-0.09136929
-0.03481345
-0.021750467
0.15800512
0.08049742
-0.008957111
-0.06545288
0.00505231
0.09229946
0.07383849
0.070760794
0.014694066
0.035563767
-0.14225379
0.054428793
-0.07218295
-0.00905741
-0.07767023
0.100231625
0.06354
-0.12410059
-0.09126567
0.08182494
-0.051160764
-0.04238182
0.06979321
0.048769545
0.100576274
0.10839754
-0.0147996005
0.008173073
-0.0049411864
0.0047753905
-0.016993474
0.083782114
0.09734511
0.017625662
0.01736947
0.13208774
-0.09961831
0.069674775
0.08241497
0.008828253
0.026439145
-0.11528911
-0.07640152
0.11372528
0.06929409
-0.051105388
0.009056154
0.044795845
0.070149995
-0.050578654
0.037361003
-0.07283456
-0.025734317
0.12553115
0.058504328
-0.12133204
0.0762362
0.0071204277
-0.05632427
-0.013414647
0.11812022
-0.08742321
-0.0012649677
0.021850549
0.108664654
-0.02481962
-0.039932534
0.09997595
0.1269947
0.122937195
-0.023609474
-0.069396116
0.062132835
0.12102496
-0.093959115
-0.09390082
-0.0143463565
-0.07378134
0.038226616
0.033141643
-0.0902727
-0.087156355
-0.10992722
0.11682801
0.12030439
-0.009585343
0.07587685
-0.100754395
-0.076280564
0.09150566
0.02233742
-0.017856494
0.03077973
0.09926526
-0.055382073
0.12523529
0.12824334
-0.06943314
0.1457174
0.0013283396
-0.06590896
-0.044395763
-0.007638618
-0.14391072
0.1355809
-0.046921715
0.06690142
0.06145762
0.027309995
0.054397106
-0.07265913
-0.04256455
-0.13343681
-0.043072924
0.22548324
0.19232193
0.0019764903
0.16919622
-0.011260915
-0.0032740636
-0.12708609
-0.02585116
0.022960301
0.09641149
0.11819913
-0.033098917
-0.012629911
0.053619985
-0.008267518
0.13457908
0.1720273
-0.07797297
0.23244761
0.25755963
-0.15177041
0.011900211
0.13919042
0.12052738
0.16860592
-0.17129676
0.04297371
-0.013107919
-0.07185532
0.17840035
0.051329322
0.00044006016
-0.22652537
0.20010523
0.15369754
0.04319734
0.046771713
0.27767518
-0.04396237
0.13332002
0.02329889
0.051124025
-0.12306572
0.026154844
-0.13884242
-0.11521874
-0.083681054
-0.026640352
0.032960374
-0.1016926
0.02577746
-0.05112277
-0.21530655
0.122576654
0.023417562
0.08994125
0.07651015
0.11830209
0.18991177
0.23209858
0.038346186
0.06418517
-0.0854188
0.1136635
-0.039985754
-0.06150463
0.001302263
-0.07910064
0.051980797
-0.14596827
-0.14861478
-0.03550717
-0.1182384
0.10315361
0.034446884
0.14291711
0.12144864
-0.02638614
0.12125015
0.16133247
0.10665543
0.050855573
0.025352709
-0.25483784
0.14405245
-0.09683746
-0.017708149
0.19612856
0.08061306
0.08805213
0.02657242
-0.13587312
-0.030398687
-0.00011085766
-0.025134258
0.15159957
0.14564501
0.25371796
-0.039071973
-0.04283669
0.020799786
0.14749564
-0.030867701
-0.038336236
0.03348751
-0.008218941
0.052904837
0.11551648
-0.23712084
0.1465936
-0.030317979
-0.14683352
0.02940385
-0.16870357
0.07700466
-0.23091277
-0.01265958
0.09458892
-0.056172736
0.012485139
0.07861857
0.14168489
0.12573649
-0.032369282
0.14142244
-0.07191219
-0.19574468
0.031239156
-0.043859188
-0.058441143
-0.025551153
0.08561092
0.19142462
-0.01151598
0.01565208
0.05559649
0.010843113
-0.08485035
-0.11693824
0.010513721
0.022375759
-0.021091994
0.11392709
-0.015288217
0.12635456
0.03714992
0.03977473
-0.022455502
0.044417955
0.05760913
-0.013743271
-0.085454464
-0.006185451
-0.07067501
0.085558645
0.077578455
0.04082498
-0.08247276
0.0797306
0.08322048
-0.04328771
-0.079231665
0.012467154
0.091246024
0.12777084
0.01796692
-0.04749794
0.15150957
0.040135704
-0.020668995
-0.08848316
-0.0075480607
-0.02311448
0.1754649
0.100555286
-0.01829539
0.025448881
-0.15533361
-0.05713243
0.1413837
-0.01997912
-0.08419826
-0.091186404
0.057731826
0.08392385
-0.100720204
-0.035692707
-0.17420614
-0.030692417
-0.02280869
-0.057585463
0.07554696
-0.02701509
0.07669774
0.082461275
0.059132572
0.15991664
0.087124266
-0.046769015
0.05799665
-0.045391515
0.0388596
0.036270965
0.12735209
0.1300054
-0.054846767
0.03936446
0.15308212
0.10009792
-0.13337927
0.13894898
0.114351615
0.014786618
-0.00418771
-0.09996117
0.16436994
0.20408352
0.19516459
0.006431394
0.07391618
0.06787292
0.12791823
0.12795419
0.07435535
-0.056558397
-0.020624265
-0.041559264
0.07296702
0.061730184
-0.17912872
-0.021498812
0.0671705
-0.061479926
-0.12561584
0.090314895
-0.15087958
-0.027285399
-0.042015456
0.016760591
-0.1331255
-0.13957421
0.0086834915
0.0047136606
-0.013026632
-0.024056816
-0.06575683
-0.021968048
0.1514671
0.049587727
0.12941381
0.075659394
0.084824145
0.035933584
-0.09343644
-0.11164318
0.03839077
0.26033407
0.0025588311
-0.26205057
0.2252352
0.029271947
-0.3169377
-0.14040935
0.24695508
0.047192026
-0.06531032
-0.07923156
-0.005977804
0.12521647
-0.04160392
0.043141227
0.11030804
-0.08711543
0.23512149
0.08993771
-0.06325106
0.028054569
0.058674157
0.16536279
-0.054640155
0.15730155
-0.09542461
-0.051508203
-0.05718899
0.01005563
0.19261864
0.009998958
0.031759065
0.105706155
0.0768354
-0.025192231
0.008983964
0.071047075
0.21012884
-0.1249219
0.029804451
-0.09232339
-0.13613471
0.023867825
0.024436915
-0.06817333
0.02474017
-0.16972971
-0.14646535
-0.042389754
-0.15433255
-0.016317768
-0.082232945
-0.40733927
-0.080742784
0.07471592
0.07252222
0.1670363
0.21210071
-0.19532032
0.0772311
-0.04281485
-0.047139917
0.034848187
0.16367167
0.09564156
-0.37492856
-0.108923554
0.27931267
0.2862123
0.1268988
-0.11029468
-0.14517482
-0.09422545
-0.14290662
-0.20309873
-0.08212228
-0.045409467
0.011384639
-0.11686082
0.09655042
0.080946356
0.089522846
-0.04631207
-0.14388472
-0.10431219
-0.026913399
-0.049039576
-0.042624578
-0.035583895
0.32836404
0.041334048
-0.09279571
0.05569751
-0.024053037
-0.19538428
0.11855109
0.106211856
0.10479558
0.23378411
-0.06839661
-0.006425392
-0.21527019
0.11069295
0.23283726
0.051490307
-0.03095807
0.03495345
-0.08107452
-0.09834896
0.18531528
-0.0781282
0.037277922
0.08499653
0.30646095
0.17000526
-0.06599074
0.22347729
0.17251544
0.10680455
0.029656913
-0.13088611
-0.015973728
0.109688446
0.09760982
-0.0010175355
0.037476208
0.1029547
-0.07568735
-0.0443379
0.13005014
0.12279175
0.03966071
0.1698892
0.092271514
-0.025013264
0.10032579
0.1768239
-0.061402056
-0.22223367
0.2137758
0.04152358
0.190579
0.13713086
-0.12560715
-0.004769195
0.12566364
-0.12482811
0.028762627
-0.03256155
-0.14808705
0.088048436
-0.034834713
-0.078990825
0.018337905
-0.10503734
-0.03373737
0.10821701
0.029165562
-0.10160411
-0.037876584
0.047452454
-0.08133512
0.0006940265
-0.091798246
0.058679953
0.24420767
-0.039239544
0.033673897
-0.015142785
0.07431015
0.1430436
0.016796513
0.020836988
-0.20162316
0.27757093
0.14075457
-0.045370836
0.21799031
0.08269402
0.21451463
0.14505671
0.13945945
0.13918877
-0.044928756
-0.10933781
-0.13799363
0.085377716
0.11835967
-0.08624625
0.009064292
0.02110038
-0.057452746
-0.082853645
0.08148842
-0.17452273
0.019934459
0.11597521
-0.052459504
0.114908196
0.061934892
0.07130124
0.13971862
0.017853081
0.13757388
0.22473854
-0.06930804
0.11542792
-0.015628457
-0.07084505
-0.1504373
0.034508865
0.16602409
-0.028683838
0.03992915
-0.08339175
0.011671526
0.09372517
-0.04491789
-0.071919665
0.007672416
-0.06987465
0.045987643
0.040197555
0.03497614
-0.11793473
0.24036291
0.105348356
-0.087807596
0.056499172
-0.1362312
0.023585632
-0.14061818
0.1288591
-0.07240998
0.03291506
0.113453396
-0.0163681
-0.070189685
-0.118032046
0.08180809
0.09471335
0.23319706
-0.13218868
-0.00040757522
0.1268332
0.20070074
-0.083487995
0.1669226
-0.1246536
0.1303903
-0.09829171
-0.07825722
-0.12731509
-0.112959355
-0.007504606
-0.16443668
-0.39003283
-0.23430595
0.14961919
0.06955389
0.20548525
0.15819529
-0.06637023
0.5765807
0.26798382
-0.09580447
-0.28181967
0.31754074
0.28397283
-0.38879466
-0.0045170328
-0.15033641
0.14715053
-0.0063267266
-0.196462
-0.31156307
0.10021452
0.24314678
-0.30182838
-0.24741083
0.10885214
0.13508347
-0.011324761
-0.044678092
-0.09870912
-0.094524145
-0.09041845
-0.13511643
0.39784452
-0.293474
0.023431115
0.05193623
-0.057936233
-0.34535968
0.4736417
-0.25310522
0.26395297
0.28555372
-0.079244934
0.51079696
0.42449892
0.017107058
0.097703
-0.012815833
0.041357677
-0.14737257
-0.5812795
-0.011059433
-0.10373534
-0.16317168
0.10846142
-0.19946387
0.25948402
-0.25384533
-0.26791218
0.16178536
-0.26926768
-0.0826444
0.27162144
-0.21332268
0.03530753
0.44144726
-0.028287968
-0.14637144
0.23986627
0.39572978
0.2602886
0.30520037
0.18299352
0.10346705
0.061260745
-0.2561858
0.18983498
0.2771261
-0.08930146
-0.30807534
0.06090455
-0.1375243
0.36903208
0.24420702
-0.43294346
-0.017431628
0.24868813
-0.30315
-0.051776215
-0.13479143
0.060649563
0.3007534
0.14684743
-0.37326968
0.057579648
-0.5241359
0.20295605
0.023870548
-0.21407527
-0.08906912
0.21583304
-0.08283501
-0.13651967
0.07378551
0.15547012
-0.08035012
-0.22711508
-0.09849651
-0.03662724
-0.23796467
-0.11880113
-0.11675596
0.03951827
0.34209573
0.31549436
0.06732987
-0.37112862
-0.002630466
0.008317327
-0.086576015
-0.0975273
0.09531952
-0.038595445
0.04467995
-0.0701522
0.024970971
0.09727443
0.020350417
-0.1354678
0.111204684
0.02351796
0.11694167
0.008065174
-0.07430634
-0.02770013
-0.03359404
0.04018107
0.023082431
0.10672286
0.16960873
-0.08667348
-0.067766905
0.029380877
-0.016525138
-0.08840575
0.08937312
-0.038732875
0.022205388
-0.015400139
-0.008119674
0.11672642
0.02013975
0.030214481
0.09120158
-0.09350513
0.10539809
0.049816478
0.13003118
0.015777905
-0.04108237
0.057466548
-0.028528292
-0.022285951
0.04580426
-0.08584087
0.02081294
-0.06709331
-0.06607542
0.09860674
0.092291966
-0.030916944
-0.056909446
0.0033351283
0.06074916
-0.0042202836
-0.018098103
0.15233523
-0.00827493
0.094391994
-0.094008416
0.089640155
0.021675235
0.060600292
0.030363278
-0.039563302
0.08059695
-0.082928546
0.017669246
-0.057509236
-0.00356606
-0.05417719
0.024751065
-0.13301742
0.066131294
-0.030888336
-0.07830607
-0.015436833
0.035151217
-0.052038044
0.055195596
-0.08534207
0.085015
0.0071712583
0.1313088
0.07659173
-0.04942321
0.015381776
-0.16082753
-0.0077911275
0.107916184
0.041686114
0.050604895
0.014677164
0.05475325
0.078459516
0.019032165
0.0826252
0.070082866
-0.04913716
0.10231171
0.12769754
-0.09963031
0.121627405
0.0063338126
0.011923245
0.07631888
-0.033357542
-0.031933624
0.059368834
0.05484358
-0.08354297
0.1249999
-0.020839626
-0.0028774613
-0.026419567
0.0016770404
0.08896004
0.03622975
-0.061914235
-0.02797756
0.0940464
-0.06475033
-0.010824315
0.10908078
0.05380335
0.0757441
-0.0442714
0.0073668505
-0.08127475
-0.034099083
0.09653548
-0.033297352
-0.10678251
-0.10784755
-0.07779456
-0.045893893
-0.22548099
0.040871717
-0.12860607
0.07052816
-0.13434367
0.021046512
-0.20508416
0.1560295
-0.12200977
-0.23527195
-0.00480378
-0.041553095
0.35034734
0.11263757
-0.30112967
-0.14188509
0.033929054
0.06382238
0.15159991
-0.017185308
0.055894624
0.09780471
-0.052741945
-0.041756354
0.034354385
0.019773083
-0.028054101
-0.06823573
-0.008495698
-0.0907043
0.02846512
-0.1729318
0.30455485
0.043860685
0.04723261
-0.14382927
-0.08460182
-0.36098182
0.18418223
-0.14818302
0.037338093
0.23037167
0.004631643
0.060025822
0.16248651
0.093401216
0.0031473425
-0.039291378
-0.20768663
0.009277117
-0.1661083
-0.16216063
0.036308933
0.05482134
0.020901814
-0.19351198
0.28562167
0.018957164
0.10461531
0.013432707
-0.053504683
-0.09268439
0.05661579
-0.21309197
-0.15113921
0.29682192
0.07102922
-0.081924394
-0.106808215
0.20122193
0.037219323
0.09910379
-0.1369712
0.11122212
0.15614033
-0.03618013
0.26239383
0.06926304
0.097412854
-0.19568233
0.03199016
0.038822573
0.102534644
0.10505454
-0.35778794
-0.054155838
-0.13343087
-0.14685303
-0.120282575
-0.0837777
0.0025046265
0.10000306
-0.08009113
-0.30733827
-0.21795367
-0.20949265
0.11109785
0.33275408
-0.2052887
-0.014994385
0.012842525
-0.09280952
-0.10778805
-0.018149385
-0.016528154
0.14858796
-0.14931107
-0.034036864
0.25647646
-0.19003776
-0.10993498
-0.016858235
-0.03038944
0.055623982
0.11956755
0.15952702
-0.11919568
0.15125474
0.07863414
0.0972313
-0.00050463655
-0.01265199
0.115741424
-0.15122664
-0.1380144
0.018023018
-0.057538703
0.060924027
-0.42024276
0.11640042
0.004925943
-0.07327157
-0.06288914
0.102309994
0.017077604
0.22743763
-0.06326917
0.051114354
0.05561383
0.10680527
0.2882917
-0.25724617
0.09047148
-0.0062310537
-0.13795161
0.07082131
-0.13799784
0.03465089
0.022181734
0.009941619
-0.33148465
-0.1264036
0.012186305
0.15529618
-0.16578531
-0.010465746
0.044523522
0.005225672
-0.04105237
-0.09932717
0.2693354
-0.09279543
-0.10662971
0.07404233
-0.039499886
-0.3657904
0.3818274
-0.21843006
0.27270263
0.19177847
-0.009707667
0.19471012
0.29493293
0.044173677
0.2298323
-0.0040928875
0.13753562
-0.016964188
-0.15867712
0.11244267
0.13320066
0.046634495
0.09261891
-0.084141
-0.07532459
-0.08929147
0.1004423
-0.064510494
-0.007773836
-0.03351146
0.11289273
-0.08421848
-0.27660015
0.26520252
-0.0041316124
-0.20281734
-0.09913302
0.32123885
0.03085793
-0.00073552807
0.12408595
0.02362238
0.050381016
-0.065435186
-0.062174298
0.20104039
-0.09539954
-0.19851889
0.039509892
0.07088991
0.22867878
0.16495058
-0.03337071
-0.010255728
0.03283796
-0.24121821
0.11125582
-0.18649909
-0.19289963
0.022832742
0.03351963
-0.19805813
0.0740709
-0.17512663
0.049288053
0.21853352
-0.29741794
-0.07463399
0.08172727
-0.0031478137
0.073584735
-0.013335101
0.10413384
0.07749378
0.045318395
0.003433827
0.1627762
-0.24810706
-0.013071084
0.110963784
-0.2951633
0.019089965
0.2458846
0.18129173
-0.12264518
0.04346162
-0.033685762
-0.01539216
0.059218895
0.092796855
-0.12301007
-0.08958043
0.056599986
0.01233399
0.09287261
-0.035798606
0.07659466
0.053247407
0.025594015
0.01172632
0.091633454
-0.058620233
-0.08271901
-0.031115025
0.042960234
0.04530076
-0.07359519
-0.04907045
-0.041391302
-0.13315938
-0.06783176
0.0617654
0.019197512
0.093311064
-0.05578257
0.019892525
0.11957021
-0.057075977
-0.03440584
-0.123567015
0.07444435
0.036234085
-0.06462196
0.105042644
0.025430705
-0.050025575
0.058748655
0.07834888
-0.049644984
-0.12605967
-0.025248082
0.065688014
-0.049202915
0.015525063
-0.0176351
0.07980705
-0.013283817
-0.13579346
-0.02916971
0.058349967
-0.13159095
0.07089618
0.015416987
0.07915719
-0.12156208
0.04840987
-0.061145853
-0.029717797
-0.1420912
-0.09587456
0.013597367
0.002139899
-0.035191
0.015597806
0.028159384
-0.039396774
-0.13045421
0.07520423
-0.033542212
0.035307027
0.07248787
0.03940768
-0.03671594
0.07497485
-0.030589877
0.114504054
-0.13987924
-0.0037155622
-0.09950442
0.083346
-0.122621626
0.091376476
-0.057551906
-0.024544347
0.05376314
-0.10372594
0.09101891
-0.04697426
-0.10820204
-0.03583892
-0.0372293
-0.0731631
0.02283578
-0.041131295
0.0069278865
-0.04143495
-0.06556681
-0.09922213
-0.15495718
-0.005162941
0.08481716
-0.011943188
-0.09001764
-0.05480078
0.1452624
-0.10538
0.050754704
0.040997397
0.065276705
-0.013602819
-0.021598155
-0.088399835
0.004738926
-0.0016606476
0.058296278
0.12190168
0.064359166
0.010474013
0.06682537
0.07002403
-0.14035593
-0.09047005
0.008718813
0.06630305
-0.10048651
0.004734528
0.028088285
-0.04181745
0.038421515
-0.03319097
-0.018840084
0.069266036
-0.06252689
0.07227385
-0.06577138
-0.050387077
0.043681048
0.06849533
-0.024088431
0.10387556
-0.09658031
0.07584661
0.03914797
0.14244168
0.07140528
-0.029660601
-0.016895898
0.023124795
0.011973437
0.021907086
0.08219309
0.08266275
0.10230572
-0.0011051282
-0.045201387
0.031634986
0.028141532
0.07998931
-0.03898066
-0.009044221
-0.06694955
-0.09740993
0.010494068
0.072827116
0.055047467
0.09376144
0.026341574
-0.020235894
0.09609987
-0.1117113
-0.05419985
0.12727341
-0.16874902
-0.0759038
-0.041808836
-0.12125058
-0.10661368
0.04010121
0.058794077
0.06169509
-0.080900796
-0.07885604
-0.119593315
0.17433192
0.10923268
-0.008857485
-0.016705343
-0.0009208382
-0.07114829
0.055452675
0.068489425
0.04601232
0.089905195
-0.074139304
-0.12848797
0.13472447
-0.07381902
-0.039018348
-0.12361882
-0.022867493
0.06700988
-0.13075712
0.014932694
-0.08171864
-0.10166231
0.06958471
0.04621414
-0.12546346
0.025779152
0.030179672
-0.053211056
-0.12525347
-0.05647813
0.083349094
-0.09271882
0.0060973396
-0.14126691
-0.061632313
-0.1258697
0.080988795
0.064252675
-0.11442932
0.026047515
-0.02150537
0.08135037
0.06449874
-0.082228266
-0.09045085
0.12354321
0.040855445
-0.10283258
-0.043824535
0.0015040316
-0.112780675
-0.11218478
0.03196764
0.06950267
0.06907024
-0.018826464
-0.03235723
0.11484566
-0.10452889
-0.008613597
-0.02093915
0.11542543
0.07683118
0.053496562
-0.16630134
-0.070709415
0.0704452
-0.032349687
-0.026488272
0.024722062
0.028694471
0.1140319
0.07352818
0.09089935
0.07552381
0.031143084
0.07342052
0.010155491
0.0744901
0.013743425
0.04796762
-0.03313914
0.053995177
-0.03525905
-0.06836117
-0.041511003
0.03936237
0.09347511
0.19093059
-0.072571434
-0.011214928
-0.077671364
0.0411587
-0.012188828
0.071323544
-0.1250688
0.12122906
-0.007272283
0.1246579
-0.015750095
-0.10849715
0.038886998
0.008089108
-0.06262285
-0.05528915
-0.09235273
-0.018544236
-0.10224066
0.05546113
0.05622588
-0.075355604
-0.030553423
-0.08810754
-0.08781972
-0.09840815
-0.032707334
0.020295996
-0.051549748
0.040018488
-0.04652532
0.09402953
-0.11392617
0.06715186
-0.116998196
0.049251445
-0.08823319
0.00033420025
0.028670363
0.14500107
-0.09172627
-0.10554823
-0.13168848
0.0124088945
-0.08138712
-0.12880234
0.116734095
-0.03694112
-0.01998939
-0.074586965
0.061247777
-0.024285853
-0.011072208
-0.016062617
0.023394804
-0.022364497
0.024560545
0.061489463
0.1436507
-0.09919362
0.026255172
0.009156149
0.092054896
0.060587283
-0.12838353
0.04514022
0.119004376
0.058902457
0.040446997
0.036970384
0.10681653
0.12941739
0.022657046
0.056814864
0.008632716
-0.08695781
-0.006382198
0.11970771
0.007157521
0.15504839
0.04838107
-0.0022325858
-0.007155101
-0.0840487
-0.07467257
-0.054215517
-0.05741102
-0.081432484
-0.059263796
0.069367826
0.039088834
-0.09680617
0.04403581
-0.06357664
0.08293249
0.04895797
0.014635556
0.0069572227
-0.04334446
-0.03928325
0.11806201
-0.019670278
0.06266036
-0.055982854
0.060136084
0.10072603
-0.040120445
0.13341302
-0.05991724
-0.007929605
-0.053026583
-0.059456654
0.040617175
-0.029443754
-0.03936193
0.021340799
0.037869055
-0.09131909
-0.032768957
-0.05723228
0.010361426
-0.09180468
0.045265153
0.038557682
-0.16431724
-0.0630378
-0.021137903
-0.093853824
-0.049303234
-0.04052733
0.033745747
-0.040503886
-0.022467725
-0.10681041
-0.014012727
-0.03362835
-0.040430956
-0.11786936
0.0754188
0.011253854
-0.099409826
-0.028964082
-0.05824937
-0.1024766
0.03619043
0.03006112
0.059052486
-0.09580191
0.08195404
-0.061781697
0.058278985
-0.023660779
-0.003801781
0.045909412
0.12556374
0.0337854
-0.079798594
-0.0013447112
-0.07870889
0.02524327
0.035807744
0.05003443
0.10172025
0.11522209
-0.07292379
-0.046065632
0.047629736
0.13206485
-0.028323011
0.081574894
0.020211242
-0.07722275
-0.03349359
0.029827448
-0.033950426
0.107878305
-0.054036144
-0.08392295
0.032035936
-0.056734953
-0.012965452
0.061054807
0.051693372
0.05950585
0.07931825
0.04453604
-0.010218723
0.12743473
0.0149885835
0.046500992
0.08893815
0.055052012
0.033980105
-0.054957397
-0.12231199
0.13532765
0.01653912
-0.13797572
-0.022776084
-0.07353905
0.031514935
0.08269917
0.02536117
-0.043613274
-0.097930364
0.07806295
-0.035373893
-0.0035953792
0.11401315
0.08505861
0.028401265
-2.9391218e-05
0.04888721
-0.030051723
-0.016710348
0.050341744
0.040870823
0.0829965
-0.03726638
0.07244818
-0.003938807
-0.0644734
0.12244546
-0.014431059
0.07512455
0.08516257
-0.050080363
0.0021200413
-0.025581468
-0.09525595
0.0121468315
-0.048735812
-0.1056756
-0.052883852
0.037508085
-0.5777823
0.17431013
-0.19188963
0.6896468
0.094883226
-0.40216377
-0.04059132
0.38566667
0.2768708
0.41884935
0.24894166
0.75275064
0.3625655
-0.08273698
0.18427853
0.24533647
-0.025972776
0.21663946
-1.048933
-0.5927798
0.6868063
0.25836512
-0.56321746
-0.8273181
0.7014781
0.55518645
-0.051283248
0.023141049
0.044799395
0.07351225
1.0099747
-0.00149448
-0.25633615
0.5539647
0.30747953
0.01758346
-0.3625309
-0.05708788
0.096164115
0.11697223
0.67630035
0.25951964
0.30403805
-1.3076068
0.656718
-0.15091483
-0.2140956
0.31288213
1.3732954
-0.7027987
0.15014292
-0.49995476
-0.46313432
0.009247849
-0.9281032
-0.91425407
0.09391594
-0.0670077
0.2735207
-0.29048663
0.3014609
0.7968521
-0.044577092
-0.25268736
0.092073195
-0.14906192
0.54480773
-0.28446823
0.05586073
0.5243682
-0.15328358
0.28035748
-0.01259141
-0.45263866
0.2591901
-0.23808616
-0.7613236
-0.05448297
0.26414204
-0.2888797
-0.8847146
-0.41993544
-0.40360415
-0.022774672
-0.59198385
-0.3343147
0.76309615
0.020789694
-0.47585773
0.31662938
0.38643178
0.10691361
0.3201791
-0.70248544
-0.5308825
0.87218326
0.1631672
-0.284442
1.1138813
0.35788223
0.42513683
-0.20486337
-0.3908384
0.03114198
0.5631276
-0.008228607
0.6088542
-0.17254324
0.14989029
0.7685972
0.24142633
-0.57628536
0.09745073
0.2320731
0.0430786
-0.10681116
0.12852976
0.23429081
0.13853037
-0.12129271
0.7933153
0.3426075
0.11091719
0.21047318
-0.535012
-0.395603
-0.33435947
0.5633049
0.10851812
0.014094656
0.03721441
-0.06704453
-0.01739663
0.09467783
-0.05759264
-0.0843879
-0.020593392
0.16926138
-0.06099248
0.04706908
0.017814305
0.0787797
-0.0771613
-0.11098372
0.04231251
-0.0038278648
-0.0042469213
-0.0717736
0.09417263
0.03513367
-0.18019447
0.11705373
0.046044294
0.14258006
-0.05777596
0.10448141
-0.005167264
-0.002787178
0.121368736
-0.04504755
0.0730796
0.09133711
-0.05366326
0.0217964
-0.0139673
0.08756177
0.034615528
0.14884885
-0.059801392
-0.02926962
0.06601156
-0.008716831
-0.05274795
0.059616756
-0.058959533
0.023810469
0.12982576
0.08595182
0.04881883
0.054337975
-0.15023094
0.032106332
0.082097024
-0.06937353
0.10144201
-0.004935856
0.07432875
-0.09420447
0.026367538
-0.07241728
0.038451936
-0.032069903
0.13558467
-0.094099715
0.015412197
-0.17096926
0.06847802
0.08621246
-0.032676835
0.018211585
-0.11166842
-0.08858405
-0.069417246
-0.13988799
0.056764185
-0.0071512517
-0.016873755
-0.216978
0.09250655
0.13702644
0.09346725
-0.0018336365
0.06949306
-0.0836864
-0.077995054
0.03417244
0.019069068
-0.12459066
0.015044766
-0.096840896
-0.058631573
0.10369993
-0.016014269
0.06023619
0.03162214
0.043749038
0.06786889
0.11441911
-0.1117736
-0.10861406
-0.017091846
-0.09130855
-0.046173915
0.004941067
-0.01086969
0.041678816
-0.041667543
-0.008715692
-0.0025309338
0.012625451
-0.0046391264
0.108553916
0.09432261
-0.043472428
-4.1521926e-06
0.019717187
-0.039055128
-0.1934482
0.04445308
0.038444556
0.0461858
0.121068954
0.06334269
-0.0040445896
-0.009321316
-0.03250515
-0.050551724
0.041355398
0.038799122
0.06782209
0.05266558
0.08922009
-0.07411852
-0.097568996
-0.0746352
-0.094681956
-0.0807963
0.003047811
-0.06784911
-0.01694413
0.09387467
0.12618564
-0.18735969
0.09092223
-0.070879444
0.042599708
0.046342693
0.003280452
-0.036313914
0.14159308
0.029141417
0.017997708
0.046088826
0.08342221
-0.05529922
-0.035985816
0.043660276
-0.11349834
0.04230944
-0.10901207
-0.067554496
0.06406278
0.14205705
-0.063035354
-0.101115644
-0.076146066
-0.06536464
-0.09302434
-0.046195656
0.015424332
0.049528733
-0.122200854
0.017228382
-0.04813185
0.030208182
-0.13600212
-0.033559546
-0.0837844
-0.011755326
0.0649228
-0.08617581
-0.06265819
0.08895443
0.12553944
0.041732173
0.006628376
-0.040796265
-0.121499665
0.048314717
0.03279555
0.04958363
0.012213452
0.059231736
-0.07673859
-0.014275273
-0.04760573
0.048098892
0.04322131
0.08088383
0.06173401
0.06548522
0.07291995
-0.08427458
-0.09224908
0.010056977
0.029905058
0.06347464
0.05010417
0.022123948
0.19246688
0.09962451
-0.03170804
-0.12152841
-0.12995182
0.007956517
-0.049676277
0.03773054
-0.07360866
-0.095527865
0.049993392
-0.098438956
-0.05432325
0.053919073
-0.040303737
0.043692585
0.04174513
-0.030379968
0.122271545
-0.03434814
0.113233946
-0.08709385
-0.06851779
-0.11104252
0.054599434
0.10517152
-0.08015841
0.0788799
-0.052568085
-0.002699758
-0.067341596
-0.10413335
-0.0059838747
0.12225341
0.13173853
0.070631534
0.044356845
0.00069513376
0.117198974
-0.09946068
0.0839627
-0.061571077
0.16870703
0.10749213
-0.0521591
-0.092741676
-0.08602892
0.094604865
-0.08190949
0.028708875
-0.09485621
0.10975936
-0.0046655172
-0.11572041
0.04518277
0.08967891
0.08331763
-0.049497318
-0.11982357
-0.04527127
-0.028266132
0.030303419
-0.0133519005
-0.113066964
-0.026355702
-0.02433112
0.0872103
-0.058082927
-0.026018633
-0.043843534
-0.024732495
0.006063051
-0.008807787
-0.11750033
0.019063337
-0.05114376
-0.011031822
-0.040938437
0.06549401
0.076672405
-0.057062123
0.10723944
0.14936751
0.08292779
-0.077742204
0.10908032
-0.05032563
0.04565065
0.05536116
0.06054941
-0.062220942
-0.07923176
0.05884606
0.024069726
-0.049459614
-0.05353522
0.023641584
0.0073493
-0.033575688
-0.058826894
0.056265432
-0.036462292
-0.031556003
-0.09107342
0.009841773
0.08247526
-0.027763337
-0.09242559
-0.022656266
0.06404999
-0.06917677
0.0029459146
-0.08457327
0.054763556
-0.05855763
-0.11493857
0.10848415
0.08219473
-0.101321876
0.06498561
0.113957405
0.09824904
0.06264262
-0.09026512
-0.027212787
-0.019939063
0.10531533
0.09659991
-0.031855106
-0.029339578
-0.08205862
0.07222548
-0.07253482
0.002180846
0.08578852
0.1399839
0.0051803044
0.004305354
-0.0701624
-0.008546672
-0.039741136
-0.09572738
-0.07952784
-0.0751533
0.011392518
0.039575666
-0.01861128
-0.1302383
0.016306456
0.024429355
0.01646649
-0.017929243
-0.07588514
-0.011850188
0.07540165
-0.022291657
-0.08971348
-0.040747277
0.095952354
0.050371908
0.086770035
0.010802336
-0.060288098
-0.078700766
-0.1255354
-0.10358076
-0.100933306
0.08447554
-0.024930967
0.101600915
0.079614036
-0.10067418
-0.014117723
-0.09633421
0.0705788
-0.034222864
-0.063198015
-0.15559639
-0.02592207
0.06872217
0.010098796
-0.020987006
0.11904291
0.0246792
0.074176416
-0.026145514
-0.050859444
-0.030940663
0.020706518
0.07718628
-0.069878824
-0.09273888
-0.085924454
0.008725818
-0.13419162
0.06897532
-0.07156656
0.07414124
-0.06490317
-0.089032315
-0.020860834
-0.06332288
0.060928904
0.109486945
0.074617356
0.044358503
-0.08194126
-0.06377167
0.02342579
-0.05431573
0.047232505
0.040856365
0.114976645
-0.090957314
0.00074928685
-0.059254408
0.10839602
0.17384432
0.07625695
-0.03013241
0.041902747
0.09838283
-0.10014597
-0.0013443884
-0.07490021
0.07916744
0.028134083
0.0965964
-0.034659483
0.05681518
-0.040566575
0.0025172492
-0.106959105
-0.09185482
-0.013880482
0.1492939
0.008401906
0.1152254
0.051436678
-0.017303033
0.048818145
0.059408307
0.037078597
0.008075732
-0.092051886
-0.03194647
-0.088266805
0.07293681
0.024940662
-0.03880075
0.00087052357
0.011491919
-0.09253739
-0.07953535
0.029441219
-0.07056096
0.03629844
0.074168265
0.010516214
0.09529739
-0.04497101
-0.08550448
-0.09715506
0.0983281
0.057648238
-0.069593854
0.017958973
0.05814505
-0.06485087
-0.010673433
0.15968621
0.028943896
-0.014355978
-0.010493854
-0.13033457
0.115878336
-0.012615523
0.006243908
0.09777455
-0.10748019
-0.06604808
-0.06640651
0.11295405
0.001593411
0.023735726
0.06051858
0.034401156
-0.11680365
-0.06852222
0.034736685
0.0021111316
-0.054507047
-0.01326741
-0.041683942
0.105243534
-0.037200153
-0.027930861
-0.0057617347
0.015455536
-0.05596236
-0.035354678
0.0607868
0.037305105
-0.013825785
0.051915403
0.0796208
0.11152395
-0.017700428
-0.022895489
0.01959834
0.024868451
-0.01643337
0.007598802
-0.053171523
-0.047295082
0.14765199
-0.024909036
0.06160784
-0.12388629
0.041294597
0.11055361
-0.05925935
0.038180154
-0.034692246
0.07850716
-0.028560162
0.033569586
0.016577138
-0.09933233
-0.019292934
0.05515698
-0.08511542
0.10843322
-0.13063574
0.06709456
-0.041814975
0.073215455
0.029119028
0.12511513
0.0734004
0.120998435
-0.118619986
0.10003567
-0.05018085
0.017205747
-0.042772304
-0.025525026
0.027557207
0.06283761
0.06833559
-0.03346159
-0.07210904
0.08208324
-0.0015276849
0.060211226
0.042008035
0.08837031
-0.055211432
-0.08569284
0.0048282077
-0.11102995
-0.1003932
-0.08819814
0.086057335
-0.100264914
0.14184995
-0.12926377
-0.08621391
-0.01907623
-0.012197773
-0.13349198
-0.002642464
-0.0428862
-0.09818217
-0.059430793
-0.02655731
0.07519282
0.032679405
0.0661599
0.078043014
-0.03793852
0.0062913178
-0.08552914
0.13748854
-0.038343277
0.15829396
0.057878543
-0.067043066
0.049014464
0.07231719
0.05021608
-0.073245145
0.10909757
0.07237764
0.10241504
-0.07782685
-0.050287493
-0.009946556
0.08816773
0.11033182
0.10280779
-0.0558146
0.06987474
-0.07963603
0.07236201
-0.06307696
0.17877245
-0.08141363
-0.09070462
-0.071996905
0.024665652
0.119717516
-0.02699453
0.04605417
-0.096601404
-0.010462452
-0.12649788
-0.040420648
0.102065116
-0.08033829
-0.0052572032
0.048420407
0.09050656
0.02533847
-0.0896882
-0.057190403
0.044754297
0.032792076
-0.16040783
0.017536903
-0.05718101
-0.0456896
0.057411663
0.036613904
0.017824063
-0.06730849
-0.09448046
0.006557203
-0.08130508
0.033898693
0.07623341
0.061139416
-0.04581399
0.13586399
-0.105823
-0.026190704
-0.05306763
-0.0847053
-0.10322291
-0.054714944
0.06972544
0.014761552
0.021935169
-0.059740294
0.10853285
-0.04361293
-0.10308239
0.012638409
-0.03584855
-0.083192565
0.007545493
0.042292688
0.005285866
0.07818229
-0.09402745
0.08122041
0.052290384
-0.110791326
-0.03595126
0.020908704
0.11127283
0.049625315
0.059982352
-0.014329239
-0.060146447
0.01382772
0.009388353
-0.019487536
-0.023567842
0.04209296
-0.086981
-0.02923526
0.020157052
0.07754899
0.10328443
0.12830937
-0.0530747
-0.08487493
-0.0563092
-0.084363475
-0.09011508
0.03378751
0.0507437
0.015777191
-0.020910947
-0.0413112
0.08809077
-0.046392005
0.040472817
0.0020943414
0.099996395
-0.07356322
0.062065117
-0.10926767
-0.025648553
-0.030191317
0.11635754
0.07115965
-0.049451735
-0.07554788
-0.13922013
0.0155752655
0.08591597
0.12270995
0.11699207
-0.08383471
-0.045104053
-0.064767204
0.10169052
-0.026361834
-0.018004965
0.029838027
-0.035871394
0.029298304
-0.07212511
0.11070492
-0.017414356
0.012280041
0.09057713
0.09780686
-0.008859941
0.015617972
-0.06924472
0.12971383
0.07916533
0.09141179
-0.037029717
0.057641402
-0.017449254
0.0007991102
-0.0086395545
0.003591534
-0.10420118
0.015368158
0.08128851
0.062825724
0.031927213
0.10170872
-0.127491
0.1001912
0.0891349
-0.053510707
0.04962757
0.10035558
0.106189854
0.08616553
0.101813674
0.07562965
0.07954626
-0.04767834
-0.1158641
-0.0810114
0.063698865
0.088984475
-0.07554186
-0.016879091
0.035558563
-0.03769535
0.023134744
-0.07590509
-0.016438037
0.030106565
0.020493422
0.016841738
0.0052674236
-0.051107142
-0.08921771
-0.025139572
-0.081289515
-0.10317334
0.15653287
0.06302733
-0.048239768
-0.0913958
-0.06692426
-0.105385296
-0.03660568
0.01532764
0.13146418
-0.014650898
-0.013749582
-0.022007402
-0.02163422
0.09982415
-0.016044918
-0.059114385
0.002917308
-0.079721995
-0.07918735
-0.06545858
0.061470937
0.098099485
-0.029814087
-0.08727719
0.12792864
0.07624997
0.09936209
0.11326908
0.019450001
-0.0011453812
0.010642647
0.029863369
0.07392229
-0.097949825
-0.15947968
-0.07699095
-0.09730357
0.10906059
-0.09029483
-0.039922524
0.0048006848
0.020754572
-0.057927877
0.051874287
-0.05901738
-0.03858771
-0.13442257
-0.019413274
0.010924152
0.100946
0.019825947
-0.07326216
-0.07767427
0.061836906
-0.055809658
-0.06573404
-0.10390524
0.027446859
-0.015348035
-0.020851849
0.17682685
-0.062902056
0.104071796
0.03900084
0.066993564
0.0739762
-0.012318776
-0.07119377
0.08693952
0.02243818
0.08679219
0.06777462
-0.06117099
-0.061805967
0.038790893
-0.050998315
-0.07057623
-0.025876572
-0.073092386
-0.11300745
0.1330467
0.025689673
-0.06793064
-0.06581126
-0.048623193
0.08369711
-0.035066225
0.10220205
0.12810315
-0.1204128
0.018344192
-0.040177364
-0.005570625
0.1870799
0.03371813
0.05107917
-0.004019295
0.10318153
0.030072352
0.06930014
-0.045464385
-0.044683076
0.123522185
-0.020319553
-0.012869192
0.10780777
-0.005947219
0.087665945
0.13289425
-0.10183735
-0.025256317
0.1048529
0.09666596
-0.107695945
0.17940667
0.034076747
-0.04970314
-0.052942075
-0.13000548
-0.04274406
0.07692341
0.09807829
-0.031302124
0.022332087
0.0014196088
0.15828294
-0.12347151
0.088405795
-0.11539785
-0.023737762
0.018693091
0.005836212
-0.05435036
0.086533606
-0.048024587
-0.03638534
0.11912049
0.07520777
-0.029247772
0.014646344
0.010228894
0.06472597
-0.04596805
-0.0324032
0.15035567
0.023740588
0.04173268
-0.18109792
-0.027622562
0.14222242
0.00813502
-0.07144622
-0.035054717
0.04102017
-0.03980341
0.079625584
0.07843441
-0.003433095
0.09845625
0.06887948
-0.032325257
-0.034467068
0.11480664
0.08998341
-0.021694958
-0.110336095
0.07679812
0.051390965
0.09672222
0.10344737
0.079054475
0.11515587
0.0031580692
-1.1985617e-05
0.10219642
0.032645628
-0.01108608
-0.06465252
-0.003315903
-0.045780033
-0.009575129
0.026535226
0.04180946
-0.048962176
-0.059198067
0.03548433
-0.0034058557
-0.01732672
-0.11070927
0.06689339
-0.12386822
0.05308271
-0.07855709
0.07692289
0.0661111
-0.04635739
0.061749578
-0.032121275
-0.0102558285
0.1328798
0.08471055
0.113911845
-0.0059255576
0.104468994
-0.03703423
-0.11208204
0.06193875
-0.036462504
-0.103599496
-0.064890295
0.11623405
0.023549665
-0.103029184
-0.082793154
0.14691524
-0.048591655
-0.12373184
0.022041583
0.06972219
-0.024344033
-0.051037557
0.034832977
-0.04269444
-0.036041968
0.06220183
0.072849676
0.060996644
-0.039991625
-0.006777126
0.08010213
0.014143546
0.005005888
0.06909971
-0.0404326
-0.041761607
-0.026211616
-0.085797824
-0.039183512
-0.07397646
0.020293683
0.11690971
-0.0053948257
0.09734798
0.13505873
0.07838639
-0.10345975
0.028104436
0.09660784
-0.09390562
-0.109291926
0.090549216
-0.014907952
0.030189894
0.047615647
-0.049468894
0.068348885
0.04044157
-0.06031427
0.14801984
-0.11372581
0.0059938678
0.014702974
-0.07340429
-0.015248974
-0.041812718
0.036598142
-0.06493271
0.0648252
0.10913154
0.13345607
-0.032463916
-0.02301918
0.11001687
-0.0630934
-0.064456895
-0.123864554
-0.01097591
0.05773957
-0.160871
-0.04102433
0.026575953
0.07543451
0.09132909
0.13332498
-0.03499334
0.07562738
-0.047771208
0.0005818413
0.045662552
-0.03298783
0.02922395
0.031317208
0.09018126
-0.07520909
0.0759116
0.069588736
-0.02386899
0.060881965
-0.019813068
-0.13445996
0.0053665335
0.10434042
-0.074702576
0.017579244
0.11937114
-0.09774191
0.12752648
-0.045130704
-0.045115557
0.11468281
0.050157085
0.037102908
-0.018190492
0.12946719
0.10765083
0.10462477
-0.012784191
0.081059664
-0.058679163
0.12449959
0.036124587
0.018123249
-0.09183119
-0.0848891
-0.04620625
0.04860218
-0.04453684
0.052636024
-0.06879063
0.14413802
-0.014980251
-0.028262738
-0.03756291
-0.030390054
-0.03503648
0.020563958
-0.013050526
-0.0143487565
-0.025101546
-0.14250532
0.12277073
-0.07464199
0.09354587
-0.12451065
0.083073296
0.09438061
0.119481675
0.14239116
-0.11398284
0.0033132874
0.072221905
0.059623063
-0.050026193
-0.045747165
-0.05623936
-0.04086281
0.1553438
-0.039436862
0.08632446
0.102709934
-0.0025761218
-0.018657971
0.017409423
-0.11636427
0.02110866
0.06884781
-0.009428326
-0.03877707
0.058736507
-0.12697507
0.024217164
0.043561216
0.06106186
0.05513752
0.03274254
0.08068998
0.08152384
-0.11085428
0.110854596
-0.012104661
-0.0050005573
-0.0091175465
0.07606383
0.09615627
0.12529561
0.06215193
-0.07901393
0.13211878
-0.14150105
-0.09613945
-0.048968993
0.045090534
-0.047063086
-0.06637283
0.089593016
-0.050898723
-0.049878832
0.016775927
0.053474527
0.13504842
0.00028373385
0.059476163
-0.091255546
0.066036485
0.11461178
-0.053297758
0.0330624
0.11277626
-0.114875
0.10562749
0.11596455
-0.09220791
-0.027714077
0.065753356
0.13888206
-0.11154411
-0.061333984
0.032539476
0.07270317
-0.08225293
0.044166844
-0.029923983
0.010452761
-0.004597532
0.019524826
-0.053712223
-0.030366814
-0.02532906
-0.029358378
0.022503661
0.0077512646
0.024768282
0.0073876195
0.013137147
0.072734654
-0.05801864
-0.13534386
-0.0011264209
-0.0032820883
0.04936287
-0.11370125
-0.039983075
0.08321453
0.020626323
0.17420603
0.08782728
0.0044651027
-0.022826666
-0.07726734
0.012931416
0.035553448
0.0457721
-0.16495748
0.04297994
0.106556185
-0.05494134
-0.04147205
-0.031892013
-0.114753485
0.04385016
-0.028535398
0.07297862
-0.005170427
0.10557427
0.09222072
-0.057361163
-0.0549562
0.024353012
0.05191272
-0.10724457
0.05416845
0.004653017
0.08702518
-0.07268883
0.11056446
-0.026182704
-0.13843076
0.060328383
0.058568697
0.010221216
-0.01506767
-0.10793429
-0.08105978
-0.0017844649
-0.08894214
0.0067629907
-0.016670449
0.03935164
0.030606333
-0.037473224
-0.046432342
0.112801775
0.08050535
-0.0954053
0.095636114
-0.051842842
-0.014395864
-0.056557704
-0.12568243
0.06659958
0.026105765
-0.12606691
0.07567822
-0.09593852
-0.054524146
-0.070428476
-0.015539417
0.08676641
-0.080372564
-0.012035076
-0.030104127
0.027618477
0.06022988
-0.14955087
0.036335934
-0.0901428
0.0053482777
0.08085437
-0.097279854
0.056685228
0.037630357
-0.07527955
0.045646966
-0.065617435
0.14914848
0.121063046
0.052781288
0.0005545431
0.094873175
0.0418462
-0.009613262
0.097556606
-0.0744492
0.019405484
-0.067102954
-0.031719122
0.11860583
-0.029989282
0.095500425
0.024132496
-0.088787585
-0.10707248
-0.025186265
0.101105355
-0.04812353
-0.020886354
0.02052182
0.0065767844
0.001986012
-0.060604014
0.1227668
0.08448837
0.047218934
0.14252459
-0.09636118
-0.101626486
-0.07308419
-0.0014046622
0.068413965
-0.105183244
-0.01866347
-0.002745989
0.04151625
0.1437274
0.09105577
-0.03543217
-0.0052182213
-0.027243985
-0.044153184
0.04094394
0.02436384
0.0041208775
0.10072781
0.09749263
-0.01667649
-0.09009521
0.07265993
0.054561086
-0.03310093
0.08309068
-0.077668905
0.1016089
0.07015142
0.0196078
0.16484217
0.0061209104
-9.858794e-05
-0.09215317
-0.041621506
-0.014013911
-0.12113165
-0.0141481925
0.11764323
0.049413737
-0.07188026
-0.06702645
0.0854754
-0.13683794
-0.10081601
0.10667265
-0.007235024
-0.08684085
0.07261524
0.13138485
0.06700774
0.007826002
0.056225967
0.038250662
-0.0947061
-0.22166261
-0.09024985
0.09824138
0.047729116
0.0648086
0.024925288
0.07211729
-0.11317483
-0.13218984
-0.0035409103
-0.044838134
0.042519905
0.12982433
0.0327455
0.023541389
-0.120196305
-0.0108249625
0.015199718
0.02342721
0.021766488
-0.07170616
0.05065176
0.02588447
0.0721133
0.016982486
0.03726631
0.04121689
-0.009776015
0.0013696265
-0.07868463
-0.09095502
-0.056030262
0.004338758
0.14773682
0.004429012
0.1147984
-0.07023394
0.08863477
0.10636686
-0.01736925
0.042604156
0.115744635
-0.0033119244
0.0788518
0.123405926
0.04948711
-0.057564225
-0.009888808
-0.0584546
0.07113297
-0.052756667
-0.009536439
0.008609847
0.026462462
0.048622593
0.029307242
0.035552345
0.0693049
-0.1057739
-0.040091474
0.08448586
-0.09348373
-0.08499569
-0.050120134
0.035227545
0.08841479
-0.020660864
-0.03922345
-0.010173392
0.0030959984
0.07365238
-0.057768468
-0.0583334
-0.1303683
-0.046339463
-0.12933597
0.09362751
0.07890216
-0.15210316
0.03472393
0.076039806
0.05493198
0.087125726
-0.14863884
-0.066135705
-0.060830705
-0.06630424
0.012650213
-0.08727498
0.090428255
0.06726697
0.11135406
0.013239529
0.018618027
-0.07543607
-0.041992486
0.13200663
-0.0930813
-0.015484956
0.03187658
-0.028905729
0.1519244
0.008693712
-0.01140596
0.053129766
-0.027072584
-0.06907628
-0.059252396
0.06537339
-0.08603299
0.031369854
0.0006374752
-0.019400023
-0.037319988
-0.05578492
-0.08767737
-0.12755929
-0.03495342
0.0780203
0.036006365
-0.01535451
-0.048275735
0.0025566944
0.026308147
-0.008352809
-0.027059775
-0.009650007
0.010494092
-0.025533391
0.07597946
0.0069338535
0.03665385
-0.1062826
0.05550153
-0.039636254
-0.05482421
0.05734316
0.052602384
-0.001219712
0.0075791446
0.0057177376
-0.085522145
-0.050008595
0.08962642
-0.041776065
0.1072534
-0.03015846
0.112317316
-0.076243915
-0.089923605
-0.028574755
0.018240854
-0.010706941
0.098907694
0.07593378
-0.057470474
-0.108729765
0.10945096
0.11081876
0.031190662
-0.03838814
0.117920354
-0.036720935
0.10656848
0.14002536
0.0446922
-0.088584855
-0.00904998
-0.032718875
0.04115018
0.12469869
-0.04332928
0.016031675
0.032263763
-0.047324687
-0.106289685
0.054991737
-0.057407476
-0.07857895
-0.023064036
0.0005631963
-0.087287076
-0.020652648
-0.026289172
-0.014666671
-0.08913632
0.12197499
0.058972057
-0.056290932
0.0006875829
-0.10090252
0.071043104
0.13604388
0.039119784
-0.00075167045
0.016131062
0.03732903
0.12575528
-0.060182296
-0.031620808
-0.0064276597
0.082874656
0.041962042
-0.04022576
0.09493462
-0.09122933
-0.114254564
0.12570515
0.14723048
0.09302953
0.06652536
0.02962788
-0.13676707
-0.0037542954
0.09311393
-0.10354973
-0.11735103
-0.019235464
-0.0945703
0.10950254
0.117686324
0.027226165
0.021278473
0.06367714
-0.10354781
0.036198407
0.043163463
0.057235222
0.046654113
0.00016546751
-0.09170918
-0.063099064
0.052968442
0.10542875
0.08467334
-0.13645971
0.031042684
0.016968984
0.11855313
0.06712258
-0.046622258
-0.0038948348
0.124267854
0.11470945
-0.032206576
-0.0031356774
-0.07279314
-0.1298416
-0.08423178
0.015534746
-0.0019101781
0.08679259
0.09232885
0.11789086
0.0017850372
0.08737936
0.11506772
0.103209466
0.09610321
0.013555886
-0.041313283
0.046427194
-0.016852763
-0.037037004
0.0574222
0.10418019
-0.13880897
0.008412837
0.15220022
-0.16575901
-0.03870474
-0.012348759
0.03426377
0.04667296
-0.0759313
0.049228042
0.078811005
0.00039514707
0.09459436
-0.074062
0.026953502
0.053669646
-0.054924533
0.026650403
-0.0027496472
0.12948807
-0.044377804
-0.08151738
0.09705346
0.20695102
-0.057281405
0.08376604
0.04690264
0.09471179
0.10296098
0.014736859
0.03239869
-0.11263324
0.07533432
0.008623975
-0.058951
-0.11381324
0.037120946
0.10322516
0.0709827
0.021406192
-0.011188378
-0.17472218
0.12134349
-0.014114592
0.12656157
0.14308262
-0.0011534308
-0.1036749
-0.04666241
-0.043582495
0.026522838
-0.10348308
0.07042567
-0.040137373
0.06826478
0.054041617
0.12343167
0.057022467
-0.0647103
-0.010629714
0.03632864
0.02965978
0.12238939
0.024205629
-0.006127479
0.093307815
-0.055404488
0.14854613
0.07516326
-0.15468128
0.046611413
-0.10037932
-0.050337497
0.00929712
-0.067005895
-0.08136539
-0.10123303
0.099388696
0.042349346
0.075524874
0.14763908
-0.11807083
0.031611383
-0.042515416
0.043226045
-0.025678243
-0.0594003
-0.02082558
-0.010928269
0.012619005
-0.07356633
0.08101538
-0.013288034
0.18389739
-0.0856753
0.18198085
0.02875924
-0.03459606
-0.053099338
-0.08817373
-0.14855155
-0.07552118
-0.023047073
0.05808225
-0.12874258
-0.09447414
0.0029433009
-0.20006427
-0.07852668
0.049013566
0.14238188
0.03956853
-0.089813545
-0.009807467
0.00083284767
0.20552456
-0.00026269167
-0.033511598
-0.16971582
0.00273663
-0.08240221
0.05790218
-0.013597718
-0.06492156
0.041169852
-0.09176224
0.060564842
-0.11350606
0.019510994
-0.024929922
0.015433317
-0.04436769
-0.007983656
0.017741187
0.07847019
-0.13631912
-0.007943899
-0.08349681
-0.11598098
-0.004150228
-0.08062525
0.093074635
-0.018936677
-0.08771976
-0.01863652
0.018500924
0.09412628
-0.055317625
-0.074195795
-0.035534218
0.026907397
-0.0999052
-0.05302275
0.19391747
0.074455835
0.067639336
-0.1301965
-0.09960604
-0.04718293
0.017861152
-0.07030541
-0.15275028
-0.09563263
-0.053673677
0.10988931
-0.04749449
-0.06312531
-0.06573228
0.024971884
-0.040255934
0.05279983
0.0369162
0.050392695
-0.07868201
0.03217694
0.07719912
-0.076292336
0.10263125
0.0276562
0.031516656
-0.019504521
-0.09512244
-0.021096857
-0.07586212
0.025889607
-0.047921155
0.09332108
0.090343356
0.05785664
-0.08296302
-0.12307427
-0.042627823
-0.02967108
-0.09851392
0.10952348
-0.047958016
-0.12700862
-0.03762194
-0.046162084
0.10936558
0.10083079
0.06707354
0.0049195485
-0.081202805
0.054534554
-0.011992235
0.063636936
-0.05022661
0.02539093
-0.04339922
-0.044270437
0.058810696
0.006055789
0.026202828
-0.003563913
-0.11961276
-0.03421001
-0.09702873
0.020821912
-0.08846466
-0.11201768
0.014495688
0.047101192
-0.05823816
0.17624548
-0.021143084
-0.117738985
-0.05834042
0.023953347
-0.08603422
-0.057908755
-0.029227473
0.067206025
0.09929192
-0.056634508
-0.089269966
-0.039548434
0.10814463
0.032125577
0.022954809
-0.07718506
-0.07107229
-0.06964107
0.021422638
-0.00040213732
0.044609316
0.1261192
-0.007482009
0.03597822
-0.15400916
-0.0006871466
0.02959834
-0.07692328
0.058191538
-0.20454611
0.13735043
0.12113231
-0.053486872
0.12601067
-0.15302922
-0.005032227
-0.070034444
0.077410184
-0.14250068
-0.08564418
-0.13275512
0.03293599
0.025381593
-0.020115165
0.13712752
0.043117736
0.07842565
0.047660798
-0.097027756
0.07561464
-0.012882992
-0.09100527
-0.096775934
0.08889422
0.15707506
-0.07737008
0.09078542
0.14317429
-0.11418141
0.06642493
0.17907575
-0.07921205
0.008951376
0.05937403
0.06382675
-0.01207636
-0.11246953
0.0066493023
0.010744768
-0.0034464556
-0.14305474
0.080368035
-0.107969865
-0.12071497
-0.015070874
-0.04729788
0.11303685
-0.011678703
-0.005514128
0.05115809
-0.12677848
0.13247621
0.11086907
-0.044239286
-0.081961274
0.15125264
-0.18520564
0.11593375
0.0017121248
-0.089414656
-0.08894311
0.07477354
-0.046894275
0.03427014
-0.06406082
0.08102939
-0.02327247
-0.07605137
-0.07876451
0.042226344
-0.035620764
-0.03682713
0.057225652
0.09326388
-0.1182127
-0.07214518
-0.018269593
0.030102815
-0.061691403
-0.049958684
0.067887686
-0.085985966
0.032094132
-0.16655982
-0.03848709
0.11123515
-0.035804473
0.037368488
-0.05467031
-0.09615734
-0.08474559
0.0034622103
0.0007433664
-0.040483568
-0.027244091
-0.14005193
-0.092502
-0.005429553
0.0556497
-0.06736247
0.09804924
-0.055586267
-0.019745843
0.07421405
-0.09141605
-0.045628604
0.011064839
0.03145044
-0.10668152
0.0877323
0.038378723
0.03901258
0.12941012
-0.017836234
-0.008502533
0.2293419
0.091381535
0.052402437
-0.1063578
-0.1384718
-0.109996885
-0.0011075273
-0.08483902
0.0016286516
-0.055447612
0.038428873
0.03891525
0.10236263
0.05342049
0.010380262
-0.061119
-0.14795843
0.19820684
0.11963334
0.001261379
0.09384044
0.14259869
-0.021346085
0.1175498
-0.047751732
0.037827343
0.02252912
0.0059969034
0.06663
0.09414868
-0.07777232
-0.07705021
0.041083608
0.13966882
0.029722312
0.0061654756
-0.22412477
0.020986639
0.011169186
-0.05837679
0.09774072
0.1293214
-0.17049477
-0.015184087
0.071750484
-0.012554036
-0.06940147
0.10539583
-0.05214109
0.03362992
-0.0008612301
-0.08678401
-0.019169623
-0.029358
-0.16727349
0.06376593
0.071081825
0.088485904
-0.043385148
-0.1646535
-0.12618443
-0.13012432
0.047771465
0.0150013445
-0.055630088
0.094515495
-0.075427204
0.04419241
0.099486865
0.11255615
-0.00025218568
0.006405388
0.056432303
0.13541336
0.1305937
0.08077562
-0.024144765
0.08966221
0.1634612
0.07073847
0.12575933
0.010989937
-0.0396568
-0.0039536185
0.097344026
0.098058574
0.088882014
-0.06679988
-0.002613029
-0.042663522
0.03558088
-0.06748947
0.09394266
0.11966767
0.026665155
0.0020280355
0.09982375
-0.008605733
0.10343526
0.092259206
-0.021418337
0.033925638
-0.0014523756
-0.08709039
-0.07090274
-0.052780766
-0.020872114
0.10884374
0.055140536
-0.0013504338
0.027328797
-0.09348551
-0.10065244
-0.10742724
-0.1470701
0.024841955
0.12188677
0.06808033
0.0064716334
-0.06993752
0.061385043
-0.13042493
-0.0107468255
-0.048886042
-0.0932929
0.25910422
0.058663085
0.16284914
-0.0071102153
0.09545617
-0.1730492
0.09386531
0.08565313
-0.15527281
0.033290397
-0.017819906
0.049928643
-0.033092607
-0.08339218
-0.049550284
0.08623117
0.07482512
0.045462754
-0.035364036
-0.1331301
0.04249499
-0.053624675
-0.09250626
-0.030745704
-0.006449246
0.018239964
-0.07751931
-0.030060224
-0.032998532
0.024653612
0.15778261
-0.07897889
0.07753197
0.0009231717
0.12438162
0.065745965
-0.062448226
-0.06338355
0.08879634
-0.15857312
-0.042275507
-0.044069413
-0.060284305
0.17494386
-0.055678528
0.03579113
0.15392582
-0.07471707
-0.04972162
-0.07750844
0.17378107
0.005305078
-0.035732675
0.083058655
0.16586354
-0.03824137
-0.08393765
0.030685034
0.07393807
-0.095664024
-0.088280685
-0.08274068
0.0518518
-0.014470926
0.11925878
0.037490454
0.024340691
-0.03853771
0.08642055
0.002540772
0.105574325
0.06462553
0.09999762
-0.030358782
0.003095451
-0.011730441
-0.0719088
0.03750221
0.0008942694
-0.013406628
-0.037892144
-0.08232184
-0.02618564
-0.095502116
0.13410372
0.012675523
-0.06280544
0.17650412
0.21489313
-0.06781562
-0.03915313
0.007641394
-0.06614144
0.12292414
-0.023453962
-0.07074507
0.01089183
0.12097889
-0.13003868
-0.07113938
-0.015225604
-0.12136636
-0.044200882
0.00826122
0.117981404
0.05983138
-0.15347227
-0.19012351
-0.037189
-0.10279279
0.093061
0.00045845954
-0.015244624
-0.07751088
-0.120759316
-0.1287144
0.056207616
-0.006612861
-0.026423985
-0.061245847
-0.08430397
-0.02047354
-0.040500015
0.01880424
-0.10902773
0.046616085
0.06862332
-0.07979823
0.03971438
-0.025460208
-0.06602075
0.14934576
-0.04336704
-0.052502207
-0.07483113
0.046370722
-0.053330418
0.016721308
-0.05690897
-0.03912054
0.036484018
-0.08470171
-0.09073492
0.0009995183
0.06464794
0.10647419
0.06315142
-0.0015300083
0.15044332
-0.012983978
-0.010983887
-0.103307374
-0.11805033
0.041728925
-0.0014628532
0.058836896
-0.027500708
0.145009
0.015749106
0.042428646
-0.002958171
0.0704331
0.011477226
-0.06173624
0.0851738
-0.023107892
0.082315534
-0.08038546
0.044693198
0.070580214
0.06599078
0.062186927
-0.039406564
-0.021138208
-0.052435666
0.099044144
0.012353988
0.028513493
0.14712913
-0.04729137
-0.021036593
-0.021887742
0.10463315
0.015489485
-0.08322802
-0.031777903
0.08175724
-0.0048867776
0.050512183
0.1012124
0.088326424
-0.08615073
-0.109519
-0.012196563
-0.08788339
-0.038604196
0.018187838
0.0066556153
0.15955871
0.14765249
-0.1045067
0.074558906
-0.08849983
-0.072561234
-0.013396515
0.09541525
-0.016956499
-0.015419225
-0.031176059
0.04525356
-0.04202469
-0.08002441
-0.12441408
-0.10820985
0.009525835
-0.08522362
0.08258692
0.07131323
0.0603781
0.061442193
0.0026270826
-0.029640155
0.0843227
-0.039256193
0.119423375
-0.0004057497
0.055543546
-0.038637266
0.02617385
-0.065124385
0.16420802
0.016393537
-0.13201563
-0.09834497
-0.1427584
0.035382282
-0.08651342
0.064729474
-0.053480707
-0.03866352
0.14521003
-0.07000402
0.04875096
-0.056093898
0.021812564
-0.08613533
-0.008188465
-0.058479056
0.025613228
-0.111976966
0.04532943
0.024025507
-0.0104476325
0.05206499
0.038328364
0.092131816
-0.06838338
0.012670156
-0.08278889
0.071405865
-0.094735146
-0.0914921
-0.005108879
-0.07433705
-0.08697864
0.10382113
-0.09470304
0.13156518
-0.098653905
-0.14278789
0.024504146
-0.035638243
0.036912046
-0.045543946
-0.012651858
-0.064314015
-0.013392562
-0.03624854
0.0766472
0.017283514
-0.020994319
-0.021282611
0.02050743
-0.02394361
0.016439317
-0.10788678
-0.08593627
0.014820958
-0.053775687
0.11109197
-0.029330336
0.048453007
0.068196595
0.09617812
0.07812716
0.012504466
-0.1533852
0.14070265
0.05541907
-0.105296664
-0.04680294
0.04959837
-0.1327932
-0.027685348
-0.02768711
-0.07011978
-0.01100037
-0.14675641
-0.08021281
-0.095253795
-0.019642329
-0.12639475
-0.085755154
-0.06468866
0.04017876
-0.10987726
0.033077396
0.023703065
-0.023805054
0.007775031
-0.04914137
0.11683948
-0.018731078
-0.12196218
-0.0027678518
-0.07808073
0.10499227
0.12730132
0.045297414
0.1067238
0.009990591
-0.15121394
-0.0466615
-0.052490003
0.06806537
0.031089991
-0.050025173
0.08485114
0.018822283
0.16113454
-0.07408503
0.008527859
-0.04599644
-0.0018666349
0.06380253
0.060722705
-0.18451853
-0.012430745
0.07625517
-0.06305878
-0.012389916
0.04466957
-0.11600472
0.007891736
0.01514242
-0.096820325
0.14792024
-0.04280436
0.009742742
0.024775976
-0.05709031
0.044163562
0.100351974
-0.048776396
-0.089059584
0.012290724
-0.045735564
0.02013664
0.0065227714
0.029975804
-0.03912054
0.044301838
-0.0659509
0.053903244
-0.05294753
0.05541884
0.046138946
0.038892485
0.12328803
0.0937562
0.020129897
-0.057188585
0.007238371
0.009288252
0.009816809
0.043922566
0.026473572
0.017417133
0.03735055
0.03843769
-0.0882349
0.053274482
0.031490203
-0.11495775
-0.09321635
0.07051591
-0.013298307
-0.0839507
0.07178364
0.06496367
-0.07381912
0.006126132
-0.0060496414
0.00067198015
0.043159563
-0.009609694
-0.022696935
0.057504307
-0.050485823
0.0058617587
-0.0059347055
0.08443196
-0.14215556
0.0031990027
-0.037685417
-0.056792486
0.13437077
-0.021476412
0.03560117
0.04327457
0.007201089
-0.07634278
-0.027422287
0.10409985
-0.055457506
-0.10292721
0.032425456
0.09248626
-0.030789925
0.029370496
-0.051548038
-0.064044334
0.10585822
-0.07032696
-0.034465708
-0.021625603
-0.0022548637
0.04374713
0.018113509
0.10874868
-0.062030975
0.048145544
-0.0019367649
0.010718269
0.035349917
0.113675185
0.063307986
0.108081035
0.034644168
-0.005749508
0.13027008
0.05208402
0.009808177
-0.053445563
0.079772264
0.1417295
0.12860703
0.052916806
0.0866636
-0.06468811
-0.07784996
0.12378589
0.086095475
-0.07211417
-0.06270698
-0.06298842
-0.0367342
-0.07497656
0.04863641
-0.11054826
-0.10471807
0.13133208
-0.051255662
0.033461303
-0.037158165
0.10664278
0.0052250805
-0.05018958
0.07466456
-0.032113343
0.026815133
-0.0010156019
-0.07798581
-0.037058424
0.11421997
0.07980426
0.11229288
-0.046536967
-0.10524708
-0.10400366
0.09340525
-0.07480698
-0.072406374
-0.09233477
-0.08881339
-0.010365639
-0.008951509
0.12171764
0.033778295
0.011274417
-0.1502146
-0.0702108
-0.027079267
0.051801354
0.03167418
-0.02445031
-0.025092412
-0.14587502
-0.0531425
0.014311854
0.09513719
0.1376482
0.031914
-0.021180248
-0.037159696
0.042971164
0.11653029
-0.050343774
-0.03488593
-0.110885985
-0.09644063
0.06088684
-0.111346975
-0.053040434
-0.015628755
0.12769546
0.01749281
-0.06697523
-0.054823335
-0.053629614
-0.020146858
-0.06567349
0.09576829
0.0685534
0.09365568
0.19793749
0.10537889
-0.08908345
-0.08984976
0.064995125
-0.102580994
-0.051633358
-0.1135247
-0.017168622
-0.019745627
-0.08802121
-0.022663524
0.085010774
0.0018352784
0.07479363
-0.043256514
-0.043115262
0.024924206
0.007113435
-0.054502845
-0.022230664
0.054719035
0.036083777
0.07178747
0.09006269
0.03752147
-0.035255715
0.027455924
0.021432554
0.05082202
-0.05102355
0.029983338
0.06695147
0.018176936
-0.07710057
0.0010482142
-0.00011435705
-0.035467472
0.04466687
-0.046776947
-0.08941526
-0.045041703
0.0321482
0.060088377
-0.027426707
-0.1383446
0.08481887
0.09009645
-0.033600472
0.20561844
0.013989589
0.07865923
-0.10231568
-0.031145373
0.06855195
0.07123667
-0.046243463
-0.037777826
-0.00011965662
-0.11186711
0.03382293
0.07458624
-0.060437813
0.14711136
0.13480625
0.05481282
0.0047923466
0.025648415
0.0045756507
-0.12345795
-0.10152608
-0.0122554405
-0.06667158
-0.11951449
0.007689789
-0.10543142
-0.017806126
0.115257636
-0.015071283
0.14610432
0.085637175
0.07179459
0.1320335
0.10374626
-0.06915395
0.06580378
-0.07945759
-0.08253491
0.04620933
0.026536092
0.13044558
-0.03029703
-0.014378932
-0.081251346
-0.012916427
-0.06956156
-0.021333726
-0.13432707
0.03853055
-0.13495271
0.11192801
0.024444494
-0.054914042
0.076066166
0.12511252
-0.09381992
-0.014830178
-0.13380523
-0.0034917342
0.05067406
0.09280307
-0.069785856
-0.033464987
-0.018149016
0.107486
0.12678394
-0.21896029
0.10605414
0.14180699
0.012467753
-0.09582788
-0.09829032
-0.14723696
0.12839688
0.0060630683
0.03768948
0.029736163
-0.063705206
-0.058364227
0.06468067
0.10780484
0.06967517
-0.041350823
0.049400534
0.0059431274
-0.0034308746
0.026029278
-0.09041834
-0.06000594
-0.060641374
-0.09043212
0.09577013
0.065456435
0.13272199
-0.029065562
-0.11946062
0.0023610254
-0.0726064
0.0148770865
-0.11131093
-0.01920873
0.09690874
0.041093938
0.010670875
-0.063678235
-0.0321032
-0.0034902843
-0.010122118
0.15106454
-0.10058183
-0.1491142
-0.013758373
0.011688089
-0.01976869
-0.051159352
0.041232467
-0.06555161
0.111787006
-0.044156533
0.05284288
0.029563857
0.15449582
-0.0028914658
-0.060267996
0.020992773
0.11632915
-0.05388176
0.046188444
0.057774533
0.047101982
-0.101396464
-0.03955775
-0.06603452
-0.121749975
-0.13633889
-0.10629111
0.05314
0.0942125
-0.10157767
-0.017834853
0.0075834435
-0.005251595
-0.0031230294
0.09138463
-0.0011398895
-0.13368703
0.1559994
-0.13163668
-0.04607132
0.10756613
0.15472604
-0.031723037
0.14149347
-0.18119802
0.14507687
0.012554023
0.067229815
0.07522088
0.07107468
0.05575247
0.06558116
0.060245562
0.06098337
0.004120115
-0.007360294
0.01813701
0.05900137
-0.0018611578
-0.06702191
0.11845817
-0.07551623
-0.13682403
-0.09600718
-0.093576305
-0.0028448417
-0.127631
-0.0508468
0.030274797
-0.121207945
-0.07039192
-0.072288916
0.019229531
0.14563932
-0.09170688
-0.014276245
0.025186855
0.08576182
-0.0259859
-0.054691005
-0.0019335167
0.033734534
0.011920867
0.07058361
0.06567509
-0.0033066366
0.05513866
-0.055239778
-0.027183762
0.14156581
0.078790836
0.01960731
0.13399835
-0.016741231
0.14268151
0.083144546
0.040872697
0.04430678
0.14774373
-0.087513864
0.05159875
0.13846338
0.079957284
-0.002583914
-0.056171916
0.10425013
0.0015385925
-0.030677691
0.016138261
0.02723037
0.057642702
0.029080277
0.011292279
0.09499055
-0.06345355
-0.032305237
0.0583529
-0.16637222
-0.016097488
-0.10720663
-0.078891546
0.120305024
0.036526263
0.029745258
-0.070537694
-0.059822462
0.020970656
0.06425542
0.13103218
-0.06404021
0.035300493
-0.006784381
0.061943445
-0.087686
0.12570998
0.13220991
0.10897286
0.018127324
0.06768361
-0.07237334
0.07709025
-0.089739636
-0.0024900883
-0.072211385
-0.0043688035
0.14382762
0.11821114
-0.005508657
-0.1492866
-0.082141064
0.08011457
0.008374022
0.106450245
0.050039265
-0.054643396
-0.012988159
-0.05523409
0.013566341
-0.055606384
-0.14732286
-0.05261801
-0.008335342
0.04368381
0.123952955
-0.03155082
0.11607109
-0.043986928
0.0655939
0.06578581
0.16260484
-0.04548822
-0.06572918
0.06725498
0.036297847
0.09504675
-0.0734373
0.060091026
0.027533133
0.0065582516
0.14952841
-0.056102097
0.02072169
0.1227946
-0.085183464
0.09324
0.0052051535
0.086905986
-0.09381558
0.020535111
0.041117847
-0.12815447
0.019319823
-0.046119116
0.013696348
0.020520015
-0.040204577
-0.02245979
-0.009248143
0.027180161
0.13088135
0.08367003
-0.07012351
0.0017949543
0.08974628
0.04398821
0.059283018
0.10414746
-0.11089204
-0.052924693
-0.097472884
0.061295077
-0.08253128
-0.012771225
-0.0055837524
0.11923502
-0.0024937948
-0.033770442
0.055912904
0.1346356
0.035771742
0.023219872
0.040465
0.035883367
-0.06317956
0.03562836
0.024477774
0.14733608
0.027435487
0.07589668
0.12989698
0.03914607
-0.032545995
-0.013806953
0.10502803
0.08019875
0.07518894
0.09658908
0.10931177
-0.15583028
-0.045849174
-0.028593585
0.031186203
0.08499811
-0.051175345
-0.0995518
-0.08589207
-0.13972022
-0.024189161
0.10796481
-0.10729558
0.0025180918
0.10996512
0.113731176
-0.06681679
-0.020352261
-0.10992731
0.13326696
0.02930008
0.04410577
-0.018945722
-0.10615352
0.022502631
-0.008050167
-0.0010994544
-0.039809596
0.048807994
0.056074303
0.019314528
0.19358784
0.04012517
0.054600514
0.009751126
-0.023882303
0.100789905
0.14964552
0.07718705
-0.0972943
-0.105769984
0.024353437
0.046231702
-0.005957435
0.02952316
0.0153501
0.13459955
0.07943256
0.08403346
0.039073095
-0.045845605
-0.12642989
-0.03357916
0.122123934
0.062174425
-0.028607314
0.06871325
-0.016463723
0.07598518
0.09376608
0.017277168
-0.09532777
0.04047633
-0.07589915
-0.027678426
0.014179792
-0.060113307
0.054101568
0.04643483
-0.050263405
-0.11829299
-0.03875345
-0.10835661
-0.13264407
-0.03739328
0.03758452
0.07100169
-0.01924341
-0.024555564
0.070269674
-0.13047476
0.09034817
0.119934306
-0.035163444
0.09964724
-0.09387123
-0.0611099
-0.09776833
-0.04592448
0.14637311
0.0045042117
0.04273737
0.08242476
0.12980801
-0.02378556
-0.01807327
0.20083068
0.061794385
0.12777099
0.059418444
0.073275164
-0.1145699
-0.030203652
0.11731091
0.09661862
-0.118436314
-0.10191843
-0.06689002
-0.065722704
-0.037164073
-0.049127575
0.0014970842
-0.13203257
0.13715553
0.05688873
-0.071101606
0.116982676
0.26310888
-0.009736882
0.13035747
-0.050382487
0.024914052
-0.08452299
-0.031778377
-0.018733809
0.12454268
-0.021828068
-0.09215563
0.037350807
-0.1502637
0.2169041
0.021423094
0.03883266
0.07662502
0.007819305
-0.042602863
0.05301535
-0.10113171
-0.034272842
0.052845124
-0.03889182
-0.070421584
0.1073267
0.03146264
-0.08726185
-0.016599823
-0.13859797
0.048248325
0.060399372
0.005628284
0.008046291
0.015147232
0.08676758
-0.020953376
-0.050314747
-0.20470569
0.020406812
-0.14406994
0.0493202
0.009920552
-0.055982508
0.13220021
-0.12559387
-0.005522321
-0.06821895
0.19159727
-0.06504752
0.13369063
-0.07577933
0.012754374
0.09446056
0.004372327
0.12105852
0.10666063
0.21354432
0.018098434
0.039843615
0.050736133
-0.087910354
0.0070906794
-0.003781849
-0.014180731
-0.0097539015
-0.18365249
0.13764122
-0.11373981
-0.059141513
0.019380327
-0.04046043
0.090020716
0.22108313
-0.20095353
0.19392905
-0.02697851
0.13628647
0.12192259
-0.16384001
-0.00031833863
-0.07629203
0.05297221
-0.00589388
-0.1488631
0.019198455
0.055781934
0.09329668
0.06112326
0.034384035
0.099098414
0.048670378
0.03172022
-0.21835999
-0.09948858
0.14174171
-0.017659144
0.016209899
-0.21314208
-0.01850602
-0.17943858
0.15471692
0.017742496
0.07928889
0.10183416
-0.17306715
-0.020750022
-0.11590089
0.015212675
-0.10430605
0.19488029
-0.052952915
-0.059675984
-0.002514027
0.03622052
-0.11195998
-0.0011719925
-0.13041747
0.04901242
-0.20300092
-0.07639588
-0.03501893
0.10651097
0.014716659
0.08310314
0.040730093
0.07978719
-0.06233055
0.021305062
0.061412696
0.04885164
0.07269909
-0.18163681
0.047027513
0.09702495
0.0036849815
0.10597846
0.108961485
0.107158616
-0.13525632
-0.13461564
0.038327273
-0.08245264
0.0047753816
-0.07273874
-0.06595232
-0.13032351
-0.03621276
0.027383147
-0.045943286
0.011528508
0.033933915
0.013692821
-0.012963983
0.09814916
-0.17747171
-0.021156114
0.11819309
0.025789455
-0.117020585
-0.18217279
0.12820125
0.07100336
-0.034884896
-0.013725204
-0.057728745
0.1140834
-0.104110315
-0.048393205
0.13741988
0.051535275
-0.026286354
0.043946527
0.092096046
-0.031370923
0.17340614
-0.050356977
-0.14078818
-0.05292108
-0.08043731
-0.17466478
-0.022786262
-0.08927978
-0.08853341
-0.057147447
-0.009895304
-0.022794224
0.16673478
-0.005775927
-0.070163034
-0.019574285
0.00027684835
-0.017440071
0.008722782
-0.07891148
-0.11007083
0.006912488
-0.0774244
-0.06461368
0.009025408
0.016988993
-0.17007299
0.0970636
0.06319854
0.022075217
-0.20191856
0.042940967
0.042624943
0.01978141
-0.0748149
0.05898242
0.14950325
0.074736565
0.016798621
-0.13048548
0.047719736
-0.10508082
-0.054086618
0.15470566
0.0059255566
-0.09413616
0.16253047
0.24273662
-0.060646053
0.0082773445
0.06666842
0.088650994
-0.0741191
0.1259055
0.009308332
0.13124405
-0.055322006
0.03225093
0.03676782
-0.11059687
0.13241841
-0.06366033
-0.01271364
0.080634475
-0.038838327
-0.02301493
-0.16394348
-0.06506853
0.02262307
-0.049245484
0.0504715
0.045462377
0.084454626
-0.096972466
0.03644562
-0.12173048
0.021208385
0.004268266
0.0065325685
-0.048591044
-0.044408057
-0.0396325
-0.025111333
0.0883044
0.17550963
0.049420737
-0.09990154
-0.12617643
0.047908448
-0.017244067
0.057960924
-0.11641006
0.0046155024
0.0694204
0.020806687
-0.0518189
-0.0585324
0.06670373
-0.08978627
-0.17919116
0.06455148
0.026946155
-0.027184268
0.111187495
0.072304845
0.01109895
-0.041609555
-0.041271303
0.09267681
-0.091271
0.10807855
-0.0014180603
-0.02499258
-0.09630071
0.13755414
-0.034002688
0.086157255
0.02892156
-0.010386911
-0.043775022
-0.044555426
0.08675913
-0.00051158556
0.003427546
0.045737777
-0.04815866
0.046126757
0.11962036
-0.00038600148
0.047941264
0.05287872
0.12083159
-0.019149423
0.06033669
-0.026824942
-0.06457026
0.06587656
0.10625282
0.10557119
-0.09066194
-0.055187814
-0.09075564
0.08244818
0.071043804
0.019397167
0.05256769
0.032566298
0.008728843
-0.04588743
-0.054744508
-0.011304891
-0.012919003
0.026419133
-0.06961489
-0.06571816
-0.08578407
-0.0318262
0.13614938
0.09625156
0.0846153
0.09892967
0.033565313
0.08515533
-0.068185985
-0.04431199
-0.01496888
-0.060405616
0.07145459
0.065347195
0.010393514
0.083097376
0.106966734
-0.017501926
-0.045789253
-0.118983015
0.10021106
-0.02861583
0.054320823
-0.005768204
0.023447484
0.038806003
-0.018010756
0.121685386
0.07897223
-0.090877146
-0.046529524
-0.11699788
0.08688442
-0.037018277
-0.060946926
0.1626482
0.12744805
0.10706019
-0.01083067
0.015975539
-0.02372732
0.035032913
-0.052151985
0.0026679805
-0.014634208
0.015039536
-0.029683143
0.06624189
0.07348525
0.15497035
-0.07674658
0.12666994
-0.01970248
-0.11139555
0.116072275
-0.07428177
-0.002423403
-0.08518658
-0.08038403
0.10487883
0.00397046
-0.07090151
0.13642058
-0.016083887
-0.039198183
-0.053059816
-0.0038947347
-0.031927742
-0.07401595
0.01223497
-0.12295354
-0.0025796688
-0.033117298
-0.0063679977
-0.09729051
-0.015537868
-0.08500806
-0.066280216
0.09760056
-0.033440538
0.036620796
0.12744623
0.09706309
0.017041197
0.034542274
-0.026235634
-0.12762754
0.016399506
-0.014184744
-0.043916587
0.067393266
-0.090550154
0.0023501092
-0.06867161
-0.034421805
0.083318956
-0.085479625
0.10126064
-0.049065683
-0.062201805
-0.058288272
0.09115767
0.07285481
-0.0675089
-0.11587849
-0.04043452
-0.07069815
-0.017962975
-0.06885011
-0.11148123
-0.050771862
-0.04375259
0.016279066
0.11753582
0.050930563
-0.021461785
0.010272534
-0.036651973
0.056222823
-0.012652618
-0.13745663
0.040825717
0.08563969
-0.03229503
-0.13626173
-0.048466336
0.013389453
-0.020950278
0.066956185
0.08651908
0.06954448
0.0548261
0.03792165
0.15497965
-0.033531636
0.10295543
-0.060850594
0.07001672
0.027363712
0.11452806
-0.09530476
-0.083222635
-0.07994422
-0.051800895
0.049099363
-0.016519247
0.069792666
-0.053368513
0.06740472
0.02901174
0.05734384
-0.08120087
-0.082829416
0.007421277
-0.035133142
0.025936328
0.15010649
-0.043129496
0.009263854
-0.08542227
-0.16294876
-0.059230786
-0.09768745
0.023129625
0.017952928
-0.016859634
-0.07024322
-0.016154641
-0.08637651
0.042142488
0.13393809
0.044890195
-0.07116416
0.043902077
-0.08020355
-0.07169528
0.015699297
0.2026788
-0.089635365
-0.036796324
0.0443704
-0.040836867
-0.006588916
-0.06455591
-0.054738756
0.019699018
-0.09011586
0.054695044
0.05100438
0.041327406
-0.04083736
-0.10474577
-0.036024664
0.094907224
0.10391126
0.004805874
0.009881905
-0.014370984
0.08172072
-0.029068591
-0.09116072
0.0026522605
0.053182635
-0.04803408
0.14542961
0.10672394
0.05805798
-0.04802552
0.06890467
0.15362824
-0.096205674
0.090213686
-0.016034132
0.08965895
-0.0068134503
0.06637681
-0.032806966
0.097389966
0.0029925378
-0.03794123
0.08437492
0.07709816
0.036815118
0.0044369563
0.06598894
0.13842723
-0.04584155
-0.07390633
0.0379339
0.15592165
0.030943807
-0.041060515
0.07964609
0.08216406
-0.13454889
0.051550042
-0.09461542
0.005412349
-0.02191258
-0.063852996
-0.08438165
-0.054507844
0.011572541
-0.019721743
-0.05312494
0.09621214
-0.0977692
-0.014888392
-0.13808078
0.04409804
-0.053406306
-0.0434266
0.06626669
0.024607236
-0.027837817
0.036367025
-0.0436356
0.106717244
0.113570265
-0.05162022
-0.12201414
0.004920719
-0.11674316
-0.0016836622
-0.11918665
0.034195364
-0.08658202
0.030664353
0.08714282
-0.11379613
-0.018570209
0.049385354
0.116508685
0.017762206
-0.12245971
0.06431094
0.07642297
-0.047300138
-0.020832188
-0.008792096
0.01461304
0.03351274
0.08204384
-0.040032182
0.13922559
0.16563986
-0.0012803848
-0.056438003
-0.11906921
-0.08693017
-0.017892832
0.08140169
0.048254773
0.037691414
0.033518046
-0.07146037
-0.0541653
0.063453175
0.051343825
0.09634908
-0.0083675105
0.03778523
-0.04409395
0.0077400245
-0.047103524
-0.087942
0.09329154
0.0027187208
-0.018700192
0.05772977
0.12819293
0.0038608876
-0.120851375
0.023098461
-0.009388654
0.07924548
-0.07824073
0.04600588
0.07779521
0.039626185
0.11292924
-0.10100749
0.026828488
0.030044097
-0.047843263
-0.06955946
-0.08518212
-0.0897762
0.017947815
0.094979875
0.072125115
-0.037890777
-0.0021363697
-0.05823748
0.048805077
-0.043310516
0.015860416
-0.08755579
-0.14931121
0.013058571
-0.024368923
-0.075918525
0.0824189
-0.05313242
-0.045656264
-0.05056329
-0.10847814
0.050386503
-0.089932516
0.047479685
-0.028911158
0.06425548
-0.013966999
-0.11698619
0.02799118
0.055744164
-0.007882452
-0.0024209516
0.084829
0.0034212968
-0.112752356
-0.08472429
0.06869096
0.052119963
-0.08959071
0.03586843
0.1005319
0.12610413
0.028864045
0.052237064
0.06829255
-0.054604594
0.12366039
-0.052747425
0.039530523
-0.07638301
-0.061647687
-0.060468007
-0.079943866
0.12949286
0.083370134
-0.102616735
0.13616252
0.07711628
0.083256476
0.07645819
0.005218921
0.10932499
-0.05161762
0.004392487
-0.054184493
0.10503293
0.053176623
0.0453633
-0.046207134
-0.06793321
0.013982727
0.051323302
0.080039605
-0.063150145
0.051512983
-0.037818022
0.08470019
0.12609166
-0.11436798
-0.042626232
-0.056812864
-0.012796112
-0.10876846
0.07628823
0.1427974
-0.13806841
-0.03057889
0.019570433
0.12989321
0.07923324
-0.09596848
-0.08476337
0.0075742775
-0.0667944
-0.0421739
-0.044879545
0.061117243
0.117284015
-0.13929775
-0.041526064
0.0016518949
-0.015841387
-0.11733875
0.045707233
-0.08538109
0.003053132
0.040489353
0.16534834
0.015649779
-0.009840558
-0.0018698843
0.002732323
0.07557076
-0.051431954
-0.06823714
-0.041099593
-0.054249726
-0.060051516
0.046502773
0.0049846396
0.069599465
0.05731435
-0.07159603
-0.11882531
0.112107806
-0.026277095
-0.014521396
0.07400009
-0.0030971298
0.07497583
-0.076130465
-0.10400515
-0.101735584
0.17508332
0.063674115
0.05226192
0.079929225
-0.04269618
-0.028548298
-0.015744261
0.0149507
0.031124305
0.023664478
0.046362393
0.07917497
0.17785923
-0.008359337
-0.060217094
-0.057098087
0.04938988
0.06370616
0.15512502
-0.08799404
-0.040419087
0.07304137
0.03345435
-0.12446316
-0.0630127
0.007229256
-0.10920645
0.12636332
-0.011952632
0.013640319
-0.0041984753
-0.080473855
0.0071982695
0.043448757
-0.13734153
-0.03872476
-0.06914176
-0.0008273371
-0.011780067
-0.03917207
0.06049372
0.07052353
0.07787531
-0.013495812
0.048964724
-0.09294149
0.007880132
-0.041704357
-0.07280271
0.048096895
-0.10045355
-0.0500857
-0.10864027
0.010133715
0.01657493
0.12448792
0.118416265
0.007166111
-0.043677587
-0.066071905
0.046755347
0.02620855
0.09120397
-0.068730064
-0.019314792
-0.09921874
0.012044632
0.12318743
-0.022344567
0.06782633
0.028664656
-0.06823158
0.05783417
-0.02200303
0.13617826
0.0670046
0.02148832
-0.038140833
-0.039274246
0.029504735
0.15470779
-0.009140462
0.2444353
-0.033416774
-0.12617509
-0.057352107
0.040226642
0.07388872
0.007836824
-0.1034588
-0.09311835
0.0075575346
-0.08956048
0.020108065
-0.082853965
0.066944145
0.09251191
-0.0318219
0.1005177
-0.030559588
-0.09215563
-0.026504137
0.13717322
4.0378844e-05
0.025876869
-0.11417595
-0.10422418
0.12856625
-0.01195968
0.101958714
0.097315125
0.06054495
0.0767737
-0.050775193
0.087528646
0.06505286
0.10529393
0.009533092
-0.09672898
-0.0060944203
-0.07180594
-0.014755504
0.097768
-0.0044491673
-0.005354612
0.023713354
0.06717587
0.010971958
-0.11235471
0.10982538
0.06459973
0.014403628
0.088767335
0.0037905318
0.085266575
-0.11806498
0.037214797
-0.04290954
-0.067744836
0.09239532
0.05197102
0.06978199
-0.07160483
0.11172214
-0.017510256
-0.05816439
0.11807524
0.0013751414
-0.030762622
0.003902257
0.0029706364
-0.06136493
0.03900647
0.112817526
0.090295404
0.07729115
-0.051235028
0.12015229
0.042102396
-0.030000167
-0.076025836
0.07112044
0.017864717
0.05441968
-0.106281735
0.07041035
0.08799089
0.091842495
-0.05233098
0.094938114
-0.13295671
0.09783938
0.040870257
-0.11586027
0.052310474
0.0037139684
0.11224066
-0.10877059
-0.050581846
-0.027355025
-0.030044563
-0.11864084
-0.0062493966
0.07854305
-0.07408504
-0.025716435
0.02532545
0.10129752
0.040659398
-0.033527922
-0.068854295
0.07426874
-0.10288536
0.080639176
0.06268384
0.13506715
0.0029174571
-0.040323842
-0.09625916
0.15788461
0.04033779
0.13579942
0.07676807
-0.1629095
0.025842346
0.102229625
0.15517335
0.1111878
0.035152238
0.09398066
0.1295102
0.12468905
-0.078119226
-0.120596744
0.038290575
-0.041963805
-0.013962315
0.07443286
-0.042514693
-0.036352832
0.07565468
0.07679894
-0.13783835
-0.0799499
0.106453314
-0.06513633
-0.05209412
0.094985425
-0.14818667
0.010982017
0.33631754
-0.029850539
-0.13426514
0.0079044765
0.032380722
0.071883574
0.11553956
-0.09480777
-0.12515546
0.013531977
-0.14536713
-0.058219023
0.08517204
0.10847946
-0.0014537115
-0.093076915
-0.004694361
-0.011212161
-0.17803337
0.0056433994
-0.053921882
-0.061438054
0.06642018
0.014216351
-0.010117369
-0.022515371
-0.06319656
0.1017048
0.05698084
0.17195246
-0.020469796
0.08657709
0.1707878
0.027810017
0.035905972
0.033720855
-0.11967255
-0.20994836
0.2176564
-0.012803367
-0.14427109
-0.034358677
-0.049892098
-0.02520078
-0.09590683
-0.02731798
-0.16319261
-0.11164164
0.10410443
-0.0010170097
0.028511478
-0.060945183
0.077595055
-0.33340204
-0.013823948
0.09422364
-0.041914675
-0.09577263
-0.12807237
0.045399725
-0.07147389
-0.116129525
0.05023327
0.07882318
0.047275394
-0.07525849
0.050386067
-0.037555758
-0.07827521
-0.051247276
0.03412267
-0.03241495
0.15531509
0.0007672624
0.027422164
-0.004197298
-0.071520634
0.042353943
0.029813822
-0.0072982935
-0.04518534
0.21543288
0.0033756343
-0.008375509
0.06704119
0.009476115
-0.024796598
0.09223743
-0.018816212
0.024165716
0.16371205
0.047821857
-0.10306145
-0.33931562
-0.08789525
-0.018544743
-0.082248144
0.028731456
-0.08958615
0.08805802
0.03606628
-0.006194811
0.0408358
0.07096765
-0.006723903
0.1243038
-0.051838316
0.13031076
0.15955453
0.06525178
0.10036468
-0.02112793
0.1717477
-0.2614681
0.06465645
-0.06594562
-0.10746825
0.044816624
-0.1568914
0.14272419
0.0600833
0.14173831
0.0166729
-0.10890606
0.08620399
-0.06936535
0.17690706
0.0061538136
-0.059440292
0.12441986
0.09055403
0.0040609036
0.1805849
-0.025659878
-0.050275728
-0.04563064
-0.03873206
-0.09322863
0.0103672715
0.17355636
0.045017205
-0.012366486
-0.13637947
0.08518091
-0.07053369
0.0025788373
0.17309242
0.070606664
-0.11834293
-0.060076486
0.084541805
-0.049109496
-0.013541768
-0.01369074
-0.14950801
0.15149564
0.005533211
-0.107551046
-0.040241584
-0.038750116
-0.09115114
0.0750369
-0.12675118
0.040314723
0.11095041
0.107406095
-0.26960823
0.04776486
0.08772596
0.041569993
-0.02600582
-0.20456722
0.16797097
-0.019167375
0.2429426
0.13566057
-0.08037793
0.2593437
0.09313671
0.041487288
-0.0429753
0.013162386
0.071448416
-0.010609337
-0.051367328
0.12018746
-0.053296402
-0.088224165
0.0983624
0.127812
0.04210333
0.06555054
0.07409684
0.07083034
0.032029152
0.10142872
-0.055359077
0.19700575
-0.10067876
-0.08698914
-0.09366068
-0.15234996
0.087966256
-0.056638062
0.14338504
0.09472874
-0.087438226
0.004483373
0.04837378
0.005825012
0.15328662
-0.11639523
0.06824929
0.06471833
0.13706589
0.09568418
-0.2701215
-0.17264482
-0.0051428354
0.037586194
0.06058121
0.046494268
0.14314866
0.07397302
-0.11916927
-0.035137665
-0.10998936
0.04501821
0.06659496
0.035268534
0.024937138
-0.022725968
0.12937215
-0.02293909
0.009076402
-0.25101596
0.0410606
0.2467835
0.014795468
-0.030171797
-0.11161686
-0.12386905
-0.19850731
0.1680519
0.011748504
-0.19739555
0.0830235
0.016050987
-0.03845024
0.095099635
-0.1833827
0.12906477
-0.034917846
0.1440229
-0.007191376
-0.059965715
-0.110469416
-0.009719553
0.1272917
0.03677357
0.029290138
-0.04123865
0.11366845
-0.14268285
0.036753684
-0.10308876
0.07264973
-0.06079688
0.13062799
0.035213407
0.069117464
-0.09681558
-0.055315528
0.06409205
-0.056561794
-0.0013085847
0.0750014
-0.087516464
-0.016893988
-0.17675284
-0.11722004
0.11539474
-0.012906622
-0.037977487
0.016349848
-0.064805225
-0.016378371
-0.034805108
0.098831475
0.101961285
-0.067302115
0.03589672
-0.08799067
-0.07223334
-0.07082337
-0.12432025
-0.052732836
-0.07095291
0.038898945
-0.005894868
0.0017411857
0.05523391
-0.062716186
0.036175642
-0.049663622
0.011801922
-0.016005648
-0.09916617
-0.076559536
-0.033316664
0.016592093
0.03537089
-0.016339576
-0.03280187
0.10591078
0.0959502
0.10617755
0.12758015
0.04311706
0.09946642
-0.0054877526
0.13770902
0.13549873
0.024561996
-0.09484359
-0.06634701
0.07229834
-0.11429566
-0.06479565
0.07584953
-0.03727801
-0.041530862
-0.045386396
-0.10667509
-0.08612078
-0.057935752
0.021385401
-0.014225196
-0.026561216
0.04198919
0.08512342
-0.01947008
0.059099235
0.09895415
-0.07675248
-0.1306539
-0.059039902
0.07152754
-0.11559435
-0.13448386
-0.029463282
0.10060649
-0.06423825
0.032592386
0.031315852
-0.06326749
0.00063583313
0.039929707
0.12844197
-0.034767177
0.06011265
0.0587954
0.07976984
-0.016043529
-0.06784229
0.11679287
-0.0015324557
-0.12848671
-0.006711185
-0.015456184
-0.042886075
-0.01940356
-0.014175856
-0.024090955
0.07928717
-0.044390414
-0.12190509
0.05789985
0.06971235
0.10545817
0.15165895
-0.037666168
-0.060494915
-0.031124363
-0.07306364
-0.052344244
0.024767831
-0.03453443
0.10849975
-0.043081257
-0.13395606
-0.049759544
0.08411508
-0.12146879
0.010469598
0.087352626
-0.065175824
0.07354922
0.015123695
-0.07444511
0.027816001
0.09469762
-0.023868777
0.08243733
-0.07715694
-0.03896342
0.08771875
0.11124398
-0.044230614
-0.02822077
-0.10101209
0.0022643474
0.06533199
0.04249116
0.028933967
-0.08713934
-0.022135194
0.020105267
-0.037196737
-0.10215136
0.009115731
0.079174474
-0.15824533
-0.0752493
0.05087767
-0.06454515
0.059605014
0.07719353
0.13981955
-0.09272547
0.099642664
0.093897045
0.03997405
-0.08190187
0.0492191
0.12798297
-0.003933724
0.055629708
-0.092072345
0.069204345
0.07713084
0.07193199
0.028440539
-0.09128656
0.06909194
0.009777984
0.062672555
0.01734632
-0.07855298
0.09658938
0.022961056
-0.034343675
-0.10202178
0.1598483
0.051349837
-0.035353977
0.0872585
0.028711928
-0.034212787
-0.10425337
0.07730165
0.026933808
-0.037345205
-0.12390824
0.11263327
-0.03191826
0.10949372
0.008098748
0.10324439
-0.062797286
0.13155779
-0.011394
-0.019472579
-0.031175746
0.061230157
0.025201738
0.028484393
0.022990685
-0.06985741
0.04255634
0.016830774
-0.030281639
0.062114477
0.103867464
-0.06872544
-0.031587455
-0.025093544
0.08550483
-0.06051551
0.099053666
-0.03907234
-0.030299243
0.0814252
0.0154419895
0.11066163
-0.033516783
-0.15247309
0.0695108
-0.11842773
-0.10110676
0.10754317
-0.054270934
0.004546334
0.0054479064
0.039222
-0.009215527
-0.011742882
0.0873735
0.044673752
0.08364238
-0.10030518
0.024369266
0.0826619
0.06814118
0.037932
-0.047141273
-0.009919826
-0.10088913
-0.018573875
-0.031861693
-0.06360192
-0.052789968
-0.05221116
0.040171906
-0.059993256
0.077123
0.0891884
0.01165537
0.11946009
0.087338954
0.11068825
-0.040108953
-0.006320897
-0.16963266
0.10912376
0.023543414
0.06740342
-0.10541312
0.054408547
0.009226191
0.027918408
0.14030468
0.13071637
0.012080452
0.14603676
-0.013406719
0.04155514
-0.10850713
0.006617355
-0.029873908
0.06053518
0.11945522
-0.09028016
-0.06550573
0.09501193
0.10371891
-0.09265223
0.14025457
0.12661374
-0.06936936
-0.09399236
0.010358132
0.05712878
0.13383979
0.022060156
-0.050156504
0.057027057
-0.018477097
-0.1387363
0.07569995
0.026073901
-0.10231434
-0.11056184
-0.06400702
-0.0645712
0.10384991
0.029153788
0.12069602
-0.11827821
0.010265164
0.070474096
0.010953662
0.063605994
-0.034163613
0.06519264
0.09557943
0.11374432
0.052334193
0.052657735
-0.04732738
0.058478076
0.059697248
0.097638585
-0.073669866
0.057903804
-0.07233169
-0.0055489815
-0.044922683
0.08139458
-0.05617417
0.0064700427
0.042303987
0.08869537
0.06636392
0.11770959
-0.032828722
0.00029341856
-0.004921327
0.077053614
-0.017749978
0.050538886
0.1262912
-0.09130675
0.10734432
0.12539832
0.17980783
0.026122808
-0.08151656
-0.013963497
-0.11015947
-0.057699174
-0.01748983
-0.084786445
-0.122812785
0.07437397
-0.03190496
-0.09230075
0.035385404
-0.03858567
0.0644958
0.092035525
-0.18439555
0.12975502
-0.048669793
0.10478786
0.05897626
-0.03484611
-0.09976854
-0.08348178
0.12715377
0.112268634
-0.0965667
-0.09479137
-0.024452515
0.012211881
-0.0005887393
-0.119065106
0.044113435
-0.020841334
-0.10180216
-0.10554722
0.0577572
0.02973945
-0.089484766
0.093392864
0.07872081
-0.08769915
-0.0926067
0.0029704985
-0.063584864
-0.059080157
-0.14091112
-0.005789132
0.10080362
0.08386241
-0.09648336
0.10636339
0.057253756
-0.057458255
0.071258545
-0.06474645
0.019785376
-0.058033157
0.09638413
0.043612808
0.10914214
-0.013686781
-0.08388373
-0.09346622
-0.04116934
0.089722686
0.10834853
0.050508056
0.09005274
0.06665093
0.03225932
-0.11363276
-0.06057673
0.09203262
0.08749302
0.030462375
0.13528275
-0.06245216
-0.039549645
0.12631604
-0.06990853
-0.13709274
-0.086655445
0.09275187
-0.031490207
0.021597575
0.033496663
-0.09419013
-0.07400219
0.003337268
0.1068605
-0.07903004
-0.00024489142
0.10650588
0.103850804
0.081691325
0.01697106
0.06640666
0.084293686
0.03938774
-0.1265744
0.0023146807
0.05392555
-0.007919487
-0.14931357
-0.07307598
0.12167937
-0.073787235
-0.13830805
0.13360533
0.0002808336
-0.09316446
-0.16713332
-0.05509262
-0.076779634
0.12278357
-0.023200179
0.0329462
-0.061562575
0.11703263
0.1269056
-0.09482866
-0.094902724
-0.1289597
0.06567342
-0.0074878405
-0.009967582
-0.08995362
0.0736194
-0.15694208
-0.11519192
-0.12584141
0.07739793
-0.05982352
-0.04343256
-0.08213593
-0.04246409
-0.09187383
0.06864441
-0.11180558
-0.032954223
-0.086880036
0.006808345
0.10383123
-0.020807842
0.09348795
-0.113847435
-0.020249104
-0.020488707
0.13015136
0.11564866
0.054841623
-0.0151975285
-0.117310904
-0.18541706
0.068258815
-0.03921021
0.13752571
-0.14950816
-0.033523146
-0.03799227
-0.08228476
0.11394208
0.0884558
-0.07690934
0.08388258
0.049418833
0.1368949
0.04259283
-0.06623677
0.03337727
0.054284964
0.12847899
0.10081386
-0.09791085
0.042079665
0.08635472
-0.20470579
0.02700068
-0.03690707
0.10307697
-0.081173114
-0.08451274
0.11248138
-0.112668104
0.004110445
-0.023853002
-0.08029211
-0.08192959
0.03648513
-0.002979376
0.07099288
-0.005459249
0.0049524596
-0.054250065
0.03808039
-0.054433327
0.080970965
-0.021745192
-0.069713816
0.15692052
-0.11137014
-0.0154851535
0.09571089
0.10966534
-0.112428404
0.2382468
-0.034109384
-0.015971018
-0.05070052
0.016498009
-0.07327046
0.08512404
-0.011230369
-0.13001624
-0.02302001
-0.012859095
-0.010616867
0.023821369
0.020538747
-0.084436394
-0.0874632
-0.08418583
-0.06588881
0.08564005
0.06637355
0.040297326
-0.044020236
-0.03359811
-0.18126792
-0.06877507
-0.05188264
-0.10448842
0.17815107
0.09756639
0.08760762
-0.13061677
-0.07896954
-0.08826838
0.012150377
-0.023741039
0.121891946
-0.044621665
0.045197476
0.013875151
0.010154333
0.20291093
-0.0612759
0.07761812
0.12320878
0.050325822
0.08010754
0.12080676
-0.085963085
0.02431546
0.060504436
-0.03885463
0.0393251
-0.19435014
-0.05398162
-0.14300904
-0.046665914
0.053174395
-0.06950215
-0.05201892
-0.04779014
0.16271389
0.115309924
0.0031328101
0.10121663
0.07827449
0.050810657
0.0028635578
-0.11314365
0.11408465
0.117939785
0.032797195
0.17271894
-0.0036825433
0.163061
0.03836447
0.069729686
-0.10034654
-0.112042144
-0.10277519
0.1260563
0.049452722
-0.020790767
0.0916901
-0.03837744
0.032758642
0.03634894
0.020481959
0.046860293
0.01180661
-0.09995921
-0.094094865
-0.013310465
-0.0088846
0.07386622
-0.13688275
0.15210463
-0.02503854
0.066429995
0.07173357
-0.1009913
0.07495917
0.060829718
0.11692862
-0.016164506
-0.11008407
0.11804569
0.11870078
0.123710945
0.09672572
0.09449536
-0.031617306
0.10552232
0.15324806
0.10087061
-0.05654424
0.10248742
-0.019858314
0.11378984
-0.12276219
-0.0055268724
0.021005347
-0.011704224
-0.03447722
-0.12614457
-0.08501605
0.12140027
-0.11478407
0.042352002
0.0677902
0.08868851
0.14749758
-0.17799062
0.036813747
0.14942533
0.13349685
0.06196939
-0.050997585
0.016597373
0.092399865
-0.016711121
0.14744522
0.039092105
0.10380031
-0.13365877
0.08469376
-0.16017872
0.051751055
-0.09403569
-0.13516699
-0.09295495
-0.09556606
-0.10995982
0.13532655
0.00970028
-0.12306836
0.09843329
-0.020801062
0.09308897
-0.12650532
-0.13380426
0.042888444
-0.08048787
-0.050412968
0.028200693
0.06261779
0.113180846
-0.026983537
0.08931205
8.778442e-05
0.0033240274
0.028634423
0.12544046
-0.027186962
-0.06315595
-0.02860494
0.16665304
-0.053456146
-0.003308226
0.031593774
-0.15434565
-0.0066013304
-0.11342414
0.043980014
-0.028121319
-0.072003
-0.21031125
-0.045950446
0.0014758938
0.1320912
-0.0289947
-0.07767256
0.10567543
-0.06722694
-0.013430872
-0.11008155
-0.0059150425
-0.03752403
0.08847212
-0.053707387
0.010036706
-0.042498797
-0.08316777
-0.021134038
-0.025046272
-0.10168709
-0.023953231
0.06085811
0.02633337
0.04888906
0.102752365
0.09265103
-0.12919597
-0.13504148
-0.06628329
-0.11093468
-0.11165293
-0.11099809
0.04448359
0.105540335
0.08562265
-0.03346483
-0.057449102
0.012920569
-0.047639165
-0.13085842
0.03957868
0.077456824
-0.12540306
0.10666499
0.013989395
-0.09089343
-0.077023
-0.07163642
0.12211028
-0.030000279
0.040068988
-0.08535687
-0.02232816
-0.030727677
0.06948942
-0.04900425
0.008057499
-0.025890524
0.082369946
-0.017508963
0.06325865
0.112487316
0.07034355
0.13157289
-0.077725
0.07909746
0.044680294
0.041039333
0.006748763
0.03707397
0.11093139
0.08900455
-0.062166844
0.0967648
-0.11868709
0.07506327
0.098406926
-0.061912693
-0.07330119
0.006788966
-0.011012899
0.07708854
0.08347362
0.12608184
-0.07971486
-0.047619678
0.045941137
0.076652944
-0.023983026
0.11244257
-0.09733357
0.06037314
0.09326396
0.0553525
0.066551186
0.06231825
0.014487375
0.08400123
-0.039901257
0.054341946
-0.033167087
-0.14428538
0.08729813
-0.00635833
0.047998376
0.047243487
-0.07337823
0.041936997
0.018685704
0.039572977
-0.0507848
0.067697935
0.010597432
-0.021009656
0.050631765
-0.09073137
-0.022476085
0.09315855
-0.0053156014
0.11810064
-0.003489261
0.010519311
0.021781342
-0.10713617
-0.00863557
-0.10859259
-0.038755346
0.120978616
0.015274292
-0.087073945
0.02004897
0.10196643
0.059552696
-0.002314266
-0.056135148
0.07154888
0.0040678973
-0.085193105
0.029596608
-0.059026536
0.018241014
-0.05943393
0.03762423
-0.19239436
0.043226067
0.0077932645
-0.048835643
0.11903295
0.056405604
0.093081504
0.13466188
0.078977026
-0.057023033
-0.107835025
-0.066152416
-0.16482957
0.07494895
0.16242829
-0.03379026
0.08116334
0.052242704
-0.12116615
0.012128216
-0.06671127
-0.009899749
-0.0041645127
0.11973785
0.024462061
-0.15566376
-0.032845456
0.10666691
0.028856406
-0.10025579
0.02082681
0.044135712
-0.115745746
-0.009703504
0.11778375
-0.044780765
-0.01359098
-0.074492484
0.04986488
-0.019942919
0.09782238
0.01878257
0.07178021
0.06812652
-0.05024075
-0.06347361
-0.031025216
-0.023093706
0.089735836
-0.07261814
0.052479852
0.095401175
0.009097678
-0.044032507
-0.106664464
-0.1177513
0.20632142
0.03296237
0.04621014
0.058952548
-0.1882448
-0.15227471
0.07462489
0.08037515
0.10352941
-0.013577231
-0.029960357
-0.20449868
-0.0024433217
-0.091005966
-0.13608164
0.06697018
-0.01655489
0.014849957
-0.03148304
-0.025720192
-0.03871458
-0.028625788
-0.030891713
0.04175317
-0.07117932
-0.04355508
-0.11981886
0.102054365
0.03358978
0.014956266
0.0056519285
-0.06678849
-0.02607388
0.097575516
0.005569364
-0.033914436
-0.0102949515
0.16278492
-0.05620524
-0.12539035
-0.11830532
-0.034944184
0.1273196
0.00462306
0.022041038
0.043366905
-0.112927556
0.052822996
0.06616132
0.078342944
-0.026947662
-0.1542623
-0.06910025
0.056473702
-0.15460809
0.02002651
0.024547622
-0.12187356
-0.001720021
-0.021045582
0.037707962
-0.12767063
0.04640428
0.11898301
-0.21493332
0.13292037
0.00086274365
0.018733572
0.05857494
0.15290661
0.12252141
-0.017449165
0.041854553
-0.097191386
-0.11238225
0.013953092
0.16535695
0.008441314
0.08439447
-0.057143122
0.039985903
0.054180183
-0.048128217
-0.0663555
-0.051093776
0.042985696
0.012391812
0.011976004
0.011777731
0.08090625
-0.08194093
0.026341558
-0.060185827
0.050114147
-0.13575976
0.066304095
0.03761101
0.12792084
0.064058654
-0.026642282
0.0012876914
0.09021509
0.07036542
0.094653755
-0.13515101
0.14572974
-0.006823614
-0.029111283
0.028341051
0.047481462
0.052934125
-0.021459337
-0.052778587
-0.119580895
0.0061932113
-0.014519736
-0.008231864
0.036294207
-0.008065889
0.10324065
-0.124563195
-0.0009835826
0.0450487
-0.072524756
0.04246123
0.03853552
-0.010282635
-0.070833996
0.08211397
-0.12123244
-0.01927726
0.06565018
0.06069435
0.02472007
-0.0013674308
0.14675589
0.016422914
0.11865156
0.037876256
0.05824839
0.0075891595
0.03693361
-0.02270284
-0.016531514
0.06591805
0.0042400244
-0.14778401
0.16031468
-0.1499474
0.017399656
-0.053960033
0.03213938
0.10514547
0.11963006
-0.185377
0.0653641
-0.02191286
0.076296166
-0.08057756
0.040746085
-0.001562
-0.044033237
-0.19010839
-0.12243548
-0.20183885
0.05542248
0.009013395
-0.020205406
-0.028572276
0.01589667
-0.015217853
-0.038337298
0.14400929
-0.11467196
-0.029089512
-0.0331035
0.21711864
0.12782247
-0.14563896
0.05568129
-0.16006303
-0.0054879235
0.014008442
0.13247915
-0.01586673
-0.053720936
-0.09825757
-0.028669143
-0.002679387
0.108927704
0.033939283
0.07071281
-0.16914551
0.008171792
-0.06429651
0.10122315
-0.021049328
-0.05181439
-0.012242498
-0.061698873
-0.043231573
-0.00037027017
0.05869529
-0.040516626
0.010413619
-0.051754434
0.12373214
0.112325266
0.04221747
-0.048497587
0.029755779
-0.0781798
-0.11258874
-0.06884669
0.10532956
-0.19975685
0.14009905
0.13356851
-0.003049977
-0.08105373
-0.001997574
-0.06847121
0.04717015
-0.06617096
-0.09834105
-0.029114177
-0.0038419322
-0.06772409
-0.09504944
0.04417598
0.017583046
-0.056588855
-0.034817286
0.17772603
-0.10823712
0.031185305
0.039590288
-0.11433145
0.026204498
-0.086992875
-0.05973904
-0.102313824
-0.021538246
0.08444743
-0.03219862
-0.003430837
-0.08673718
-0.018544776
0.10905314
0.029831216
-0.13652351
-0.053407922
-0.025498835
0.063913986
0.014422519
0.13441278
-0.11920772
-0.025819078
0.038462948
0.04216527
-0.10378148
-0.17576724
0.004577662
-0.19707736
-0.06905472
0.038523152
-0.108572595
-0.08809919
0.022069084
-0.14520301
-0.07517046
0.0051986654
-0.18111913
-0.06817139
0.14822859
-0.15122026
-0.1178394
0.0050769346
-0.11873124
0.038028516
-0.034016073
0.056570347
0.084751904
0.09209391
0.09308167
-0.14592436
-0.093364984
0.10774991
0.040147845
-0.05909255
-0.02690048
0.17193305
0.10481881
0.056862537
-0.017301373
0.013724585
0.1289692
0.06429274
0.049674183
-0.11039496
-0.09554106
0.019784404
0.15416253
-0.115073025
-0.06770093
0.15137869
0.15566193
-0.17399879
0.124874026
-0.036643766
0.07148633
0.022338046
-0.043192964
0.09911574
0.029762724
0.023039557
0.09406801
-0.017315302
-0.0197734
0.138942
0.061443083
-0.04348718
0.01569406
-0.12944947
0.1090777
0.13610072
0.026372256
-0.015416061
-0.053606454
0.024719536
0.059322294
-0.100467615
0.022018922
-0.09399851
0.07133739
0.0067959204
0.011350402
0.06468002
0.12975633
0.10490136
-0.023399975
-0.039544664
-0.058063652
-0.08085854
-0.090402655
-0.031839572
-0.13815582
-0.014451967
0.08222564
0.07406834
0.01436803
0.052766506
0.025877118
-0.058669742
0.0008415853
-0.1005397
0.05254156
-0.044062663
0.021365141
0.1348743
0.103039645
-0.04382689
-0.08923434
0.11999021
0.114873335
-0.05232918
0.015038323
-0.05724468
0.09037635
0.06241541
-0.050589032
-0.0126343835
0.05371175
-0.020665862
0.060572263
0.14182472
-0.03680891
-0.0083960695
0.08100516
0.016441472
0.13652256
0.132658
-0.042124387
0.14454101
0.10439181
-0.06465492
0.065312274
-0.031317353
-0.011273837
-0.061513126
0.052782234
0.03975775
0.09401451
0.09023315
0.10848493
-0.16331421
-0.10572323
-0.14401221
-0.07832325
-0.06069005
0.032178756
-0.0756403
-0.020283835
-0.06513601
-0.00071618636
0.07184651
0.10003677
0.030587751
-0.01889531
-0.09678474
-0.15640785
0.017007891
0.06347594
-0.05122185
0.051853128
0.04883229
-0.025567489
-0.044471327
-0.032048073
0.008761863
0.053172007
0.046405166
-0.007053256
-0.0665736
-0.09363741
-0.0011296577
-0.047910556
0.06786958
0.09507848
-0.09968416
0.074036196
0.0009764665
0.06199808
0.15436071
0.0023598818
0.02695962
-0.056647316
0.13486704
0.031173835
-0.03615668
-0.05561035
0.06701243
-0.09713644
-0.028138537
0.06268442
0.058535337
0.022302315
0.15305787
-0.06556482
0.018477932
0.012653675
0.051848985
0.039778966
0.12879111
-0.0045934664
-0.008825929
-0.04403032
0.12969208
-0.14131412
-0.07439203
0.06660508
-0.0972772
-0.093623415
0.07311722
-0.028730337
-0.11534004
0.07754439
-0.037919123
-0.06565664
0.025464805
0.039642096
-0.108256996
-0.08262167
0.08725632
0.13163438
-0.047030307
-0.07258236
0.12811749
-0.036151823
0.10448458
-0.0664684
0.05960833
0.017454525
0.08394109
-0.07475784
0.040615015
0.11961981
0.023372358
0.09553239
-0.07387587
0.07263917
0.063843876
-0.089308836
0.108159915
0.109603055
-0.059400123
0.07047508
0.10439479
-0.03940383
-0.07820329
0.028744403
0.013813741
-0.07926467
0.0894229
-0.053825714
-0.11137969
0.09090515
0.123179354
-0.019225622
0.08853435
0.0369504
0.041483056
0.037360307
0.10094832
0.018187629
0.10297958
0.04775159
0.05913798
-0.099148415
0.004830765
-0.035902813
-0.04540353
-0.028147439
-0.055429704
0.057633936
0.067598656
-0.029047072
-0.03174332
-0.014211305
-0.05478765
0.04112837
-0.098806985
-0.07111934
0.04171024
-0.05080003
0.1125354
0.0767206
-0.1274957
-0.02521723
-0.0061830194
0.09924238
-0.012562148
-0.11067542
0.10285228
-0.08013082
0.045154247
-0.090618074
-0.09569318
0.11724145
-0.09700852
0.06137526
0.0822795
-0.11996079
-0.10644028
0.14545384
-0.09718068
0.032609385
-0.03326603
0.11983286
0.06979273
0.059702203
-0.071081646
-0.046440657
-0.018188778
0.14034118
-0.047001097
0.004337584
0.078546904
0.07614761
-0.010882268
0.058933083
0.008082055
-0.01146266
-0.026171053
-0.066757455
0.10043626
0.11783244
-0.01992142
-0.10620938
-0.064719096
0.061370566
0.0006327104
0.09674417
-0.01588787
0.09596999
0.11179933
-0.0740405
0.064977534
0.09108223
0.11405206
0.069881186
-0.07070223
0.08837395
0.07282372
-0.058866605
0.11864534
-0.14565107
-0.0043163737
-8.051222e-05
0.08972859
-0.10895571
-0.069087714
0.02424078
-0.13236198
0.09698374
0.110512376
0.044099674
-0.04501267
0.07739611
-0.01435664
0.011226308
0.050445933
0.07153382
0.021622853
0.14554624
0.009568301
0.077324
0.087605245
-0.11174849
-0.04705543
0.040317636
-0.028685395
0.097841784
0.12158703
0.09800909
0.10498951
-0.05905646
-0.036965717
0.061724186
0.08787739
-0.037651487
0.048425417
0.015967527
0.10905925
0.031158196
0.038476937
0.053871617
0.09657366
0.0520641
-0.066908024
-0.014776374
-0.07858566
-0.03856814
-0.09794322
-0.024512049
0.044250894
-0.04742583
0.091016665
-0.11743482
0.05194164
-0.08136683
0.07168495
0.13821879
0.024797877
0.13641919
0.025435675
-0.042084392
0.10974647
0.087311156
-0.023098784
0.057594057
-0.07856392
-0.012454358
-0.031388175
0.13447699
0.01630549
-0.077389725
-0.07934842
0.12926458
0.0722006
-0.012257701
-0.033192594
-0.020054292
0.06945238
-0.10693842
-0.02017893
-0.069535516
-0.015922895
-0.060686093
0.039884508
0.025633521
0.005223197
-0.0111415265
-0.08116265
-0.13821726
-0.07762465
-0.026672723
-0.0031743357
0.1397918
-0.024365436
0.010591966
-0.107284315
0.035155144
-0.0040279506
0.0032510587
0.030989187
0.037510697
-0.12715083
0.010664144
-0.009269876
-0.027164388
0.060538188
-0.04159371
-0.07521238
-0.005177234
-0.06779979
0.08488179
0.04529783
0.008392701
0.021758262
-0.12597662
-0.082740724
0.0857047
0.10149797
-0.06737633
0.049439766
-0.13818155
0.07690699
-0.033192765
0.13133429
0.10730393
-0.0152448835
-0.039167322
-0.010826552
0.09032328
0.01978457
-0.02912781
-0.06523668
-0.13301314
0.07327509
0.02759441
0.040571373
-0.009262879
-0.14592224
0.16486736
0.11884968
-0.045188062
-0.0771598
-0.017693529
-0.034538258
-0.11090995
0.07510934
-0.061995037
0.105840385
-0.057377636
-0.10768208
0.01566572
-0.10680181
0.012323487
0.030727794
-0.051212944
-0.011729002
0.09910764
-0.09506603
0.06392855
-0.1021137
0.010139651
-0.06477748
-0.083083965
0.025627034
0.17164597
-0.09599035
0.08349488
-0.050148245
-0.059544735
0.11048885
0.012176417
0.08031165
-0.032574918
-0.045010384
-0.06435032
-0.010194101
-0.14634807
-0.026676962
0.15507601
-0.12240155
-0.013166866
-0.030818768
-0.068654634
-0.013711622
0.0240181
0.100532815
0.004340982
0.052358385
-0.036216293
0.093608096
-0.027332045
0.110105745
-0.060016207
0.099087715
-0.033103406
-0.08079386
-0.058144953
-0.113232695
0.013713317
-0.00538801
-0.05790091
-0.07024584
-0.011178221
-0.06096236
-0.06393793
-0.06664357
0.033176314
0.1312867
0.027229818
0.05503944
-0.035707034
0.049564715
-0.034112144
0.0971384
0.103855655
0.02060859
-0.009787131
0.07590355
-0.031381454
-0.05535185
0.04378201
-0.010484256
-0.060744274
-0.002239025
-0.035371885
-0.080827
0.049451925
0.036424614
-0.14410454
0.039810404
0.07821993
-0.051193215
0.10402699
0.072431624
-0.006231131
0.10469246
0.08898422
0.06650215
0.10584158
0.0049245264
0.16255799
0.077602275
-0.082545474
-0.0930994
-0.049855314
-0.012911411
-0.10802934
0.0004085369
-0.11633815
0.024770504
0.044531576
0.012718521
-0.06881158
0.07176732
0.19557437
0.02613768
0.030916365
0.07699017
-0.08277893
-0.034392778
-0.021927854
0.009475189
-0.08221554
0.017758813
0.052850876
-0.077671945
0.10977336
0.13589145
-0.11644323
-0.062441677
0.009930538
0.07286315
0.061775852
-0.050996467
0.02802299
0.00902356
0.04909061
-0.13939707
-0.01979845
-0.12967214
-0.014965536
0.016437652
0.054444104
0.09718182
0.027969455
0.07002656
-0.06236307
0.0875856
-0.093073174
0.059490547
0.013445847
0.1398956
0.0751973
-0.041494496
-0.086971015
-0.012646933
0.024753265
0.17880887
-0.008481037
-0.11588224
-0.008725576
0.12244668
0.067593515
-0.06895861
-0.037700873
0.16018596
0.035747323
-0.12210611
0.11058206
0.06959816
0.12562302
0.035174537
0.13471508
0.12783964
0.13795595
0.114710055
-0.10339171
0.061784476
0.0807237
0.0673574
-0.05436218
0.061957598
0.14701891
-0.041923158
-0.06643814
0.08648728
-0.060436707
0.05373279
0.04489305
-0.06637465
0.13272168
0.040915765
-0.06093823
-0.10189109
0.05293807
0.10194797
0.0606183
-0.07746553
0.01781953
-0.010746624
-0.08088438
0.017118024
0.102468416
-0.06393949
-0.054783057
0.0037399218
-0.03615053
0.08036816
-0.09741138
-0.056828883
-0.13578108
-0.085367404
0.011986715
-0.08025792
0.12793176
0.13818185
-0.06211925
-0.2049242
-0.02667764
-0.088657066
0.04399398
-0.067202285
0.04897798
-0.07320312
-0.0806533
-0.16208267
-0.030616002
0.07091796
-0.071426444
0.08764863
0.09886028
0.14705686
0.053186398
-0.09867823
-0.10588753
-0.08357428
-0.009049462
0.08041909
-0.008466142
0.09962936
0.025268128
-0.14515577
-0.047402266
0.036745556
0.014258727
0.049758453
-0.05907824
0.0010391893
0.13336195
0.10015396
0.0077051516
-0.011511968
0.055225078
-0.11842622
0.009345849
-0.08869494
0.026352702
0.043907475
0.16335376
0.014741698
0.049649246
0.023616891
0.057397548
0.059832033
-0.031079536
-0.14425929
-0.090955086
0.077057615
-0.049138907
0.12205871
0.14363798
0.10408144
-0.08087605
-0.1304601
0.029975902
0.14358965
0.07130659
0.061278876
0.09194056
0.07503507
-0.008122944
-0.06739794
-0.002841609
0.01866611
0.00010550778
-0.0578731
-0.07158031
-0.06890089
0.14388876
-0.092983246
0.07568319
-0.067763954
0.010821864
-0.06269911
0.11471633
0.048205145
0.093330435
-0.019060709
-0.019880375
0.10320896
0.053519506
-0.05859876
0.14102533
-0.030888038
0.05916591
0.012247566
0.12527369
-0.056060143
0.024842337
0.097652934
-0.055453286
0.022135548
-0.010226562
0.076200105
-0.025463486
-0.029260105
-0.085789
0.065550216
0.040599797
0.1004496
-0.06791066
0.15787531
0.037069812
-0.06628362
-0.03378962
-0.06068868
0.057752408
0.106678054
0.09387169
0.045217693
0.04272756
0.10716179
-0.20393215
0.14054541
0.011649543
0.096440256
0.0045218356
-0.024950193
-0.05115965
-0.06263759
0.046242923
0.05787774
-0.02027789
0.14009112
-0.087727174
-0.01983336
-0.09524552
-0.18340011
-0.059409924
0.10927934
-0.055696722
0.037006523
0.113992676
0.050320435
-0.17463289
-0.032590527
0.03323251
0.111744314
-0.12832336
0.05023773
-0.13650297
-0.096783444
-0.12358003
0.04264771
0.030006632
0.07551749
0.06978295
-0.072041154
-0.07647239
-0.111936964
-0.1664505
-0.0045026876
-0.182115
0.039024957
0.10663917
-0.18241107
0.097609
-0.066251166
0.031246163
-0.14190969
-0.010045106
-0.017626783
0.004389821
0.019504746
-0.03930061
-0.14254637
-0.08656538
0.23594986
-0.0044708005
0.009123318
0.012080482
-0.14924628
0.032946102
0.05132828
0.11392398
-0.20285866
-0.14914893
0.0040705586
0.052134406
0.1353642
-0.13243932
-0.006915941
0.017171117
0.056898877
0.019909674
-0.010920017
0.031506468
0.002554889
-0.10372244
-0.016320301
0.101051554
-0.05352279
0.0038536992
0.05744326
0.1109664
-0.008727408
-0.10259736
-0.03074463
-0.15050662
-0.11529418
-0.11226672
-0.1041004
-0.19053125
0.017094936
0.025328929
0.08625752
-0.07057644
0.15235652
0.14952505
0.06268734
0.09001803
0.046873983
-0.12723275
0.107750855
0.008582751
0.054690883
0.1422888
0.22199056
-0.13211882
0.07081296
0.014238868
-0.028396431
0.058124464
-0.03630929
-0.071390025
0.009215604
-0.06080713
0.09930363
0.10703608
0.030774614
0.06858372
-0.053602193
-0.013056445
0.029142518
0.09061666
-0.067561336
-0.13773367
0.22989956
0.19903468
-0.06770084
0.054193676
-0.15784532
0.071225785
-0.069087125
0.15257443
0.19288516
0.049434327
-0.13657466
0.10995129
0.0642293
-0.03842546
0.15871096
0.14944185
0.046174806
0.09706305
0.04333617
0.16816546
0.07982186
0.21198836
0.14159124
-0.0115655195
-0.14180095
0.06464798
0.07971775
-0.043727305
0.07639066
0.030726107
0.10789395
-0.04030174
0.12252336
-0.12012283
0.04948937
0.17552115
-0.08424863
-0.22950658
-0.12230852
0.13807072
0.111033075
0.07112152
-0.03530017
0.0134836435
-0.015340583
0.0016827378
-0.13047914
-0.14493243
0.11542443
0.07781398
0.016685504
0.063466854
0.06723624
-0.12830201
-0.1572731
0.056862425
0.059704375
0.007382108
-0.061521776
-0.06462142
0.032517422
0.053220578
0.090770535
0.058967862
-0.09060738
0.056436546
-0.04605246
-0.15910242
0.115201585
-0.02652737
0.21705095
0.06735248
-0.015120634
-0.08124948
-0.1537462
-0.008609782
-0.005847124
-0.15854421
-0.0052950922
0.011330596
-0.016236033
0.025444862
0.09250309
0.099550694
-0.072196394
0.1660342
-0.1357133
-0.06586614
-0.09066311
0.115865044
-0.1223707
-0.07449381
-0.02704841
-0.020317819
-0.061426513
-0.016227892
0.20146088
0.11986086
0.086727135
0.035896897
-0.065363705
-0.021125896
-0.04703648
0.03705795
-0.029461786
0.14163534
-0.04375067
-0.18870877
0.041862696
0.114288524
-0.019282335
0.16954593
0.061728384
-0.010258443
-0.077191025
-0.10944738
0.07119876
0.0133696515
-0.051643092
-0.083106264
-0.084646024
-0.17999981
-0.12093761
-0.029470123
0.07042457
0.18506782
-0.028975014
0.017116295
0.05633084
-0.029716907
-0.08682219
0.007040077
-0.07011318
-0.048076138
-0.088959575
0.17315896
0.13450287
-0.008788124
-0.06984744
0.071676865
0.109809466
-0.0918222
0.11628456
0.0017478811
-0.045550235
0.16284259
0.023002382
-0.21798758
-0.056577753
0.20340736
-0.09961547
-0.13755615
0.048507947
-0.06466908
0.12934186
-0.030939054
0.04673236
-0.09077843
0.013551633
-0.014782035
0.0006993622
0.04161513
-0.05906615
0.005355985
-0.10751417
0.02886512
0.122124925
-0.02593159
0.01824854
0.1404522
0.091145664
-0.032228038
0.12617993
-0.005852528
-0.16649172
0.016928159
-0.15646984
-0.070945434
0.06720387
0.076565646
-0.15161894
-0.03887532
0.17145143
-0.03329008
-0.021795735
0.14645168
0.08959149
-0.10176777
-0.020085322
-0.035072777
0.026672304
0.16875012
0.08894353
-0.04550714
-0.002752925
-0.1717455
0.21903102
0.10262739
-0.008296593
0.065787815
-0.027641894
-0.17240281
0.07339759
-0.02064263
0.0022559403
0.11071997
0.09173578
-0.09255544
0.02298956
-0.06001613
0.027790943
-0.21988745
-0.060420476
0.021226605
-0.021585919
0.04353419
0.09616043
-0.09428557
-0.1336702
-0.008285307
0.021416275
-0.064923264
-0.055228714
0.18418126
0.08029034
-0.1649355
-0.1780905
0.075091735
-0.0021005003
0.038476765
-0.05443719
-0.20092815
-0.027171757
-0.0017797351
-0.016234983
-0.08538753
0.049383424
-0.0034520691
-0.14893886
-0.043924984
-0.06959428
0.03457821
-0.07901755
0.02014444
0.078665055
-0.04497616
0.09810902
0.15866949
0.008774161
-0.13692836
-0.06668618
0.0402106
-0.05133228
0.13934667
0.01888221
-0.05625832
0.14670148
0.21439403
0.1284036
0.038236488
-0.024630472
-0.026126228
0.10960517
-0.12585178
0.107799314
-0.041562244
-0.03274208
0.011230819
-0.025697632
-0.07798963
0.07927352
-0.00054867094
-0.038453884
0.08719026
0.11501833
0.1423251
0.09020051
0.17163596
-0.048774295
-0.005363183
-0.06002289
0.066729546
0.13276123
-0.043579824
-0.061679587
0.010208349
-0.056218024
-0.04906785
0.08585733
-0.22575767
0.049704097
0.06677455
-0.0091836965
-0.105289385
0.009033734
-0.08800938
-0.0028166233
-0.012577023
-0.08593668
-0.014091997
-0.13294227
0.049157195
-0.012391132
-0.033472143
-0.059451733
0.09067209
-0.024927115
-0.073180765
0.100560315
-0.08395816
-0.09646194
-0.037317302
-0.029025462
-0.0903558
0.007940655
0.06880241
-0.094987646
0.17591497
-0.0644367
0.032353193
0.04779581
-0.04850622
0.014694748
-0.11927459
0.14142273
0.017089458
0.12179571
0.016206414
0.05036761
-0.09659159
-0.119275466
0.08996967
-0.11867952
-0.04008776
-0.050036572
0.027047722
-0.024625182
-0.042674176
-0.0010267659
-0.08022831
-0.00023321768
0.028829474
0.011575561
-0.035174854
-0.07812142
-0.03016914
0.06746425
0.06481479
-0.029117387
0.12537569
0.032573115
-0.06509083
0.028427877
0.022865126
-0.08378911
0.03521102
0.0031607142
0.10820114
-0.06894006
0.0676745
-0.0589589
-0.011960791
0.058428865
-0.0027783418
0.14165035
0.018157033
0.07380914
-0.0019967903
-0.07032882
0.041682296
-0.03827522
0.0457996
0.06129873
-0.048913915
0.009532617
-0.0062249815
-0.11709632
-0.21659695
-0.117492475
-0.033280432
0.03907352
0.09724789
0.04168732
-0.069488205
-0.001404359
0.13464254
-0.043551832
0.00228318
0.05962149
-0.10148578
-0.12166106
0.018355489
-0.13203333
-0.02624712
-0.0786014
-0.031166418
-0.099272594
0.12858331
-0.04866741
0.04619198
0.029255113
-0.014287116
-0.020214198
-0.0567777
-0.08184039
0.08869143
0.11733857
-0.12611009
-0.04801524
0.068006985
-0.071231306
0.053673834
-0.019458491
0.08007452
-0.0069883885
0.058733888
0.06765793
-0.07700653
-0.056747347
0.020275088
0.053348124
-0.061382446
0.08471461
-0.06405254
-0.07113147
-0.04184574
-0.12052806
-0.09560654
-0.082828976
-0.09536398
-0.006509067
-0.022516165
-0.0062689967
0.07999634
-0.003049689
0.106787756
-0.0014487013
0.07133858
-0.054908864
-0.06970099
0.010284012
0.09177802
-0.0051370254
-0.045582384
0.013586558
-0.08085048
-0.054057784
-0.063285485
-0.042274002
0.07111402
-0.046740126
0.012087686
-0.018265141
0.086207554
-0.007411136
-0.11949253
-0.07720457
-0.097337894
-0.08046756
-0.036785256
-0.046615373
0.039359283
0.018194396
0.12826158
-0.07197994
-0.018743105
0.028845673
-0.031183144
-0.10119064
0.08743737
0.20131493
-0.007834955
0.079953015
0.045456566
-0.06647788
-0.030422553
0.07770857
-0.03180986
0.10281567
0.06153761
-0.010740153
0.03116694
0.0061567044
0.027195074
-0.0017626244
0.007361868
-0.09729525
0.06343507
0.058548655
0.095607094
-0.08685089
-0.017073253
-0.08512245
-0.02359495
0.09753669
-0.04401793
-0.08541669
0.042557202
0.067747235
-0.03623515
-0.012444212
0.031689458
0.10611256
0.060070455
-0.052799545
-0.111177914
-0.104448654
-0.022192528
-0.01891041
0.030570459
-0.07292457
-0.04725481
-0.0022328133
-0.07554124
0.091016196
-0.003036646
0.057737842
0.13640144
0.063255
0.09087823
0.1094534
0.08626146
0.014604727
0.0076454077
-0.048655223
-0.051695287
-0.0834318
0.13654606
0.09937794
-0.09961982
0.015544446
-0.073588565
-0.06497731
-0.10118693
-0.0068561435
-0.008133564
-0.09727278
0.075391114
0.090449095
-0.037785992
0.0040312326
0.07768857
0.09145532
0.07514489
-0.0019726532
-0.02290626
0.11281736
-0.097404
0.14059591
0.058429774
0.09433905
-0.025653869
-0.056449622
0.08378957
-0.006049518
0.036126934
-0.05293401
0.05978157
-0.01664574
-0.0027010287
0.11718108
-0.0745922
-0.051874988
0.07285008
-0.0064958124
-0.07069468
-0.10014482
-0.09558002
0.029598763
0.1247453
-0.050501883
0.08035564
0.042705745
0.14319193
0.07152222
-0.032774355
-0.023191959
-0.093139514
0.06584365
0.08731881
-0.04623956
0.072953254
-0.045946058
0.04649634
-0.058003
0.03782803
-0.100038365
-0.024818415
-0.0111836465
0.0073518013
0.09400237
0.13368888
-0.038135357
0.1345213
-7.5948556e-05
-0.077322975
-0.105976515
-0.09754372
0.12484814
0.00094380765
0.07769609
0.059897315
-0.12841463
-0.08199135
0.106700465
0.043868937
0.11376425
-0.1472183
0.12292677
0.0020496906
0.05102932
-0.1342729
0.09870478
0.08330681
-0.069035865
-0.046506587
-0.06874257
0.014304203
0.11087977
0.07024309
-0.12202207
0.08365612
0.043508396
0.06401249
0.007174423
-0.10762468
-0.06900308
-0.09558144
-0.049387876
-0.10139298
0.04813424
0.121822074
-0.002776035
-0.15006725
0.07999794
0.05631857
-0.11044518
-0.095012754
0.0010291134
0.0139943175
0.014551346
-0.07121316
0.123579346
-0.011056473
0.0146805905
-0.058691114
0.09046314
0.013217165
-0.020273468
0.13957356
-0.038705964
-0.12100372
0.09392475
0.013701921
0.08013425
0.12740734
-0.015776435
-0.054202918
-0.0053203385
-0.0347881
-0.13413382
0.037272137
-0.09628531
0.051067486
-0.037633006
0.02048542
-0.036759395
0.030051269
0.1504796
0.019556247
0.0708513
-0.031229278
-0.051568076
-0.0223611
-0.1128832
0.013677858
-0.035229277
0.13216184
-0.04483881
0.013282
-0.061450705
-0.14253059
-0.034914535
-0.07590082
0.024679046
0.029430542
0.10469686
-0.018935025
-0.013139051
0.084324755
0.004051544
-0.04715638
-0.08367967
-0.0421591
0.048029166
0.02701562
-0.087440275
0.04608924
0.07623105
-0.06643386
0.07015632
0.12816593
0.073373705
-0.05421644
0.094982505
-0.015002989
0.023466071
-0.029483795
0.07889739
0.079017006
0.045100223
-0.044454172
0.03764512
0.09958515
0.02896308
-0.055834915
-0.07279075
-0.02036756
0.013050357
-0.09397773
0.12654969
0.106809445
-0.04069067
-0.07715159
-0.09544366
-0.08543674
0.10063223
0.10731375
-0.064531185
-0.09519449
0.0027990304
0.12234754
0.038303453
0.09090541
0.00022823016
0.13256831
0.17565706
0.09733791
0.025435222
0.072102845
0.042155594
0.0073656933
-0.037442658
0.0819344
0.10033534
0.05097992
-0.07774299
0.04981062
-0.066978015
0.045476172
0.042335134
0.0056190756
-0.110834345
0.00953017
0.15753448
-0.054382477
0.032811202
0.04182738
0.09862181
-0.05887382
-0.047466896
-0.09096572
-0.003312267
-0.12879665
-0.09891214
0.02662749
0.13191074
0.12394492
0.061994806
-0.14601344
0.052332144
0.07515778
-0.04869898
-0.014790691
0.05988759
-0.011300801
0.035695232
-0.00840828
0.044483397
0.02636749
-0.01722758
0.07031201
-0.045532934
0.13544495
0.054523826
-0.12645392
-0.086497694
0.0015393627
-0.042946458
-0.08579709
0.035955895
0.07152023
0.006222809
-0.01160779
-0.15766017
-0.044002544
0.05539877
0.005005347
-0.03541529
0.07007281
0.047722608
0.10696671
-0.041576568
-0.37324068
0.06892836
0.14613065
0.016332831
0.049746934
-0.033904184
0.022129336
-0.006080574
0.024027944
0.17748642
-0.095468
-0.019353235
-0.040752307
0.07768666
0.059545483
-0.10539734
0.08635753
0.055253986
0.08283002
0.028013378
0.046961855
0.093745604
0.037552115
0.025542963
0.007251154
0.08371645
0.18186124
-0.0760352
0.10002003
0.06932247
-0.06608809
-0.11889521
0.004870189
0.1504557
-0.00016194537
0.054458085
-0.13531664
0.081378765
-0.10423138
-0.05524524
-0.11101273
0.0640476
0.25453258
0.14255428
-0.034234315
0.07612324
0.0052532894
-0.06593634
-0.16331406
0.062457193
-0.09280879
-0.052263547
-0.13094562
0.07065613
-0.08393385
0.026987433
0.04193675
-0.10876152
-0.0059100604
0.0007105663
-0.09798525
0.009930107
0.059842315
-0.027710324
0.020492805
-0.06534343
-0.0170555
-0.07756561
0.016132277
-0.15536569
0.079492375
0.080764845
-0.12897858
0.12191442
-0.062284775
-0.058324676
0.02387473
-0.06634518
-0.049453024
0.011508569
-0.08866818
-0.06437244
-0.025072573
-0.05330045
-0.0847233
-0.091986515
-0.09678328
0.19847988
-0.05494475
-0.0983863
0.13360839
0.011623453
0.27254805
-0.0676805
0.017471911
0.109823145
0.17981172
0.14658092
0.02406712
-0.02255266
0.010970318
0.085420944
-0.031078147
0.083229154
-0.15935579
0.022922562
0.06186222
0.24106924
-0.12949096
-0.15673254
-0.16944581
-0.0052314578
-0.040275037
0.08949414
-0.19185117
0.11741136
-0.0409736
-0.059633236
0.11550014
-0.0982039
-0.107553855
-0.00093780423
-0.031900108
-0.09832042
0.030475095
0.028262476
0.08558688
-0.054000393
0.113783
-0.027436152
-0.03063274
0.024272455
0.055484734
-0.023645002
-0.003077031
-0.057402715
-0.0429267
0.03859928
0.1161004
-0.06560598
0.062952556
-0.09737573
-0.12232783
-0.10836402
-0.007817221
-0.10779086
-0.017492464
-0.042872112
-0.0012440903
0.056646563
0.16355385
-0.06094958
-0.017940644
0.08329387
0.08120405
-0.012617024
-0.030924527
-0.06383233
-0.10747396
-0.080075935
0.03554062
-0.0003192106
0.04421433
-0.04757101
-0.015178153
0.11129617
-0.018786022
-0.038395226
0.034778245
-0.07114392
0.07853756
0.010724192
-0.10762449
-0.12237588
-0.057666723
0.008753988
0.016791495
-0.13210082
0.1699936
-0.05337025
0.12059244
0.029871225
-0.18275814
-0.14492777
-0.025944846
-0.06504227
0.04070946
-0.07363497
0.03168095
0.0557757
0.06491533
-0.04131122
0.019015437
0.16970633
-0.0119478535
-0.01504111
0.0790845
0.033710454
0.03666073
0.06852957
0.09212941
-0.08270523
-0.0874509
0.07619343
-0.048564613
0.13416655
-0.13314204
0.055049043
0.096441664
-0.092394486
-0.10563871
0.01173301
-0.0231606
-0.014071196
0.09821336
0.080267824
-0.09126176
-0.10126282
-0.034131464
0.04196705
0.08477574
0.16750516
0.04065462
0.07954645
0.047987558
0.04453921
0.071898445
-0.028106172
0.16055863
-0.07723825
-0.02765076
-0.031492557
0.00066175754
0.001897587
-0.049417153
0.07552747
0.06028633
-0.029890342
0.05193652
-0.081016384
-0.011459162
-0.018501375
0.07843756
0.03499139
-0.0027789157
-0.03284461
-0.020049414
0.042422257
-0.060254183
0.03860469
0.010984041
-0.17201835
-0.25232834
0.014798827
0.0055549797
0.16293609
0.035984404
0.21860501
-0.035935864
0.120328724
0.043774545
-0.16724874
-0.07614778
0.060607888
-0.061510496
-0.06474491
0.029922219
-0.10341394
-0.030550731
0.13729924
-0.06509554
-0.1634233
-0.037945304
0.03566018
0.002019407
-0.0053241677
-0.02872283
-0.050825894
0.01909648
0.029586622
0.021163275
-0.024864964
0.07913468
0.13218668
-0.09105545
0.057234712
-0.10672512
-0.09569334
0.010330384
0.011772325
-0.13088092
0.034381058
-0.04068645
0.16959807
0.1831008
-0.12352416
-0.057633314
0.09159613
0.09061055
0.060778707
0.22891939
-0.07461324
0.03528133
0.1307278
-0.086094975
0.03166841
0.07916818
0.18428478
-0.07507862
-0.083482556
-0.0641043
-0.05857832
-0.41347903
-0.05890166
-0.18818562
-0.056527402
0.11581488
-0.002424765
-0.04029872
0.25597838
-0.12757938
-0.042562366
0.0030200575
-0.21087933
0.05115079
-0.08635711
0.06789465
-0.1225467
0.09626155
-0.11675195
0.18283911
0.06687081
0.007918183
0.2797315
-0.1875098
0.09051908
-0.009002443
0.07118183
0.11800532
0.0040653255
0.052188944
0.017744038
-0.12359287
-0.12706225
-0.0012253475
-0.17442814
-0.07392821
-0.09928088
-0.055962697
-0.064533
0.04141755
-0.10915435
0.17161454
-0.054594934
0.103782944
0.13135841
-0.07876423
0.19446921
-0.1558763
-0.14155361
-0.11242711
-0.04609734
0.04302787
0.12867472
0.22773434
0.12440183
-0.16503805
0.12399118
0.036767717
-0.13421744
0.008829516
0.079590045
-0.036755525
-0.095718876
0.0900272
0.058182485
0.2811179
0.15053688
-0.10203876
0.046954196
0.15347081
0.048067834
-0.12853387
-0.18441941
0.10728084
0.19686212
-0.024217488
0.06655152
0.19066674
-0.033444252
-0.053904165
-0.18815868
0.07972309
-0.052943982
0.07799817
0.079876944
0.1398302
-0.092732266
0.061040457
0.20432486
-0.12321258
0.14959048
-0.16500343
-0.055260748
0.15062128
0.14255486
-0.18296033
-0.13621607
-0.070272684
-0.07285262
0.12896164
-0.124469765
0.14630722
-0.049676433
0.06410695
-0.10626397
0.02552433
-0.14886864
0.01560703
0.020815019
-0.013041503
-0.0011731371
0.038398113
0.13630658
0.10463959
0.03945766
-0.14487845
0.08713237
0.019058196
0.11806068
0.10304907
0.05149666
0.10450295
0.111810036
0.06640214
-0.0016430222
-0.010142449
0.10595612
0.06545697
-0.097417995
-0.034463942
0.02366481
-0.024821423
0.14212121
0.037813447
0.24582662
0.09632963
0.09848767
-0.09761087
0.022104716
0.07375909
0.12296951
0.17106527
0.018455127
-0.07242964
0.05411232
-0.02105559
0.06080331
-0.03294793
0.07285224
-0.13205658
0.010716498
-0.04705388
0.1098535
-0.09771788
0.054708593
0.050447144
0.09794473
-0.06589057
0.010193989
0.009980451
-0.07048508
-0.22196168
-0.117060676
0.13809022
0.18637362
-0.009039819
-0.029625613
-0.09955271
0.018528868
-0.066742495
-0.20616049
-0.0034703582
0.083133765
0.17795318
0.08377147
0.026608774
-0.11249667
-0.09893075
0.08849263
-0.13741738
-0.095281
0.22119704
0.046387352
-0.14982086
-0.08111658
-0.13815203
-0.021080164
0.09180969
0.06813965
-0.110240676
0.07404564
0.07513535
0.04378914
-0.07825651
-0.20017844
0.00735538
-0.18651444
0.16460848
0.0355534
0.10775441
0.1273735
0.08211029
0.15448289
0.03521027
-0.09656916
0.14227003
0.008895449
-0.0645459
-0.17649698
0.05971068
-0.10316047
0.058432642
0.10486808
0.1986778
-0.041806918
-0.075691976
-0.046972938
0.1722304
-0.09617026
-0.08009344
0.0071547823
0.092061825
-0.014543091
-0.13276978
0.004189647
-0.07687828
-0.06646227
0.06682307
-0.19715533
0.15042184
0.023316428
-0.04729149
-0.06402723
0.11201334
0.052400608
0.013004403
0.021903502
-0.14870536
0.18167607
0.05746995
-0.097087406
0.006852881
-0.080716215
0.15486304
-0.014959612
-0.1294848
-0.04757216
0.059883226
-0.026044797
0.008979423
-0.025040962
0.06417874
0.12027941
-0.03752464
0.053282876
0.10223044
-0.10437187
-0.045935426
-0.097016536
-0.10200936
0.03491608
-0.11689044
0.1002493
0.050349023
0.14165297
0.026992206
-0.050110668
-0.060809474
-0.107122265
-0.0037567567
-0.08953036
0.0882209
0.021931639
-0.036721062
0.012478421
0.19357014
0.049544893
-0.2632876
0.030479016
-0.09644029
-0.17383209
0.047860224
-0.0122552635
-0.048917457
-0.12226306
-0.02329669
0.0676852
-0.039954204
0.15123641
0.02146008
0.021591697
-0.05148307
0.053419106
-0.2688605
-0.020988354
0.082388125
-0.05914568
0.023029204
-0.26119733
0.07780109
0.24752042
0.022810927
0.24321222
-0.1145036
-0.1831568
0.1567202
0.13264681
0.019550102
0.21106428
0.14990589
-0.055880986
-0.24964023
0.058257427
0.00025934287
-0.08296964
-0.13223965
0.23005812
0.040142596
-0.04520369
0.03125686
0.025817137
0.01795971
0.043472707
0.14198579
-0.036418762
-0.06366379
0.107155085
-0.103639394
-0.0841556
0.07475097
0.006888613
0.10978152
0.07634615
-0.0010134105
-0.13128081
0.01752633
-0.05815537
0.019413808
-0.06857902
0.027277652
-0.012945154
-0.049749345
-0.07557103
0.046141416
0.015127111
0.030086266
-0.038478058
0.15033892
0.050078083
0.031568833
0.16835
0.028077321
-0.103409745
0.03735424
0.097967945
0.014548476
-0.09969577
0.0773445
0.09873763
-0.026553446
-0.07353515
0.107934184
-0.08423166
0.054356974
-0.10613183
0.055733394
0.06436742
0.104648486
-0.04704527
-0.009113757
-0.0039135874
0.04563522
-0.06573729
0.08631648
-0.035434145
0.092302874
-0.0015352592
0.040101703
-0.059304047
-0.018408578
0.10889104
-0.088885084
-0.060214065
-0.095779985
0.114600174
0.14378183
-0.08643573
0.16111591
0.09437878
0.1464412
0.1431703
0.022257257
-0.014080084
0.074064784
-0.08068912
-0.03909052
0.05700867
0.16003984
-0.058556166
0.030088931
-0.014112583
-0.05023526
0.07907465
0.05140938
0.07823557
-0.034814753
0.051435966
0.1492972
0.010796342
0.052518465
-0.08454278
-0.016542776
0.090088844
0.05652022
0.054065365
-0.024456084
-0.048852652
0.06869543
0.0008238574
0.012922171
0.008430208
-0.039922632
-0.09505293
-0.11958958
-0.05924092
0.09629146
0.031840697
-0.08594462
0.027703159
0.10432877
0.1392432
0.017032648
-0.11039567
0.038179643
0.09380206
0.01853608
-0.059521563
0.06409575
-0.0008304974
-0.16429223
-0.067230426
-0.0004252742
0.0045552705
0.012598217
-0.017813494
0.07951246
0.077730596
-0.06980659
-0.069537334
0.00066645246
0.05013488
0.08484061
-0.007752991
-0.026081834
0.14146091
-0.0584505
0.0382321
-0.057626504
0.08699912
-0.034402065
-0.07599442
-0.044287734
-0.010818808
0.036691412
0.049533885
-0.07795677
-0.020607159
0.033563912
-0.0881878
-0.07769216
0.062479194
0.03531995
-0.009834441
0.085188754
0.12692282
0.041981798
0.12483345
0.063358575
0.026613401
-0.073937364
0.0337985
-0.05043632
-0.05530822
-0.028647073
-0.04882736
0.11519453
-0.06398717
-0.10153889
0.014977439
0.016435988
-0.0741795
-0.07701584
0.06815176
0.0790425
0.1297261
0.12992996
0.06350831
0.04917397
0.09160262
0.11345491
0.066318
-0.0058855005
-0.0003128834
-0.1073223
-0.005722038
0.06135282
0.0052784868
-0.041997332
0.069292106
0.03648263
0.04893348
-0.03509144
0.104392774
-0.061231215
-0.076869585
-0.008177496
-0.11097533
-0.04562439
0.009024605
-0.11520242
0.001222296
0.011230435
-0.13064964
0.042160638
0.010448714
0.0024100756
0.015321029
-0.03673612
0.07816091
-0.0052541606
0.07585893
0.0049815113
0.10817
-0.0028152165
-0.052705783
0.1379065
-0.036869053
0.017270742
0.06921405
-0.025821669
0.064711384
0.07299257
-0.0026588137
0.027379837
0.026259862
-0.08221991
-0.000848965
-0.06545
-0.050992258
-0.062217172
-0.0013705664
-0.097393714
0.08037603
-0.12457545
0.064642414
0.12253813
0.10382683
0.033227753
0.066901654
0.18568869
0.052481666
0.12804478
-0.051387746
-0.10189906
0.10187962
0.00789523
-0.029906688
0.061436545
0.13644457
-0.051859077
-0.06229728
0.061804075
0.07459154
0.118416324
-0.03811605
-0.089367464
-0.09857987
-0.022084411
-0.029157864
0.10632927
-0.08986176
0.08183061
0.073009305
0.012945172
0.055722788
-0.101958014
0.12596042
-0.07486338
-0.06209041
-0.11084988
-0.00074829115
-0.061351508
0.10954411
0.025769876
-0.022005394
-0.02540225
-0.059312794
-0.02616958
0.110409275
0.09768562
-0.011792403
0.0048996666
0.003671132
0.045717202
-0.002845165
-0.06723564
0.05193103
0.15150315
0.060188364
0.05202974
0.03314482
0.13512222
-0.06124379
-0.04959544
0.085817344
-0.021165498
0.12535033
0.08253417
-0.054266147
-0.009885541
-0.11011593
-0.045637146
-0.086678155
-0.05285549
0.1441819
-0.039552484
-0.042426523
0.10925445
0.070007056
0.052729327
0.01089486
0.010140547
0.0712512
0.012290026
-0.04622852
0.11735566
0.09896177
-0.01350671
0.061492886
0.0087348325
-0.05486855
-0.04643173
-0.20455672
0.077786855
0.044547472
-0.14249215
-0.048701607
-0.13350229
-0.05573807
0.049798384
-0.08360111
0.014673387
0.10151914
-0.04897955
-0.021280736
-0.065988116
0.08224331
0.10009445
0.0029683926
-0.060686808
0.035836715
-0.021654308
0.020300504
0.053072233
-0.019011531
-0.059736412
0.0085190255
-0.09357773
0.016072875
-0.046657007
-0.06130636
0.09753348
-0.09250792
-0.051289134
-0.120194145
-0.124151096
0.07188994
0.084003836
0.048907932
0.09878405
0.00014407694
-0.10050381
0.04689726
-0.06169625
-0.08051615
-0.022258572
0.09851535
0.114753135
-0.00135927
0.034157377
0.10308029
0.103618026
0.11962964
-0.12129806
-0.078530066
0.08260771
-0.13004942
0.061894316
0.0682069
-0.07717817
-0.023276655
-0.052836534
-0.04229804
0.07050203
0.07556952
-0.08571521
-0.12079053
0.038203523
-0.048806295
-0.023970494
0.15224153
0.05777966
0.10693107
-0.023972489
0.10424852
0.11414318
0.018486515
-0.19829129
0.05085991
-0.13208018
0.018568618
-0.030491507
0.1022358
-0.015172738
0.01297014
-0.07651397
-0.05001619
-0.064799264
0.018983155
-0.010658253
-0.015070023
0.041442595
-0.047172006
-0.029639319
-0.094855405
0.05172819
0.009591059
0.09798194
-0.11568118
0.02786435
0.16066478
-0.029555216
-0.12340727
-0.05508497
-0.11749762
0.11877523
-0.05798845
0.103859246
-0.04419307
0.120497964
-0.10031069
0.14202555
0.08694395
-0.07885778
-0.07317578
-0.06617486
0.004388281
0.10265863
0.064822964
-0.061827514
0.012395335
-0.14117679
-0.09693639
-0.11157995
0.12707593
0.065977044
0.18199576
-0.011774066
0.1478281
-0.07122412
-0.13679045
0.15898237
-0.06593341
0.017311078
-0.07682455
-0.0066180956
-0.021639857
0.027106496
-0.2061594
-0.049361315
0.055170055
0.06925209
-0.08052862
0.10001711
-0.081931636
0.005225055
0.013950269
0.030243106
-0.084259264
0.119416825
0.12494135
0.10895488
0.07219268
0.050841343
0.057210643
0.093122765
0.12624124
-0.08697265
0.033026382
0.2022069
0.118553296
0.1333164
-0.014698142
-0.1649552
-0.11361354
0.17240602
0.015201036
-0.1430737
-0.03948183
0.110199496
0.018090352
-0.0015019167
0.008406095
0.15328276
0.013031194
0.048836138
-0.02426321
-0.09381614
-0.017588135
-0.111344874
-0.07629522
-0.101202376
-0.07531224
-0.0032600209
0.03177835
0.15125246
0.013863247
-0.05511123
0.0025081271
0.11249549
-0.08849784
-0.115237065
-0.016665524
-0.038522802
-0.013430814
0.12429844
0.07203089
-0.013982491
0.13188635
-0.10415658
0.1578331
-0.15673089
0.064907484
-0.25514477
-0.101280354
-0.0059324666
-0.22318754
0.017887257
-0.0025455349
-0.056192033
0.136804
0.06756924
-0.071040384
0.01849711
0.10264858
-0.057928108
-0.0012586707
0.071433485
-0.05267287
-0.09259221
0.042812593
0.039602946
0.010715873
0.04508266
0.055170704
0.050272785
-0.06220767
0.20814964
0.09909681
-0.019925566
-0.049181726
0.06139516
0.12207551
0.0483864
0.09356479
0.07057984
-0.031984642
0.008985032
0.10896817
0.041559193
-0.102466956
0.041240398
0.1476079
0.1518572
0.09953628
0.06569175
-0.06604952
0.048093446
-0.080757126
0.038585626
0.1983587
-0.013321403
0.12870994
-0.027078064
0.10639486
0.166413
-0.002657103
-0.004336351
-0.06627281
-0.057205927
-0.10358809
-0.0631069
-0.0005860555
-0.039274964
-0.068553716
-8.8563014e-05
-0.06547497
0.07591197
-0.119235255
0.053832605
-0.06614696
0.11723269
0.1486088
0.006127015
-0.031168256
0.007012613
0.002018239
-0.0346176
0.044005517
0.012957576
-0.028413843
0.105408
0.1712661
-0.017114535
-0.15419397
-0.047945075
-0.118659526
-0.0107124755
-0.0954991
-0.054533523
0.03610816
0.013985084
0.1281676
-0.05784358
0.07189671
0.08071217
0.016827801
0.020913908
-0.19795418
-0.10656078
-0.027712729
0.09330664
-0.061815474
0.17907521
-0.100682214
-0.13840464
0.025079915
0.105723
0.10827152
0.0924898
-0.13294315
-0.07695597
0.064052105
-0.03364606
0.04231646
-0.1868577
0.102373675
-0.0421096
-0.26444942
-0.12786008
0.09913069
0.020485904
-0.13082229
0.026377454
-0.007064895
0.0021127607
-0.08173607
-0.094482265
0.08141848
-0.054368064
-0.07657034
-0.082421675
0.062956765
-0.09599733
-0.051938158
-0.0755145
0.11790984
0.03691765
-0.032925747
-0.066242546
0.10817107
-0.020374894
-0.0544393
-0.11030317
-0.091326326
-0.04848854
-0.17951778
0.11112858
0.1234001
-0.19901204
0.07798039
0.16161396
-0.01007978
-0.025867628
0.04526182
-0.076155245
0.092302896
-0.06584873
0.035294898
0.19999474
-0.043158304
0.06695934
-0.076378025
0.05741361
0.027143303
0.11712038
0.13918555
0.06526419
-0.020388654
-0.10211384
0.039124206
0.02402334
0.0944443
-0.021514762
-0.12442536
0.05785709
0.101374455
-0.0020962618
-0.09788361
0.036500953
-0.058311976
-0.023752851
0.13516623
-0.00014228738
0.06357439
0.05902979
-0.02600889
-0.029026799
-0.08234714
-0.06451212
-0.17285384
-0.12212333
0.13876879
0.12496166
-0.17733513
-0.07434175
0.030937087
0.064148225
-0.045407895
-0.15222278
0.019114401
0.18533258
-0.13389975
0.112504594
-0.012494838
0.028800022
-0.079698436
0.076249294
0.0721133
0.13755883
0.03153505
0.050888445
-0.08236686
0.01349781
0.029046344
-0.01684818
-0.022144532
0.11168948
0.06458855
-0.071116075
0.07187919
-0.06226714
-0.0055026347
-0.09389882
-0.012292784
0.15558054
-0.07895862
0.06229041
0.07294832
0.057719722
0.024706416
0.09080945
-0.10570294
0.035444897
-0.05000168
-0.05335031
0.09423337
-0.17508392
0.0577979
0.020054761
-0.06953117
0.13867864
-0.12659612
0.08227157
-0.07353444
0.044747725
0.07924507
-0.04433208
0.09362258
0.17318107
-0.13217777
-0.0352244
-0.20088048
-0.09469598
0.07635675
0.14707667
0.12448912
0.13991989
0.07865507
-0.0052263644
0.10944846
-0.029750934
-0.25672638
0.036620777
-0.1355176
-0.35382712
0.04777945
0.12763326
0.23719744
-0.0037282906
-0.02105356
0.017046988
0.13433653
-0.1774934
-0.00820314
-0.025379864
0.10865239
0.062562786
-0.2246269
0.07405866
0.042877037
0.13701661
-0.097022414
0.20698346
0.13128348
0.13919461
-0.11299621
0.069313675
-0.085374266
-0.067629434
0.015898388
0.09147948
0.046284884
-0.02183001
-0.054226253
0.019975714
0.028110428
0.012662547
-0.22577861
-0.06345289
0.14545907
0.117792815
0.013879269
0.043474875
0.09675419
-0.02162138
-0.026664289
-0.11486289
-0.03942985
-0.014615416
0.11720978
0.18039188
0.1525117
0.019653575
-0.3573652
-0.20390473
0.13938025
0.0033983055
-0.02779822
-0.08025129
0.13328983
0.15218207
-0.09511638
0.02540824
0.24261573
0.15747824
-0.121638864
0.06487388
-0.029725501
-0.011997694
-0.0689155
0.03616771
0.050540306
-0.045974646
0.007213601
0.14159258
-0.11342555
-0.08613599
0.12727797
0.092235774
-0.05928078
0.019068982
0.13542931
0.077438675
-0.028765311
-0.16773424
0.08158985
-0.13701484
0.15801987
-0.18326233
0.15992855
-0.08814697
0.07878859
0.15947366
-0.12769763
-0.13143559
-0.0041696155
-0.042193208
0.16656518
-0.026291952
-0.0013941971
0.12901048
-0.17959112
-0.056673322
-0.17283021
0.14841205
0.109286554
-0.09656104
0.20819345
0.053287446
-0.10297671
-0.081299774
0.13247219
0.107400835
-0.029777944
-0.0859448
0.11628762
0.15444377
-0.023431666
0.042361826
0.0018655496
0.16499925
0.15684794
-0.01747933
-0.057932403
0.13197862
-0.029737215
-0.06352716
0.025011374
-0.093828775
-0.08252425
-0.07687186
-0.008983725
0.09749898
0.003299222
-0.08093202
0.11866543
-0.0049546123
0.08476695
-0.0724104
-0.053526863
-0.011623374
0.060241364
0.064635955
-0.11762409
-0.14204007
0.007906158
-0.039053995
-0.061303124
-0.022974541
-0.0059566884
0.13453117
-0.043731008
0.120306745
-0.044119876
0.034546915
-0.03027666
0.028156795
-0.1848369
0.03019882
0.0951352
0.07526805
0.08521792
-0.020150615
-0.010247488
-0.06866739
0.0030698362
-0.059332114
0.02107628
-0.16347666
0.08829811
0.030546352
0.06013155
0.02253409
-0.013400098
-0.10424454
-0.038772225
0.071755305
0.03484253
-0.0065852557
-0.10926361
-0.008775045
-0.13464351
0.0875881
0.13934442
-0.13694617
0.09769719
0.08096453
-0.069124326
-0.1036762
-0.07283503
0.05870994
0.27575532
-0.06713523
-0.106617
-0.13113582
0.1294365
0.01899586
-0.035073336
0.05214667
0.11836172
0.12681775
-0.092396356
-0.063932426
-0.12479976
0.13842359
0.043223575
-0.05830263
0.039691653
0.111010134
-0.008217002
-0.058394514
-0.17503054
-0.023530867
0.17989483
-0.10371604
-0.046064258
-0.16644822
-0.091060095
-0.044533208
-0.12956405
0.037589688
-0.12434648
-0.088709466
0.003202405
0.12029819
-0.12629968
-0.04005025
-0.009244264
0.0015290122
0.0017342017
-0.16056718
-0.107491925
0.17782873
-0.09962437
0.049193546
0.112718314
0.029009027
-0.119088
0.08078977
0.07610317
-0.14771794
-0.0011682141
-0.083591715
-0.01121446
0.10632749
-0.075732976
0.08598819
-0.0474952
0.006262039
0.026406255
-0.013943627
0.14068018
-0.0060654376
0.024687452
-0.061964817
0.046120904
0.08016161
-0.14028947
0.101057604
-0.15130194
0.1317085
0.09081925
-0.09424408
-0.10381536
0.13618816
-0.061263315
-0.071583584
0.0132880965
-0.06877661
-0.24008548
0.14308111
-0.061900187
-0.006714837
0.008433363
-0.08747627
0.2480364
0.033459067
0.029465431
0.23343915
-0.038515154
-0.20447308
0.0017684761
-0.09247125
0.2120205
-0.072776906
0.015071617
0.08651677
-0.025179885
-0.13444802
0.060125172
-0.10129632
0.063594945
0.02631007
0.24292296
0.16309561
0.03623693
0.12069648
-0.1374939
0.014487292
-0.03850561
-0.31352016
0.089776926
-0.029993534
0.0809394
0.11225362
0.29253098
-0.23435034
0.045643654
0.05160228
0.11616456
0.0383087
-0.07852694
-0.03156201
0.12796257
-0.09071583
-0.1072521
0.18338944
-0.13467099
-0.04585343
0.03121412
-0.05460158
-0.08194766
-0.050321333
-0.020525113
0.08815202
0.07998691
-0.07057161
-0.06816138
-0.0051289606
0.13665727
-0.02023025
0.112467505
0.24992564
0.10361213
-0.18197711
0.0045571104
0.14771208
-0.037931815
-0.039916348
0.02118982
0.057090994
0.060741592
0.14420456
-0.13969192
-0.03954835
0.14736326
-0.11847356
-0.005216417
-0.05274642
-0.11419242
-0.03440365
-0.009892719
-0.06407681
0.047536224
-0.0342002
-0.14316657
-0.101527005
0.046558022
-0.14681892
-0.023741461
-0.10722091
-0.16350453
0.08027265
0.04631566
0.051304635
0.12778951
-0.0046912064
0.09690763
0.029842988
-0.060928024
0.0221063
-0.12505367
-0.024982333
-0.049739745
-0.06366831
-0.10792062
-0.011448813
0.15550525
0.07120099
-0.07027768
-0.0863938
0.025938256
-0.15101093
0.05576855
0.05495445
-0.10264212
-0.033274975
0.010404631
-0.14987019
0.0032640977
0.022621198
-0.019277373
-0.18442738
0.06676817
-0.07856236
0.03822785
0.049526975
0.09428445
0.049853105
-0.15218386
-0.13877656
-0.039111577
0.015526775
0.039734676
0.13788782
0.05695394
0.0078975465
-0.005772347
-0.02708433
0.014442078
-0.051444158
-0.0446845
0.012513512
-0.05778145
-0.0045076655
0.10028246
-0.035308965
0.026173169
0.03935666
-0.09360418
-0.16114591
-0.06934012
-0.095641434
-0.025159527
-0.09132374
0.07485438
0.07145652
-0.10985641
0.020791898
-0.10334745
0.05278053
0.075276904
-0.09371193
0.08171838
0.008604019
0.051219065
0.02981626
-0.11640535
0.022366554
0.06688755
0.04997181
0.08854564
-0.06906726
-0.16342793
-0.061016437
-0.087295294
0.0027011118
0.15409088
-0.042127196
0.04221768
0.04239499
-0.028037438
0.09761865
-0.012443572
0.05955602
0.009128905
-0.08071383
0.034946356
-0.06571694
0.037053473
0.116350375
0.047430802
-0.05994619
0.05671606
-0.13497978
-0.054912303
-0.14205457
-0.06912099
0.07701224
-0.054167103
0.07806907
0.15039594
-0.035294253
-0.0033739868
0.08020775
0.00910992
0.062591895
0.053990684
-0.04248944
0.016077237
0.074236624
-0.031802494
-0.034917902
-0.052647438
0.119580664
-0.15313281
-0.020651322
-0.10622211
-0.042131778
-0.104570895
0.024301048
-0.010292623
-0.03253714
-0.029780107
-0.08309063
0.10553015
-0.0051256623
-0.07282519
-0.12017471
-0.0039708633
-0.017446836
-0.027451424
-0.077907234
0.06529435
-0.052454993
-0.06234361
-0.16632484
0.11280443
0.04526645
0.07585534
0.053907093
0.090798214
-0.04324394
-0.055934723
-0.06742842
-0.025192015
0.13570254
-0.12177309
-0.05993105
-0.06793544
-0.053263403
-0.038270015
0.040129233
0.030255094
-0.018955382
0.071470186
-0.029257499
-0.021294778
-0.0012035107
0.119332194
-0.09587532
-0.10902785
-0.046289578
0.13758661
-0.053829655
-0.1305091
0.044964645
0.039910913
0.12112881
-0.019481333
-0.07983709
-0.07984277
-0.09065408
-0.1056956
-0.026396522
0.08402927
0.05524328
0.072719894
0.103871785
0.0800031
0.010871193
0.07509292
0.011975189
0.045445222
0.061602313
-0.004052315
-0.019481245
0.09182579
0.015739182
0.10493894
-0.10256431
-0.07023023
-0.09272927
-0.14149214
0.041574407
0.10075025
-0.010484321
-0.026433045
-0.041093796
-0.03416754
0.05902817
-0.03204522
-0.081923306
0.11051617
0.009963373
0.10324134
-0.021429472
0.03551583
-0.052769896
-0.08092557
0.04377022
-0.0028283487
-0.04723691
0.070776984
-0.07947228
0.0028528722
-0.064052545
0.05925569
0.07769788
0.034757156
0.044450212
-0.050439436
0.054457314
0.025457943
-0.12084078
0.14987487
0.09879078
-0.046850465
-0.00612103
-0.08455293
-0.11737751
-0.11857401
0.02514017
0.0692069
-0.07494112
0.004537083
0.09524453
0.016976882
-0.047825236
0.11360456
0.13899061
0.07447167
-0.054424997
0.048110195
0.003869457
-0.08636796
0.11388554
-0.06924886
-0.019178066
-0.034905016
-0.01602955
0.105011284
-0.10328943
0.13149054
-0.03596462
-0.08885875
0.060513526
0.08511618
-0.05691023
0.0025492285
-0.013506349
-0.1278778
0.0102518825
0.032820225
-0.10563186
-0.07140461
-0.074542
-0.14276119
-0.12505963
-0.008502403
-0.09168918
0.08200943
-0.028314715
0.082429655
0.07058351
0.03277738
-0.0015549118
0.05181403
-0.046570767
-0.057518817
0.031361073
0.17643066
-0.07295932
0.05568734
0.14158824
0.10690317
0.033694904
0.13642527
0.084228
-0.09859831
0.07786319
-0.018600864
0.07982332
0.10005371
0.0057511907
0.009944588
-0.052141115
-0.05683706
5.4950295e-05
-0.02551807
0.08984185
-0.04162938
-0.10016351
0.0055899974
0.023486594
-0.07525456
-0.09239275
-0.08492053
-0.040205903
0.034467224
0.042559728
0.13448156
0.036488518
0.08909916
-0.046991028
-0.028641481
0.15121315
0.13158305
0.03774408
0.07339615
0.0015530088
-0.06075171
0.110382825
-0.11134082
0.105071425
0.010293331
-0.16550027
0.015507084
-0.08477481
-5.9668877e-05
-0.015060376
0.027974853
-0.023409886
0.05388963
0.0010573479
-0.10503544
-0.12900434
0.03877172
0.022422923
-0.070754856
0.039453723
0.094584994
0.08805854
0.06541377
-0.06966701
0.0005458501
0.008757468
-0.17431007
0.035987515
0.029745787
-0.11682521
0.032766245
0.035085607
-0.07066079
0.02987539
-0.11256844
0.06266365
0.12303085
0.06464888
0.08746424
0.026252734
0.07347324
0.051299095
-0.07712214
0.065123
-0.09245344
-0.084362626
0.042633627
-0.06337362
-0.0011309158
0.06923758
0.1040597
-0.08514228
0.05719782
-0.021776851
-0.03553309
0.05389753
-0.071152024
-0.039548833
-0.07822393
-0.019583587
0.06514153
0.073785245
-0.022195533
-0.05295693
0.124006905
-0.00924644
-0.012274211
-0.07870485
-0.029472433
-0.08918586
-0.08629499
0.070794
0.03641317
-0.055953447
-0.03440092
-0.060370028
0.033673327
-0.0373594
0.075987026
0.046277456
0.06718475
0.01912131
-0.04966797
0.13975975
0.11092849
0.0059511927
0.017061733
0.020074653
0.06814289
0.1045764
0.11021662
0.11529066
-0.06690314
-0.057535462
0.116541825
0.10575774
-0.14399622
0.11553013
0.007580774
-0.010779786
0.0839925
0.09359556
-0.0137895355
0.09649314
-0.042088035
-0.119775094
0.025801318
0.06655148
0.0028189279
-0.07455121
0.08162826
0.00053820707
-0.020973083
-0.07047932
-0.09680078
0.0033250633
-0.059284043
0.048593275
-0.031515975
0.024851752
-0.13824092
-0.055000883
0.110898115
-0.009670655
0.034768257
-0.056133375
-0.06751291
0.09019183
0.035184905
0.0023737475
0.12277567
0.11383946
0.049582787
-0.031719174
-0.051339213
0.0050749453
-0.015563296
-0.07319284
0.04198206
0.044939235
0.032658316
0.09958366
0.09592575
0.07618373
0.05251946
-0.009187905
0.11995983
-0.09972815
-0.0066239857
-0.082516864
0.054650925
-0.04397201
-0.11492847
-0.03532442
0.06552775
0.038632825
0.012049154
0.026376845
0.08505828
0.14485823
-0.055321787
0.10770726
0.09474411
-0.04618805
-0.07249333
-0.07850134
0.028533414
0.1357933
-0.03237989
-0.106962115
0.13635398
-0.032420713
0.049128346
-0.07967695
0.030558033
-0.0012113337
-0.023253452
-0.04741302
-0.093592346
0.050658133
-0.05323571
-0.08134056
0.13630222
-0.08662927
0.059290253
-0.029788729
0.02231659
-0.028891947
0.08035473
-0.025613163
-0.035061125
0.0841804
0.048596848
0.06431743
0.041150752
0.027788559
-0.16864981
0.066310935
0.07377524
0.08634372
0.098186344
-0.14680381
0.028049732
-0.03787818
-0.046513654
0.04503433
-0.028838249
0.044922493
0.014217834
0.011855819
0.11448737
-0.011619065
-0.13424768
-0.045741607
-0.04068842
0.07199483
-0.16632368
-0.13735074
0.0646374
0.05136824
0.18921234
-0.086642176
-0.08598208
0.08421204
0.046338342
0.06761869
-0.00031045638
0.09451338
0.10840838
0.024601474
0.19428088
-0.17482442
-0.005446418
-0.09931177
0.08157229
-0.18575223
0.01726176
0.11176684
-0.06958112
-0.13252471
-0.053714737
0.050363995
0.15137188
0.103033416
0.10502433
0.059983507
-0.081260115
0.17704056
0.06084059
-0.0797748
0.12222957
-0.054754652
-0.005262607
-0.033672176
-0.061878625
0.20038502
-0.07135483
0.030924309
-0.037524007
0.04551851
-0.021808004
-0.13081689
0.01808613
-0.02464696
0.12242107
-0.019901166
0.11438859
0.08682245
0.05038646
-0.026807092
-0.08844518
0.10035303
0.03146688
-0.0075457394
-0.11014488
-0.0142287575
0.00043183865
-0.076398686
0.0685162
-0.029389836
0.16892104
-0.11434654
0.051008627
-0.101344585
0.029730987
0.0012397073
-0.024223
-0.0011522061
0.12076454
-0.024763158
-0.035064727
0.07579052
0.086002104
0.113577634
-0.0471791
-0.0670133
-0.039048932
-0.088557705
-0.0552569
0.1702095
0.024319662
-0.033314425
-0.0998115
0.18896316
-0.010827708
-0.039530545
-0.037127998
-0.06772278
-0.11177899
-0.06806756
-0.054217793
0.042918634
0.10923925
-0.055745475
0.08551413
-0.18955883
0.14778402
0.029181413
-0.0036499486
0.21101981
-0.17267099
-0.079380706
0.066749915
-0.21712156
-0.033564553
0.092619464
-0.0010686251
0.05112958
-0.10733884
0.018109944
-0.06798094
0.050620984
-0.09029745
-0.06655121
0.04479171
0.13145676
-0.106095634
0.009653641
-0.143464
-0.03545882
0.069484875
-0.17452945
0.119624734
0.023960594
0.11572466
0.10227728
-0.09485977
0.0667357
-0.12892146
0.0150305275
0.12825324
0.025530623
0.03581095
-0.066608615
0.059497163
-0.017885534
0.0078030825
-0.14084126
0.061684113
-0.061393548
0.086449176
-0.15530246
-0.070975475
0.0925059
0.061254807
0.06174221
-0.11766992
0.010176273
0.025524918
-0.03597065
0.1566834
0.011340152
-0.020494903
-0.15512913
0.0033429526
0.17211871
-0.06253828
-0.113929495
-0.10302672
0.16112871
-0.118598394
-0.068798505
-0.03936766
0.084957555
-0.23351607
0.048117757
-0.063025795
0.04894774
0.121386595
0.01780786
0.11655505
-0.004094431
0.08787048
0.01299065
-0.07438364
0.026368747
0.13806878
0.016957203
-0.00462919
0.092294574
-0.09656547
0.14482147
-0.038816407
0.052007787
0.1348884
-0.035354275
0.019468594
-0.105297275
0.006469835
0.038186803
-0.030121358
0.042862013
-0.003839707
0.09591459
0.1111203
0.078417845
-0.11069473
0.16790676
-0.10331135
0.16483143
0.017431093
-0.07526957
0.037709396
0.1367943
-0.0030750816
0.025478356
-0.069050714
0.068875246
-0.023595734
-0.12399473
0.12034325
-0.08772329
-0.14185719
-0.1308325
0.008281249
0.05955761
0.03738268
-0.02466908
0.012042509
0.027431907
-0.06984821
-0.058998335
-0.052321695
0.080215365
0.07636652
-0.02167768
0.001896348
0.037639074
-0.01705638
0.0044621555
0.07763666
0.07230821
0.0092349155
-0.038775276
0.06978209
0.044375632
-0.17831081
-0.004815728
-0.12770881
0.14116484
0.014219837
0.017046414
-0.12932596
0.05215292
-0.026785968
0.18108754
0.07881261
0.09480585
0.0052268934
-0.0439494
0.068826325
0.2888992
0.16565074
-0.1397834
-0.026223214
-0.01833722
-0.0056525036
0.015411015
0.103400186
-0.07171081
-0.15625931
0.175408
-0.09220641
-0.056351427
-0.03891112
0.09544599
0.10010367
0.20024113
-0.20732547
-0.15094577
-0.11596935
-0.0047908323
-0.21603015
0.04881864
-0.025927959
0.088455856
0.05577523
-0.016397094
-0.19780391
0.039212484
-0.0061215074
-0.22419555
0.23886578
0.042566776
-0.06825245
0.21971123
-0.021614203
-0.03239606
0.07783347
-0.16538464
0.099660955
-0.010886766
-0.15732662
-0.1704177
-0.10834404
-0.17201687
0.036943447
-0.0592911
0.092286095
0.046351537
0.15013754
0.017658297
0.15123098
0.1092776
0.073200226
0.1742503
0.025466794
-0.022875872
-0.06260364
0.036259107
0.201686
0.07533254
0.087487124
0.10286136
-0.070881665
0.032389555
-0.044692937
0.06432828
-0.268447
-0.05679907
0.0898886
0.012704731
0.061988734
0.22375365
-0.15393776
-0.12250173
0.059763283
-0.24124092
0.07428031
0.0010017281
-0.029706627
-0.12581255
-0.13798325
0.12565506
0.12035285
0.07542624
-0.061853938
-0.15860575
-0.06503917
-0.1926819
0.124327935
0.11223176
-0.104171894
-0.044052113
-0.22843921
0.136741
0.029603543
-0.19921857
0.06563058
-0.24256879
0.034276854
0.07880437
-0.13870813
0.064636044
0.0382468
0.16068931
0.24806379
0.009123679
-0.2229376
-0.025189498
-0.041063756
-0.011762167
-0.028274901
0.06985122
-0.13268389
-0.029810688
0.032529343
0.18862188
-0.123420045
0.06538351
0.019965097
-0.14042746
-0.039473034
-0.0040946915
-0.09192014
0.16592596
0.17371075
-0.07065718
-0.09243303
0.029240375
0.13050033
0.123753816
0.1284368
-0.087694466
0.06433052
-0.080031954
0.07956562
0.05534865
-0.2040041
0.1388247
0.06168349
-0.008463863
-0.12262485
0.03847646
0.06664562
-0.028693926
-0.09257438
-0.008543861
-0.023544127
0.0979127
0.12866034
0.028374534
-0.084316775
0.022917354
0.05686718
0.1352201
0.027060512
-0.18300025
-0.03299142
-0.06366065
0.01895528
0.10908695
-0.012474029
0.12839532
-0.08032361
0.005210464
-0.11694076
-0.091883615
0.066033036
0.17891872
-0.14484903
0.19400407
0.002026195
0.050190233
0.11490892
0.037982516
0.11066436
0.09813296
0.006723598
0.00093073107
-0.1020705
0.03991946
0.034083832
0.15917921
0.035946555
0.063759185
-0.005106559
-0.025145203
0.08519164
0.026337108
0.19620474
0.08382325
-0.14824261
0.015183586
-0.12704307
0.011153909
0.06481899
0.09213534
0.035585638
-0.03732756
0.025828706
-0.013289967
-0.04344069
-0.065634534
-0.0020791155
0.004281871
0.18119149
-0.039684784
-0.020832028
0.10110714
-0.077548996
-0.13863471
-0.09385773
-0.0090470435
-0.12356145
-0.1093214
0.043756764
0.0036717881
0.12539841
0.018579625
0.025955714
-0.10887788
-0.020640494
0.20450468
-0.030380288
0.0005642801
-0.04693997
-0.15948693
0.10265921
-0.11740848
0.048157092
0.091493495
0.052143253
0.042255867
0.1811198
0.00013418292
-0.017895242
-0.06303605
0.07280431
0.018807674
0.05001328
-0.018656742
0.042065
0.18339002
-0.058835197
0.14773455
0.08587232
0.18986288
0.05743054
0.1661803
0.1453902
-0.20199339
-0.033915184
0.055044834
0.00076946476
0.0049688313
0.027775098
-0.1332485
-0.007400594
-0.04476887
0.10281946
-0.07606994
0.023918387
-0.021532375
-0.06038191
-0.091842145
-0.0797593
0.017618334
0.0094403885
0.032171663
-0.06852619
-0.07559139
0.053661548
0.03415257
0.14033522
-0.059139565
-0.06631148
0.018220272
-0.031878274
-0.035612937
-0.1697697
0.009776937
0.21755701
-0.06048257
0.1134453
0.06939075
0.10717278
0.06859084
0.10669849
-0.043641787
0.099825926
-0.1296672
0.13703115
0.14356191
0.047924016
0.14630494
0.058335483
0.109985046
-0.25840735
0.10803749
-0.0072712204
0.000521946
0.16438611
0.045381647
-0.023749614
0.06678471
0.10630362
-0.07487888
-0.0335845
-0.061304945
-0.03504229
0.038840596
-0.07844021
-0.10601777
-0.043890417
-0.0049395184
-0.07581872
-0.07688935
-0.057179287
-0.02536142
0.12901017
0.116585895
-0.050728757
-0.039718367
-0.055017848
-0.15653282
0.06706943
0.09050689
-0.0030877152
-0.028943026
-0.054944385
0.11960571
0.08771246
-0.025543772
-0.11597707
0.029514238
-0.069445185
0.055176497
0.12847418
-0.072904244
-0.22305307
-0.003643129
0.09606138
0.002285598
0.11627212
0.05431724
0.09834667
-0.043024123
0.03554218
0.0067650005
0.06870514
0.052273493
0.05938976
-0.016161855
0.04287528
-0.030661738
0.17095724
-0.19464622
-0.052817415
-0.16249971
0.13673502
0.054958586
-0.042968586
-0.19581318
-0.08118365
0.13054673
-0.05534492
0.08955966
-0.09561281
0.009126924
-0.0069697998
0.04323958
0.038495626
0.14848663
0.052924506
0.10266299
-0.15248315
0.007146831
0.00623306
0.023835748
-0.0028834923
-0.09777566
0.026716424
-0.0061703306
0.050924975
-0.09584094
0.08928754
0.056977823
0.038889255
0.10599564
-0.121786185
0.06654518
0.04370218
0.06368908
0.032287076
0.07488256
0.072130434
-0.03703371
0.03417671
-0.08807462
0.11426111
0.07492155
0.13378043
-0.03724434
0.12156181
-0.1586403
-0.057016097
0.006129969
-0.024115464
-0.10637154
0.0023647507
0.13493629
-0.026394986
-0.017009294
0.09391657
0.06442409
0.022859424
-0.07501543
0.11174676
0.0007753095
-0.017885715
0.078399666
-0.047619827
-0.020767856
-0.109014906
0.056935664
0.019383492
-0.03264881
0.11519163
0.098742925
0.0191551
-0.1392291
0.04646432
0.09310118
0.059281025
-0.124992214
-0.07213373
0.050141793
0.13486138
0.09309249
-0.0019233609
-0.055389132
0.10576403
0.101811334
-0.034603212
-0.045556854
0.0070972685
-0.045094654
-0.014681774
-0.056229815
0.055670496
0.07641821
0.122553155
-0.12525523
-0.11095287
0.006624723
-0.032348625
0.0066396906
-0.013691046
-0.06250686
0.09243507
0.0499314
0.061133076
-0.035866912
0.00032031152
-0.020494286
-0.017194465
0.10116781
0.009797296
-0.026963627
-0.16353181
-0.05805452
0.08368585
-0.041973397
-0.06091423
-0.10679189
0.12780161
-0.07900447
-0.061272934
0.004813303
-0.022676779
-0.01024045
-0.007968865
-0.0057007372
-0.11674707
0.0014467451
0.14183123
-0.019390337
0.0550506
0.05576235
-0.03170414
-0.018591765
-0.026044594
0.0011912895
0.041016415
-0.0672285
-0.010881626
-0.111659884
0.00532323
-0.07541342
-0.019137044
-0.0006413267
-0.041097835
0.08601145
0.051186956
-0.06670507
0.037069622
0.008063302
-0.030505907
0.056957263
0.06499671
0.09229616
0.07141181
0.111468785
0.08822877
-0.035802215
-0.08737491
0.12446687
-0.03958083
-0.038665615
0.09615456
-0.042611513
-0.12251664
-0.07901765
-0.03942634
-0.04537448
0.069236964
-0.018553235
0.036743972
0.020853234
0.040763974
-0.12073897
0.041909654
-0.10397861
-0.06846488
0.1442722
-0.015186556
-0.0053921374
0.024806177
0.020532869
0.06325862
-0.06182259
-0.07010327
0.11807639
0.021944674
0.053201504
0.05009172
-0.07385809
0.07015532
-0.0361349
-0.022584694
-0.020369671
0.03157537
-0.07948849
0.08449745
0.12368371
0.073986545
0.10683941
0.16804175
0.014555831
0.08547984
-0.101968825
-0.056708835
-0.028452853
0.048020247
0.0057862215
-0.040335074
-0.023613455
-0.04454991
-0.09808212
0.039698187
0.106225215
-0.042785715
0.015387202
-0.07713781
0.08625864
0.036721002
-0.0969134
-0.11994943
-0.009697759
-0.051174186
-0.053759232
0.0045847604
-0.08094716
-0.044180866
-0.10222368
0.10818387
-0.028409898
-0.023252655
0.05398561
-0.07385006
-0.03763425
0.07286787
-0.079718985
0.019662894
0.055696685
-0.08241875
0.032412533
-0.013316412
-0.020554213
0.09873102
-0.0324237
0.093136184
0.056935254
0.060566004
0.10202227
0.06886874
-0.00025172043
0.07686453
-0.02433522
-0.041236658
-0.04233336
0.13499469
-0.10329547
0.019273434
-0.115362994
-0.08347459
-0.07627231
-0.08272191
0.09745222
-0.055543583
-0.056053728
-0.05305214
0.024057208
0.011041359
0.044252284
0.09840254
-0.085790835
-0.11844706
0.034902878
0.045465264
0.11857997
-0.06834729
-0.096527696
-0.083199866
0.04326162
-0.03776558
0.056308858
0.045755465
-0.023438482
0.034789793
0.061364632
-0.0802833
-0.014148309
-0.09433755
0.0027705987
-0.040083397
0.114825584
0.03081542
0.16365156
-0.09668115
0.085296534
0.10237716
-0.008739629
0.050989285
0.10860162
0.07096606
-0.032120604
-0.046648912
0.015910672
-0.0021920868
-0.0471043
0.09302678
-0.043983985
-0.035806946
-0.015176333
0.039582107
0.08524103
-0.08795904
0.031726804
-0.09161619
-0.09471004
0.06304166
-0.1465059
-0.06794726
0.055459622
0.027541108
-0.013747214
0.029875828
0.12366276
-0.09014803
0.13691887
-0.09394755
0.013150366
-0.013443568
0.107683696
0.050707802
-0.006724067
0.041790437
0.0031781378
0.10005727
0.06488001
0.039915353
-0.02401253
-0.043209873
-0.027386755
-0.07432939
-0.1266688
-0.0762068
0.07225669
-0.061661925
0.059519548
0.15857372
0.07669138
0.090295136
-0.0998342
0.018871717
-0.008882483
-0.08411283
-0.012792273
0.10643631
0.0053399266
0.09337765
0.10477354
0.12681869
-0.008432743
0.0073541356
-0.08138241
0.10772493
-0.041771043
-0.0153256925
0.077473275
-0.08079194
-0.12086963
-0.02719025
-0.057324328
0.029259404
-0.08899007
0.0031524473
0.001410704
-0.06707708
-0.072561294
0.01012048
0.09555053
-0.017151106
0.053003762
-0.08194694
-0.004051201
-0.16181123
0.13879383
-0.084104784
0.077657625
-0.0711623
-0.0545042
-0.019333418
-0.1221914
0.18704207
0.021360286
0.048857853
0.11259012
-0.17655751
0.20911346
0.004864789
-0.0008037627
0.041835602
0.040233996
0.07938032
-0.052687295
0.122598566
0.014649781
-0.06939546
-0.06724479
0.005317992
0.16593541
-0.017914139
-0.013516455
-0.15866885
-0.00050649536
0.0549046
0.019145824
-0.12585178
-0.046232738
-0.0492433
0.09861464
-0.035429824
-0.029665941
-0.02736588
-0.018694354
-0.10381636
0.02567614
-0.0156387
-0.041129354
0.013295757
0.0069397413
-0.0658952
-0.14068887
-0.019144876
-0.12688127
-0.15144458
-0.08545273
0.10839681
0.030567965
-0.10247176
0.008851445
0.13331135
0.04060179
0.044101663
-0.14822282
-0.056051638
0.07833773
0.016199473
0.07409112
0.13637
-0.035018347
-0.016420083
0.012261383
0.065377325
0.030757885
-0.09633181
0.060751695
0.050032876
0.022249606
-0.11587939
-0.06494268
0.118482135
-0.13538072
0.14762358
0.06396384
0.016389592
-0.018255897
0.118696064
-0.020477332
0.19846487
0.009704577
0.08244157
0.043818813
-0.0066177235
0.07192382
-0.089019574
0.1578321
0.04699533
-0.14648634
0.08330375
-0.055603415
0.054460365
-0.06551182
-0.03709807
-0.09269486
-0.02761362
0.13344674
-0.049639776
0.0199901
0.047589876
0.099993944
-0.02422468
0.059053708
-0.1390703
0.13698436
-0.012923876
0.08994186
0.09440356
0.1566023
0.090736344
0.03973853
-0.0132150585
-0.04567864
-0.011446648
-0.095843464
0.19614999
0.050132055
0.109364636
0.089638725
-0.09822651
-0.09095428
0.18464884
0.047615662
0.09358779
0.0071095205
-0.058196004
-0.1449654
0.11539073
0.015832491
0.0758567
0.071184225
0.13360776
0.120245785
0.0500365
-0.11111556
0.105203666
0.14279169
0.027834777
-0.115093485
-0.06559468
0.061514884
-0.031143786
-0.0579444
-0.044846345
-0.04426485
0.14654817
-0.07384363
0.018615808
0.17479698
-0.022499423
0.026152566
-0.11138522
0.16250965
-0.08183955
0.104239464
0.051857278
0.09970153
0.021689447
0.08796593
0.17138182
0.09872159
0.06840695
-0.06754969
0.0063354094
-0.007973987
0.039165977
0.0372617
-0.12441135
-0.07998374
-0.045528535
-0.025621021
0.020984793
0.1970045
-0.09008141
0.04795313
-0.026679127
-0.000873878
0.14630686
-0.1476067
0.06463779
0.15050413
0.063210346
-0.07040307
-0.07631002
0.061902147
0.07833931
-0.050744068
-0.04809834
-0.065644786
0.008235664
0.14503741
-0.041873332
-0.06497361
0.06648078
-0.11403172
0.08658156
0.12620872
-0.035331335
0.012332415
0.18974948
-0.020222327
-0.06794191
0.038605504
0.18720785
-0.0784687
0.039073426
0.0028048037
-0.01033672
0.012153784
-0.0838635
0.100228205
0.049238883
0.014216608
-0.0628353
0.17022918
-0.047986034
0.06874118
-0.06953117
-0.13393371
0.11650358
0.078613244
0.007844727
0.051420566
0.121930115
0.013796244
-0.053391084
-0.022100618
-0.006259371
-0.07824434
0.107045494
0.06141916
0.012107327
-0.10430783
0.035148337
-0.113969654
0.0027639328
0.10413607
0.121710226
-0.010973812
0.08308656
-0.017393995
-0.050060105
0.09769687
0.023974258
-0.055368077
-0.08605498
-0.014211609
0.03261696
0.12199203
-0.1707069
0.033603918
-0.04083867
-0.04151936
0.07005899
-0.07938373
0.087202385
-0.15620272
-0.032504916
-0.04911209
0.028468296
-0.011803009
0.05946776
-0.12315724
-0.041047078
-0.0061071715
0.029577771
0.0033906235
-0.11488075
-0.049614295
-0.0071098986
-0.012305988
0.1496099
-0.057333183
-0.048785947
0.054147936
0.051307183
0.20163
0.046079144
0.10147498
-0.059368543
-0.029324574
-0.06509934
-0.013204563
-0.0498193
0.19753401
0.027433027
-0.022940125
0.15521806
0.047991112
-0.007649408
-0.01641332
-0.10162364
-0.11551854
-0.011972566
0.0341986
-0.018394865
0.0881969
0.011885011
0.1895558
0.046563998
0.12213444
0.049813572
0.024651717
0.05665296
-0.027576096
0.018924922
0.08351644
-0.049173452
0.0485862
-0.10182618
-0.009463762
-0.023630783
0.119207576
0.07073055
-0.053791493
0.09727511
0.026138509
0.091111824
0.005947109
-0.09373316
0.0029275273
0.020779267
-0.08012833
-0.09691328
-0.055461075
-0.04798366
-0.03293649
0.13076696
-0.12289759
0.01853344
0.03387992
0.11027629
0.126928
0.05398873
-0.13830346
-0.003080522
0.11626885
0.010336937
0.12794796
0.078515746
0.063878946
-0.032670606
0.13275279
0.019708674
0.032050326
0.062961936
-0.080045775
-0.0012455335
-0.0010574857
-0.0035798645
0.18048899
-0.062526226
-0.014562521
0.022244425
-0.037347697
-0.010192878
-0.01522572
-0.060164403
-0.15730022
0.11469911
-0.122388884
0.051503617
0.24201012
-0.12754627
-0.116527535
-0.027577322
0.08615112
0.09549097
-0.096799724
-0.20096296
0.085105374
-0.070555165
0.07234183
0.12537369
-0.042798683
-0.14748286
-0.065589145
-0.043626033
-0.13369529
0.058904678
0.018707365
0.014766266
-0.08676439
0.06894054
-0.06338735
-0.08824081
-0.14162257
0.16147222
0.035434823
-0.008642818
-0.047598112
0.12679772
-0.0027719054
-0.046719525
-0.05834046
0.0053306078
-0.023173513
0.037567902
0.17192183
0.041817162
0.047834825
-0.0802208
-0.103964984
-0.16582501
-0.050701603
0.06542177
0.124601826
-0.19516926
-0.06876485
-0.010762378
0.03941219
0.045285754
0.082900256
0.004504181
0.054757837
0.047836967
-0.012143866
0.16530395
-0.015246981
0.162803
-0.055452365
-0.17114799
-0.0054760887
0.03174654
0.08493861
-0.011500545
0.21001075
-0.21948409
0.0441543
0.033112664
-0.10260555
-0.036096763
0.15769978
0.032131776
-0.031392954
-0.050857373
-0.036565974
-0.050478477
0.063209735
-0.0699777
-0.19940424
0.034519847
0.030645011
-0.009765502
0.13313165
-0.07584629
-0.18696529
-0.21245004
-0.07143374
-0.16498849
0.07028626
0.12655817
0.05919201
0.1292321
-0.059908397
0.09358765
-0.123850524
-0.11078483
-0.17599232
0.1680557
-0.09406216
-0.0035422086
0.116805136
-0.050962485
0.032637585
-0.014585754
-0.09748848
-0.037775792
-0.0877505
0.15307802
0.1792383
0.15499087
-0.10796409
-0.24101329
-0.12462745
-0.002880618
-0.14671406
-0.0639682
0.11007533
-0.07733392
-0.07625569
0.051421992
0.19609265
-0.017064843
-0.083352946
-0.04451336
-0.17341955
0.13597697
-0.0508868
0.044157468
0.16754057
-0.09852788
0.15955213
0.053509083
0.1281268
-0.05582613
-0.12770493
0.10993317
0.09085126
-0.1643786
5.260502e-06
-0.13823035
-0.060152315
-0.13696986
0.10171477
0.017253809
-0.1730699
-0.023568774
0.002767083
-0.0038177168
0.08787174
-0.036030725
-0.049193207
-0.028387215
-0.057909522
0.37623596
-0.03662438
-0.11035982
0.06621327
-0.0027403487
0.07016034
-0.0276974
-0.023493502
0.063892916
0.022158816
0.047481257
-0.08772541
0.0052976036
-0.09819661
-0.1302269
0.06007339
-0.0069964877
0.069276474
-0.031887695
0.10654948
-0.07578587
0.061616126
0.029277839
-0.10119453
-0.059331037
-0.080149546
0.107844524
-0.09061427
0.025789466
-0.10072791
-0.0022220707
0.006837856
-0.19190137
0.107155
0.10840285
0.09637386
-0.06628938
-0.016057082
-0.08456572
-0.026081905
-0.0896376
0.019534815
0.03843108
-0.06473452
-0.06764264
0.052032355
-0.04706121
0.053897556
0.0015412188
-0.02923928
-0.14069313
-0.19663598
-0.03976758
-0.13136542
0.030295514
0.082747445
0.07867192
0.0933168
-0.052135356
-0.035223555
-0.10436793
-0.12522472
-0.044091657
0.020811927
-0.02091315
-0.021863747
-0.05178703
0.0541219
0.028692748
-0.034060523
0.034271006
0.12821092
0.014189396
0.10249247
0.12406873
0.025516246
0.08988991
-0.019367944
0.05911027
0.094895944
-0.07151152
-0.067921
0.064018846
-0.034687486
-0.030887537
-0.07383159
0.09615814
-0.16619426
-0.029606687
0.044764955
-0.03313884
-0.05864311
0.026702616
-0.027763959
0.019776283
0.10029554
0.065731294
-0.038958047
0.1175772
0.099888824
0.09448646
0.019168453
-0.078202404
-0.05220029
-0.08040534
-0.053961262
-0.07022278
-0.024673693
-0.029393708
0.010840926
0.027645377
-0.14046548
0.036868233
0.031727266
-0.06855317
-0.055100586
0.006891462
0.073105894
-0.08291889
0.1275512
0.06860334
0.06533817
0.11233499
0.029407376
-0.06389251
0.026861157
0.044125028
0.06270154
0.13801965
-0.04900412
0.013557083
-0.03672102
0.036388345
-0.09888231
-0.18040352
-0.02328639
0.1746199
-0.12250898
0.056115646
0.10941303
-0.12759729
0.10008844
0.006691732
0.06759835
-0.0994113
-0.016308114
-0.07102271
-0.1924069
-0.08058797
0.053092826
-0.047376294
-0.09685935
0.07097631
0.032316
0.041862134
-0.014287083
-0.1450279
-0.036191076
0.056540083
0.18067813
-0.04853988
-0.04271341
0.058462124
0.09885274
0.0039698766
0.072284125
0.079615906
0.088547654
0.11336168
-0.10453139
-0.02103589
-0.065858625
0.0014785762
0.099449076
0.07687156
0.015552228
0.022254819
0.15173009
0.08890274
-0.044892464
-0.02172416
0.051379465
-0.019755304
0.059534103
0.066559106
0.0010092423
0.046689343
-0.07954768
-0.08463477
0.037519503
0.016977547
0.0687762
0.040126234
-0.13267006
0.07087791
0.055040468
-0.024871072
-0.0060657617
-0.015489802
-0.12686095
0.105550684
-0.023556203
-0.13465162
0.118449196
0.06365833
0.09465632
-0.03416268
-0.08964229
0.10248184
-0.063459575
-0.10279688
0.113351315
-0.10709547
0.11119649
0.07384513
-0.081679605
-0.15156555
0.0808343
-0.013958566
-0.07690535
0.07062231
0.006593872
-0.059595082
0.025257632
0.06773071
-0.0024420714
-0.14631851
0.08403704
0.090325944
0.0528516
-0.014700155
-0.025767414
0.11227469
0.11432479
0.10680516
-0.008000152
0.08343221
-0.11085976
0.01158406
0.0736734
-0.09058697
-0.16881648
-0.1201108
0.13801515
0.038423598
-0.076749094
-0.07010497
0.06979615
-0.104586735
0.016629372
-0.116532505
-0.024304193
0.014280584
0.045522604
0.03507222
0.12133766
-0.1357882
-0.14487195
-0.0018574742
-0.06747477
-0.041331183
0.03666936
0.028040158
-0.0025348119
-0.06248153
0.07160226
-0.12573603
0.10654288
-0.022846173
0.07124548
0.034859188
0.031361703
-0.07245995
-0.07817598
-0.093695335
0.098287754
0.10280938
-0.048828423
-0.01479456
0.078011036
-0.049071617
0.11513488
-0.0709515
-0.10322162
-0.19486782
-0.024473665
-0.17096497
0.10487143
0.103164986
0.12966292
-0.018556578
0.101049915
0.0034044436
-0.011316958
0.0650261
0.05996407
0.018826839
-0.015744507
-0.019819474
0.15581387
0.00061053486
0.08742329
-0.0054928083
0.008671647
-0.006028103
-0.008452727
-0.0014534846
0.004011004
0.075780906
0.053006213
0.030540604
-0.08269536
0.05036054
-0.09507429
-0.17377539
0.12183352
0.08773706
0.07078356
-0.11119987
0.092784144
-0.19144918
0.09922033
-0.02356775
-0.15828303
0.035477873
-0.052422676
-0.054027874
-0.10418776
-0.08117639
0.0013339006
-0.019359719
0.11079741
-0.07831479
0.10387302
-0.00985854
0.025270866
-0.04682726
-0.02963597
-0.0216347
-0.012997821
0.1268641
-0.017551564
0.05701299
0.0069309934
0.15635453
0.012679065
-0.12343076
0.010853591
-0.030328186
-0.0074704993
0.13418578
-0.08931301
-0.12169978
0.08463044
-0.023320502
-0.1544254
-0.04798029
-0.041660782
0.16335067
0.17709371
-0.027910234
0.028745871
0.046922587
-0.018109895
0.085349195
-0.037068892
0.07489326
0.011403691
0.07260189
-0.02153111
0.029947467
0.14204322
0.059418358
0.055857107
0.15159117
0.047931343
-0.046373975
0.018381428
-0.011723424
0.025230525
0.0485201
-0.03377999
-0.03522195
0.0030859762
0.16345997
-0.007571776
0.02149006
-0.060178924
0.09385887
-0.11634781
-0.051744998
-0.11054713
0.06530186
0.0592063
-0.046746843
0.028290663
-0.070273235
-0.031227041
0.038164202
0.09527407
0.06374272
-0.012164434
-0.10019526
0.11511778
0.034604907
0.025662674
-0.07663292
-0.040718965
-0.10938044
-0.0777835
0.08362677
-0.10298367
0.0017313996
0.022694234
-0.062141795
0.12773274
0.06268001
0.038030084
-0.085180305
0.13336146
0.10983058
0.12335128
0.008159655
0.09843273
-0.04017281
-0.13322991
-0.009667214
-0.08875927
-0.085699044
0.13477014
0.12466883
-0.040350292
0.020557517
-0.04090579
0.09294833
-0.042301524
0.07865281
-0.00841542
0.13233511
-0.03746285
0.058457673
-0.004358646
0.12012923
-0.009524713
0.11582435
-0.017627614
-0.05906203
-0.0010728857
0.13273273
0.09210537
-0.06173586
0.0050182864
-0.038741108
0.012862415
0.048200566
-0.08463579
-0.094607264
0.004912343
-0.006031869
-0.071077466
0.09045818
-0.041471366
0.0917078
0.06773883
0.057361256
-0.008965696
0.07282709
0.0955303
0.0042707543
0.12944576
0.06451141
-0.047384396
-0.105052635
-0.006046217
0.06938116
0.025055034
0.07895429
0.09159534
0.061721697
0.018693957
-0.054307505
-0.09006616
-0.0053342474
0.12297504
-0.04341437
0.0662099
0.003609889
-0.105346784
0.090605155
0.044476256
0.052304383
-0.04044143
0.06826668
-0.055998113
-0.051960375
0.12404132
0.027382176
-0.0639345
-0.09117898
0.077576265
-0.079377554
0.13977917
0.020349087
0.015905794
0.0047299354
-0.03543422
0.10233301
-0.07604772
-0.00838236
0.05741004
-0.11482837
0.07158557
0.11874037
0.0708139
0.00856341
-0.06372505
0.019470846
-0.16586064
-0.09395943
0.07983618
-0.01560967
0.10738321
-0.10735344
-0.052572317
-0.054675598
0.015063221
0.054444555
-0.0834283
-0.015611105
0.14065598
-0.06056344
-0.08271041
-0.001367626
-0.04631501
0.1543649
-0.11037677
-0.0934145
-0.031279404
-0.1166438
0.010312793
0.00031809128
-0.04010639
0.14587806
-0.0036755714
-0.10327309
-0.007863947
-0.0814021
-0.108589955
0.11018834
-0.119214624
-0.07002875
-0.019646235
0.044608094
-0.14963368
0.14313236
-0.03766168
-0.035998404
0.041393965
0.13371576
0.10230186
0.09326358
0.052148543
0.112285525
-0.0845698
0.0657957
-0.04539979
0.059268594
-0.1024801
0.07720226
0.04018112
0.057905838
0.103350654
-0.08244341
-0.069876686
0.06346747
-0.15869589
0.015518448
-0.056755062
-0.10951874
-0.06236773
0.12425013
-0.06438396
0.11480759
0.06429673
0.020891465
0.10639865
0.041071717
0.06626291
0.0708301
-0.04909964
0.0011521737
0.020402227
0.0083820205
0.017209243
-0.15974528
-0.007362985
-0.0649064
-0.09151747
0.122391544
0.0652952
0.07450879
-0.10118001
-0.0749368
0.033424027
-0.022033116
-0.044828553
-0.018781185
-0.034893163
0.03845318
-0.012751216
0.0471352
0.023423322
-0.0696685
0.08851717
0.12546983
0.074566
0.044408176
-0.036697213
0.032526456
-0.012218435
-0.071350746
-0.20827238
-0.0040331087
-0.01993246
0.085874654
-0.102429815
-0.03650514
0.10568638
0.051882453
-0.12482285
0.05544744
0.026283365
-0.08512525
0.09349301
-0.08974144
0.0018311613
-0.029421598
-0.07813324
0.033983774
-0.06901637
-0.04978007
0.025557263
-0.07876732
0.041711774
-0.03694695
0.10535036
0.0973428
-0.033345304
0.058395207
-0.22602193
0.002322073
0.017915841
0.02057209
-0.042773794
0.011660092
-0.08010699
0.0036495505
0.07860866
0.11645701
0.08291354
0.118184954
0.0034910806
-0.0044167573
-0.06581421
-0.060118236
-0.07815349
-0.12290232
0.12582959
0.05480671
-0.036193542
-0.042165
0.057779375
0.008730883
-0.028684614
-0.086559705
-0.014276129
0.079142876
0.022050766
-0.04884745
-0.13456087
-0.05682032
0.013485102
0.011317849
0.119873896
-0.12387758
-0.06174171
-0.060952015
-0.045078274
0.036825296
-0.14625461
0.01980527
-0.05492291
-0.019482791
-0.052340016
-0.010335518
0.040449288
-0.08358308
-0.13660325
0.092128396
-0.06787584
-0.019271445
-0.06706045
-0.01773179
-0.0526043
0.033859983
0.13210496
0.046923075
-0.032934025
0.06311504
-0.069305465
0.06629326
0.10516422
0.018674297
0.023950096
0.16483533
-0.123005055
0.15362646
-0.05943461
0.08872692
0.21069317
-0.0289462
-0.099441506
0.053967576
-0.0058918893
-0.08981487
-0.015935965
0.040284034
0.06649244
0.03661341
6.6417764e-05
0.0062481943
-0.01559326
0.039856356
0.08916315
0.033639617
0.15431139
-0.009992137
0.007965428
0.028841078
0.10358521
0.1082313
0.060075324
0.07252284
-0.049701404
-0.10538547
0.1033448
0.13858868
-0.041034255
-0.026969261
-0.06183687
-0.15802468
0.049030285
0.10413517
-0.10946945
-0.06116896
0.007836778
-0.10957675
0.005829206
0.013417511
0.026203737
0.076812856
0.104985364
0.013937364
-0.11639065
0.04775006
0.13022071
-0.033383068
0.11053769
-0.122782
0.118875496
-0.083045214
-0.013344558
0.10063183
0.013719877
0.021363469
0.14106734
0.12080844
-0.103655756
0.076799184
-0.05749558
-0.12910323
0.010384986
-0.21378921
0.05506793
-0.14411105
0.008099196
0.14959496
-0.05371905
-0.028569473
0.13932134
0.0408401
0.08371603
-0.074690826
0.053506617
-0.041604593
-0.067873746
0.008172477
-0.042619266
0.055672985
-0.030171221
-0.050654296
0.013729381
-0.15202175
-0.0034004743
-0.16412836
0.09963109
-0.00566843
-0.0007710037
-0.010273151
-0.13030542
-0.051001567
0.11595149
0.06574802
-0.05470577
-0.035366535
-0.0061206473
0.10083385
0.06342501
0.05379848
0.0460031
-0.062708445
-0.06375097
0.13837327
-0.019147905
0.014879504
0.10904767
0.0756582
0.055725005
-0.13888642
0.043259118
-0.098268695
-0.045221288
0.06499812
-0.05815397
-0.11148697
-0.09290711
0.033296816
-0.027905894
0.023005635
-0.23627356
-0.028253645
-0.050282083
0.03593514
0.116942964
-0.0585784
0.16416614
-0.06646171
-0.079673216
0.049512357
-0.11033017
-0.04199674
-0.044997845
0.11956457
0.049879327
-0.053686306
-0.1815386
0.2066973
-0.1111984
-0.088981524
0.026961703
-0.03825805
0.0074751326
0.0045210496
0.0016319482
0.14299573
-0.053691108
-0.16664028
0.20473976
0.035848632
-0.004806961
-0.051478777
0.02042302
0.11963571
0.10786301
-0.08953994
-0.04097536
0.046890743
0.023087613
0.1901915
0.10196163
0.016336069
-0.03911956
-0.055308852
0.12992863
0.14849776
-0.010217736
-0.12473129
-0.12098518
-0.10960366
0.02317405
0.20437035
-0.0019612694
-0.0035024867
-0.009814073
-0.17989919
-0.010576831
-0.08180137
-0.09637039
-0.022956261
0.05371288
-0.02679655
0.09637727
-0.025916746
0.16350336
0.03301675
-0.011518657
-0.12405879
0.16616118
0.09650043
0.06527592
-0.07800322
-0.070783064
0.034643516
0.10688902
0.14399907
0.012501646
0.17117254
0.04348928
0.047809873
0.08237774
-0.0007505473
-0.116563454
0.025581524
-0.03410553
0.05297607
-0.079392254
0.071882844
0.073792815
0.14314246
-0.016484726
-0.16169332
0.06342635
-0.03535993
-0.00826633
0.036930863
0.04206423
-0.02673337
-0.21159871
-0.015459933
-0.12060377
0.028183026
0.030834349
0.05899421
-0.0779587
0.11331137
0.008386634
-0.18436615
0.11019283
0.03878043
-0.08986857
-0.07800431
0.026323333
0.009814709
-0.18146992
0.051031426
-0.15449882
-0.13022342
-0.035749096
-0.007486809
-0.09278693
-0.04790656
0.041775234
-0.07097774
-0.0075364597
0.083954945
-0.12542427
-0.12303222
0.0044779954
0.04546924
-0.106943294
-0.091901496
-0.097404584
0.054333456
0.11002522
-0.011372581
0.18046907
0.060374655
-0.12119272
-0.036632538
-0.07513309
-0.164359
0.004699985
-0.0063657253
0.10517805
-0.007154108
0.025070481
-0.018762799
-0.10484152
0.060296487
-0.045085825
0.101108246
-0.035667673
0.0026412504
-0.025231691
0.03852996
0.027007246
-0.077285565
0.1321831
-0.07130108
0.02504936
0.14574963
-0.057773884
-0.12810306
0.010844778
-0.04817772
-0.09982672
-0.015007607
0.01623777
-0.014904326
0.04271858
-0.0017702114
-0.11771804
-0.0016838601
0.0025580924
-0.031907044
0.18802704
0.003408154
-0.09737889
-0.08547272
-0.026858278
0.11141986
0.06704804
0.064895324
0.001934178
0.0024686197
0.08991596
-0.0067752344
-0.028925888
0.06364644
-0.13912964
-0.011816907
-0.030635294
-0.18409947
0.19093281
0.032778885
-0.066396594
0.13687134
-0.02182329
0.020245591
-0.066736616
-0.03917404
0.011379133
0.10782142
-0.017918603
-0.11654817
0.040957298
0.30203888
-0.04852621
-0.026534645
-0.10357273
-0.0789711
0.026636057
0.012294085
0.010212095
0.12499312
0.011871321
0.044885445
-0.12228247
-0.14450096
0.078778796
0.15639839
0.016266782
0.022752935
0.025159972
0.107991256
-0.019122455
-0.100908615
0.0054149195
-0.13073313
0.0013432172
-0.080186374
-0.069806136
-0.030437952
0.071587175
0.029398004
-0.05333187
-0.024501773
-0.1717194
-0.029480584
-0.1469055
-0.09192913
0.01096427
0.032293487
0.033097096
0.06944691
-0.087976865
-0.0051908344
-0.1345666
-0.11347653
-0.20067765
0.03066971
-0.007353299
0.033284172
-0.05717576
0.030474989
-0.052955784
0.043555856
-0.041695304
0.37659463
0.10119945
-0.13541147
-0.10749444
0.0044844486
0.17347158
-0.16638899
-0.0940451
-0.013766552
0.1948283
-0.07459283
0.01868863
-0.08845893
0.08227835
0.09460422
-0.0661347
-0.14904667
0.03967543
-0.10488509
-0.06753543
-0.036754612
-0.05718273
-0.052218918
-0.01320707
0.0066659646
-0.22681318
0.016440125
0.080529004
-0.08100218
0.044246286
0.089119785
-0.0018979752
0.13259253
0.05255822
-0.052028745
-0.10231634
0.0060478793
-0.089069724
0.07638272
-0.07574501
0.12040417
-0.09866236
0.030012112
0.0135437865
0.21611254
-0.0313746
-0.055010494
-0.099545375
-0.049613066
0.037803836
0.050958052
-0.124312125
-0.006626846
0.18517657
0.3247789
0.11279865
0.095861845
0.07344248
-0.14174522
0.16570358
0.041401647
0.016770784
-0.14549512
0.07308146
0.013488882
-0.10544576
-0.0057830852
-0.2326984
0.07114084
-0.12951541
-0.04335376
0.13445029
0.0313594
-0.0028631932
-0.014314305
-0.04234954
0.019965906
0.037237793
0.103317365
0.06772219
-0.050919976
0.10990707
-0.08145253
-0.1583609
0.032873362
-0.18678111
-0.08547337
-0.03996395
0.040749967
0.15573867
0.15579656
-0.00025473777
-0.076157
0.032670904
0.04440996
-0.109956585
0.06254421
0.13705982
-0.018455528
-0.067151554
-0.036411345
-0.030643634
-0.1750968
0.011452188
-0.16049102
-0.10293438
-0.041565277
-0.14512517
0.016139805
0.06167684
-0.06174949
-0.11079423
0.0036183929
-0.051269326
0.029333035
-0.1695779
-0.01601479
0.07201207
0.30097017
0.013023188
0.05068457
-0.13169676
0.019749682
-0.1127833
0.15671287
0.058537263
-0.066363886
0.21520413
0.20319821
0.036011044
0.17863041
0.0664491
-0.035777695
0.19075307
0.043523382
-0.10715195
-0.17127626
0.0048105163
0.07837175
0.16765226
-0.13346648
-0.035490472
-0.05248386
0.11385856
0.103851214
-0.03748045
-0.08499013
0.008341076
-0.07335608
0.045603834
-0.2896959
-0.10157123
-0.054415114
0.14633018
0.19269337
-0.11232058
0.012281458
0.048213735
-0.22916418
0.06440558
0.114362486
0.052712206
-0.1767517
0.07074469
-0.050620213
-0.09046666
0.06698538
-0.08982453
0.13212357
-0.0050050006
-0.22427209
0.010764246
-0.026523666
-0.03915588
0.067625485
-0.18268707
-0.045358323
0.010318767
0.034235384
-0.07404305
0.09273411
0.12607479
0.11240861
-0.07497537
-0.04697424
0.015221776
-0.022041654
0.07373489
-0.085979685
-0.13136184
0.1098105
0.046738535
-0.03441985
0.006408608
0.12030269
0.21192007
-0.08401365
0.074724704
-0.23160441
-0.14035234
-0.11106207
-0.114490606
0.08618432
0.17358898
-0.07346373
-0.08950908
-0.018749675
0.11004699
-0.04620628
-0.0054864446
-0.0662362
0.13078398
-0.13639447
0.07556595
0.07601102
-0.036757708
-0.08507738
0.21267165
-0.09391535
-0.12921004
0.05219779
-0.030954028
0.029030168
-0.09207143
0.16963851
0.05241682
0.07511811
-0.039226312
-0.03878322
-0.16656955
0.21258248
-0.06484095
-0.063444994
0.06440068
-0.01845671
0.090778016
-0.15191886
0.22659013
-0.07479045
-0.13007914
-0.0772647
0.12384472
0.01934546
0.17946611
0.062223747
-0.008433553
0.09596531
-0.012443515
-0.027925465
0.07285723
-0.039868925
0.11715534
-0.080727465
-0.19837163
0.0115608
0.16430624
0.09893407
0.10798091
0.13268606
0.02296358
0.031213608
-0.07504654
0.2138134
0.040740754
-0.02709857
-0.052596644
0.00993832
-0.1731715
-0.04492572
0.016384955
-0.048912674
-0.08703812
0.06672228
0.06385883
-0.062468752
0.021263717
-0.048003584
0.19321111
0.05488745
-0.063288376
0.04967114
0.35697877
-0.249312
-0.055626683
-0.030631198
0.121437415
0.059450254
0.07829996
-0.11184213
0.032797948
0.061196223
0.038999278
-0.061556138
-0.049967468
0.08804423
-0.009310742
-0.0378166
0.06887465
0.16029428
-0.046937995
-0.15891522
-0.063877195
-0.0020463138
-0.010286803
0.15447994
0.032513507
0.11484821
0.09383328
0.10077764
0.16140091
-0.18919733
-0.11791376
-0.032876298
-0.034284208
-0.0730934
0.025789008
0.110092014
0.18499614
-0.138375
0.010276121
0.02246681
0.10550669
-0.054221362
0.010281902
0.06157343
0.041015487
-0.043868538
-0.03462483
-0.028544616
0.025625812
-0.040975273
-0.14396027
-0.008308235
-0.091010794
0.07289796
0.12111568
0.030653037
-0.014870872
-0.11639382
-0.11914852
-0.017858278
-0.034860983
-0.034185935
0.058901057
0.08406777
0.09653445
-0.073537596
0.059593022
-0.039773908
-0.13700867
-0.016730476
0.0035782836
0.058434337
0.053922225
-0.07851903
-0.004378418
0.12624872
-0.038126864
-0.0006960871
-0.03934321
0.12764709
0.04084099
-0.049939293
-0.08861366
-0.008543113
0.079612486
-0.0337428
-0.056145202
0.09444573
0.09372212
-0.027837465
-0.08752049
-0.019248132
-0.13100536
0.0047458354
0.14730974
-0.00708195
-0.15524507
-0.0061010215
0.03891333
-0.0031553335
-0.0371597
-0.08877191
0.031192476
0.15157267
-0.119508766
0.0142327035
0.060551874
-0.09247103
-0.07282203
-0.068558894
-0.01703898
0.0750379
-0.036976207
0.11903229
0.09023378
-0.0051352587
-0.010418449
-0.075877674
0.09025784
0.09668401
0.039820705
0.046775
0.030859027
0.013606398
-0.045795918
-0.030968428
-0.08176355
0.09834973
0.19281477
0.047146957
-0.059014052
-0.07108247
0.066249035
-0.22099267
0.16413394
0.10400238
-0.0026107507
-0.14249445
0.07452169
0.0474246
0.0668238
-0.06411337
-0.0043335534
-0.01591772
0.056920085
-0.10508138
-0.1271928
-0.103941746
0.0014447558
0.11340225
-0.045662638
0.11829658
0.04822408
-0.059089083
-0.064353086
-0.048478007
0.12243086
0.0049251462
0.07073501
0.012483664
-0.19787274
# B
-0.014219459
0.010146501
0.025963482
-0.036558233
0.040226948
0.001372302
0.004164313
-0.015556078
0.016440956
0.012832746
0.016811866
0.008365729
0.0048237233
0.018859461
-0.008985667
0.011967837
-0.0015561515
0.005816362
-0.00283589
0.02877388
-0.004366683
0.013034958
0.026099395
0.015913738
0.016751964
-0.009529564
0.0053312792
0.01336548
0.016787102
-0.00066881557
0.014695044
0.013039894
0.0012612575
0.02045344
0.006318563
0.017570246
0.03942352
-0.009356343
0.03462347
0.009387725
0.012886121
0.026464643
0.025874859
0.013682117
0.016339546
0.012494215
-0.010503847
0.042016234
0.010945098
0.04086233
0.0094239805
-0.009379365
0.012687562
0.04420658
0.0070962287
0.025673842
0.067085735
-0.008167749
0.0019112607
0.012006789
0.032027934
0.023799472
0.002132975
-0.009818965
0.01755177
-0.006807779
0.025833692
0.0039532715
0.009116035
-0.0047202236
0.027737563
0.0024103203
0.019202987
0.023571968
0.009851416
-0.003833174
-0.001242077
0.014629166
0.022530057
0.015507055
0.011673719
0.026757454
-0.005336262
0.022251029
-0.007156717
0.024975622
0.022907149
-0.005950883
0.016088167
-0.00013336696
0.008814536
-0.039163616
0.027757239
0.027032116
-0.012718945
0.009410367
0.021695765
-0.02233787
0.0059173447
0.008029655
0.015718758
0.013412783
0.01528098
0.020636361
0.004498806
-0.014806353
0.016478268
0.048963968
-0.014649065
-0.0013244128
-0.0020503448
0.034680124
0.013602108
0.016971279
0.016338766
-0.0021035573
0.03901252
-0.020523587
0.01948017
0.013816727
0.028735423
0.019869026
0.0006701179
-0.00088506786
0.011189142
0.0019994916
0.0051408713
0.017793247
# Layer Number: 1
relu
64 128
# W
-0.1364434
0.10589928
0.17873862
-0.16866502
-0.06314407
-0.031019133
0.040666167
0.069428645
-0.035582036
-0.23098955
0.162661
0.12849185
0.14191416
0.07258392
-0.18346493
-0.2077278
0.03369152
0.009859134
-0.11260494
-0.20067984
-0.14942792
0.097380206
0.02865741
0.2652859
0.14120185
0.21966287
-0.023312496
0.15630177
0.22261542
-0.051010232
-0.10604996
-0.048033614
0.19183604
-0.0935246
-0.26278204
-0.17096408
0.1610807
0.05261722
-0.2238992
-0.17777143
0.0407531
-0.16848981
-0.022516971
0.16284001
0.06067998
0.18361525
-0.18220581
0.02552906
-0.16062893
-0.05793344
-0.21914881
0.035782885
-0.00058408873
-0.029756276
0.07481296
0.034254536
-0.036805812
-0.015557329
0.13227472
0.01710289
-0.064728886
0.056277703
0.024636472
0.2785359
-0.23465654
0.007637501
0.114494465
0.090772115
0.1309593
-0.16376281
-0.17020038
0.17102079
0.16366239
-0.11111249
0.20964868
0.00796593
-0.13658114
-0.14147513
-0.06359815
0.15063256
-0.105777435
-0.048906874
-0.14719473
0.075543806
0.20555185
0.13048993
-0.020361498
0.058677707
-0.0067854673
0.18116733
0.11915946
0.12363507
0.22059381
-0.0054372954
0.19801362
-0.025555504
-0.017808048
0.013622193
-0.15385221
-0.015166868
0.026037132
-0.09499661
0.15858383
0.18819687
0.010862681
-0.12591842
0.13591887
-0.091754906
-0.14397112
0.064547665
-0.20475736
-0.21801549
0.16841921
-0.15134628
0.09312644
0.13650972
-0.16496694
-0.10806404
-0.16230792
-0.23548956
0.14382473
0.102422215
0.14301081
0.027744064
-0.13375817
0.01936057
-0.13922642
-0.23143049
0.018268116
0.07728231
0.18058005
0.013247772
0.17219277
0.029132305
0.033106927
0.048105597
0.04237996
-0.15920909
0.17544192
0.06585121
0.19433537
-0.004430072
0.10391843
-0.032718617
0.07894969
0.15191269
0.1527167
-0.12338242
-0.17594235
0.16892062
-0.025077188
-0.084700175
-0.06816271
0.09454935
-0.049002502
0.1030495
0.10336273
0.071183555
-0.10443906
-0.1512712
0.2115989
-0.07630346
0.06451133
-0.13670512
0.15121628
-0.2224832
0.05932838
0.047890812
-0.09747328
-0.0871498
0.028091624
0.06282107
0.20408341
0.094615854
0.1291369
0.06315874
0.08499034
0.07368528
-0.0006430461
-0.014649888
0.08061517
0.057407547
0.2135784
-0.0034860268
-0.17513694
0.04732711
-0.008939159
-0.18579482
-0.024308732
0.14955896
0.14405651
-0.07717875
-0.059891593
0.12872943
0.072583996
-0.096831545
0.11178482
-0.06884072
0.21169342
-0.20781139
-0.012814639
-0.26707178
0.07133805
-0.15461983
0.04694369
0.2346071
0.050150923
0.26095754
0.12932998
-0.1893709
0.16652714
-0.10498626
-0.25978968
0.009541525
0.1962647
-0.22307715
0.023953049
-0.059796326
0.25961673
-0.09095012
0.002459824
-0.20798615
0.15567248
0.05353996
-0.15740395
-0.035163242
-0.037254933
-0.07146208
0.16060023
-0.06057472
0.08482001
0.04142088
-0.14014974
-0.3279229
0.043803673
0.12464922
0.011277517
0.072322674
-0.011303792
0.16003118
-0.1088319
0.07574108
0.20676854
0.12093649
0.27125898
-0.21342613
0.024049126
0.071829505
-0.27526218
0.29936898
-0.14417107
-0.058704834
0.18193355
-0.13130312
0.112829946
0.05997426
0.13255163
0.12141826
0.13666666
-0.12968916
-0.017782664
0.019054545
-0.1713779
0.15750684
0.11215508
0.18718383
-0.19235294
-0.09641687
-0.06733796
-0.23628107
0.15103863
0.19094194
0.13343196
-0.020787977
-0.11468821
0.25564262
0.1770913
-0.15331429
0.09471224
-0.14127786
-0.15058172
0.14216773
-0.10396787
-0.05978039
-0.15286104
0.14293928
-0.073306404
0.04132998
-0.11628816
0.09596318
0.16431415
-0.0016077062
-0.0204373
0.26264974
0.2041616
0.057185482
0.03849195
0.17498556
0.08432952
-0.07522586
0.028875716
0.10451406
-0.14303137
-0.0016720179
0.115369
0.076749556
0.05238078
-0.09218621
-0.21519105
0.14113696
-0.14625253
0.062111773
0.008957637
0.0024530469
0.12692416
-0.055604
0.011434301
-0.04690519
-0.08135611
0.19050911
-0.2505303
0.16355361
-0.2156325
-0.25473693
-0.12607914
0.05053548
0.17953648
0.16468304
-0.20394199
-0.13940378
0.038473394
-0.14159687
-0.08800255
0.19456945
-0.11773752
-0.28094938
0.024008488
-0.16653493
0.1715883
-0.31831044
0.15417804
-0.028846618
0.02455497
0.04593147
0.2810453
-0.081586346
0.16973276
-0.112257
0.28101555
0.060798787
0.039010186
-0.08944874
0.14402309
0.055426147
-0.2809754
-0.13604428
-0.0045891874
-0.041541062
0.04529367
0.19932738
-0.11969063
0.073557585
0.14071263
0.09481823
0.33864674
-0.24764188
0.0074244943
0.09105891
-0.33514783
0.14608145
-0.005181731
0.111002035
0.02288315
0.043642446
0.39043763
-0.0065032756
-0.17113358
-0.21693552
-0.0751505
-0.043695547
-0.15423319
0.10741517
-0.11565673
0.07430675
0.2322915
0.046102427
-0.18477851
0.1563658
-0.0029611778
-0.018209584
-0.016497297
0.1275373
0.10211791
-0.1482912
0.011411227
0.1181689
-0.28139117
0.079398535
-0.1412955
-0.0114348745
0.07678135
-0.119254224
0.09367523
-0.06928977
0.2110386
0.15764208
0.15009415
-0.16670285
0.14183268
0.04895949
0.30404186
-0.10818867
0.12049716
-0.24813397
-0.04644865
0.09806622
-0.24522433
-0.0060428516
0.20821318
-0.32771388
0.15802802
0.18699493
0.28369296
0.026612949
0.16974032
-0.08602733
0.031318277
0.15559629
-0.10892778
-0.17748562
-0.20970978
0.0453565
0.028652038
-0.15949287
-0.07703699
0.14796889
-0.04863624
0.37427595
-0.11578919
-0.12542482
-0.14363341
0.19838871
0.12178076
0.17144825
0.059802853
-0.27636838
-0.24516065
-0.069418944
0.10780654
-0.016189564
0.06594781
0.13781485
-0.21562563
0.12910947
-0.001675418
-0.121642835
0.015701922
-0.08763338
-0.20314454
-0.00728883
0.20999272
0.03988573
-0.0067201373
0.057227883
0.23892322
-0.047267698
0.1737288
-0.011267208
-0.123681866
0.26531312
0.06114062
0.1699622
0.036300857
0.05289882
-0.067251176
0.00030701875
0.057145614
-0.010147675
0.06668308
0.016013496
0.015934313
-0.19493592
0.18250717
-0.21243948
-0.103610024
-0.11000135
0.078469634
-0.20395312
0.15199068
-0.1284604
0.16729315
0.1325846
-0.090453744
0.0745195
-0.10426914
-0.019214543
0.1973544
0.04039943
-0.13038252
0.15348665
-0.1502564
-0.036358435
0.068533316
0.034924958
0.018543
0.11154474
-0.16121261
-0.0353274
0.12031339
0.03278236
-0.21602978
0.32567397
0.03187291
-0.14204405
0.1637766
-0.04105599
-0.10919654
0.041263912
0.16951731
-0.11889966
-0.12818597
0.09389585
0.14007077
0.039372943
0.1698992
-0.21531913
0.048142098
0.027256262
0.2294104
0.012649171
-0.0013142257
-0.17855938
0.016072826
-0.17712326
-0.119705565
0.11856246
0.24173234
0.031277314
0.07303761
0.08110043
0.08102651
0.021267425
-0.12002005
0.009256637
0.08106566
-0.10055701
-0.14266524
-0.06187428
0.092076205
-0.14040105
-0.0197574
0.046588164
0.059187017
-0.16725303
0.31222704
0.0892647
-0.105408385
0.03681629
-0.028216051
0.09799985
-0.022641474
0.032704394
-0.1696721
0.03170576
0.15339391
0.057897918
0.25232777
-0.09580827
-0.05414815
-0.09160737
-0.09829057
-0.058645863
-0.11155424
0.10835985
-0.12342003
-0.08444011
-0.11825886
0.2178713
0.16993316
-0.076994725
-0.14192016
0.19466077
0.11698269
0.08459287
-0.12964258
0.26288846
-0.2510476
0.0012037543
-0.23802494
-0.31424394
0.07688858
-0.1847797
0.20569982
0.065283045
0.039615538
0.25372344
0.2790604
0.24437533
0.120895244
-0.14875849
-0.035657216
0.08260203
0.068739116
-0.082434334
-0.048380617
0.055640705
0.045802947
0.09450468
-0.2719318
-0.12074921
0.23956947
-0.0023045966
-0.118610755
0.16081809
-0.022897033
0.18965481
-0.1782948
0.07135383
0.12264969
-0.06520538
-0.18546909
0.06076744
-0.047664497
-0.041994654
0.035896163
-0.07853489
0.11205914
0.18937655
-0.11955044
-0.058002416
-0.08174766
0.20847721
-0.1279055
-0.006269397
-0.25950608
0.111318395
0.13582225
-0.107162364
0.2093334
-0.027623389
-0.1777851
-0.14080936
0.16372915
-0.14442953
-0.3772762
-0.16235854
-0.1915795
-0.010282979
0.20368823
0.21436825
-0.27537566
-0.0144874705
0.1939286
-0.23219389
0.03436489
-0.01437691
-0.054035272
-0.011049871
-0.049567603
0.34159347
-0.0006172884
0.012684508
-0.05523105
0.19596484
0.07525251
-0.23312296
-0.11309448
0.24236052
-0.34807676
-0.074495755
0.14241959
-0.17665386
0.103919156
-0.02829619
0.24944401
0.25545466
0.051437456
0.24227211
0.12034238
0.27751943
-0.1892352
0.14478393
0.085528634
0.13577078
-0.2114871
0.1228188
-0.04111691
0.1709367
0.11943911
0.07147387
-0.025475247
0.15923937
0.0031949847
0.18900569
-0.0963411
0.08368382
0.099740386
-0.21637963
-0.009341363
-0.14111185
-0.10430004
0.23328967
0.011549886
0.14994869
-0.08514675
0.10986246
-0.10973836
0.2561197
-0.008463832
0.2201015
0.152907
-0.2029606
-0.009619819
0.2985686
-0.25295335
0.05351373
-0.11992376
-0.13249847
-0.03535919
-0.1472601
0.11830154
-0.15022215
0.13582323
0.23513548
0.20438455
0.08564627
0.121218406
0.11888539
0.15868805
-0.17480522
0.22250573
-0.18589312
0.03978587
-0.017415166
-0.0919043
0.17480133
-0.24533054
-0.2566923
0.037013024
-0.11434738
0.120161384
-0.027711555
0.17660773
-0.08962604
0.123069845
0.09595733
0.012648655
-0.045808688
-0.021498283
0.14348084
-0.018808918
0.19106956
0.18967704
-0.10495988
0.1959528
0.052167796
0.009165024
-0.06828355
-0.11092043
0.17768414
-0.23903796
-0.06979537
-0.08229718
-0.027344955
0.05156174
-0.110056214
-0.16868624
-0.13097516
0.13627213
-0.26557916
0.11359696
0.15324399
0.21229911
-0.14141959
0.0067858705
-0.072802156
-0.11084702
0.042835746
-0.122634895
0.06674036
-0.09297259
0.06989703
0.13217793
-0.16358006
0.19033977
-0.016657576
0.21046923
-6.0919614e-05
-0.01827033
0.06408518
-0.06628912
0.103829615
0.20961155
-0.17042366
-0.07496771
0.108787864
-0.16113062
-0.15345661
0.08904551
0.03794794
0.17976694
0.057035077
-0.051796
0.033545136
-0.021299144
-0.15656342
-0.22856398
-0.033414733
-0.059813526
0.091154
0.054890104
-0.22623588
-0.04682736
-0.16930845
-0.047718402
-0.16124041
-0.06813395
0.013368671
0.01634975
-0.12793365
0.13508406
0.032925095
-0.100023486
0.14050838
-0.15265791
-0.11459905
-0.08023331
-0.23753497
0.003365955
0.09971299
0.18070377
0.064885475
-0.15604654
-0.07113714
0.11451825
-0.18933064
0.14358455
-0.1891203
-0.24485704
0.114734955
0.11768933
0.107919514
0.1288176
-0.30481017
0.060111087
-0.0822103
-0.06874952
0.013036885
-0.15377231
0.013586386
-0.11962553
0.061440036
-0.2678736
-0.16642275
-0.01576582
0.019635987
-0.26751313
-0.086723834
0.00027867837
0.12869713
-0.16552642
-0.08084506
0.025700878
-0.060530152
0.02536882
0.067882255
0.07786032
0.18313739
0.32043165
0.12183829
-0.20454118
-0.06519278
-0.242384
0.06474672
0.17777677
0.09349547
-0.036884163
0.0091695385
-0.012614143
-0.07727399
-0.15918633
0.19104357
0.12269155
0.15041305
0.03380798
-0.08045451
-0.11107754
-0.0120814955
0.24523713
0.010801994
-0.031393003
0.1562412
-0.014548581
0.18912973
0.026955782
-0.023528036
0.052624643
0.22320674
0.011411575
0.3110293
0.028269006
-0.05663361
0.18420617
0.05708004
0.245743
0.061337005
-0.064334445
0.2058602
0.0010792462
0.114261314
0.12994377
-0.17903975
0.011251716
-0.1789892
-0.002373929
-0.16464958
-0.0868933
0.1746275
-0.1057216
0.005610173
-0.161713
-0.15136553
0.115653455
0.15488735
-0.07344341
-0.09461673
-0.14508656
0.0079011945
0.18849075
-0.14424917
0.24467064
-0.2298501
-0.08092443
-0.020309746
0.22831215
-0.08980723
0.13840693
0.059641343
0.035161298
-0.088431485
0.25226578
-0.0017261184
-0.02535756
0.14249764
0.0044902447
0.19837454
-0.13171595
0.22983065
-0.04347615
0.2703951
0.13001837
-0.34412777
-0.23222777
0.06500261
0.10428566
0.1685597
0.11012723
-0.026857816
-0.24943079
-0.029914381
-0.097177036
-0.14801113
0.082449466
-0.15734509
0.12822208
-0.1458868
-0.12642886
-0.23157984
0.07839828
-0.09126514
-0.1713189
-0.1678309
0.18505326
0.11943017
-0.0015957524
0.12146767
0.02500915
0.06901681
0.1373207
0.15210232
-0.028286248
-0.049398787
0.026769683
0.19026281
-0.18706839
0.031618096
0.18332507
-0.007934316
-0.20001549
0.13161416
-0.05939195
-0.0048652054
0.15972659
-0.018833414
0.08806362
0.15236041
-0.113431044
0.11589496
0.056640867
-0.10462863
-0.1302233
0.0020830582
-0.23328412
0.12779291
0.25736678
-0.16228794
0.08498035
0.26424876
0.21704607
0.16644076
-0.09942178
-0.10353765
0.1979576
-0.017207216
0.017967025
-0.09328729
-0.16839893
0.15378998
-0.028170781
0.12493118
0.2460034
0.17627966
0.027499378
-0.032559033
0.065303795
-0.0473395
0.0143546015
-0.2530464
0.060491014
-0.08063273
-0.13407825
-0.088815145
0.19053213
0.11474385
-0.0404082
-0.14474833
0.030858904
-0.07652642
0.29670787
0.22587396
0.11744324
-0.08139503
0.060371455
0.06039826
0.18321648
-0.17675894
0.106438
-0.1875041
0.040129915
0.2186117
0.07927298
-0.093423806
-0.050104596
-0.15561561
-0.11776171
-0.026882043
0.18101104
-0.14226286
0.102592476
0.24135512
0.22884037
0.0031651051
-0.09260956
0.01877325
-0.17215256
0.08176599
-0.09117298
0.08297004
0.15720439
-0.103099555
-0.047489457
0.22188687
0.11643155
-0.06486586
-0.20945579
0.07284473
0.09763647
-0.1737243
-0.19227399
-0.14660124
0.2288294
0.0077994117
0.13880666
-0.08263985
-0.052968338
-0.01597533
-0.029705029
0.012367647
0.25627592
-0.061254382
0.10947125
-0.06305031
-0.041958332
-0.031492557
0.013026889
0.0017261738
0.1311595
-0.2276706
0.17768687
-0.004341571
0.20362896
-0.18264194
-0.1270427
-0.12628308
-0.1878576
-0.17613788
-0.24443607
-0.12490608
0.14106375
-0.17228606
-0.05532196
-0.16260913
0.23524128
0.17680648
0.12988637
-0.36177778
0.005402806
0.031743336
0.2831901
-0.08265863
0.03306271
0.12027491
0.2560989
0.094103
-0.23806323
-0.23513623
-0.026741799
-0.09263145
0.080823034
-0.22296646
-0.0073678503
-0.27825585
-0.040821593
-0.30603287
-0.07699875
0.110668965
0.30240965
-0.20997678
-0.07773659
-0.006881322
0.0971254
-0.07058241
-0.05006894
0.22380593
-0.15128973
-0.10356552
-0.17387886
-0.045740705
-0.067709275
0.20340163
0.08834933
0.13344851
0.13147621
0.17317507
-0.16449119
-0.06686114
-0.103180766
-0.09817864
-0.09024636
0.066904366
-0.0113765765
0.11079198
0.031622052
0.038852062
0.10231651
0.15252429
-0.056605536
0.18537587
-0.21814817
0.17787004
0.1733708
-0.029941598
0.0063078674
0.06259552
0.078805506
0.09447929
0.08451999
0.11591467
-0.09569612
-0.11320896
0.19427924
0.039482858
-0.15145661
-0.13046023
0.24414316
-0.09056828
-0.08634817
0.23402472
-0.034880586
0.007186288
0.20413326
-0.21084051
-0.05720338
0.2619635
-0.147827
0.16729668
0.08601122
-0.030798715
-0.10523315
0.041633375
-0.073682055
-0.055338766
-0.09187927
0.0907538
-0.16159017
-0.06773201
-0.05054265
-0.014395222
0.0002670736
-0.19915658
0.21325564
0.021958638
-0.112605
0.119530275
-0.26220503
0.0758503
0.044423476
-0.12197352
0.13305439
0.039302707
0.060984954
0.0053043403
0.18238644
-0.1092398
0.11324412
0.018764388
0.03319654
-0.025504142
-0.10889296
0.29410058
0.122336894
0.15272129
-0.08623262
0.17586175
-0.17706645
-0.24193959
-0.07031968
-0.20553462
0.17353772
0.09273047
-0.24953291
-0.12785874
0.007415606
-0.06504362
0.31125864
0.11108839
0.20769295
0.13376984
0.18738036
0.12915108
-0.042922392
0.11901518
0.073915854
-0.03192144
-0.07600736
-0.182061
0.15153077
0.15728484
-0.22109538
-0.10775291
0.1589812
0.047031045
-0.114911824
-0.22129959
-0.0085180625
0.05428982
-0.09942018
0.036332753
-0.0606423
-0.08597544
0.25938433
0.105726905
0.08124801
-0.12685938
0.20193936
0.017279582
0.0019615989
0.0372528
-0.07257235
-0.16785431
0.14185224
-0.019313956
0.13986963
-0.034424424
0.08609132
-0.03947495
0.2304166
-0.23760357
0.107581295
0.024836611
-0.043102216
-0.22188754
0.054743364
0.004516156
-0.06248962
-0.11223946
0.02670248
0.24256715
-0.19954848
-0.08123689
0.095753014
0.10420781
-0.06467926
-0.07612262
-0.06584888
-0.27576652
0.3656862
-0.18111129
-0.16400057
0.03713465
0.12843566
0.17892057
0.07610223
0.03842596
0.24026029
-0.12542938
-0.011611109
-0.18450055
0.26490363
-0.10416983
0.022840545
0.029412575
0.20291911
0.11384051
0.14592154
-0.084987506
-0.2934661
0.044893797
0.023705564
0.15852785
0.1799416
0.18080205
0.056067247
-0.1893414
-0.09038582
0.2669976
-0.02151857
-0.040546954
0.13202637
-0.09804601
0.12639357
0.027548134
0.0770803
0.10243433
-0.103738494
0.05606555
0.040748317
-0.10211031
0.06290604
0.06710008
-0.11641276
0.16623406
-0.15207732
0.04893751
0.103789315
-0.11748814
0.108414315
-0.10293661
-0.0051934747
-0.15976267
0.09179134
-0.10117852
0.09588329
-0.070923515
0.19183555
-0.059993923
0.03682869
-0.08256844
0.1338084
0.028302593
-0.065633334
0.16625646
0.034805816
-0.011914968
0.22279666
0.106586
-0.11538719
-0.07127288
-0.07694428
-0.020386763
0.047451235
0.10084038
-0.23880257
-0.18808195
-0.14986542
-0.123908654
0.08031757
-0.06466667
-0.10965582
0.06568339
0.22789524
0.098111086
0.18682735
0.16752467
-0.17694722
-0.1061681
0.03828643
-0.22086765
-0.12197091
0.16919407
0.20690665
0.04646311
-0.17663941
-0.1291081
0.15340343
0.13242508
0.091606185
-0.04843331
0.22526996
-0.003501985
-0.22718713
-0.08853965
0.08826037
0.18349485
-0.15909897
-0.01898939
-0.13324374
-0.16902104
0.0721416
-0.12409224
-0.020049822
-0.03774046
-0.12258492
-0.105745874
0.03648067
0.14027315
0.13171619
0.11315374
0.08547053
-0.09920125
-0.14375478
-0.15485498
-0.035533495
-0.29287204
0.057946123
0.03626615
0.23744272
-0.19940616
-0.08223142
0.17917302
0.2249623
-0.1804912
-0.1326006
-0.17272998
0.10969215
0.059085906
-0.027186457
-0.14772834
-0.04337051
-0.08304198
-0.18684572
0.036029473
0.06778187
0.0755987
0.24635617
0.07755328
0.0035161893
0.0121973585
-0.045067042
0.16873963
0.0019201301
0.06220669
0.15475284
0.006844413
0.09357883
0.11672106
0.21647523
0.016557341
0.17055078
0.042323567
-0.28289512
-0.07549269
0.20385085
-0.044860512
0.07297892
0.108292006
0.13523887
0.049550023
-0.15503943
0.14572994
-0.15785657
-0.11270526
0.2440251
0.20898835
0.0005935985
0.04828182
0.10911136
0.19291821
0.008138377
-0.07627382
-0.11173708
-0.13716729
0.030939408
-0.1026334
0.1207972
0.15434472
0.05054692
-0.060583048
-0.067851536
-0.02635198
0.1384206
-0.13638596
-0.13686925
0.16786362
0.058776006
-0.01977755
-0.13524683
-0.11341536
0.23447764
0.009821477
0.17365195
0.17599049
0.030982526
0.15883575
0.15380588
-0.088564664
-0.13010752
-0.105553746
0.12317586
0.041925397
-0.20314613
0.06762411
0.020945054
-0.048481666
0.1632967
0.114784494
0.12383187
-0.20856117
0.077162005
-0.021733707
0.008250856
-0.10817895
-0.13931924
-0.009580213
-0.18565749
0.08649349
-0.014125762
-0.23011519
0.2343045
0.06351386
0.02514709
0.029091895
0.25242352
-0.20614783
0.23151359
-0.08743525
-0.06938871
-0.10694423
-0.052234408
-0.050447904
0.05119755
0.09029438
0.16177675
0.2186779
-0.1268616
0.07279886
-0.15158604
0.0060397186
0.08024234
0.060297664
0.09537415
-0.10948433
0.21314257
0.07056508
0.033970375
0.08943175
-0.045491852
-0.098824106
-0.19178061
-0.07397844
0.06696057
0.043270703
-0.14262095
-0.15838437
0.0718745
0.19369794
0.063732386
-0.1599302
0.058569722
-0.12301735
-0.1689029
-0.00058058416
-0.0393013
0.10355335
-0.06098331
-0.012010181
0.17237578
-0.14957997
0.23976518
-0.18921421
-0.042936377
-0.15128641
-0.03132914
0.07388148
0.017152645
-0.020393332
0.02540535
0.21944658
0.11064765
-0.12569475
-0.35878897
-0.13040277
0.14662193
-0.0752803
0.10083031
-0.17533635
0.04945913
-0.22054312
0.1977886
0.22551948
-0.23296146
-0.19951984
-0.14215836
-0.009378253
-0.09268469
-0.24979511
0.0858183
0.21721311
-0.10659385
-0.06791013
-0.03750223
0.2182533
0.013803475
-0.0009791934
0.25953415
-0.04611184
0.11594133
-0.16827755
-0.35364303
-0.017394885
0.14367528
-0.008753766
-0.04554075
-0.06291212
0.30115393
-0.11921737
-0.19651197
-0.22574756
0.11316031
0.032139067
-0.036975704
-0.032579396
0.30761564
-0.02698164
0.09803662
0.23721832
-0.10464175
0.23652196
0.08912787
-0.030199153
0.23297802
0.3411636
0.077348046
-0.059667423
-0.23351984
0.3160976
-0.38563123
0.34473962
-0.2892217
-0.048100594
-0.14377427
0.11836971
0.004115326
-0.022508783
0.12529834
0.13374479
-0.0051531238
-0.016728858
-0.06092458
0.040849887
-0.13128951
0.17860748
-0.23770395
-0.035862196
0.090976536
0.088835135
-0.18070321
-0.10914062
-0.011430426
-0.041571997
-0.06944585
0.078969866
0.05723349
0.120566875
-0.01229117
0.021649105
0.09327051
0.2863431
0.06367633
0.19686271
0.17082228
0.090090394
0.30951604
-0.057667766
0.2698176
0.18977393
-0.039379507
0.15211505
-0.058743063
-0.08215551
-0.21190228
-0.055651713
0.026574569
-0.23660432
0.08656633
0.12060381
0.15072018
-0.040592656
0.182644
0.11434794
0.07158263
-0.19789048
0.058168996
0.041697543
0.07356164
0.06599205
-0.01360111
0.023107115
0.020123992
0.17300977
-0.027536431
-0.098023236
0.09312783
0.1373362
-0.072350696
-0.09843825
-0.17745493
-0.042283315
-0.018807892
-0.11360761
-0.09110634
0.07291341
-0.0022684275
-0.041783422
0.0026742446
0.08689404
0.14172618
0.06347615
-0.0049415473
0.0029707595
0.12847978
0.0025680463
0.028567987
0.078636095
0.14806838
-0.07790282
-0.12070231
-0.008679763
0.09165073
0.1867187
0.07267578
-0.16842379
0.17419717
-0.098194025
0.11485392
-0.12560265
-0.14563172
-0.15486854
0.04493657
-0.13565716
0.01841893
-0.015263895
0.19910046
0.14573064
-0.00086057006
0.18693055
-0.1681957
0.028480034
-0.04205757
0.13133326
-0.004820922
0.18410584
-0.15763918
-0.11669483
-0.013979858
0.05095838
-0.0894843
0.013457495
0.14566338
0.041346576
-0.09821762
-0.08877825
0.1642207
-0.04002999
0.05719746
0.013378558
0.16421822
-0.012834968
0.065584265
-0.17802995
0.11720328
-0.12724946
0.041665178
-0.10878984
0.01520759
0.046537884
0.029530058
0.059576657
-0.041830745
0.049620043
0.1591167
0.24697933
-0.10627156
0.112362355
0.021236062
-0.10518912
0.21419849
-0.040021148
0.2225087
-0.008664835
0.08880106
0.25426206
0.027959563
-0.047873806
-0.028235829
-0.17067468
0.15630847
-0.07243767
-0.1729324
0.09163316
0.12545647
-0.14743653
0.0011657613
0.0020398798
-0.12214219
-0.14576936
-0.104074605
-0.120290235
-0.11511023
-0.12498974
-0.35929027
0.18804294
-0.04300579
0.084224544
0.14855458
-0.31348938
-0.04399506
-0.050202917
0.041575234
-0.14405331
0.023999033
-0.16109143
-0.059286483
-0.055627983
-0.07315643
0.15850228
-0.06730764
-0.1435338
0.013218752
0.18956727
-0.010180729
0.029383948
-0.06999604
-0.06626279
-0.007326133
0.083616145
0.07191187
0.12455572
0.07138848
0.087292835
-0.0266919
-0.14569731
0.02660087
0.035091773
-0.12777053
-0.053386133
0.09859604
0.017417928
-0.15002973
-0.004841395
0.19667378
-0.28318977
0.07284148
0.117524296
-0.09744708
-0.10766029
0.007954633
0.117894925
-0.023218524
0.10123802
0.13299027
0.04782358
0.23965654
-0.007126455
0.2552012
-0.035447378
-0.06782518
0.20133126
-0.121854715
-0.12894592
-0.2088385
-0.19022486
0.1641568
-0.19538921
-0.15283562
0.038540736
0.1769717
-0.060167715
0.11547838
-0.21425536
0.22947928
-0.110013366
0.20021446
-0.35967124
-0.11260664
0.10227405
0.0046286467
-0.08590524
0.058974817
-0.042416807
0.29905432
0.010307758
-0.083956115
-0.061911583
-0.20013683
-0.071620956
-0.26747262
0.06214975
-0.014805286
-0.09542789
-0.11321635
-0.24169457
0.08065099
0.11566483
0.092916414
-0.020423159
-0.14625688
-0.1511416
0.049431536
-0.07742776
-0.085260406
-0.18790245
-0.06689375
0.0016767562
-0.017484913
0.0951122
0.15636936
-0.038049877
0.103665814
0.16866048
0.18942916
0.09648203
-0.01111481
0.05172776
0.1771403
-0.024985198
-0.12488874
-0.035236306
-0.12609854
-0.06653498
0.20805286
0.020677697
-0.1431627
0.0361323
-0.014029717
0.14091034
0.021005252
-0.033212364
-0.15751712
0.15335636
0.108586125
-0.250755
0.08354875
-0.034511205
-0.12111084
-0.017174147
0.07189966
-0.07920807
0.22989894
-0.1173466
0.2177741
0.011725013
0.006165534
0.08897547
-0.08807197
-0.18409373
-0.1494411
0.0071187136
0.0076412526
-0.1485081
-0.11570465
0.18874227
-0.048339333
0.051585574
0.009615465
-0.07446114
0.061313096
-0.09237164
0.09182116
0.0018215826
0.202151
0.09695748
0.19561568
-0.13685296
0.09244848
-0.12909438
-0.15669352
-0.055857163
-0.04302322
0.12048596
0.20380162
-0.08587275
-0.08160757
-0.031077571
0.1919885
0.10990623
-0.05254699
-0.04297252
0.0033413786
0.014394759
-0.10266028
-0.11046847
-0.10224891
-0.24561527
-0.15680851
-0.0134545695
0.09398793
-0.048454966
0.10658115
0.13177642
0.10023289
0.09267707
0.07489922
0.2228239
0.09239223
-0.17871879
-0.111801155
-0.14089087
-0.0017932467
0.011961759
-0.028202722
0.14552982
0.15311325
0.07528657
0.17074548
-0.009915086
0.0015143749
-0.1116093
0.13126445
-0.13787432
0.10203441
0.15121843
-0.0008178302
0.1048945
-0.15310875
0.11073366
0.054935638
0.021661172
0.15906325
0.049203098
0.18681456
-0.10381675
0.095950045
0.032721825
0.12168235
0.08281031
-0.14143915
-0.06798672
-0.08545335
0.3012902
0.14806016
-0.123238675
0.1082423
0.055812463
0.040016208
-0.11279616
0.22252767
-0.03523276
0.04852718
0.18143994
-0.047676258
0.15033023
-0.14834894
0.15154414
0.092723556
0.2618592
0.07217219
-0.13853681
-0.103178225
-0.08610014
0.23125236
-0.103184916
-0.1162018
-0.13010724
-0.19738933
0.16882077
0.009541232
-0.05066353
0.055667564
-0.065037526
-0.19198713
0.026200708
0.14658166
-0.057473205
0.19030678
0.05174135
0.031352732
0.013794183
-0.15871018
-0.265687
0.14661223
-0.13596694
0.22844733
-0.06334861
0.096870385
-0.015795771
-0.14713128
-0.16423813
0.091650195
0.0771368
0.10796523
0.1268562
0.14656547
-0.06398695
0.2433884
-0.0070851473
0.19246945
-0.14603667
-0.005258104
0.11813437
0.026449108
0.0057624257
-0.012951505
0.12423671
0.103099145
-0.14740354
0.058726877
-0.022689372
0.10784381
0.09331162
0.08263614
0.22492509
0.20809089
0.04888223
0.1430111
0.019397167
-0.12231271
-0.07717977
-0.048717283
-0.03641677
-0.15202695
0.02166334
-0.024000434
0.14504543
-0.12545086
-0.035088044
0.17069359
-0.12341334
-0.114562385
-0.061698914
0.025652299
-0.15910502
-0.20419043
-0.15002461
-0.069829464
-0.0804144
0.10716103
-0.051603217
-0.13580614
-0.011773565
0.16840692
-0.12109841
0.2086546
-0.08110008
-0.09243305
-0.0707588
-0.2079383
-0.26335192
0.0929969
0.17751542
-0.055181485
0.14299427
0.13859738
0.14215912
0.013933791
-0.039358195
-0.005925831
-0.052002575
-0.0885392
-0.054810956
-0.15170711
0.0995635
0.073369354
0.077426225
-0.1352513
-0.022651441
-0.048883855
0.0029803053
0.12677673
0.10084988
-0.12187211
-0.08498069
0.15007356
0.17849882
0.08278552
0.17388576
0.19949576
0.18134274
-0.03523433
-0.0397569
-0.097573325
-0.12557378
-0.053637482
0.13052608
-0.08551351
-0.07846741
0.21682073
0.2214708
-0.1942773
-0.21441483
-0.09292837
0.18519254
-0.07984444
0.07334463
-0.068309076
-0.149851
-0.26572552
0.03895992
0.19575487
0.04404549
-0.14069767
-0.115688115
0.20722045
-0.11504818
-0.17223568
0.10257341
0.13822198
-0.14118187
-0.051885746
0.13751565
-0.024733774
-0.03112164
-0.11103304
0.058048643
-0.1220272
0.047840904
0.100133345
-0.10282142
0.1260678
0.19737719
0.14402823
0.19968793
0.021693634
0.20569491
0.100923374
-0.035512876
0.22654237
-0.047743715
-0.06848575
-0.2346221
0.2864906
0.08035084
-0.1842189
0.14055617
0.2076571
-0.18447226
0.11655449
0.06500428
-0.18296014
-0.24841076
0.0749964
0.1515427
0.14497365
-0.05890682
0.14909048
0.10870462
0.16700211
0.19049615
0.26784965
0.057000782
0.20643109
0.07609789
0.090265304
0.19355083
-0.17359072
-0.033650715
-0.04520446
0.0974856
-0.08079386
-0.08001426
-0.113203585
0.16941494
0.21079245
0.0017038538
0.35212094
-0.0024738067
0.025160857
0.027806358
-0.24005005
-0.053268198
0.1168781
0.0923997
-0.051137906
0.056759708
0.31527627
-0.029252116
-0.14209574
0.13555588
-0.021428507
0.16660972
0.1849869
-0.033749547
-0.043450527
-0.04778766
-0.13361333
0.070051186
0.05129494
-0.06805656
-0.16776788
0.1475745
-0.17609002
0.079919025
-0.11736665
0.039035637
0.13477483
-0.116893224
0.12289307
0.085413806
-0.081415996
0.14161493
-0.053971034
-0.11546178
0.18631934
0.26518893
-0.100253485
0.10733216
-0.11880244
0.011224644
-0.029964808
-0.25290895
-0.07547127
-0.06483592
-0.0012649901
0.039757866
-0.102561094
-0.11347971
0.03333183
0.062064108
0.08204762
-0.04712424
0.16627182
0.0716606
-0.056976687
0.23176856
-0.027347254
-0.066813886
0.11513354
0.21277195
0.002568235
0.21179184
-0.065354414
0.007547104
-0.057079453
0.041242
0.15280893
-0.0054531745
-0.01735289
-0.09250674
-0.18066837
-0.023676487
0.1612374
-0.10687098
-0.13364361
0.1421991
-0.009878428
0.18527894
-0.24022837
-0.26573455
-0.033007994
0.043676976
-0.29165435
0.22421007
-0.058705505
0.075534806
0.035380274
-0.004503408
-0.17172684
0.2585331
-0.052825436
-0.13520421
-0.02698896
-0.36477056
-0.062154576
-0.14202978
-0.12049577
0.23572755
0.08410831
0.2088823
0.2194392
0.27358273
0.12623745
-0.01633893
-0.09479653
0.24742073
0.18345524
0.00535534
0.2820711
0.04336678
-0.00035408651
-0.011571641
-0.16280423
-0.0043259547
-0.123587996
-0.18446006
0.12012664
-0.005229146
-0.037562627
-0.17753117
0.019170878
-0.09548532
-0.042617764
-0.06862546
-0.28661135
-0.079670124
0.16743188
-0.21355593
-0.04899557
0.13840961
-0.05793877
-0.3181352
-0.094554886
-0.038877793
-0.016550228
-0.13128601
0.20686182
0.20958295
-0.15229605
-0.06967266
0.06569657
0.0012238815
-0.031016778
-0.12035603
0.040689033
0.020791253
0.17662123
-0.07164889
-0.24107242
-0.026467128
-0.13339275
0.09590689
0.1790816
-0.028957885
-0.09204651
0.14543591
0.13186659
0.13799495
-0.046312578
0.18822421
0.061700523
-0.035488285
-0.20006618
0.15619436
-0.03697367
-0.09535193
0.2409435
-0.05530571
-0.15154707
-0.10749488
-0.016184853
-0.11393208
-0.052531354
-0.10753889
0.093196265
-0.07041519
-0.066200964
0.027402472
0.11948003
-0.13192101
0.12453595
0.1569782
-0.13252154
0.06030238
-0.20000765
-0.13846928
-0.09332436
-0.083078876
0.031438354
-0.01731317
0.078077264
0.210578
0.19094189
-0.13874108
0.23021016
-0.009237904
0.05360753
0.17648514
-0.08285953
-0.13462739
0.21362367
-0.1348932
0.010551544
-0.1535268
0.07216225
0.18886013
-0.23837821
-0.15639845
0.09543757
-0.11250633
-0.05201041
-0.124449015
0.11001523
0.07340982
0.022444898
-0.163507
0.1989348
0.011783466
0.21814562
-0.079579376
-0.21925232
0.23169212
0.11887413
0.021386376
-0.12738207
-0.010442366
-0.18183947
-0.21533424
0.17072639
0.10471654
0.20747858
-0.1063344
-0.033820275
0.20762792
0.116888
-0.16866268
0.19923638
0.15564786
-0.033059865
0.16198319
0.024486464
0.0027560545
-0.16961251
-0.06066067
0.038585026
0.048422296
-0.1722215
-0.11080274
0.10573378
-0.15486827
0.14413856
-0.06625421
-0.0454628
0.06811132
-0.022166776
-0.037689548
0.1371988
0.14378029
0.22010346
0.14261556
0.18331964
0.13870777
-0.00776499
0.046256587
0.115667805
0.16031878
0.0035592448
0.08308174
-0.19157337
-0.14495714
0.03141759
-0.04075027
0.04661962
0.116595596
-0.06493406
-0.11062628
-0.061654408
-0.041286092
0.005506788
0.06351623
0.05812902
0.14658092
-0.1218403
-0.2390998
-0.07331857
-0.17639577
-0.17863172
-0.15882903
0.21443059
-0.09629312
0.0050758943
-0.05902151
-0.012286515
0.09735413
0.13230628
-0.1035602
0.19844526
-0.08630448
-0.012682175
-0.042318135
0.010479442
-0.09223472
0.13342707
-0.19564696
-0.12015966
-0.0058975876
-0.047273256
0.21521285
0.056237314
-0.007930757
0.12104504
0.21406396
-0.005311983
-0.08537049
0.10195581
-0.18274075
-0.09298838
0.04847074
0.090911046
-0.14476192
0.024132738
-0.074773975
-0.063932784
0.108486176
-0.15981407
-0.02525741
-0.14432853
-0.12260286
-0.11679096
0.03349027
-0.066524304
0.21683308
0.13098553
-0.19474979
0.10182024
-0.03729312
0.10348781
-0.14167792
0.14355691
0.034900624
-0.03535145
0.1664727
-0.1414841
0.06340576
-0.12788227
0.0027677857
0.1532376
-0.0151431225
0.02412562
-0.031612296
-0.04826273
0.051124685
0.22310792
0.048281692
0.21434493
0.19443667
0.015326089
-0.051230796
-0.012365387
-0.051255737
0.13420312
-0.08030091
0.08807306
0.12471207
-0.075897254
-0.1207294
0.015546033
0.08796654
0.08066896
-0.04286916
0.16312931
-0.11981482
-0.029913064
0.16206102
0.15667363
0.1344123
-0.07562903
0.09109896
0.027081147
0.0016109429
0.07146347
-0.0784192
0.05778355
-0.13227195
-0.15048209
0.17684251
-0.13496324
-0.04292842
-0.074718006
-0.0031898436
0.15628926
-0.23281205
-0.18538807
0.17197192
-0.18094541
-0.10671943
0.124672115
-0.0038679633
-0.17753994
0.018709533
0.15641974
-0.08688883
0.066642985
0.0021224676
-0.07764637
0.07572474
-0.10889145
0.18046868
0.049622696
0.2326736
0.054784678
0.038357016
-0.07910231
-0.08959671
-0.08707355
0.032391306
0.11412217
0.18539838
-0.06217188
0.14632869
0.08565656
-0.13756597
-0.036891963
-0.02957138
-0.11575065
0.16977191
-0.165536
-0.086960286
-0.03381524
-0.14295581
0.21631718
0.11989928
-0.17717682
0.12826112
0.02796637
0.13507704
-0.10429231
0.18964837
-0.056585353
0.16526139
-0.07577428
-0.025145615
0.06994287
-0.011207237
0.026105694
0.0047701974
-0.10355143
0.20042795
0.049788553
-0.0028927894
0.1360097
-0.09230897
-0.07995577
-0.18093091
-0.12968978
0.097271875
-0.0043181004
0.15756907
-0.17241539
0.12852316
-0.14626504
0.18709347
-0.014692859
-0.064961046
0.21467
0.056276992
0.10181984
-0.17266732
0.1728027
0.08700575
-0.030009488
0.21115641
-0.11433665
-0.16150318
0.015470073
0.079172134
0.113109894
0.07171769
0.14876442
0.099847525
-0.09259867
-0.08360251
0.056641795
-0.05225164
0.06551651
0.06527266
-0.14000769
-0.07290992
-0.22120766
0.13583623
0.022817992
-0.1239817
0.22540207
0.087342195
-0.14075238
-0.029750468
0.25496083
-0.119860925
-0.13824238
-0.06105391
0.15151611
0.10938528
0.23250122
-0.094531074
0.009774305
0.23215526
-0.114172064
0.05581234
0.05818659
-0.17979299
0.13291906
0.08760408
-0.1090899
0.067030326
-0.25875363
-0.04938703
-0.140199
-0.09893943
0.19537215
-0.103569314
0.11198653
0.019330462
0.15113473
0.13384405
-0.011759005
-0.07348316
-0.00811674
-0.22071853
-0.15526417
-0.065085426
0.145185
0.23898326
-0.18178292
0.12674731
0.22085305
0.13346387
-0.030906288
-0.031419158
0.037492134
-0.14586864
0.069758624
0.06812972
-0.17337385
-0.04912426
0.1931303
-0.11489668
0.0976695
-0.09649579
-0.14026897
0.021395363
0.18594117
-0.10871123
0.21118501
-0.34287906
0.2329779
-0.12810075
-0.09216648
0.17135389
-0.033871073
-0.14823882
0.015336072
0.17151807
0.10805789
-0.09914064
-0.030575508
-0.17272796
0.06584044
0.07820954
-0.061897103
-0.11955637
0.16799116
0.07089659
-0.09290319
0.07004427
-0.14689676
-0.12294493
-0.11371968
-0.15161508
-0.025673736
-0.0149384085
-0.029804979
-0.11978557
-0.0900578
-0.29952276
-0.04664387
-0.032410286
-0.052019443
-0.16327073
-0.045259606
0.09714505
-0.19266394
-0.22667395
-0.072989956
0.01771257
-0.20184962
0.18269074
0.16671011
0.18228744
0.06658485
-0.029682357
-0.17606397
0.22598135
-0.068154044
-0.11935543
-0.22423285
0.11020348
-0.109355
-0.14117445
0.18701893
-0.062371965
0.06023562
0.06630369
0.08363322
-0.16152887
0.18644616
0.028872488
0.0020760638
0.19378075
0.03421082
0.04576366
0.17857446
0.21465935
0.068945296
0.013682773
-0.1334006
0.101126045
0.09091914
-0.0060631456
0.12760031
-0.10340359
-0.19777973
-0.0024727518
-0.16043788
-0.13426037
0.09789165
-0.14173536
0.15953527
0.05556375
-0.051127274
-0.023731971
-0.08653569
-0.017625358
-0.052049108
-0.041321184
-0.15706201
0.13471024
0.08649797
0.043786004
0.10763999
-0.069966905
0.014943179
0.17810003
0.07268937
-0.065716885
-0.2219939
-0.057367306
-0.24750209
0.010113419
-0.04519903
0.24587634
-0.039996427
0.272082
-0.13147609
0.06488087
-0.13225459
0.044386484
-0.08865491
0.19658312
0.22136843
0.1250791
-0.04054175
-0.008643231
-0.0540598
-0.20337808
0.15696427
0.01687958
0.0008975638
0.29628417
-0.011978009
0.17567083
0.21094245
0.0038060308
0.035362434
0.32076216
0.1171185
-0.046194956
-0.1216576
-0.13800994
0.055685416
-0.18209293
-0.04636304
-0.09084531
-0.059511315
-0.028528744
-0.10598623
-0.01654796
-0.012138169
-0.1205212
-0.12391981
0.12968071
-0.06256546
-0.041071627
0.24969482
0.09600562
-0.12622708
0.06984679
-0.13141567
-0.3715022
0.06547141
-0.20546426
0.24110273
0.0866208
-0.06097347
-0.19766681
-0.112144016
-0.21324189
-0.123021595
-0.077826865
-0.10944335
-0.026012499
0.21114329
-0.0796459
-0.024485989
0.06527812
0.17870033
0.03580392
0.026673261
-0.06083527
0.17076111
0.16753821
0.22952132
-0.19994679
-0.18551885
-0.14013773
-0.17458381
-0.02391609
-0.03881256
0.0076904306
-0.20372581
0.008453714
-0.09550586
-0.12482293
0.23037072
-0.12867087
-0.0755363
0.19820504
-0.11361418
0.01982895
-0.08796121
-0.0503368
-0.02039606
0.12458429
-0.19515853
-0.13642757
-0.11791935
0.05279083
-0.13591717
0.15024553
0.10636489
0.040745255
0.13465616
-0.10959272
-0.030614557
-0.08929103
-0.09801776
0.06331
-0.09141247
-0.01039978
0.20702401
-0.24818914
0.18688346
0.066314064
0.25009227
-0.16370045
0.09103287
0.16256616
0.06889806
0.063554354
0.05033583
-0.021554532
-0.011357162
-0.096920945
-0.14128922
0.046205282
-0.01496785
-0.03211262
0.21736374
0.18227756
-0.15454648
0.012195369
0.14146827
-0.03399269
0.0046002185
0.19918965
-0.11924488
0.017000888
-0.15515184
-0.03422636
-0.04808551
0.08373463
0.21193038
0.16989073
-0.20546804
-0.09205505
-0.089440025
-0.074324705
0.0587792
-0.09002847
0.16942357
-0.21551512
0.16468234
-0.17263153
-0.1251861
-0.13419715
0.20841329
-0.013869194
0.08169265
0.027680384
-0.0072492985
-0.00319619
-0.14079389
0.002879516
-0.14176843
-0.037831847
-0.03919548
-0.07767514
0.2088769
-0.08371007
-0.1077065
0.039300214
0.09702517
0.08888557
0.17435957
-0.1873964
0.16653235
0.01063521
0.032529145
-0.16397007
0.0809409
-0.1422103
-0.067070134
-0.1346412
-0.045384713
-0.04339838
0.091253765
0.070626475
0.034180406
-0.041038465
-0.12359418
-0.013655739
0.030025065
-0.04337966
-0.084624335
-0.007812671
0.123912126
0.18622167
-0.08063015
0.20375638
0.11263579
-0.15516868
-0.06969641
-0.16239902
-0.104013406
-0.11333288
0.10001212
0.0840185
0.098792054
0.14808008
-0.08215885
0.085559115
0.0059537105
-0.13153231
-0.0047549116
0.059152573
-0.17522974
-0.12307431
0.19600774
0.16462618
-0.21303077
-0.14437865
0.16823569
-0.054166526
-0.11321464
0.08522605
0.07920943
0.24213886
0.08334833
0.22543286
-0.12062948
0.2086091
-0.010192773
0.21138689
-0.00022631802
-0.017781101
0.03571018
-0.007758021
0.0062273173
-0.15138008
0.08718876
0.061005175
0.1576517
-0.1553923
0.21192966
0.101542294
0.0006301723
0.028455088
0.15524727
-0.08285308
-0.07158607
0.13679329
0.074419156
-0.1849602
0.19743884
0.08794128
0.27293807
0.25181055
-0.18107833
0.110496655
0.16838306
-0.2571712
-0.053341422
0.10831323
-0.11749006
0.082320966
-0.117799036
0.2168662
0.18876988
0.015787138
0.14904568
-0.047714755
-0.090280436
-0.17473803
0.06670882
-0.0056419037
-0.2284825
0.0265233
-0.09238233
-0.1647163
0.10615281
0.19290376
0.07805315
0.1833472
0.025675364
0.2240326
0.016251635
-0.051938117
-0.08783572
0.016284142
-0.09063553
-0.20209983
-0.08553859
0.028627926
0.13694975
-0.20957905
-0.05136123
0.13088751
0.11754777
-0.18359044
0.034623716
-0.1810351
-0.065459274
-0.00634508
-0.12584317
0.1937383
-0.028950583
0.009291701
0.08924433
0.012814771
-0.18571754
0.020170998
0.05595039
0.14278117
0.06325673
-0.2217695
-0.14804868
0.29238293
0.048690777
-0.10422304
-0.21755947
0.10197509
-0.043359615
-0.16721164
0.01509675
0.26553863
0.10211271
0.13547829
-0.06973874
-0.19443811
0.056384377
0.28388032
0.07400522
0.07147139
0.21584621
-0.019156156
-0.034945667
0.13356942
0.022644803
-0.006524702
0.22255394
-0.27946016
-0.14444336
0.13134284
0.04131479
0.20609315
-0.12973581
-0.049112435
-0.14936304
0.08069335
-0.069394834
-0.044158205
-0.24456173
-0.15990768
0.30366403
-0.15994929
0.15271369
1.6239048e-05
-0.12529214
-0.09507366
-0.018219346
0.17882103
-0.08704665
0.06373311
-0.12120905
0.09020936
-0.18506128
0.031277563
-0.061560556
0.04359124
0.21742398
0.0083729
-0.06462899
-0.042442694
-0.13103102
-0.04187861
0.13150486
0.065540284
0.0046854974
-0.21115899
0.058091957
-0.077409506
-0.032085966
-0.12547138
0.14349075
-0.1653037
-0.03981942
0.06930994
0.12218512
0.067832276
0.1413479
0.031471238
0.022027874
-0.071726225
-0.19678216
-0.09530876
-0.08228584
0.13753518
0.009697966
-0.26479915
-0.08007237
0.15983175
-0.14912829
-0.03530887
-0.11196363
0.1503267
-0.101045445
-0.13649645
-0.12065774
0.08983416
-0.08632395
-0.0753264
0.006248721
-0.035773404
0.22644503
0.08291018
-0.18789427
0.04846946
0.12933676
-0.1483939
0.12187421
0.20276079
0.11593661
0.00046247768
-0.08075959
-0.01861318
-1.1485636e-05
-0.114018604
0.0993699
-0.12425355
-0.21728109
0.13975923
0.02365085
-0.13199313
-0.14744823
0.103917114
0.027218403
-0.035837993
-0.12162161
-0.1635439
0.047284428
0.006390304
0.1636152
0.22671066
0.1394625
-0.10533877
-0.10888214
0.22082578
0.21366361
0.032865535
0.09508872
0.014349291
0.1756439
0.0026863783
-0.17805658
-0.11027732
-0.042057246
0.17919835
0.13655844
0.06129058
0.18993959
0.058663435
-0.042177718
-0.13006933
-0.08566052
-0.20843631
-0.03172673
-0.065955356
-0.039001342
-0.03575157
0.19259118
-0.06284237
0.04513344
-0.060370065
-0.039527465
-0.017298296
-0.051785797
0.037532672
0.29326677
-0.25612116
0.20146346
-0.11856163
0.13943723
0.10412443
0.18578137
-0.19165316
0.15881154
0.19948561
0.04555811
-0.10388152
0.35905
-0.0057215164
0.15717518
0.0128853535
-0.019595433
-0.06618967
-0.12581906
-0.018338582
0.06325362
-0.026621431
0.22204044
-0.017616842
-0.13373321
0.11063901
0.046393164
-0.23521753
0.08700208
-0.14263019
0.16055085
-0.06590861
0.22042078
0.032931577
-0.104780324
-0.06599088
-0.051214777
0.22558051
0.1560173
0.05213575
-0.11144708
-0.24989443
-0.095257215
0.3032343
-0.03304197
0.1740535
0.10416064
-0.013256634
0.06891711
0.17629814
0.2872178
-0.09384918
0.010943484
0.0736573
-0.13323517
-0.2114045
-0.064025015
0.24736685
0.041119866
-0.017731331
0.27726355
-0.037595566
-0.07912188
0.048445765
-0.012614814
0.010572769
-0.18304345
-0.013788313
0.21389702
0.1626608
0.09374253
0.07073681
0.068076044
0.029054701
-0.017389316
0.14644049
0.16161482
0.023093343
-0.120830715
-0.023962714
-0.14743157
0.1323104
-0.09169308
0.18758856
0.14465545
-0.13545465
0.2512212
0.14949983
-0.17278738
0.06629292
0.072301134
-0.3023453
0.22703837
-0.20930462
-0.14169753
-0.23937544
-0.08564438
0.15358584
0.15674724
0.11641689
0.14466771
-0.007933025
0.026023073
0.23264533
0.02293679
0.19105902
0.042351536
-0.0896702
-0.0033096278
0.18640083
-0.05030906
-0.13146603
-0.09026
-0.15915826
0.07581651
0.08017511
0.16640136
-0.18397103
0.031880353
-0.13200514
0.08905098
-0.106720015
0.020209752
0.13579416
0.20593518
-0.019308047
-0.04305709
-0.019381152
0.19123197
0.090521425
-0.17762803
0.16460437
0.12959065
0.16267869
-0.053801224
-0.0045392388
0.1782212
-0.13252231
-0.117908746
0.14649843
0.11612504
-0.12752135
0.12649207
0.16841571
0.121475026
0.121303394
-0.06411749
0.03958641
-0.12253305
-0.13772756
0.13251486
0.10370865
-0.020638637
0.071648635
0.007842444
0.09940253
0.0418863
-0.15109245
-0.12428005
-0.15566722
0.10661442
0.16201866
0.22609277
-0.077883884
-0.0813251
0.120278515
0.06662178
0.15531433
-0.07482327
0.19739018
0.18031287
0.10694779
-8.981518e-05
-0.04116671
-0.1839024
-0.01947189
0.17146584
-0.0016969759
0.02015777
0.2115906
0.09141053
-0.0143736955
0.11533164
0.11632588
0.0025956577
-0.15102857
-0.10870685
-0.11150015
0.12474754
0.099228546
0.1413095
-0.13018624
0.1930384
0.13507462
0.08873276
0.044347454
-0.117895685
0.072684504
-0.025109047
0.14361076
0.010965133
0.005490227
0.011332639
-0.02562636
0.0797721
0.13155554
0.17213088
-0.06956021
-0.16095524
-0.19362633
-0.03281654
-0.1876597
-0.09569029
-0.13157494
0.17589484
0.040720377
-0.15024516
0.17307726
-0.07750263
-0.07088465
-0.13862674
0.20119663
-0.18506095
0.094096184
-0.109193705
0.015990915
-0.10371995
0.01811604
-0.23359595
-0.2529021
0.2203041
0.06416183
-0.031729385
0.16024521
0.2562785
-0.03125808
-0.121351026
-0.086685196
-0.08491259
0.12788367
-0.10342963
0.19480363
-0.06716773
-0.20184717
-0.12151532
-0.17484662
-0.104342826
0.15525007
-0.07604705
0.07100729
0.16295806
-0.12301077
0.099203154
0.031728536
0.033871196
-0.28976724
0.18729094
-0.052146003
0.10619203
-0.0761553
0.031238092
-0.14896482
-0.25963956
0.11883657
-0.120562196
-0.18140146
0.069410205
0.111942135
-0.08791086
0.12088944
-0.14151222
-0.10163165
-0.21378572
0.18440463
0.08795841
0.02600969
0.22484645
-0.24907918
0.16411749
0.13339606
-0.06093885
-0.23115186
0.07440745
0.0002610154
-0.10771672
-0.16960107
-0.117854215
-0.11756168
0.11635107
-0.31449842
0.18750015
-0.23081224
-0.20327856
0.018318256
0.27232358
0.14013776
0.16553646
0.04400968
0.09896785
0.06395292
-0.07181821
-0.13135093
0.1339924
0.02643396
-0.1078263
0.005514945
-0.14371547
-0.25308955
-0.11460546
0.072917424
-0.16748714
0.15393476
0.23896787
0.032095943
0.18155827
0.091254376
-0.28368923
-0.06740876
-0.24670969
-0.0116024725
0.19337137
0.04642762
0.029418541
-0.09941467
0.17230639
0.09144058
-0.17425148
0.12351065
-0.19864345
-0.13286693
-0.07403608
0.17739359
0.12168662
-0.02862692
-0.23753403
0.10512638
0.10376005
0.16929358
0.14100637
-0.07739574
0.12886317
-0.20818244
-0.057701215
-0.0748934
-0.22315925
-0.2751551
0.13851711
-0.17363852
0.029198505
0.2807419
0.034831766
-0.0391646
0.08507474
0.015976725
0.099593624
-0.206932
0.16068159
-0.10832331
-0.15908617
0.12876499
0.011414717
-0.1714339
0.03908231
0.11378158
0.18554692
0.010056228
-0.012395326
0.1650745
0.04390444
0.22465377
0.09907884
0.28511497
0.010915994
-0.018781668
-0.15098666
-0.22157484
-0.31946018
-0.10735715
-0.17618793
0.05153008
-0.05892031
0.015679669
-0.005840956
0.0475196
0.14005221
0.1083445
0.16989575
-0.017953295
0.24492383
0.0016071347
-0.046170477
-0.08494281
0.19162299
0.077753656
-0.23132287
0.11728734
-0.16298702
-0.11609576
0.2473081
0.26171714
0.16901846
0.09161128
-0.32055676
0.037687358
-0.11617403
0.07640371
0.05021787
-0.07832479
0.007461364
0.16868997
0.12629066
0.21558055
0.16691296
0.08401271
-0.040616006
0.16758779
0.04325203
-0.23693351
0.116244644
0.109922595
-0.11476058
-0.14558719
0.083623424
-0.15215713
0.16192715
0.13882762
0.088009514
0.15450744
0.065987274
0.046390846
-0.1767209
0.023302417
0.17191902
0.1728946
0.03255165
-0.12190935
0.08478076
-0.12018822
-0.12589855
-0.020881338
-0.06281109
0.13426754
0.21561494
0.06649199
0.00014351672
0.014894051
0.105183035
0.20200144
-0.0822839
-0.106959715
0.117423944
0.050727904
0.1106753
-0.1374381
0.029257761
0.082026824
-0.011260154
-0.12658167
0.037421186
-0.06605061
-0.051825214
0.0045350445
-0.17255571
0.15346733
0.19536893
0.16206436
0.10868291
0.06138381
-0.2588866
0.14340183
-0.02891459
-0.14935577
0.09834202
-0.023005666
0.17420582
0.18037948
-0.063063055
0.037150614
0.10219121
0.21345621
-0.19023047
0.016176032
-0.05756581
0.20856188
-0.044207953
0.14053133
-0.11293987
-0.1926231
0.08662172
-0.054421976
0.16275205
-0.14046344
0.13071145
0.12898582
0.040939324
0.02414989
0.1399337
-0.017541852
-0.020209784
-0.12599891
0.042629138
-0.0068024187
-0.04044099
-0.09514702
0.074912526
-0.13813192
0.08556279
0.1361895
-0.09983297
0.16531102
0.19665827
0.13065657
0.14755069
0.18846247
0.21017681
-0.08495721
-0.028087586
-0.1604923
-0.047567938
0.0983781
0.06098638
-0.22564691
0.19633654
-0.0884976
0.10389389
0.042951446
0.07220942
0.044497326
0.10767372
0.22429721
0.06528658
0.018555412
0.1416771
-0.059687953
-0.13074566
-0.052359268
0.0053554373
0.2687479
0.002881684
-0.12546203
0.0747017
0.10706234
0.17106277
0.07829554
-0.025016878
0.11136472
0.026910508
0.036427
0.100323305
-0.27329245
0.14957659
-0.23075482
0.15555179
-0.05589952
0.19985355
-0.08006945
-0.37850502
0.12297707
-0.030222142
0.14563778
0.19498394
0.043718033
0.091616556
-0.20172642
-0.023757508
-0.29896808
-0.039150942
0.2396566
0.09972576
0.06507993
-0.12908675
-0.07090767
-0.35396406
-0.12255135
-0.29034555
0.054295994
0.21297084
0.052232035
-0.20350704
0.31325492
0.12569983
-0.24257578
-0.48091573
0.2163324
-0.18547234
-0.3447732
0.25694117
0.20488359
-0.2659994
0.09929289
-0.021423424
-0.016762191
0.08636125
-0.08322489
-0.17659764
0.043342073
0.22507046
0.1907401
0.18418184
0.33193076
-0.24230978
0.19219041
-0.015416036
-0.037267495
-0.23835294
0.26531073
-0.119569406
-0.033185408
0.116107024
-0.27088177
-0.08239566
0.005106625
-0.12805624
-0.061750807
0.13563244
0.122112945
0.010346882
-0.13369705
0.2901543
0.08533062
-0.082908764
0.14718348
0.01672654
0.031429157
-0.08337305
-0.08367277
0.045583077
-0.026049351
0.061167914
-0.15995711
0.1377342
0.035435542
0.044955727
-0.23508675
0.17207429
-0.07681632
-0.117356464
-0.09411259
-0.109911814
-0.16140495
0.19142395
-0.03542255
-0.14221846
0.19925866
0.20491646
-0.07510689
-0.16899934
0.14078085
-0.12570325
-0.13463314
0.2021553
0.2560131
0.006584133
-0.08549881
-0.27919695
-0.00966914
-0.09782919
-0.13715738
0.02914636
-0.15183534
0.10881613
0.20315273
0.19306767
0.00015572543
0.173241
-0.07721411
-0.018923603
-0.08163689
0.14159165
0.23642948
0.3462459
0.18838966
-0.25661412
0.056429528
0.055816785
-0.018392712
0.12724595
-0.16859831
0.10690099
0.05014081
0.03959869
-0.18251538
0.053391673
-0.042659838
-0.23704888
0.090592496
0.15355872
-0.060255345
-0.030523686
0.016667191
0.073996045
0.08578614
-0.17522612
0.17301424
0.13551137
0.05601746
0.13926047
-0.14674857
0.16963646
0.024025744
-0.0636681
-0.16365375
-0.0036521007
0.08313215
-0.021681814
0.16292989
0.06944357
0.035000265
0.070337005
-0.12606025
-0.12422186
-0.09915709
-0.2223888
-0.018608311
0.17575037
0.062482834
0.05536713
0.06616913
-0.046470754
0.077915885
-0.1495499
0.0069689746
-0.035539746
0.098741174
-0.02304574
0.05728426
0.1785579
-0.20917183
-0.01020658
0.11032996
-0.14638388
-0.044004194
0.04383443
-0.020226367
-0.17745794
0.082131825
0.29440078
-0.13897091
0.06695495
-0.12881139
-0.021270324
-0.08601987
-0.03919929
-0.013260668
0.11571513
-0.22961204
0.3241494
0.01359425
0.22656055
0.093057774
0.08951434
0.06278468
-0.1604815
-0.041325558
0.13662903
-0.111697026
-0.21853037
-0.052108284
-0.3445186
-0.08474056
-0.09850001
0.14049931
-0.008266177
0.06037786
0.26749828
-0.143845
-0.1764393
-0.00048620562
0.25586075
-0.13032182
0.014919707
0.03887533
0.28065902
0.13772458
-0.15722647
-0.2777145
0.24036774
0.08706711
-0.055597614
0.2863621
-0.061454672
0.11194689
-0.02149958
0.27304515
0.031588033
-0.014764862
-0.23144777
-0.09596404
-0.08276455
0.00044625695
0.043852597
0.15436874
-0.07207199
0.012196878
0.17840497
-0.14767928
0.041873533
0.17951505
0.32471564
-0.23982899
-0.16514213
0.11874182
0.19100824
-0.053748257
0.13470228
0.08860556
0.14044139
-0.19086942
-0.092821665
-0.01619874
-0.05135804
-0.17378846
0.17701681
-0.10336313
0.06424399
0.09982035
0.1413927
-0.014581963
0.12849723
0.105673924
0.061063584
-0.12963915
0.008924755
0.11221566
0.22407807
-0.17671324
-0.12943725
-0.021603914
0.15767449
-0.10072286
0.06596325
0.09141648
-0.10637083
-0.027376924
-0.036563724
-0.014220196
-0.11344175
-0.06330427
-0.012251854
0.19325083
0.10924191
-0.07892704
0.15311782
-0.13737953
0.1685195
0.16268823
0.032954127
0.05930021
-0.044935644
0.17991841
-0.18765423
-0.06747145
0.011290063
-0.015900182
0.17522076
0.22584052
-0.15288205
0.03725616
-0.1562003
0.08233964
-0.18812625
0.10811774
-0.035349466
-0.08395685
-0.06641898
-0.012207631
0.059219614
-0.09305033
0.0018988386
0.1022528
0.14144613
0.15102276
-0.100598045
-0.099551454
0.29500386
0.1563929
-0.26479068
0.004285498
0.008588435
0.094799615
-0.24132296
-0.003977352
-0.12240791
-0.20107822
-0.20469235
-0.23699224
-0.0041166786
-0.09807343
0.064655945
0.21855247
-0.21167406
-0.10248688
0.11696166
0.055081084
0.02464327
-0.21136999
0.094593816
0.23213385
-0.2700967
-0.14220403
0.3359996
-0.084707364
0.05194509
0.069995455
-0.1640203
-0.011529061
-0.018064385
0.13641396
-0.03487295
-0.12312315
0.1217412
-0.049557175
-0.11866117
0.29151738
0.050816722
-0.34361398
-0.14600345
-0.049826536
0.060399015
0.23186089
0.21453297
-0.21925366
0.029555826
-0.014557514
-0.0032444797
0.116241716
-0.055926044
0.057484888
-0.11762858
-0.08719192
-0.13852148
0.22952044
0.005287832
0.16814323
0.005296991
-0.057871852
-0.21155483
0.23879822
-0.039903335
-0.06630066
-0.11722414
0.08204142
-0.0065439255
-0.002925512
-0.028815951
0.17662813
-0.07228311
-0.11184718
-0.16587967
0.17886473
0.21523607
0.13489002
-0.01619623
-0.016658569
-0.1563909
-0.08318295
0.2914538
0.16724476
0.275268
-0.18225637
-0.18974829
-0.112392545
-0.21757415
-0.082547314
-0.22125567
0.1442755
0.16069019
-0.10221673
0.07645901
0.2676357
0.0031065773
-0.19537266
0.09090018
-0.26914674
-0.025756422
-0.05676852
-0.14558639
-0.07748616
-0.054197434
-0.07507486
-0.32071334
0.14246432
-0.008539204
0.11445406
0.041483555
0.011016543
-0.1542475
0.24494408
-0.10196946
-0.18462901
0.14773382
-0.12499361
-0.2686708
-0.26158184
0.097255506
0.11026999
-0.17596386
-0.12894207
0.21130875
-0.046752337
0.11425718
-0.17270815
0.032470997
-0.09269947
-0.11292126
-0.028107991
0.118853234
-0.026079128
-0.0614962
-0.15152234
-0.19951855
-0.12571727
-0.14348115
-0.052234113
-0.030284947
0.018064307
0.16534826
0.19050361
0.0716394
0.11544995
0.12175948
0.08856624
0.079914086
0.08447932
0.102613226
0.05137869
0.14258847
-0.016822457
-0.14946285
-0.20311368
-0.052809153
0.046184264
-0.23420876
-0.10412649
-0.06935997
-0.06367019
-0.058438044
-0.10847015
-0.12090343
-0.07558415
0.14352891
-0.08833447
0.05063247
0.22480842
0.02431571
-0.21602982
-0.11796507
-0.01809642
0.13518251
-0.113619015
-0.0856029
0.0011984555
-0.10861282
0.25742665
-0.077043906
-0.20477521
-0.03888954
-0.2156444
-0.07565441
-0.11191282
-0.23272271
-0.07152807
0.1901644
-0.11339654
-0.17763783
0.00012394672
-0.12066929
0.10098556
0.07913154
0.1114861
-0.12598923
0.15879068
0.16799298
-0.034300078
0.17163154
-0.12369257
-0.20663023
0.032245003
-0.28190756
0.0148408
-0.085486375
0.19907755
0.06910284
0.04221011
0.09756081
-0.09088364
-0.16401838
0.09505574
0.0075442367
-0.044268098
-0.050348073
-0.07660642
0.264929
0.06601704
-0.11575419
0.25531018
0.03501294
0.1598075
0.0142549295
0.09249302
0.23845054
-0.10280067
0.27259192
0.047278572
-0.10777886
0.12004268
-0.1005654
0.102086686
-0.14689717
0.1637035
0.20552851
0.0106405625
0.032822665
-0.009908002
-0.17689759
0.08927197
-0.05542984
0.058304925
0.084505856
-0.25230914
0.039560232
-0.065223075
0.12531185
0.06094611
-0.11781251
-0.05824849
0.057512466
0.18122043
0.07439635
0.20814382
-0.15929835
-0.092988156
0.24476655
0.03750235
0.08093965
-0.051433578
-0.0065380633
-0.14117986
-0.08884739
-0.01574757
-0.00606573
0.09479095
0.124064475
0.06781296
0.17062125
-0.042473275
0.1308568
0.14690174
-0.18692227
-0.06141582
0.11459904
-0.12869038
0.15479192
-0.08713288
0.21695574
-0.08588331
-0.08040952
0.16630758
0.0051764515
-0.15461875
0.16077751
0.054065343
-0.18660492
0.040928893
0.015349199
-0.15186231
0.0059613385
0.16020337
-0.102218196
0.12149891
0.178059
0.017089386
-0.06949982
-0.16320293
0.07931501
-0.059189398
0.14863978
0.0200062
-0.041856512
0.003131996
-0.114978045
-0.16208915
0.13024929
-0.24812147
-0.04779747
-0.003020063
0.21243528
-0.11731574
0.0717671
-0.19132818
0.074265085
-0.048283454
0.1893966
-0.058214046
0.10596776
0.046082452
0.19549783
0.1410745
-0.053185456
-0.035767376
-0.00587532
0.12922654
-0.07794097
0.14331105
-0.21348472
-0.08751346
0.22713071
0.05130468
0.064249866
-0.026793689
0.13419135
0.07342933
-0.056949418
-0.086139865
-0.10119041
-0.15348992
-0.031387582
0.023589363
0.13619405
0.23471993
0.18906562
-0.025774715
0.117487006
0.06640627
0.08930424
-0.0998052
0.16299437
0.08721181
0.10411845
-0.007372493
-0.14851543
-0.09938616
0.09525775
0.028479641
0.0075421412
0.14018238
-0.01901273
0.10973965
0.13881508
0.13814157
0.20115398
0.02060148
-0.01568748
0.099823065
0.014258877
0.27875116
-0.092039295
0.001986028
-0.039105326
-0.16791417
0.1428839
0.15619196
0.0067873974
-0.08536785
0.09419844
0.013200841
0.21250552
0.008508219
0.05191526
0.21617301
-0.12796488
0.24479662
-0.086101025
0.09397773
0.20157684
-0.16109583
0.0048893928
0.13144541
-0.13075654
0.08020641
0.1273934
0.08275817
-0.060729817
0.06679221
0.08624584
0.16639306
0.119043484
-0.03845449
-0.15765467
0.20694378
0.15489016
-0.09262041
0.15052645
-0.0010342558
0.05249145
-0.063542135
0.04149491
0.032169636
0.034649484
0.018359689
-0.07254864
-0.079046816
0.2245176
-0.086372815
0.12267215
0.08152549
-0.17587055
-0.16533987
-0.08215622
0.06640586
-0.06754852
-0.07134057
0.120695956
-0.075006604
0.08579538
0.15682724
0.21566372
0.019943127
0.12963851
-0.17306976
-0.07534769
0.08333523
-0.112446964
0.1430695
-0.016861793
-0.041219126
0.053662714
0.1063487
0.05055745
-0.031341355
-0.02655402
0.2504647
0.024650404
-0.027106872
-0.067849346
0.029018318
-0.14655511
-0.18925665
-0.08653224
-0.19098462
-0.14964935
-0.14330009
-0.063105606
0.055023592
0.04611285
0.22846182
0.08707534
0.03341915
0.07865286
-0.04125922
0.15051019
0.25284037
0.10478234
0.21385188
0.15505913
-0.084125064
-0.18165255
-0.07641885
0.040471792
0.10155497
-0.16169584
-0.013388816
0.13312644
0.15162458
0.14817017
-0.15412003
-0.021540089
-0.066741586
0.08470659
-0.11747597
0.1361878
-0.022316184
-0.07876431
0.15195656
0.099119686
0.010687463
-0.105828136
-0.041959766
0.10619809
-0.030930724
-0.11877773
0.10834213
-0.024531892
0.05901127
-0.25997648
0.02821967
0.16440183
0.031019794
-0.06395498
-0.09564807
0.14203316
0.0031403534
-0.032443162
-0.14403783
-0.2099922
-0.12344757
-0.027039781
-0.032606196
-0.025555594
-0.09896493
-0.27982038
0.10617089
0.17522225
0.09359121
0.18940328
-0.028697442
-0.15239628
0.06030632
0.11758977
0.07446844
0.09380512
0.16985686
-0.011515341
0.12221363
0.08307524
0.07360961
-0.18198559
-0.07893452
0.18941998
0.07790396
-0.20450465
0.16033706
0.17043345
-0.029857052
-0.22706866
0.21919431
0.12186774
-0.16770846
-0.054485437
-0.08465577
0.1477507
0.24474521
0.035340466
0.015682703
-0.19769786
0.13477021
-0.026561296
-0.19458576
0.031969603
0.15195736
0.31570667
-0.038972232
0.15362896
-0.05540182
-0.17423579
0.30731142
-0.05825559
0.0775462
0.2468518
0.05888562
-0.12779719
0.0016798929
-0.29398835
-0.12366607
0.057159327
0.11976714
0.037377518
0.1737956
-0.03804984
0.18691559
0.071578465
0.08132689
-0.08259973
0.13876833
0.25538042
0.15771495
-0.14573528
0.21620385
0.09566022
0.19632247
0.047205675
-0.18454844
0.07580839
0.065778725
-0.28542164
-0.23749138
-0.03080542
-0.0956232
0.052327286
-0.20827001
-0.12631828
-0.06074454
0.0146560315
0.110937126
-0.18557836
0.0399957
-0.020901594
0.15939385
0.17289893
-0.07186922
0.10176244
-0.0989819
0.094101615
0.09024018
0.10082143
0.08458154
-0.07540005
0.18461427
-0.051190227
0.11814216
-0.078741394
0.12740426
-0.24978742
0.012227435
0.18948145
-0.01898772
0.28015697
-0.08080494
0.30614156
0.171985
0.30941427
-0.07161851
-0.32382122
0.104533374
0.087830625
0.10172572
0.22855477
-0.055095673
0.023768155
-0.19247673
0.007591392
-0.13231507
-0.007358518
0.13651921
0.05447198
-0.19447228
0.11578697
-0.043286484
-0.20226215
0.028613864
-0.04969283
-0.18826872
-0.1033412
0.15833287
-0.008859332
-0.17896383
0.13071607
-0.1662667
0.19582152
0.005515996
0.044232823
-0.112944245
-0.013118489
0.19287778
-0.057686605
-0.0034062944
0.09410344
0.21055499
-0.045934528
0.08301141
0.1174796
-0.06889395
-0.116651885
0.11994146
0.18848556
0.09917907
-0.07381764
-0.020340087
-0.20419602
0.05724443
-0.2064385
-0.14734064
-0.07476254
-0.23272115
-0.072130606
-0.12545708
-0.05116329
-0.1988959
-0.026230041
-0.021341939
0.08608721
0.11125811
0.029496336
0.05038801
-0.042624734
0.14232963
-0.06035644
-0.036098503
0.0894443
0.17615956
-0.11593826
0.22434449
0.19145562
0.11639541
0.031068394
-0.15404905
0.08817866
-0.081247576
0.22458982
0.23658799
-0.002913627
0.0013971117
-0.04508736
-0.026589666
-0.012840017
-0.07658273
-0.20619799
0.019656679
0.1362568
-0.01005625
-0.094989836
0.16065615
-0.07141919
0.1517173
0.17549866
0.05290747
0.065457396
0.064989395
0.14906156
-0.03060747
-0.12239966
0.02027293
0.15238413
0.012602412
0.13275912
0.053775165
0.15379114
-0.18528862
0.00092654326
0.013507954
0.1809206
0.04150198
0.10971952
0.11407827
0.08401095
-0.022181166
0.14668335
-0.020911979
0.042317107
-0.112769015
0.07569832
0.08086035
0.22411975
0.061382756
-0.13981293
0.0926798
0.094771914
0.002408905
-0.120806724
-0.12914322
-0.08079485
0.10130301
0.309177
0.031220406
-0.12124118
0.10504128
0.121428326
0.20263888
-0.066388525
0.20570706
-0.13498704
0.120090015
0.14234161
-0.018811867
0.13899522
-0.016891576
0.09624383
0.23459308
0.12281209
0.08840392
0.26919895
0.15049563
0.082271576
0.12538092
-0.14067435
-0.0073710326
-0.24576627
-0.018871775
0.099678285
0.2501213
0.06913274
0.10755319
-0.20631234
0.05965465
0.18364155
0.02135884
0.116490714
0.21810056
0.15810913
0.08717447
0.10762213
0.050377756
-0.16556886
0.088502906
-0.22253926
-0.049257953
-0.04227556
-0.05330354
0.2126218
0.14529228
0.11156891
0.12984101
-0.060181376
-0.057385307
0.065068096
0.058276013
0.044142317
0.17594752
0.0583797
-0.12346744
0.15212965
-0.061916314
0.16477653
-0.093164705
0.016684761
0.08914651
-0.14878024
0.17420918
-0.11000325
-0.14160337
0.2045874
-0.12765457
0.03516732
0.17105807
-0.15914847
0.019492136
0.08815306
-0.09870565
-0.10265941
0.19589451
0.17541675
0.11334963
0.1942576
-0.0035346355
0.11609098
-0.08086891
0.001239863
0.027170928
-0.15673968
-0.1766757
-0.09871368
-0.10174227
-0.1382796
-0.080055304
0.21988362
0.030221814
0.19234027
0.07027469
0.20324126
-0.008748199
-0.010148304
0.018340891
-0.031474322
0.13704559
-0.19082244
-0.07158802
-0.038879294
0.1856006
-0.19918624
-0.0658968
0.2628121
-0.19390719
0.17331512
-0.14960882
-0.12836997
-0.12292873
-0.109471336
0.07125507
0.10769174
0.050286535
0.14589776
-0.24708709
0.11742724
0.29993603
0.12766854
0.18529004
0.19135728
-0.04964886
-0.07791465
0.022413757
0.041072406
-0.13890184
0.12414831
0.08175273
-0.07887255
-0.09253893
0.05937689
0.06701374
0.10802897
0.20644553
0.1001119
0.11237228
-0.006513563
-0.13232405
0.0057489784
0.04190642
0.105742015
0.106139034
0.16488287
0.011622828
-0.14781158
0.12679414
0.00556635
-0.05712581
-0.1432578
0.0133289285
-0.08029983
-0.1523785
0.0062398356
-0.08240168
-0.1645319
0.123294815
0.052709457
0.08414953
0.011327552
-0.023340309
0.04415433
0.031269353
-0.13475092
0.13614252
-0.02772201
-0.015989631
-0.13744941
0.13149743
0.23682007
-0.2315525
0.061965607
0.012660874
0.037385926
0.18226059
-0.015822459
0.19287723
-0.08971466
-0.09935212
-0.022611057
-0.02170125
0.050212033
0.13691093
-0.14423947
0.045093372
-0.0075046984
-0.013676664
0.03957856
-0.10955109
-0.08224433
-0.05592744
-0.25757474
-0.027362917
-0.26166043
-0.0035139285
-0.13751268
0.081791125
-0.08676622
-0.018181229
-0.015097299
-0.094204314
-0.12511934
-0.09917018
-0.24612369
0.18831083
0.17651969
0.10157781
0.21518074
-0.044934854
0.08251099
0.07289745
-0.061954133
-0.11547742
0.11757673
-0.2167155
0.14739355
-0.08516467
-0.22241727
-0.07106193
-0.11085922
-0.28574547
-0.017456682
-0.09262937
0.04683392
-0.049258474
0.14185908
0.13593052
0.004221753
0.23440032
-0.19889909
0.0625673
-0.07094378
0.1650758
-0.06670876
-0.07044201
0.07270222
0.25226715
-0.15266319
0.1267154
-0.05003969
0.097182825
0.105365895
-0.028985858
-0.022830877
-0.03915323
-0.11470285
-0.016762093
0.07534973
-0.11558189
0.09167118
-0.11221174
-0.23763265
-0.011914662
0.0118937865
0.13723196
0.09816091
-0.1210627
-0.03301699
0.2079217
-0.30012023
0.08975808
-0.31059012
-0.019590668
-0.2578695
0.15566315
-0.06875654
-0.2746861
-0.02112859
0.0584243
0.1369744
0.0005578705
0.028197479
0.2583943
0.10733759
0.0652917
0.14437155
0.16295464
-0.18871209
0.033081733
-0.051317982
-0.066005304
0.07550347
0.0004542913
0.12060293
-0.038848896
0.06607297
-0.11009085
-0.056372415
0.01754879
0.16833779
0.028407568
-0.056877773
0.20283161
-0.077825196
0.15447837
-0.15415508
-0.19583906
-0.19442435
-0.13625771
0.34474444
0.037550855
0.099068925
0.12327105
-0.050112806
0.17324135
-0.27578974
0.08306428
-0.087469995
0.0049552764
0.1306213
0.12386394
-0.18691762
-0.08975668
-0.07682421
0.18106101
0.059138082
-0.08251676
-0.10205368
-0.16592507
-0.08317109
-0.08648162
-0.17657714
-0.15278463
0.27242702
0.2427271
0.16468324
-0.14858788
0.2095423
0.107676886
-0.15488626
0.109212436
0.078968175
0.0026234952
0.20551272
-0.083769426
0.00878325
-0.29591483
-0.25689727
-0.09630676
0.116479605
-0.07847792
0.24801008
-0.09385494
-0.0699909
-0.122053966
0.062246278
0.04039668
-0.33239153
-0.18513107
0.035908062
-0.025636693
-0.36750418
-0.10999602
0.17475083
0.056163087
-0.10119122
0.37258804
-0.06854736
-0.21600911
0.13426901
-0.07000092
-0.22406611
-0.11397288
-0.04347822
-0.14100337
-0.347736
-0.014497824
-0.010068445
-0.20761444
0.028701201
0.026157826
0.083719894
0.09252663
0.13607633
-0.3512936
-0.012339189
0.09058876
0.03544572
0.25248417
-0.10527282
-0.007484444
0.14953066
-0.06262077
0.18473883
0.03374956
-0.09769621
0.108019255
0.11760255
0.026267307
0.1631963
-0.13474117
0.15635745
0.14918265
-0.1501406
-0.0071880925
-0.015957434
0.05274986
-0.10025531
-0.14095329
0.13295774
0.15712789
-0.04160141
0.00949174
0.11131255
-0.027100563
-0.10771851
-0.11291611
-0.044182345
0.18559186
-0.017654274
0.15418947
0.050482575
-0.019438224
0.06717755
0.20841046
-0.13215934
0.16425617
0.1304288
-0.04474512
-0.19869378
0.1934664
-0.17926411
-0.1819645
0.13890646
0.024261236
0.17126584
-0.06255068
-0.060584523
-0.06553228
0.1169731
-0.1090495
0.20566383
-0.05449044
-0.06867069
-0.15496923
0.046588134
-0.10949876
0.11032753
0.078653015
0.15533768
-0.0037587462
-0.015862022
0.051766068
0.18274069
-0.10940219
-0.19735402
-0.081458546
0.0738963
-0.03506203
-0.13776504
-0.144339
-0.11921585
-0.15648736
-0.10084818
0.015316381
-0.030240051
-0.25399196
-0.0594532
-0.002978563
0.0068934136
0.07891913
0.18334924
0.09157345
0.10967203
0.25850496
0.102356315
0.1536975
-0.07683121
-0.016608167
0.0004687368
-0.17130369
0.040104985
-0.0056574875
0.0529496
-0.13100788
-0.063646846
0.08645982
0.04519669
-0.11508508
0.12895294
0.18751249
0.15960498
-0.13954552
0.103507884
0.12893048
-0.081011064
0.014203738
0.21951325
-0.061241463
-0.025542853
0.1769299
0.0026924405
0.06857308
0.0024550178
-0.06137237
0.07988012
0.1505521
0.120246574
-0.03128652
-0.0063202446
0.037833724
-0.069544435
0.063781425
0.04754814
-0.07326516
-0.010149156
-0.06554309
-0.14590076
-0.024714397
-0.032802843
0.13224913
-0.027839078
0.30394885
0.10682919
-0.08230761
-0.07829338
-0.011192585
0.14488477
0.022398083
-0.2803185
-0.07919849
0.18001798
0.16797319
0.07703477
0.17173354
0.014682265
0.02051911
-0.12788333
-0.106270365
-0.19371203
-0.009526749
0.030231306
-0.07814812
-0.0010088439
-0.40385827
-0.13298416
0.1736599
0.17322396
0.063467205
-0.053501453
-0.060188342
0.07956425
0.07886773
0.13130236
0.09168979
0.098490365
0.26907757
0.16575125
-0.31457177
-0.20981134
0.16680574
-0.074923754
0.19628689
0.20163216
0.17621242
0.09064207
0.21641706
0.031297103
0.26355106
-0.08106061
0.16690458
0.08950295
0.11180935
0.19222409
0.10281447
-0.13596351
-0.29803324
0.11369037
-0.05001536
-0.11641914
0.020168222
-0.0146522485
0.16422214
0.20198111
-0.0038086928
0.055667695
-0.1418787
0.14330988
0.13888633
-0.13049375
0.119758695
0.17313643
-0.019824464
0.15146261
0.11768079
0.031850904
0.11085667
0.057175618
-0.060922362
-0.1450487
-0.057067625
-0.16560361
-0.16438465
-0.15701559
0.07195804
0.0450727
0.012363019
0.1566013
-0.1851868
-0.037053857
-0.1150751
0.07926198
0.07106257
0.17674442
-0.09147868
0.20573823
0.19979359
-0.042857975
-0.11799962
0.20776924
-0.08710327
-0.08496979
0.11847326
-0.15337336
0.18128297
-0.06386669
0.16588922
0.10124753
-0.19764873
-0.035821147
0.112163104
-0.049085386
0.026802002
0.094223514
0.017365575
0.021684915
-0.050089892
0.062384266
0.04438981
0.1951167
-0.095378384
0.1254078
-0.20112549
-0.15327105
0.1500154
-0.41409454
-0.1993687
0.14778599
0.059315935
0.1371571
-0.075395726
-0.0655946
0.093501315
-0.056017462
-0.022644615
-0.035452347
-0.2980685
0.02194656
-0.032817397
-0.113380246
0.009736558
-0.013830339
0.102173656
0.15593266
-0.14844377
0.24561095
-0.0020967969
-0.08213409
-0.10201961
-0.119419
0.14093986
0.23720309
0.08784335
0.07267938
-0.051437866
-0.19653404
0.0024490277
-0.044538524
-0.1796808
-0.09722582
-0.16687588
-0.13574323
0.19503285
0.20744494
-0.28920233
-0.26359916
0.15320037
0.06347002
-0.17939615
0.3207117
-0.04086146
-0.0525887
0.19255166
-0.01637032
0.09177109
-0.09552292
-0.19786394
-0.09911749
-0.04077835
0.018998703
-0.055526312
0.12099754
-0.17489128
-0.09197456
-0.007888652
-0.19992983
-0.0909025
-0.18939343
0.26134604
-0.10065844
0.17513995
0.010046782
-0.12334352
0.26765582
0.12459667
0.04485385
0.08774106
0.03558376
0.09528517
0.106871866
-0.083747655
0.11718281
0.108058035
-0.11009952
0.2168261
0.11463352
0.15482664
0.062844574
-0.10701901
-0.19260801
-0.19744875
0.017049571
0.084898666
0.15968883
0.056636393
0.20850535
-0.07531642
0.2787085
-0.10810376
-0.027825026
0.0698341
0.24380757
-0.005301464
0.044666193
0.10644454
0.143426
-0.04817418
-0.06643944
-0.22882006
0.08652584
-0.0060521057
0.1817552
0.24671203
0.20366761
-0.09536073
0.087551124
-0.02887196
-0.16008708
-0.013459353
0.07063432
-0.036267865
-0.000734232
-0.099246494
-0.062279798
0.15857269
0.07995676
0.16617815
0.1025863
-0.058220066
-0.016313974
0.10359181
0.01667754
-0.062671505
0.0028416861
0.11164408
0.009321778
-0.1905804
0.106362335
0.039014306
-0.038747855
0.10056423
0.22993676
-0.06495543
0.061222304
0.017678054
-0.20993629
0.23936677
0.042186998
-0.0887691
0.19133702
-0.12975436
-0.18727148
0.005199991
0.03336962
-0.17145771
-0.14164796
-0.025254248
0.014862112
0.043993447
0.21587466
0.025546396
-0.08846845
0.1925114
-0.07383903
0.0835176
-0.23095998
-0.19732562
0.29334912
0.0009366258
-0.025736548
-0.06794052
-0.23520695
0.10258085
0.07845754
-0.059464294
0.11751081
-0.0073617613
-0.013871632
0.20640568
0.01176118
0.029240197
0.030870786
-0.057549782
-0.05231102
0.24243422
-0.14403412
-0.09984186
0.117821634
-0.046143066
0.16843979
-0.05289746
-0.10820243
0.058559775
-0.016946211
-0.17889294
0.20174383
-0.017766332
-0.049236003
-0.05400451
-0.12478715
-0.13700666
0.058720086
0.19624281
-0.19176699
0.10777496
0.11825568
0.11175081
-0.07871403
0.002441086
-0.07741267
-0.030635871
0.17343937
0.019570734
0.06396862
-0.18505314
0.038675632
-0.033470083
0.07629727
0.17167564
0.15571491
0.06240063
0.20394568
-0.019235454
-0.016160442
-0.12491132
-0.08708531
0.12727472
-0.1983956
0.2403901
0.106875926
-0.14157496
-0.008044227
-0.05763607
0.00018283007
-0.040177636
-0.1614411
-0.036305632
0.22847578
-0.06733157
0.16131422
0.20479316
0.091257714
-0.065994255
-0.21243604
0.0688048
0.12801616
-0.0664349
-0.015501612
0.087615035
0.26817808
0.10577325
-0.07167519
-0.033624373
-0.10654636
0.09758838
0.13120802
-0.10525489
0.046623774
0.023575822
0.11842295
0.1451646
0.0766089
-0.050410137
0.19383651
-0.030384816
-0.15314111
0.06958423
-0.069114886
0.18120895
0.012193389
0.106935695
-0.055789102
-0.1213652
-0.079547115
-0.06445762
0.12225942
0.08996645
0.13656694
0.03079494
-0.036209878
-0.22213794
-0.09600916
0.19841129
0.030690221
0.08576809
-0.09909854
0.0895833
-0.05769652
0.07228299
0.14060147
-0.0030708767
0.011848149
0.04034666
0.029225044
-0.1358347
0.07168831
0.18967617
-0.0068054944
0.19148527
0.13305931
0.1464141
0.046545357
0.08282984
-0.18869849
0.2068756
-0.026690414
0.16741467
-0.22990464
0.06928968
-0.07666792
0.13265869
0.13714159
0.11126668
-0.07069399
0.042470593
0.20487043
0.013085695
0.20288192
-0.18661982
0.17377637
0.06953103
0.20865168
-0.0042549353
0.008726022
-0.12656546
-0.2765563
-0.10494388
-0.009839408
0.113151215
-0.17690374
-0.13908121
0.03025378
-0.13669284
-0.13447946
-0.10942533
-0.08840202
-0.21245778
0.34876698
0.0014984966
0.009117058
-0.20237063
0.23505588
-0.092291825
0.05893932
0.086213335
-0.1490555
-0.041857436
-0.06463318
-0.038637027
-0.13597183
0.03976357
0.008801054
-0.06892651
-0.20214055
-0.019858452
0.011778417
0.26292816
-0.067342944
0.14496422
0.14761524
0.18098663
-0.20282662
0.20749265
0.0864446
-0.0918895
-0.0724258
0.24757023
-0.07671963
0.013860119
0.08683886
0.19932409
-0.027478488
0.17182782
-0.14508218
0.048857335
-0.21317604
0.018585121
-0.12979378
0.14837292
0.24962115
0.06305437
0.018895831
-0.039054558
-0.004213635
0.07883763
-0.0070857783
-0.18478802
-0.12306887
0.11158582
-0.29317915
-0.10161768
-0.2495889
-0.1441918
-0.12391553
-0.081752956
-0.12582494
0.12090444
0.050015766
0.024254717
0.1524105
0.053886943
-0.015163543
0.013483537
-0.24823275
0.101057306
-0.04106504
-0.00019215852
0.0504247
0.12874666
-0.12681957
-0.03367122
0.18361524
0.018528456
0.1391159
-0.12133804
0.06662618
-0.2227289
0.14008777
0.16737755
0.03014498
-0.038054686
0.18012089
0.2571608
0.07168829
-0.1222716
-0.13012663
0.008205722
0.048352778
0.03885341
0.041609943
0.05348005
-0.03244662
-0.21194871
0.17526954
-0.032751612
0.011661207
0.24764213
-0.04767708
-0.03153631
0.13631354
-0.022381013
0.08319796
0.014170357
0.004128086
-0.021276472
-0.17601034
0.00040540833
0.07252405
0.048108455
-0.13275895
0.0053537977
0.15169396
-0.07408692
-0.06180882
-0.11445756
0.08815593
-0.24107091
0.23916465
0.17953092
0.13638666
0.19347566
0.15975142
0.048212007
-0.034641344
-0.044201847
0.07870738
0.07363942
0.15020505
0.19243917
-0.0981018
-0.09732188
-0.0200407
0.119114734
0.0080056
-0.11367156
0.25105655
0.07606055
-0.1786698
-0.13488032
-0.14574566
-0.17610952
-0.0014711274
0.008282797
-0.12609184
-0.1378536
0.15938681
0.01865169
0.02781388
-0.07836489
0.20410256
-0.10380607
-0.17972867
-0.10906574
0.2514557
-0.19754326
0.0029101833
0.10634914
-0.23402108
0.040295307
0.0688897
-0.11555876
0.18382177
0.24189128
0.24503548
-0.14601003
0.10744972
-0.06917443
0.21999788
-0.21826243
-0.20044082
0.16033402
0.10961021
0.008090763
0.17671636
0.10495513
0.048717503
-0.061827175
-0.2971044
0.12056242
-0.12679963
0.12653716
-0.056004476
0.21997702
-0.028297406
-0.050577413
0.21241878
-0.115058966
-0.24890058
0.15094617
-0.16855785
0.14505771
-0.13266629
0.25248635
-0.07687832
0.13422145
-0.08508162
0.1195247
0.1523899
-0.03906255
-0.07746362
0.17403838
0.10905959
-0.07094664
0.07937861
0.1261114
0.19049954
0.107209355
-0.03768195
-0.1202792
0.055196315
-0.02853131
0.09037306
-0.15825745
0.04739052
-0.23161544
-0.018349601
0.11699755
0.16879544
-0.25548682
0.13615637
0.28793493
-0.1842089
0.2193296
-0.16745508
0.014627893
0.17067899
-0.025975991
-0.23863383
-0.029719794
-0.122874625
0.0121012395
-0.21334459
-0.08226739
0.19885089
-0.08597742
0.10848712
-0.2105002
0.1854571
-0.12233561
0.17073785
-0.32199037
0.12423147
0.29501632
-0.18267325
-0.16611984
0.098601826
0.06840318
-0.05206347
-0.14298981
0.037168335
0.007069472
0.06657731
-0.05331257
-0.14939792
-0.053585734
0.046622757
0.016963962
-0.13658223
0.1747209
-0.023836443
-0.2049524
0.025147576
-0.11990032
-0.082793675
0.11232434
0.11296536
0.034666788
0.20715584
-0.20739233
0.21544667
-0.009540164
-0.07168328
0.16627581
0.08021313
-0.005499924
0.076664604
-0.04234332
0.21096645
-0.15383244
0.062400438
0.15653902
0.007982599
0.061693516
-0.12277794
-0.059686396
0.06455218
-0.035444506
-0.15687776
-0.06863544
0.168221
0.20543362
0.24525133
0.0069914064
0.020203704
-0.0027519204
0.22674935
-0.269718
0.05705047
-0.18266816
-0.022796137
0.049870733
0.0165488
-0.1483076
-0.13126571
-0.087098
-0.14920864
0.15084086
-0.24834141
0.12634869
-0.19263512
-0.023455167
0.15725815
0.10320332
-0.020801041
0.009898944
0.08933808
-0.12274778
-0.02665988
0.06473974
0.13502583
0.042541713
0.16516526
-0.09659048
-0.054464225
-0.052234612
-0.024094515
0.13080361
0.13462317
-0.10382517
0.065167315
-0.16364448
-0.09636173
-0.0043986174
0.0078177955
-0.012954484
-0.032082323
-0.20666377
0.1417903
0.15536857
0.15333645
0.065833785
-0.058815826
0.052270595
0.011756997
-0.15874402
-0.2630721
-0.11556176
0.10621788
0.004273579
0.088686526
-0.083487734
-0.158872
-0.11125151
0.104839645
0.18895449
0.23416989
-0.16976583
0.012823129
0.1591704
0.1774901
0.040804368
-0.016161004
-0.06403319
0.05071594
0.2860552
-0.101046816
0.11617042
0.11792155
-0.037621893
-0.09196953
0.060037326
-0.18664554
-0.16838707
-0.1515874
-0.02840887
-0.007373338
-0.04393432
0.086450145
-0.1401554
-0.19096498
0.08505963
-0.22762276
-0.38460156
-0.19219062
0.05887322
0.115506746
-0.16723669
0.10670035
0.04178476
-0.037803523
0.15266468
-0.02503177
-0.1331832
-0.011152627
0.2092194
0.11797016
-0.06979052
0.018758455
-0.19507095
0.03245205
0.10304424
0.045713503
-0.20425381
-0.15524016
-0.05016347
-0.1567267
-0.14531958
-0.09817466
0.2231649
-0.030524125
0.059393287
0.051921483
0.044078045
0.06492891
0.1333827
-0.18379372
0.21621239
0.15555443
0.04138422
-0.18020704
-0.17088126
0.22111537
-0.09429859
-0.1664687
-0.1410671
-0.03873744
-0.12595758
-0.014059024
0.11306114
-0.21069922
0.07439792
-0.15039945
-0.20903623
0.07177718
0.06502055
0.06304015
-0.12773624
0.1871283
0.15737174
0.08009828
-0.24591404
0.05014306
0.047870077
0.18990643
0.01191374
0.009391904
0.15820867
-0.17324653
-0.01985452
0.018976185
0.06409908
-0.1739884
-0.044760607
0.11610489
-0.09957342
-0.10905415
-0.1026947
-0.03676085
0.15763956
0.027225204
0.16109122
-0.004636266
0.029592674
-0.20363745
-0.015634123
-0.12510844
-0.04323881
0.06661678
-0.17666051
0.015376455
-0.06946507
0.14383315
0.1565475
-0.07735782
0.107347056
-0.06998836
0.09390998
-0.08428898
0.056895632
-0.04403996
0.03793083
-0.19133945
-0.05357104
-0.10860081
-0.11486285
0.010229308
-0.059956003
-0.24563268
0.21035682
-0.062210236
0.113202676
-0.13428968
-0.032514617
0.17199594
0.16183694
0.2100323
-0.11444878
0.23785962
0.01599379
-0.04596244
-0.052584387
-0.090832874
0.012548362
-0.0001934266
-0.054448772
-0.08827473
0.19812328
-0.1839081
0.12108882
-0.13506563
0.30070546
-0.06805475
-0.05843419
-0.078953974
-0.022556068
-0.15113743
-0.13099265
-0.08968901
-0.010465219
-0.081373826
0.17960681
0.07671018
-0.02548117
0.029075177
0.006583922
0.029240448
0.012179009
0.12236236
-0.021239465
-0.08711038
-0.04453163
0.13111344
0.06335439
0.09495484
0.09133314
-0.13211349
0.051233865
0.1149696
-0.2626893
0.0025771614
0.22017369
-0.2317997
0.0706332
0.123056844
0.045303516
-0.037263602
-0.11434272
0.027410245
0.030599356
-0.015609133
-0.033230394
-0.12158334
-0.13967913
0.06008682
0.0884375
0.2300192
0.006422287
0.1741123
0.10547524
0.004141473
0.18822172
0.09184808
0.026180869
-0.13345835
0.15895677
-0.023737123
-0.035509422
-0.028127607
0.045048054
-0.10868528
0.12027955
-0.16742776
0.18238766
-0.12280324
0.20569602
0.18740565
-0.03490524
-0.16205327
-0.020848522
-0.02507591
-0.011706911
0.22064587
0.11338947
-0.097690456
0.20186026
-0.07164918
-0.038293213
0.10330518
-0.20508021
-0.15013868
-0.13228424
0.21821718
0.12015223
0.13087197
0.1567543
-0.066349335
0.0058609038
-0.15416214
-0.01402756
-0.15652749
0.12550488
0.06403876
0.12692621
-0.099869706
0.16059382
-0.038890164
-0.072524585
0.0074637355
0.030358369
0.15534462
-0.16967346
-0.18580915
0.041373212
0.12901221
-0.04565376
-0.14464216
-0.0072294343
0.2028307
-0.06471235
0.19439662
-0.12507984
-0.20789076
0.14551397
0.008701923
-0.00053401914
0.0525024
0.055691827
-0.04015094
-0.16697614
-0.056925073
0.08256694
-0.1652985
-0.15129603
0.26922372
-0.025393534
-0.032126587
-0.037954416
-0.16277078
-0.10222779
0.14888857
-0.08286867
-0.1468035
-0.20397574
0.022984283
-0.103137165
-0.00081411056
-0.08888183
-0.035168577
-0.063089
0.19467074
0.10076247
0.23556328
-0.0042159376
0.122556694
-0.20396057
-0.26015592
-0.11091144
-0.12750274
-0.0842336
-0.18146113
-0.13654104
0.20580193
0.14019473
-0.21030287
-0.08298604
0.14928983
0.19384605
-0.103224374
-0.22001603
0.1353267
-0.08279733
-0.17471427
0.23425332
0.017968591
0.043767877
-0.00011472407
-0.17044465
0.061047114
-0.23730128
0.110124685
0.057231322
0.049281485
-0.049268033
-0.25983334
-0.100532524
-0.22849587
-0.1905576
-0.031577315
-0.088308446
0.057768513
0.0014318237
0.10862709
0.027872829
-0.15053105
0.07971069
0.13303608
0.1703356
0.03287825
0.12655242
0.15365095
-0.13896134
0.14777628
-0.09792425
-0.07520137
0.13140225
0.12499251
-0.122366585
0.11613281
-0.18049836
0.007217431
-0.13707419
0.030664543
0.025302593
0.08079007
0.00020701418
0.05082198
0.013764849
0.17046075
-0.0050092726
0.28628597
0.10158804
-0.105966635
0.1729305
0.13604194
0.006997869
-0.28352106
-0.1842573
0.14269525
-0.047615383
0.08296497
0.013480437
0.03901554
-0.22339998
0.095975704
-0.18042149
0.25970176
0.06447835
-0.18009226
-0.27592546
-0.21584287
0.13064434
-0.19094749
0.0908576
0.023727782
0.0068055536
0.050570156
0.12254562
-0.0038129026
0.30488166
0.1869202
0.13098997
-0.07625127
-0.24443215
0.2905426
-0.06803848
0.04119227
0.110973395
-0.13754663
-0.1273342
-0.120591775
0.15108915
-0.022023533
0.0096010445
0.02662908
-0.10031853
-0.17510279
-0.030356994
-0.0046728454
0.15698163
-0.12645122
-0.18249987
0.1614413
0.18740417
0.0053949617
0.068848334
0.014188351
0.25345215
0.26652163
-0.16141912
0.0054078675
-0.09089116
0.23467611
0.081779055
-0.08986575
0.114015676
0.03676627
-0.030344266
-0.14329161
0.06734549
0.024832137
-0.18430741
0.116202354
-0.08734719
0.22266893
-0.110102065
0.2764364
0.13237958
0.18875088
0.043687522
0.11098146
0.0027363335
-0.1886956
0.15206206
0.14111021
-0.01714468
0.10067449
0.06842095
0.11142532
0.17919956
0.10929672
-0.029253896
-0.086572126
-0.020873694
-0.17633006
0.08912981
-0.07427251
0.06276397
-0.08306378
-0.010267746
-0.07181019
0.1165509
-0.13668601
-0.0007001626
0.07274849
0.0869886
0.1075988
0.10246205
0.10872976
0.23429161
0.06718382
0.23354943
0.06460199
0.1527712
0.01692031
-0.05998918
0.14762773
-0.054376338
0.180907
0.15318917
-0.081135914
0.15731037
-0.063999064
-0.08462558
-0.01329339
0.0069140396
-0.062227707
-0.04976148
0.20955259
-0.012342582
0.113966666
0.19998233
0.050838836
0.10231833
0.10734276
0.12420313
-0.117374286
0.14048186
0.12909459
0.01092696
-0.048049103
0.097298756
0.049718734
-0.13397062
-0.081394434
0.10771257
-0.020516887
-0.16925324
-0.016445002
-0.12961388
0.011161848
-0.054254334
-0.19632429
0.13589549
0.040829226
-0.18683824
0.19853756
0.17398602
0.06466908
-0.010667843
0.118367806
-0.0134504195
0.14684013
0.14044394
-0.24068682
0.046356335
0.045709934
-0.24636632
0.17514682
-0.13306075
0.21243988
0.024921594
-0.032240547
-0.062435098
-0.06553265
-0.21412405
-0.050104547
0.06682746
-0.01866428
-0.15678602
0.19697662
0.033191595
-0.1804648
-0.046281967
-0.16685192
-0.0928515
0.19757196
-0.13198513
0.16090548
0.16798283
0.03913557
-0.020524014
0.116225906
-0.0015286396
-0.15464891
-0.078854375
-0.18303585
0.095428914
-0.10330983
-0.13104597
-0.0864436
0.09410028
0.12648217
0.027967907
-0.10192743
-0.22971219
0.3411757
0.09529484
-0.07140335
0.109961696
-0.12162407
-0.17375906
-0.19128829
0.32671815
0.054765362
-0.2271501
-0.05018721
-0.13805681
0.06855072
0.02177572
-0.06711209
-0.29174575
-0.010072686
0.0001460836
0.056222383
0.1507974
0.08530179
0.16039002
0.16267027
0.1645679
0.08837158
0.0124552995
0.18693496
-0.06891303
-0.17826743
-0.2376438
-0.05100892
0.3627673
-0.009870971
-0.09883864
-0.07415187
0.015245995
-0.13990743
-0.005928173
-0.06815431
-0.02941965
0.049523417
0.052814923
0.14215577
0.118609525
-0.049573105
-0.09502578
0.004486475
-0.06466544
-0.06697525
-0.17946827
0.047478326
0.19296047
-0.0962476
-0.04618848
-0.0681925
-0.11597651
0.09600438
0.1371673
-0.208807
-0.19450535
0.12395782
0.20496884
-0.06002688
0.10817181
-0.09270097
-0.28813657
0.15234435
-0.21774389
-0.15912479
-0.24713758
0.21859147
-0.22260028
0.14572531
0.049857628
-0.03965734
0.17925185
0.09064918
0.14106673
-0.24618803
0.30288535
-0.07397204
-0.058131024
-0.1971464
-0.1437832
-0.055234484
0.022364123
-0.28899083
0.16274968
-0.19682856
-0.11049871
-0.024908474
0.060838103
-0.19003192
-0.022915184
-0.26827082
-0.046522304
-0.10628512
-0.040435757
-0.16918795
-0.31584072
-0.26063308
0.17700458
-0.11687411
0.072774634
0.023960352
0.30206272
-0.07256358
0.04813307
0.091247834
0.2888983
0.10434262
-0.16529043
-0.11888674
-0.0016021795
0.10333436
0.28328836
0.014250164
0.122960664
-0.1500983
0.14331213
-0.1951704
0.32100335
-0.049836054
-0.11563246
0.007448262
0.06391945
-0.047299825
0.13335392
0.16565393
-0.23463821
0.054275505
0.108700566
-0.09189697
-0.093411095
0.1694784
0.12445128
0.25395072
-0.16159734
-0.2916748
0.064135745
-0.24694295
-0.070408545
0.13483217
-0.16556373
-0.12069863
-0.16418779
-0.06843126
0.022257637
0.055305436
-0.16958825
0.049001485
-0.087267056
-0.10268986
0.0034360196
-0.026127303
0.014404916
-0.0028769902
0.08240434
-0.12995125
0.1255315
-0.10489037
-0.04823194
0.013924832
-0.17061771
-0.09961529
0.09817848
-0.13862176
0.03595883
-0.09116405
0.026312962
-0.062877074
-0.09947318
0.19276386
0.13302642
0.010942435
0.15243307
-0.0319042
-0.05347314
0.013234729
-0.10416187
0.17529878
-0.10749685
0.09186051
0.11158943
-0.07853856
0.19141285
0.11635488
-0.0047422084
-0.040719043
0.09784519
0.016731467
0.04864188
-0.047936
-0.057699792
0.10388302
-0.060888004
0.12709579
0.20645848
0.12554666
0.0877379
0.13947171
0.05225123
-0.069833964
-0.007705393
-0.014998641
0.075137466
0.06618207
-0.067194454
0.22965235
0.2190521
-0.001004936
-0.005925977
-0.12589784
0.19275756
-0.21616487
-0.121562265
-0.14755386
-0.125182
-0.0010255383
0.14701216
-0.00976024
0.20787518
0.07837607
0.059163567
-0.24550696
-0.10548008
-0.10568504
-0.045639746
-0.061040297
-0.13053878
0.19635507
0.25953728
0.05282493
0.14134239
0.043986432
-0.03191252
0.055129025
0.056409247
-0.019786796
0.09992596
-0.035189137
0.13549858
-0.106797755
0.026164802
-0.08370371
-0.11682555
-0.14211719
0.13820341
0.24177258
-0.1339646
0.026176823
0.2533376
0.10269618
0.10527289
0.06762999
0.039351832
0.18399173
0.22208853
-0.15628374
-0.14016183
0.22550541
0.20208277
0.17936559
0.16587533
0.08965856
0.15669315
0.15185583
-0.0710669
0.06939372
0.008649711
0.013293688
-8.307106e-05
0.04351808
0.05741987
0.117007256
-0.13399188
-0.13083439
0.14407934
0.011513626
0.11862001
0.057138037
-0.05317464
-0.038268022
0.08302347
0.14568006
-0.053745482
0.011659955
0.24898998
0.097733416
-0.1307501
0.18325968
0.22666565
0.1440344
-0.04788715
0.06744063
-0.008563482
0.021853594
0.108522266
0.19112673
0.17846121
-0.016881535
0.21607028
0.22707993
0.111218795
-0.086670846
-0.1440911
0.0808268
-0.12187282
-0.16357888
0.25107214
-0.0028795712
-0.025855632
-0.12601537
-0.20545645
-0.111564994
0.11703533
0.18267582
-0.15468657
0.12467716
0.09375746
0.12431465
0.10714738
0.19206163
-0.14188458
0.104701005
-0.12613077
0.08229901
-0.17322434
-0.05022978
0.016774392
-0.060053945
0.0005029307
0.10049139
0.01575668
-0.14829965
0.021127261
-0.08916362
-0.19543421
0.13233416
-0.1545936
0.1556955
0.027948728
0.029288093
0.23175833
0.066075414
-0.0042437925
0.027112968
0.23926242
-0.24739301
0.12731837
-0.16545132
0.15232137
-0.20403127
-0.015187347
-0.006153114
0.0011063988
0.24050407
-0.22679786
0.09709406
-0.035053734
-0.10094439
0.21574903
0.06318983
-0.076034844
0.30030012
0.18616004
-0.15584369
0.054207236
-0.06750158
0.15000938
0.15261427
0.23506637
0.12683743
-0.15432106
-0.022128856
0.08178135
-0.020238467
0.05017256
0.07931126
0.19733095
0.17813294
0.030125001
0.12238322
0.36155048
0.0023341426
-0.21139076
0.14967176
-0.1432202
0.12998478
-0.17763197
0.02655386
0.0473
-0.04019871
-0.04557118
-0.23717162
0.16301525
-0.18871519
-0.006645967
0.021070868
0.12785067
-0.20824452
0.14470227
-0.19923002
-0.2090284
-0.002383657
0.14303909
-0.026218597
-0.032821085
-0.095413
-0.16333191
0.11809078
0.022161083
0.028989304
0.27682555
-0.072197214
-0.095730774
-0.2567443
-0.15613323
0.13777702
-0.037962522
0.06982877
0.12774813
-0.0068006204
-0.06546274
0.19786382
-0.035028372
0.20520239
0.2701887
0.13148083
0.04420881
-0.061807387
-0.121527456
-0.08208248
0.17489348
0.16311793
0.067231484
-0.16624834
-0.14775102
-0.2224048
-0.16737252
-0.11864937
0.024784861
0.04466391
-0.061818738
-0.099298455
-0.11428352
0.20556921
0.023772
0.13180564
-0.024940437
0.12792693
-0.03127537
0.020265305
0.011138969
-0.13440928
0.08377194
-0.02503111
-0.059357777
-0.15035465
-0.05075866
-0.11862583
-0.19680315
0.1381539
-0.13508926
-0.20180124
0.012505092
-0.048725076
-0.12380138
0.13845107
0.16900344
0.103759296
-0.007896328
0.121157356
-0.18876189
-0.23206306
-0.06073203
-0.07250219
-0.04359819
-0.14412738
-0.014046582
-0.005413396
0.01556201
0.21359804
-0.2506818
-0.22989783
-0.12230054
0.05547813
0.19909555
0.09070782
0.37514758
0.17379823
0.00033121865
-0.06947056
0.19549002
0.043295667
-0.10856723
-0.24868757
0.1551856
-0.25784346
0.051867772
-0.04927694
0.13858761
0.12367878
-0.1000345
0.15565977
0.17092969
-0.09874313
0.18264818
0.15838952
0.38302046
-0.023118503
0.05554013
0.24487731
0.049987677
0.03062555
-0.09735689
0.2358515
0.061635133
0.04830936
-0.090783104
-0.09031693
-0.19860463
0.06422979
0.07725898
-0.020664927
0.051478878
-0.021202244
-0.11430161
0.019394761
0.14663337
-0.071192056
0.14037634
0.0067448434
0.10171709
0.011337636
0.055288766
-0.1822205
-0.05251322
0.15294242
-0.25586948
0.2520824
0.024539832
0.23015992
-0.04703398
0.006115748
-0.22942448
0.17807259
-0.093766816
-0.11748717
-0.05235038
0.25423697
0.004424406
0.1663346
-0.065994285
0.011060769
0.16055816
-0.1095063
0.011673936
-0.033551283
0.08763562
0.15427643
-0.09789895
0.09303315
0.145438
0.10632345
0.2519207
-0.107079424
-0.05345438
-0.14158706
-0.28550556
-0.1559183
-0.04982449
-0.13020346
0.07265145
0.0010592939
0.09329962
0.021137908
-0.008221982
0.086642474
-0.061571192
0.08640738
0.06162852
-0.043571956
-0.18613788
0.0069891615
-0.051248766
0.12474878
0.043400455
0.04752901
-0.13677293
-0.26426858
-0.016781332
0.05840733
0.020730201
0.11869668
-0.22139385
-0.24932258
-0.06606979
0.09384968
-0.14569959
0.084494926
-0.078021765
-0.10758693
-0.15807289
-0.054412812
-0.10269945
0.051728807
0.037164517
0.06352022
-0.014513307
-0.22344755
-0.06995334
-0.2157495
-0.178082
-0.16687313
-0.074993595
-0.2523565
-0.09760686
-0.11462195
-0.12748827
0.23623347
0.06825369
-0.14818281
-0.15881093
0.04208678
0.09168296
-0.07711962
-0.10287557
0.18636648
-0.13403529
-0.13491149
0.29360822
-0.1425555
-0.02402237
-0.08686188
-0.15770528
0.15539092
0.19789319
0.09199607
-0.086128324
0.21100111
0.15615189
-0.10802488
0.0046615913
-0.14246358
-0.24491182
-0.021074014
0.2157367
0.2772453
0.22796397
0.11468966
-0.0058515533
-0.0423338
-0.09807546
0.065687865
-0.1237946
0.19849376
0.23071925
-0.18659659
0.099218234
0.062223274
-0.15469392
0.040795796
0.13356246
0.23473461
0.028987303
0.11588795
-0.0038180822
-0.02000024
-0.16195072
-0.0596571
0.08315332
0.030689312
0.11901733
0.06800744
0.055614073
-0.042986404
-0.16592416
-0.08683418
0.31536093
0.12269509
0.088715374
0.0043141744
0.3569904
-0.098666
0.0894879
0.16105895
-0.022027032
-0.007634707
0.11442031
0.23868796
-0.22462498
0.054505467
-0.06440216
-0.15663382
-0.18075265
0.2081256
-0.045825202
-0.26094
0.17881265
-0.17095834
-0.21781546
0.021661099
0.10708543
-0.15338384
0.067424506
0.14312756
-0.07609016
0.2528092
0.15591893
-0.028826162
-0.16383123
0.033614594
-0.15633911
-0.15846711
0.20672248
0.10667629
0.13041325
-0.061556246
0.07805329
0.15035082
0.051436286
-0.1328507
-0.19223438
0.118298195
0.07020837
0.050055806
0.06600215
0.19463757
0.046069473
0.050573643
0.13385373
0.024227353
-0.05714978
0.07689101
0.20825355
-0.025449617
-0.018200109
0.103119865
-0.06415417
0.039305013
0.16242829
0.15223533
-0.14646934
0.17427503
0.07871017
-0.09876334
0.054364927
-0.056575418
-0.13602144
0.21825755
0.19647878
0.13518034
0.14319289
-0.037700918
-0.104320586
0.07129942
0.043088697
-0.15974097
-0.15085785
0.16643591
0.17375523
0.10605173
-0.13237393
0.18487617
-0.003785118
0.12200948
0.043744646
0.07243201
0.1284492
-0.006389034
0.18644066
0.1511396
0.043990158
0.17046194
0.11644667
0.11747402
-0.08858802
0.0925731
0.1504167
-0.10646937
0.05959934
-0.07714085
0.044055372
0.056281198
0.14647275
-0.024554674
0.1379675
-0.007209561
-0.00047838618
-0.07253194
0.18605708
-0.057849705
0.13027106
-0.14864042
0.15958327
-0.10977227
-0.110126436
-0.0033404063
0.09823753
0.03838533
0.18390004
0.17079245
0.12932421
-0.006715812
-0.028811658
0.057074435
0.27966616
-0.07634219
0.005028271
-0.0742299
0.039425563
0.108440116
-0.079296224
0.07795373
0.03313232
0.048664935
-0.021305533
0.034823555
0.19450487
0.15190592
0.10176426
-0.014751497
0.23109052
0.019135047
-0.13453771
-0.19815767
0.083593786
-0.01672235
-0.018277558
0.15231186
0.2524582
-0.08602468
-0.026215676
-0.22959591
-0.14362012
0.12188398
-0.082256176
0.049308356
-0.11175456
0.23287542
-0.11820064
-0.10349323
-0.058596715
-0.025708847
-0.18737492
0.15662274
-0.10182102
0.048952054
-0.11801546
0.0795207
0.023697013
-0.099283375
0.03699281
-0.089795426
-0.055539116
-0.08768519
-0.2454674
-0.18012697
-0.19451463
0.042581365
-0.074558966
0.20907107
-0.29360592
0.2239382
-0.114322916
-0.2287416
0.025727276
0.03070302
0.09316366
-0.093771905
-0.44055176
-0.16456252
-0.2977069
-0.22667311
0.044146966
0.1917621
0.18446022
0.22337537
-0.05536301
0.061445877
-0.15004918
0.012431558
0.009589224
0.054154772
0.21138884
0.09137466
0.041852187
-0.20477913
-0.14067909
0.19851379
0.0072920835
0.02948897
0.09577639
-0.052136626
0.120068155
-0.0437546
-0.00861899
0.2498086
-0.17092288
-0.24052365
0.10792476
-0.117400385
-0.04862361
-0.19124293
0.11191898
-0.043087054
-0.01611864
0.039639942
-0.014536815
-0.013612017
-0.20069219
0.010435379
-0.01544937
-0.16929993
-0.008534448
0.0932707
0.097297
-0.14300877
-0.16429292
0.32249483
0.08180836
-0.027291233
-0.11297527
-0.002941176
-0.10863287
0.17227781
-0.043835994
-0.056730177
0.16912445
0.19281374
-0.15853511
0.16676092
0.137147
0.19020565
-0.05505709
0.16487062
0.12781751
-0.021503288
-0.041475993
-0.15495414
-0.07262239
-0.08320387
0.15315935
0.08605051
-0.12990843
-0.24354301
-0.1901753
-0.050012447
-0.00077319186
0.1828034
-0.0716055
0.11583615
-0.20069116
0.16535494
-0.1965757
-0.17610545
-0.03640023
-0.09970682
-0.03766631
0.07597512
0.21408768
0.07283484
-0.042384747
0.044655215
0.20480114
0.0986039
0.16640995
-0.1539989
-0.06641039
0.14257921
0.1896127
-0.013406921
0.048587162
-0.24939978
0.0659314
-0.14957032
-0.09168913
-0.15490289
-0.116988875
0.14754419
0.021412699
-0.121455796
0.019145228
-0.13388133
0.23466823
0.18118463
-0.03058962
0.00026512804
-0.04943176
0.16339156
0.22163264
-0.0529658
0.15124168
-0.06774528
0.12953214
-0.013386212
0.08289686
-0.034617446
-0.07912225
0.13494033
-0.03011364
-0.009025896
-0.06716809
-0.11544265
-0.20169067
-0.05975244
-0.01694018
0.09018389
-0.16357425
0.24855366
0.10370299
0.20004626
0.1856142
0.15955073
0.061931428
-0.061411668
-0.1574601
-0.0072579975
0.027223933
0.026888542
-0.27087718
-0.01453294
0.15400618
-0.1996059
-0.033520468
0.1582564
-0.10028894
-0.042055078
-0.07022578
0.11188185
-0.013403441
-0.17836498
0.048386134
0.12871298
0.16479386
0.15152581
0.024166316
0.04339042
-0.044312697
0.23757273
0.1775791
0.17928064
-0.10969609
-0.16269547
-0.056618977
0.10486017
0.055880666
-0.17335662
0.032793093
-0.13002221
0.03703276
0.07003471
0.12507454
-0.108097516
0.02431769
0.04588085
0.12602466
0.16571759
-0.123702675
0.08115154
-0.13342023
-0.059433818
0.04811995
0.21005686
-0.00669486
-0.15736808
0.06077758
-0.07907922
-0.08941057
0.02944883
-0.08089215
-0.081574574
-0.14806043
0.1966605
0.22403333
-0.052909713
-0.17090249
0.21666025
-0.07612376
-0.12262701
0.24240872
0.1583459
0.07938493
0.12591094
0.106802456
-0.04397465
0.07780214
0.1409644
-0.23307739
-0.122361906
0.045727618
-0.052532084
-0.1428772
-0.17846891
-0.13046145
-0.16972618
-0.22334869
0.056007374
-0.01666573
-0.10692657
-0.24407198
0.07312435
0.03694064
-0.031326436
-0.03207654
-0.16672939
0.15731813
-0.122855514
0.14630327
-0.12332331
0.0418718
-0.07660471
-0.14706613
-0.14854173
-0.080612056
0.056175303
0.2132184
0.0022644505
0.16656253
-0.053965174
-0.0026193121
0.15947372
-0.13713828
-0.14113246
0.17962626
0.031317785
-0.16003677
0.1746258
0.20994206
-0.031092117
-0.14547297
0.01189929
-0.002562104
0.18543583
0.0898295
-0.20834753
-0.092363745
-0.2213696
-0.111297846
-0.1870593
-0.049813177
0.12794629
0.07119346
-0.0429743
0.082175866
0.09943091
-0.060371365
-0.047804315
0.22316132
0.057182185
0.00076852104
-0.071986206
0.048294343
-0.19445889
-0.05394349
-0.09737829
0.14573836
0.088525616
-0.14005774
-0.069189325
-0.118347034
0.09075443
0.11867349
0.10585304
0.12340233
-0.040132705
0.016157553
-0.028480275
-0.11571731
-0.13426632
-0.033777997
0.035627034
-0.14938872
-0.10461749
0.1449736
0.28448284
-0.25116876
-0.17158158
0.01741799
0.18947354
0.03422121
0.10667401
-0.15956138
0.0833093
0.104205795
0.12834951
-0.024789998
0.27650112
0.09930932
0.003688157
0.09843563
-0.24672407
-0.19202948
0.1423046
0.093689196
-0.0122725945
0.21784183
-0.0504796
-0.019510116
0.033829696
-0.009060973
-0.17528082
0.3001362
-0.025727985
0.012864716
-0.14402342
0.21865216
0.28321552
-0.1893337
-0.28218976
-0.09051255
-0.11837777
-0.17068306
0.19228396
0.08781961
0.06257932
0.056389865
0.34038043
-0.02829013
-0.31655958
-0.06194463
0.18818316
0.11772907
0.2112003
0.17001256
0.0959505
-0.026902009
0.087516434
0.09687684
-0.13308547
-0.14911748
0.15796769
0.040006064
-0.114783354
0.3522463
0.13879889
-0.08685678
# B
0.033067867
0.015264734
0.047738157
0.003091198
0.010877931
0.0043861913
0.0042201923
0.019651456
0.0115976315
0.054103713
0.024726516
0.043416206
0.019163666
-0.0071460456
0.003354699
-0.0020411639
0.025131177
0.03432918
0.0050972067
0.045134652
0.023795415
0.0105425995
0.02614996
0.020804383
0.007034896
0.017952539
0.0010238219
0.00326579
0.03153209
0.013418709
0.026655056
0.04121242
0.019335907
0.028058227
0.0212853
0.037658915
0.010263844
0.014129966
0.022633193
0.006556212
0.0059638624
0.018901054
0.029851563
-0.00800707
0.031716034
0.017665371
0.021452388
0.004647485
0.017762853
0.003475579
0.04251999
0.0119409105
0.0049906084
0.016170451
0.01652011
0.011922077
0.013948424
0.021950068
0.006935086
0.009144444
-0.00045012735
0.029368406
0.016351728
-0.0066494867
# Layer Number: 2
relu
32 64
# W
0.2849453
0.11991813
-0.056917336
-0.20089954
-0.010303136
0.21863505
-0.025330668
-0.2484292
-0.2659516
-0.29558104
0.17017685
0.2947485
0.11981265
0.4004839
0.15647683
-0.034748692
-0.14079487
-0.274997
-0.31489736
-0.14603455
0.18171632
-0.15846814
0.29163906
0.26506326
0.12985308
-0.3368142
-0.28801703
-0.077167824
-0.045899957
-0.08623906
-0.08749911
0.10795355
-0.32340854
0.4729036
-0.027892463
-0.02709048
-0.45247787
-0.11083882
0.17413446
0.25875857
0.18721205
0.18421666
0.27531123
0.36817408
0.23367618
-0.042623762
-0.15525474
-0.14016157
-0.15337825
-0.048320528
-0.08579745
-0.39991984
0.09127849
-0.25237203
-0.0069966284
0.07790575
0.0532007
-0.23205996
0.24058814
-0.16538467
0.43022078
-0.3939543
-0.46163836
0.036797173
0.09559128
-0.07653882
0.18164246
0.32814845
0.113991566
0.04464301
0.029017793
0.17491172
0.24952638
-0.2952781
0.05665848
0.21497796
0.04357074
-0.06071839
0.09972557
-0.19591412
-0.04171876
0.22700869
0.11614372
0.16231145
-0.16183425
0.053776845
-0.011785871
0.22337142
0.2005659
0.3192687
0.15303735
-0.0015168333
0.046128433
0.19528992
-0.09634476
0.3304552
0.13952306
-0.06232948
0.1274134
-0.17503126
-0.06405617
0.09961804
-0.23702088
-0.10972522
-0.17495616
-0.16345169
0.29253528
0.33026963
0.31323594
0.22143507
0.08563353
0.22767888
-0.22167692
-0.19028863
-0.32846797
-0.15629125
0.1866679
-0.123861
-0.26249045
-0.0262353
0.17897677
-0.3070552
-0.16959083
0.082207546
0.038324375
0.43676528
0.18178038
0.22062802
-0.14942613
0.00811173
-0.02693623
0.074419886
-0.11623836
-0.040419675
0.18184696
0.30559164
0.3411511
-0.2851181
0.2777199
0.3200431
-0.09051928
0.07912943
0.15097782
0.33180696
0.22057855
-0.07398087
0.021186015
-0.09864299
0.3889488
-0.17578092
0.35623434
-0.15861021
-0.108839825
-0.05331881
-0.53371364
0.05499999
0.06693255
-0.20493907
0.0037903816
0.23309158
-0.22309579
0.30412933
0.19264938
-0.010856448
0.28372192
0.102422334
-0.18934353
-0.11674752
-0.10602255
-0.08931111
0.24905118
-0.07691288
-0.17424363
0.18896833
-0.19116451
-0.06519635
-0.096830495
-0.09945634
0.023028191
-0.17714907
0.1514634
0.2399482
-0.041726623
0.21244611
0.25760996
0.121580206
0.039705
0.2338684
-0.10056734
0.046901975
-0.21895623
-0.21943775
0.279607
-0.18132664
0.23410232
0.17980222
0.0038872482
-0.20631531
0.20043509
-0.13259396
0.09783584
0.11903777
0.292911
0.016665863
0.17304654
-0.1303216
0.10084512
0.07123652
0.026228111
0.19199188
-0.05312626
0.09126471
0.30428424
0.2565762
0.051407307
-0.12998587
-0.093780704
-0.030617855
-0.017852822
-0.11493782
-0.10393314
0.38806897
-0.031271257
-0.09535475
0.1561798
0.26653868
-0.22481063
0.20972812
-0.3019174
0.06330413
0.013912065
-0.15906894
-0.10788081
0.24460518
-0.111248046
0.10949185
-0.2585078
0.139724
-0.06975438
0.31126502
0.0013330935
-0.26247427
0.24994674
-0.11666926
-0.17235799
-0.07282383
0.15554762
-0.21093939
0.141037
0.0068809954
0.023708923
-0.17452975
0.08006435
-0.016949914
-0.04790968
-0.13846704
-0.13931522
-0.49726507
-0.33575848
0.006378308
-0.3652581
0.2030005
0.21092762
-0.048936147
0.0727974
0.2884131
-0.22966273
-0.029735943
0.22927915
0.01627122
0.11002947
-0.017266914
0.0026197515
0.34119475
-0.2376368
-0.10812374
0.0003604606
-0.17030637
0.29875973
0.022993628
0.20844725
0.17631936
-0.038499136
-0.090840295
-0.11125725
0.2983872
0.3076483
0.045589667
-0.008932626
0.26440385
-0.18748926
0.33373487
-0.14898835
-0.095564395
0.084508166
0.12169009
0.17606416
0.20642434
-0.13650902
0.0379555
0.2698306
0.07757375
-0.2211932
-0.20227243
-0.23322187
0.09587763
0.028599814
-0.055503163
0.21874465
-0.21806222
0.03707813
-0.041753516
0.20430925
-0.056094624
0.013475297
-0.0150321275
0.2703366
0.26160583
0.05730058
0.068777665
0.011146635
-0.17579351
0.08024704
0.19274494
0.13992447
0.156697
-0.030200245
-0.19846606
0.036718253
0.079675496
0.061908875
0.008857488
-0.15519805
0.09702474
0.26106775
0.37090504
0.23688933
0.057417177
-0.26243135
0.30754492
0.04441647
-0.13814683
0.2876283
-0.15099691
-0.17795962
0.17687939
-0.35971025
-0.11066242
0.14713618
-0.2229608
-0.11287958
0.24874263
0.23274125
0.11973699
0.18878408
0.20979193
0.023253186
0.2822357
-0.04890092
-0.051027764
-0.22332996
-0.28857273
0.23701835
0.3406154
0.17170253
0.34134817
0.049555372
-0.02734508
0.16798005
-0.0040807836
0.20596986
-0.01325956
0.24433671
-0.07042689
0.254126
0.10208759
0.03769315
0.076040834
0.05248851
-0.046300743
0.16370794
-0.32525814
-0.37619174
0.35271752
-0.06986358
-0.1817969
0.36197987
-0.14007297
0.29264027
-0.10579876
0.0744696
0.15925987
-0.3492259
0.006298072
0.022354934
0.4202961
-0.17588234
-0.3442653
-0.067885734
-0.47813863
-0.17253403
0.1334697
0.32632527
-0.26281688
0.19497395
-0.27896485
-0.16387872
0.17843485
0.46454442
0.104349665
0.08668459
0.21365282
0.39404505
-0.530097
0.16232985
0.15143071
0.05138001
-0.2139752
0.22906388
-0.2798522
-0.08840678
0.37662935
0.17580879
-0.040221933
0.25505298
0.30640855
0.26142016
-0.10169789
0.04541809
0.08205349
-0.015874946
0.21925326
0.04910551
-0.076167576
-0.20877327
-0.10665153
0.0033630123
0.13812326
0.1938005
0.219392
0.12237299
-0.16541122
0.12686588
-0.2401575
-0.082956865
0.029467111
-0.18069293
0.21708846
-0.26472327
0.21973471
0.48929542
-0.49541032
-0.28031024
-0.13061458
-0.12505746
0.28742817
-0.50887614
-0.42667612
-0.008604996
0.4654023
0.063174985
-0.031843025
-0.10701761
-0.23393871
-0.04563648
0.15474957
0.46737128
-0.03558506
0.29364392
0.12076638
0.26583824
0.40669522
0.39498076
0.12571336
0.09555144
-0.021046804
0.2155492
-0.24287637
-0.03399871
0.15929848
0.027925802
-0.097632006
0.20968047
-0.28960788
0.043342646
0.17951003
0.21092181
-0.28553772
-0.14292167
0.022711845
-0.27843145
0.26820937
-0.071835525
-0.15311925
-0.1802927
-0.022580314
-0.05211819
0.22096874
-0.07592342
-0.25589055
-0.046922408
0.05318544
0.26461995
-0.0548437
0.055888407
0.29404473
-0.2176982
-0.070367664
-0.019832965
-0.18784487
-0.022422083
-0.15441084
0.052572615
0.121495694
0.18606386
-0.18433648
-0.1945163
-0.08701166
0.043819744
-0.096102804
0.20967145
0.20801136
0.12498377
-0.2781178
0.1808252
0.111084014
-0.026774632
0.23854485
-0.10030996
-0.26150876
-0.0408632
0.23339881
-0.041125245
0.053257212
0.024298398
0.25187692
0.017050771
0.24695075
0.23125322
-0.0976829
0.04971316
0.07555688
0.25374514
0.25341776
-0.1547235
-0.20495127
-0.22781077
-0.21775827
0.017911686
-0.09474112
-0.3262023
0.2066147
-0.28473935
0.2801944
0.3011589
0.42196956
0.23064104
0.38574916
0.21531689
-0.3067495
0.14972012
0.0033565355
-0.12228787
-0.23610812
0.039476782
0.42412668
-0.2849604
-0.11086904
0.0046708486
-0.24176957
0.06373879
0.095513165
0.04801506
0.07923589
0.08222093
-0.26822913
0.20044836
0.46849018
0.22543497
-0.32767352
0.066792004
-0.17395121
0.21525435
-0.02373569
-0.08953044
-0.17027554
-0.2734148
0.103925236
0.00017031161
0.13016452
-0.19931874
-0.097919054
-0.08580309
-0.28476956
-0.047399342
-0.06865973
0.28382808
0.071836635
-0.0025187319
0.3203125
-0.16859995
-0.094222814
0.35737008
-0.14804615
-0.07466421
0.03605169
-0.06178637
0.17521206
-0.23715124
0.34288058
-0.010551778
0.21218379
-0.26705232
0.010788321
0.12289074
0.018548338
-0.11576087
-0.04991429
-0.28410706
0.16133963
0.12971866
0.24326451
-0.21468304
-0.085378766
0.17882003
0.13424657
0.3008836
0.098374255
-0.09511345
0.059147414
-0.0039526345
-0.08996549
-0.20254064
0.32923177
0.27912107
-0.119228184
0.18793824
-0.15348442
-0.04494977
-0.14459367
-0.17798656
0.4475547
0.008247002
-0.08009621
0.20305525
-0.2389883
-0.22662488
-0.17838514
-0.046154775
0.07272862
-0.055201776
0.046320714
0.3577289
-0.09031524
0.06515431
-0.18015456
0.120684005
0.004741807
0.0430203
-0.23305415
-0.16814665
0.2147839
-0.2397666
-0.12290454
-0.06524212
-0.0940053
-0.07302818
0.2154217
0.0145973135
-0.22079729
-0.047878794
-0.13302673
0.19486366
0.30659372
0.111218095
-0.102732256
-0.14135791
-0.027203705
0.016751481
-0.21155128
-0.04532737
0.048883215
0.2257071
0.15679279
0.085246354
0.18115017
-0.049993683
-0.1468895
-0.19855087
0.18678783
0.2373582
0.08397412
-0.24020486
-0.073865555
-0.08000227
-0.103023626
0.14985211
0.17864026
0.07103392
-0.02635437
0.07437747
0.28887317
-0.0551511
-0.12588641
-0.16319412
0.089061104
0.03604839
0.23352072
-0.054866478
0.21641183
-0.160664
0.18726589
0.29438025
0.19041547
0.15026683
-0.06098712
-0.17298585
0.046240393
-0.14825338
-0.0022143305
-0.2290566
-0.22496966
-0.09347779
-0.046227284
-0.1085652
-0.011406778
0.19257317
-0.26439017
0.1290838
0.09252289
0.009034762
-0.07326129
-0.07857803
-0.081535086
0.23785321
-0.26413426
-0.23634163
-0.5439205
-0.36581832
0.10161586
0.0009201306
-0.2557578
0.20992588
0.28167373
0.24963242
-0.49455038
0.18467069
0.1117721
-0.0775887
0.14485991
0.17495625
-0.13729952
-0.049185928
0.019862713
-0.15340672
0.28629625
0.04993176
-0.020692032
0.31521684
-0.023620605
0.23066284
0.115027666
-0.24749234
-0.18106225
-0.118890494
0.15102471
0.38757208
0.056822173
0.20086601
-0.015886493
-0.057636265
-0.17526509
0.18050377
0.01712222
-0.10654019
-0.011628391
0.3148507
-0.16335852
0.09355623
-0.32354146
-0.1187787
-0.22315247
0.013851888
0.2852185
-0.00786131
0.16788732
0.18126744
0.12823403
-0.2577548
-0.065154746
-0.06983407
-0.024924088
0.152863
-0.006033896
0.24391425
-0.08369085
-0.19605656
0.2368646
0.16950595
0.25008157
0.09379951
0.19290265
0.24335665
-0.45644787
-0.056616444
0.40784916
-0.17647852
-0.09926984
-0.020388331
-0.051957294
0.09639614
-0.021823063
0.14865753
-0.20850289
-0.00050765194
-0.029604271
0.12105938
-0.14539222
-0.23700286
-0.08566247
0.27452084
-0.43295187
0.08314724
-0.045555767
-0.30994883
0.20186889
-0.2412441
0.007485556
0.21070468
-0.00728831
-0.34725904
0.02568767
0.16617747
-0.11317337
0.034968294
-0.2612387
0.07326149
0.06480945
-0.04588037
0.04541227
0.03750144
0.054966435
0.28034604
0.28050998
0.287875
0.15898716
0.20980597
0.15130986
-0.25114524
0.27252257
0.18089202
0.27559453
-0.112985805
0.2705321
-0.1359373
0.007353471
-0.19298719
0.24798732
-0.06339811
-0.1917418
-0.22860853
0.3641753
0.08202941
-0.03740082
0.33975813
0.3038922
-0.044564415
-0.055120483
0.31129393
-0.083705924
0.20377205
-0.095366836
-0.34069487
0.009784602
-0.20303597
0.11100733
-0.28919712
-0.084782004
-0.08747716
0.007882581
-0.20239434
-0.14712864
0.10973583
-0.34052524
0.02968631
-0.21056814
0.11168918
0.41415465
-0.16024838
-0.042620044
0.13298365
-0.096670665
0.20084144
0.08898242
0.083835006
0.05536909
0.06318063
0.30807596
0.06361489
-0.24760462
0.00027249777
0.118993774
0.13345385
-0.067850284
0.09481494
0.014289775
0.074946985
0.021744573
0.104035705
0.25698203
0.1838713
0.33737376
-0.0025284458
-0.014938396
0.12934634
0.0022373574
0.23126277
-0.29197162
-0.054896478
-0.009621143
0.08507075
-0.3398689
-0.17813496
-0.252686
0.08979742
-0.02870797
-0.42470124
0.1861956
-0.3513986
0.081154056
-0.120150246
0.3765227
0.21157256
-0.24606894
-0.40342796
0.047903694
0.4063557
-0.41218412
0.32324573
0.1995266
-0.1715655
-0.029874383
0.1989421
0.26905403
0.09976798
0.143652
0.29959238
0.09753505
0.091777794
-0.054918535
-0.12669021
0.25202453
0.25170824
-0.15156496
0.012554677
0.13513447
-0.3286325
-0.0396779
0.04295959
0.04008634
-0.32577947
0.09875789
0.011802313
-0.087116525
-0.3223828
0.17062373
-0.36878893
-0.22902371
0.23829725
0.030591527
0.3411068
0.24629997
0.16577463
-0.044458177
-0.10820127
-0.11042229
-0.117425896
0.008578899
0.33661455
0.045906615
0.1715718
-0.01588194
0.08726658
-0.19533288
0.1317208
0.19937474
-0.09471473
-0.17572938
-0.011374335
-0.08965153
-0.21150823
-0.14468205
-0.091025
0.18791482
-0.049483716
-0.3958446
-0.08631049
0.29987168
-0.13264413
0.004280766
-0.12208835
-0.181058
0.22480579
-0.10576357
0.38676497
0.0700174
-0.014629445
-0.1661074
-0.09290086
0.09877042
-0.22442684
0.091510385
-0.031801667
-0.24923448
0.04645489
-0.12999028
-0.18923204
0.0006965263
0.06512613
0.24504967
0.039702907
0.22545952
0.10481578
-0.03718758
0.2597282
0.12736873
0.19863696
0.12893069
-0.2028222
0.18410686
0.1890323
-0.07776033
-0.034491852
-0.19071436
-0.0034972972
0.24294811
-0.16630621
-0.08443355
0.24224178
0.22743426
-0.1227907
-0.16342081
0.037262056
0.006426988
-0.17339216
0.13433713
0.005609678
0.04142918
0.13106193
0.20213366
-0.22489902
-0.12429463
0.2046232
-0.16975628
0.102236785
0.3053835
-0.24277522
-0.18703212
-0.22799857
0.35469213
-0.11315399
0.11220465
-0.11598626
-0.037074484
0.1277407
0.012298324
0.15909341
-0.20748709
-0.066812314
-0.14137281
0.15755412
0.30125222
0.16848113
0.07104561
0.074156
-0.25757405
0.17444828
0.033643365
0.13294983
-0.3161335
0.2362049
0.201665
-0.27404407
0.00019584
-0.048278935
-0.23140617
-0.28946957
-0.23116826
0.18477067
-0.399171
0.038678724
0.08144156
-0.14387868
-0.1336915
-0.07604763
0.35434747
-0.049941193
0.15234347
0.18557987
0.16720861
0.25045663
0.0798763
0.12447278
-0.32778627
-0.17241238
0.17065799
0.16495721
-0.1403837
0.089397006
0.40603125
-0.19803259
-0.06666033
0.28642908
0.2730797
0.35395074
0.05603641
0.009234077
-0.10945814
0.45949084
-0.043801904
-0.08797026
0.03939338
-0.26728165
0.024916878
0.36022198
-0.21997231
0.10884774
0.21137209
0.09964141
-0.36814368
-0.3399629
-0.07731117
-0.15520856
-0.02696641
-0.21962196
0.04896582
0.07523423
-0.26185906
0.27194855
-0.281801
0.00043765287
-0.3017307
0.35789615
-0.13648482
0.12766932
0.20512688
-0.2472248
-0.101769894
0.13206151
-0.21174802
0.24348594
-0.015945185
0.010940136
0.12486429
0.24204348
-0.17841808
0.12143171
-0.12794243
0.11853823
-0.011425791
-0.20519763
0.22909963
-0.23187898
-0.16965958
-0.07796174
0.16027288
0.12547559
0.29993153
-0.1391597
0.17348236
-0.095588155
-0.08598196
-0.13720338
0.025149303
0.32858977
-0.039128177
-0.1821204
0.20300576
-0.21675782
-0.1549457
-0.09038242
-0.008090379
-0.18583748
-0.10157347
0.10410999
-0.007846447
-0.22108565
0.33950576
-0.011293211
-0.13374576
0.27258685
0.053199865
-0.17947006
0.12640011
-0.094624996
-0.06977713
-0.007646483
0.34592262
-0.14260256
-0.014604946
-0.038057283
0.022850914
-0.011956368
-0.19886784
-0.24829023
0.05465237
-0.18910398
0.2291814
0.32353014
-0.069376074
0.18634434
-0.050983492
0.18999071
-0.007014886
-0.018864822
-0.16225472
-0.14307497
0.20372058
-0.36097243
-0.14266326
-0.085930265
-0.07951875
-0.009141002
-0.2926936
-0.30327713
0.13848628
0.04756978
-0.17836367
0.32089588
0.5890902
0.04914644
-0.2773954
-0.15881777
0.1962044
0.081961185
-0.2258003
0.119493246
0.34170604
-0.013796597
-0.23360176
0.25959945
-0.013273165
-0.03239453
-0.06821133
-0.17004696
0.21518412
0.15772346
-0.3710758
0.15174049
0.054805104
-0.17680131
0.27255884
0.12067028
-0.26700014
0.27132043
-0.09324172
0.22640394
-0.2731584
-0.0877935
-0.21221532
0.09945308
-0.24151924
-0.09989672
0.122730024
0.009930006
-0.0037046284
-0.19758919
-0.020028224
-0.13523228
0.080291815
-0.031220157
0.1020809
-0.1979237
0.3112727
0.15533073
-0.054049127
-0.25411844
0.020591779
0.1038249
-0.2364286
0.07184342
-0.16317141
-0.20361531
-0.28484222
0.117738724
0.51018345
-0.3268511
0.29960787
0.1923633
0.24794453
0.038289264
0.4099926
-0.014528077
0.32464254
-0.046185125
0.034402348
-0.01943562
0.018177569
-0.27237242
0.28708616
0.191359
0.41517442
0.16203688
0.11935834
-0.11592232
-0.31837574
-0.03403561
-0.005413411
0.25367185
0.40758973
-0.090587944
-0.08533495
-0.06129531
0.0956818
-0.054233957
0.25843453
0.190518
0.10499483
0.05211126
0.15407395
0.0432122
0.013768765
-0.06351967
0.26577467
0.13847227
0.48425204
-0.048727773
-0.123619504
0.086151704
-0.27550998
0.21679239
-0.25178835
-0.09688702
0.19837657
-0.317677
0.1368833
0.49961886
0.00051891495
0.06858473
0.20497201
0.12092321
-0.061392143
-0.2926986
-0.22316322
0.057360344
0.09977327
-0.084366396
0.19507192
-0.18525393
-0.07115492
-0.029506413
-0.10168219
0.3324219
0.11129732
0.15434498
-0.23844825
-0.028372578
-0.1709809
0.107225984
-0.10942794
0.08900729
-0.13436525
0.25177175
0.28960106
-0.028320007
-0.16190505
0.14013463
-0.086848736
-0.2514756
0.14804639
0.19686677
0.010454664
-0.20669481
0.102631606
0.17096353
-0.1806627
0.38486436
-0.26204517
-0.20430304
0.25380751
0.2933944
-0.062464293
0.49289098
-0.093779236
-0.3102656
0.1490152
-0.3503395
0.22937219
-0.26389274
0.0903423
-0.071442604
0.10594809
-0.0030665183
0.014770978
-0.14884429
-0.020094538
0.06312538
0.23899567
-0.045285385
0.3253155
0.2161656
0.22863701
-0.11856093
0.044722605
0.10610462
0.37070942
0.08972817
-0.15867896
0.20322283
0.045902602
0.3404301
0.053431325
0.17335647
0.12600373
0.031714685
0.25282162
-0.1709084
0.21204327
0.24946633
-0.1419453
0.022238925
0.0673509
0.10762576
-0.007942524
0.11779478
0.03507929
-0.07303104
0.30680093
0.30028892
0.03789092
0.023280278
0.22256216
0.0492753
-0.17040728
-0.06648477
-0.20527644
0.0781667
0.4415089
-0.14234956
0.32085165
-0.29944655
-0.32129595
-0.2776793
0.39865714
0.18813689
-0.34854248
-0.20190261
0.026278794
0.23938416
-0.4000955
-0.18817142
0.08029535
0.19569504
0.13172683
0.04556779
-0.11288179
-0.06649712
0.36205775
-0.09691809
0.25226185
0.010784413
-0.14087898
0.28921047
-0.009860158
-0.06777864
0.0030941765
-0.122734375
0.071670696
-0.17012575
0.035289858
-0.093133055
-0.2856001
0.19625537
0.3719591
0.13830669
0.08886713
-0.1479955
-0.23290735
0.1018095
-0.11045354
-0.08518392
0.06333915
0.08422894
0.011033307
0.11941874
-0.15215077
0.07109171
-0.20874165
-0.15992717
0.02147115
0.044203922
-0.12220036
-0.10062291
-0.17336938
0.027295107
0.14565174
0.046451222
-0.21330087
0.26499775
0.24917527
0.16891898
-0.09990093
0.09399363
0.12875196
0.20009163
-0.32804954
-0.048961226
-0.1406125
0.11239016
-0.02535855
-0.07858417
0.18681902
-0.31943527
0.3752046
-0.15408953
0.23195733
-0.2623806
-0.006630865
-0.0991641
-0.14252155
0.18034855
-0.10195366
-0.012382315
-0.13247003
0.062004723
0.09994803
-0.07951234
0.22245096
0.19594844
0.4599636
0.26868254
-0.065614976
-0.064464815
-0.07271216
0.22997092
-0.06254335
-0.27940628
-0.30986202
-0.105139054
-0.035362568
-0.34847423
-0.17408834
-0.11254837
-0.12371077
-0.23429911
0.13393776
0.25940508
0.34998474
0.15853971
-0.15988456
-0.052504804
-0.34017023
0.15058033
0.19980073
0.22454995
0.08639226
-0.00091857417
-0.045020647
-0.08658283
-0.15611272
0.28390053
0.48238808
0.025000872
-0.14060973
-0.19791186
-0.2100871
0.24238265
-0.051498953
0.43083864
-0.040425017
-0.15870382
0.052025434
0.07299196
-0.13247979
0.21652368
0.03975618
0.110142946
0.3393487
-0.20364946
-0.020578207
-0.18007095
0.04810991
0.029809061
0.19077922
-0.032921344
-0.11739192
-0.30239168
-0.09513655
-0.0790665
0.29832888
0.1617192
-0.07987978
-0.051222444
0.16653171
0.24659345
-0.0794763
0.012582069
0.18091246
-0.12607487
0.09299171
-0.29464573
-0.08460901
-0.20172243
0.2533822
0.16376762
0.203749
-0.12912485
-0.30300376
0.050038353
0.11756034
-0.13459225
-0.13939363
0.35380226
0.11151214
-0.20623514
-0.108312495
0.029914308
0.26935452
0.21719821
0.16143961
-0.2592509
0.2085555
0.12858406
0.05481363
0.16176434
-0.0013196573
0.10647798
0.040503364
-0.2208829
0.10296927
-0.10279788
-0.13516793
0.09679927
-0.24348158
-0.11246996
-0.24355936
-0.35232455
0.32258055
-0.1307504
0.23543656
0.084734485
0.4517508
-0.03609867
0.00014353832
0.3635724
0.21331608
0.35494828
-0.03554952
-0.033311218
0.0117797665
0.19839303
-0.20932491
0.2690928
0.103565685
-0.093149595
-0.016502587
0.14236267
0.057648934
-0.12442226
-0.09491276
-0.13184533
0.2158717
0.19611162
-0.15695737
-0.1147995
-0.29521623
0.086981446
-0.26766676
-0.37291813
-0.04584082
0.14365537
0.17128883
-0.06413671
-0.11445701
-0.0973526
0.11188246
0.01679931
-0.5567573
-0.1422876
0.0409116
0.07020275
-0.016395781
0.04513342
-0.076081194
0.027894007
0.145459
0.26506194
-0.12905294
-0.25536612
0.49563733
-0.07513286
-0.04859317
0.0057587093
0.25731987
0.16443153
0.08750993
-0.052699044
-0.11747486
-0.24221466
0.07998848
-0.107866526
0.17826591
0.2901622
0.07327076
-0.29454157
0.06686376
0.067266725
0.4127536
0.28166097
0.35564324
0.44978997
-0.17023073
0.010851098
-0.027011989
0.012981124
-0.31076044
0.2124872
-0.010833368
0.33493686
-0.1306611
0.031134306
-0.036805514
-0.23967884
0.069247164
0.12222938
0.2525637
0.26608756
0.11434647
0.16031322
0.17022245
0.14231415
0.061316118
0.026488986
0.2328005
0.09137711
0.18317215
-0.18786785
0.14518344
-0.024502432
-0.020458622
0.037639007
-0.085046105
-0.064417295
0.2455982
-0.022874502
0.0052436297
0.096494436
0.26656282
0.15293595
0.17983481
0.118415564
-0.17904113
-0.1698085
-0.25234988
-0.053189095
0.19320066
0.133132
0.11408146
0.17915763
0.25215495
-0.15913838
-0.18509531
-0.13932325
-0.06495952
-0.25294966
-0.14048702
-0.21752341
0.14920254
-0.27048942
0.39042416
0.030400256
-0.31110507
0.31404415
-0.05547718
-0.025481597
0.088632494
-0.09101786
-0.18760224
-0.15037622
0.033394888
-0.42497587
-0.16213052
-0.008944843
-0.22351536
0.10833055
0.4973421
0.2978685
0.07196056
0.027046539
-0.18610969
0.26598263
-0.33847788
-0.18220972
0.25123322
-0.23500662
0.04007565
-0.13341488
0.09872316
0.06283412
-0.16700825
-0.1444843
-0.0006947101
-0.10890201
0.21434286
0.018049344
0.1888502
0.0077396655
0.3108009
0.19898722
0.19895482
0.26037347
-0.30450556
-0.017431801
-0.18225059
0.3321419
-0.0070985286
0.029880673
-0.2978571
-0.092739366
-0.044787142
-0.048591346
-0.323613
-0.27279007
0.14753582
-0.14390144
0.30503485
0.19301882
0.10921664
-0.3371602
0.010945768
-0.20632935
0.11311574
-0.00073909515
0.24648166
0.20480186
0.20831726
0.25222328
-0.2556354
0.15932539
-0.067304984
-0.03280829
-0.11884926
-0.17712446
-0.07579269
-0.1272327
-0.21579549
0.16013364
-0.21242633
-0.21928166
0.28751338
-0.04296368
0.08712489
0.28593782
-0.009914157
0.19403379
0.13562366
0.1310814
-0.18255898
-0.32292047
-0.07663454
0.04301197
0.4939309
0.0948098
0.24014421
-0.2636098
0.11468363
-0.21844588
0.30940226
0.08073492
0.1414317
0.36899155
-0.036767118
-0.22089379
0.07928426
-0.4101368
-0.38828617
0.13187458
0.072689995
0.47084436
0.2020065
0.3431847
-0.23403485
-0.4134978
0.24216187
0.032027826
-0.02706506
-0.17035459
-0.06275565
-0.0040967837
0.24182339
-0.35070667
0.3396519
0.3200316
-0.08988252
0.34677854
0.28348425
0.11023644
-0.061984833
0.024738811
-0.19750574
0.23400126
0.15727292
0.16046724
0.2921308
-0.13141388
-0.26078647
-0.31260625
-0.08401931
0.25198013
-0.24598962
0.119740985
-0.14611726
-0.11192659
-0.0882805
-0.18767165
0.07700557
-0.14352173
-0.047543027
0.1448765
-0.38457793
0.14733678
0.029087344
-0.047139708
-0.24714771
-0.32902515
0.4053747
0.23663804
0.07651359
-0.06957876
0.29702324
-0.05919759
0.41551661
0.054865435
0.046870865
0.12551716
-0.10730641
-0.07158417
0.08268682
-0.08801611
-0.32146034
0.094298
0.063384786
0.11649163
0.18577792
0.3239643
-0.10103815
-0.08388845
0.06510548
0.2645541
0.10163906
-0.32210276
0.0059780483
0.018413173
-0.13907129
0.28766847
0.06436737
0.22276154
-0.3385671
-0.093127094
-0.122036226
-0.0053210906
-0.042697854
-0.29800257
-0.038033597
-0.27051553
-0.029609982
0.20842429
-0.13618898
-0.08989211
0.30759794
0.35615396
0.20905757
0.19153677
-0.021609321
0.35889387
-0.14834557
0.03643342
-0.029449686
-0.19119482
0.11281382
-0.2691799
-0.2594969
-0.054163843
0.0051935464
0.064252175
0.31673482
0.42883074
0.08972985
0.34697294
-0.013789826
-0.32279488
-0.0420416
0.37195104
-0.19912475
0.4054154
-0.17149143
-0.08971279
-0.1341179
-0.30494407
0.2544194
0.21010888
0.24570403
0.3112306
-0.08132624
-0.2668041
-0.056305833
-0.27070844
0.10643027
0.26555896
-0.35026407
-0.1457548
-0.082213655
0.039546646
0.13540676
0.2236199
0.11569623
0.12431099
-0.18013622
-0.07252554
0.024482898
0.0667204
0.06398782
-0.27605987
0.13804325
0.40069142
0.031525765
-0.08266681
-0.04380438
0.14260559
-0.3447752
0.22339521
-0.19608611
0.20425096
-0.16273099
0.024558904
0.37039998
-0.05950176
0.23648204
-0.27380276
-0.41629222
-0.0772757
0.10186892
0.3508679
-0.14079267
0.10640213
0.08365072
0.27656624
0.28879467
# B
-0.0014765686
0.053797107
0.01915984
0.06469969
0.006656903
0.0019435018
0.0017221455
-0.0032264008
0.042969257
-0.033859845
-0.0036550919
-0.00073261873
0.018515496
0.026345994
0.005975696
0.027695902
-0.0023896517
0.0070279506
0.03156264
0.02178101
0.048638724
-0.0019769196
0.042554952
0.03320273
0.009933057
0.02350117
0.009005061
0.0017325043
0.0027141941
-0.00045735447
-0.015277636
0.02192324
# Layer Number: 3
softmax
12 32
# W
-0.21165328
-0.4404037
0.26657966
-0.07259991
-0.23190409
0.25220108
-0.17574613
0.19331117
0.23128004
0.33230162
-0.5971899
-0.30817762
-0.52555925
-0.5269404
0.33846766
0.045551192
0.15222861
-0.14812161
0.31962702
-0.4934255
0.46247965
-0.19938642
0.06237613
-0.17973077
-0.6715557
-0.67007047
0.2578
0.32815346
0.240532
-0.12271937
-0.308592
-0.26985687
0.21826386
-0.01796694
-0.6326873
0.21278527
-0.5399297
-0.3346713
-0.34935376
-0.011083268
-0.35994577
0.4554592
-0.03001434
-0.10503033
-0.15580931
0.07118829
0.32393795
-0.27775812
-0.15094654
-0.33726168
0.37123322
0.20374955
-0.5374758
0.4830683
-0.16456231
-0.31524628
0.14209937
0.000318159
-0.036642756
-0.13551006
-0.22300117
-0.4112473
0.18830411
-0.0067088623
0.080594845
-0.25116116
0.14313512
0.35439765
-0.34947634
-0.43247622
-0.51578504
-0.2678587
0.07184915
0.020190572
-0.38322264
-0.19928224
0.03939986
0.08241411
-0.08400884
0.30182722
0.24057223
0.36867833
-0.004494176
-0.6226872
-0.46197447
0.14081943
-0.803023
0.48482946
0.41021687
-0.21037397
0.039662648
0.23591335
-0.14690106
-0.057923257
-0.31823033
-0.020366127
-0.40826896
-0.55635643
-0.29417875
0.16052663
-0.012481335
-0.100239314
0.3980358
-0.5794266
-0.5001523
0.34755218
0.22972165
0.43591765
-0.45265546
-0.23617606
0.05171963
0.15961674
-0.30982715
-0.37078434
0.31376326
0.41415074
0.31006116
-0.024691232
-0.015732987
0.07022976
-0.15547423
-0.30922908
0.34756947
0.34325942
-0.0055214046
0.24652848
0.34420958
-0.14240132
-0.37015516
-0.4276113
-0.42700386
0.3447647
-0.10197543
0.103073604
0.25048095
0.26451784
0.48533815
-0.08303096
-0.19940145
0.32239965
-0.20951606
-0.7879181
-0.1654102
-0.2949105
-0.11835522
-0.4399454
-0.45375085
-0.45951098
0.37084872
-0.19419035
0.4081065
-0.03178634
-0.13531104
-0.36312145
-0.054139774
0.39147148
-0.63000983
-0.14146303
0.10731043
-0.20540744
-0.3254472
0.387348
0.46769866
0.18367761
0.20077674
-0.45465
0.038672954
-0.055309918
-0.08065042
-0.08855281
-0.0985713
-0.21431975
0.09632198
-0.30060548
0.02191488
0.38455558
-0.67577684
0.1597547
-0.7518699
-0.37061104
-0.12623057
-0.35675314
-0.18123774
0.13511121
-0.35030243
-0.31657255
0.28677544
-0.3296091
-0.3681392
0.23103502
-0.006380183
-0.57054067
-0.15751503
0.3342294
-0.018279914
-0.35827178
-0.13084781
-0.0551311
0.35111916
0.3153429
-0.13184907
-0.018213198
-0.009222386
-0.21507777
-0.16763704
-0.0045690527
0.35334378
0.10234938
-0.09789918
-0.027716503
-0.35197902
0.14564452
-0.474195
0.008583363
0.05174851
0.37483177
0.07442306
-0.65989125
0.12149413
0.17965697
-0.19877768
-0.14465044
-0.24397142
-0.4344681
0.040866286
-0.30322298
0.28487772
0.3497978
-0.32594988
-0.19394861
0.26153526
-0.016147612
-0.13663334
0.19092982
0.04176975
-0.34472448
-0.43110713
0.60031855
-0.35420686
0.4615179
-0.3113642
-0.277834
0.40100408
0.27369392
0.3785444
0.53927004
0.22293714
0.1145429
-0.35855445
-0.4032812
-0.36088917
-0.27707106
-0.33428934
-0.44560993
-0.15519197
0.024281887
-0.9727499
-0.023358673
-0.3255107
0.49456424
-0.124257095
-0.15686284
-0.5098913
-0.04735019
-0.47687864
-0.56768817
-0.01734771
-0.26886544
0.2408037
0.07289966
-0.033684406
0.2719005
-0.36471495
0.32004866
0.25538468
-0.4202461
-0.007200833
-0.25920323
0.339923
0.04996615
-0.12859698
0.10880554
-0.5615898
-0.25945505
0.3911551
-0.31769952
-0.057814892
-0.47666687
0.12467409
0.08745332
0.17959386
0.2854871
-0.38978285
0.2165681
-0.21555206
0.13531736
-0.029118342
-0.65717757
0.06180776
0.10888233
-0.56565183
-0.15462668
-0.13169445
-0.39435542
0.280529
-0.39907074
-0.3753605
0.2689729
0.20197003
0.23624094
0.24638188
0.29582074
-0.4881597
0.18814814
-0.012732003
0.03785119
-0.52791226
-0.169869
-0.19278584
-0.20581187
0.6042811
-0.26129532
0.011851286
0.46826658
-0.3227576
-0.06476529
0.16827331
-0.20865738
0.012698537
-0.045902494
0.23146422
0.05386653
0.3224395
-0.12152709
-0.021548273
0.12812239
-0.37050182
-0.37642753
-0.31458873
0.3063584
0.45461908
0.201102
0.12783746
0.17779304
0.37474576
-0.42691317
-0.29881945
-0.21171573
0.01780668
-0.46290246
-0.110748544
0.09382079
-0.36718887
0.32336605
0.30762273
0.2537107
0.15905483
0.52574104
-0.766529
0.36798325
-0.18485895
0.1743918
-0.5247296
-0.2860089
-0.111116245
-0.045145974
-0.52515495
0.11902249
-0.00096633093
0.30222765
-0.15056327
0.30508363
-0.1444562
-0.3571262
0.2246151
0.40986553
0.3731203
0.40893877
-0.28920996
-0.15654682
0.019498514
0.25154114
-0.81792533
-4.430258e-05
# B
-0.07066354
-0.072830595
0.016275065
-0.09011777
0.014530577
0.037525877
0.004903426
-0.042203892
0.029096374
-0.0010820994
0.08526779
-0.020038033
