# Layer Numbers: 4
# Layer Number: 0
relu
128 290
# W
0.032202996
0.09369637
0.10027859
-0.035524715
-0.0462927
0.07780719
0.08296042
-0.09084662
-0.037926894
-0.053704392
0.16839622
0.08885969
-0.005599436
-0.056047127
-0.04504414
0.011331611
-0.0071652043
0.036969848
-0.02562196
0.027910197
0.13404304
0.13172436
-0.014298148
-0.10770603
0.029248707
0.08528603
0.0031246757
0.15174344
0.06680842
-0.017202752
-0.0075693396
-0.056547895
0.06979141
-0.03601891
-0.061213605
-0.12812696
-0.065295406
0.07362266
-0.08507456
-0.10861498
0.09564199
0.083242826
-0.009455158
-0.08572156
-0.012284231
0.04049107
0.0603333
-0.08341915
-0.13120489
0.16701491
0.006788883
-0.07515032
0.17390005
-0.06603322
0.013011062
-0.007169519
0.034749918
-0.08704895
0.13282368
-0.12852426
0.18665251
0.07936936
0.061554417
0.075097375
-0.15795311
-0.07770355
0.084997244
0.09054969
-0.15511623
0.0012180904
0.057838757
-0.088694714
-0.062890515
-0.07717533
0.088368714
-0.016062874
0.029868318
0.0015749716
-0.034765076
-0.06880916
0.13546723
-0.09711771
0.15384087
0.15428045
0.004837173
0.07838557
0.10636516
-0.08795573
-0.14808942
-0.00841174
0.12571825
0.08590201
0.09653734
0.10686943
-0.034830693
0.113434486
-0.042169705
-0.031504184
0.12630612
-0.124391906
0.0093912985
-0.074832745
-0.06676585
-0.022537379
0.014863201
0.027551971
0.061577722
-0.13478081
0.12126308
-0.06721983
-0.10560045
-0.036891956
0.0925066
-0.045410678
-0.0015452704
-0.03860424
-0.03406342
-0.14477256
0.034616873
-0.057387736
0.03439601
-0.0061557917
-0.03215361
0.015932694
-0.09870528
0.035583496
0.038947813
-0.037727762
-0.06845505
-0.023833008
0.09989592
0.10602563
0.117735825
0.056057096
-0.005176217
0.036484376
0.06292401
0.13027132
0.03072899
0.09072308
0.043640986
0.028578715
0.059069745
0.07558062
-0.0052267225
0.004418654
-0.05656064
-0.09757087
0.022122867
0.10934897
-0.15569362
-0.07733366
-0.045877095
0.06411705
-0.04483239
-0.14194936
-0.08820032
0.068124086
0.0877529
-0.03567828
0.0983692
0.11077871
-0.07053821
0.023029199
0.03652642
-0.05128805
-0.062056713
0.015942942
-0.018893551
0.103848614
0.010787205
-0.03412441
-0.13473257
0.04544388
-0.101047955
0.08189681
-0.059145052
0.07688483
0.017332131
0.052127987
0.04421872
-0.0534479
0.13877447
0.034248672
0.017985191
-0.034406304
0.10976178
-0.097315155
-0.0054881917
0.12237293
0.08144256
0.10147646
-0.020203276
-0.13824828
-0.095739976
-0.004673377
-0.16593675
-0.10230117
0.04202026
0.17480184
0.00012632874
-0.021840338
0.09906315
-0.03489312
-0.092290096
0.001571313
0.033259645
0.008578583
-0.062137995
0.0741493
0.09220312
-0.06840995
0.110731035
-0.029786399
0.12458985
-0.08250097
0.14663406
0.096062295
-0.021527674
-0.137869
-0.038357392
-0.08232021
-0.030686684
0.05775139
-0.109826066
0.1209499
-0.036589768
0.0064845867
-0.024499537
0.09556915
0.09309086
-0.071306445
-0.04883873
-0.008920536
0.12764867
0.05033702
-0.10537284
-0.094736874
-0.009142731
-0.090377524
0.03491063
0.038540926
0.027918704
0.037807476
0.03782436
0.10268368
0.036342677
-0.065181844
-0.029184638
0.08695363
0.10663785
0.023456866
0.090517044
-0.03683322
-0.03859332
0.07026883
-0.000588181
0.13609233
0.0165678
0.06284022
0.018576106
0.10014231
0.018460345
-0.012482094
0.0017778807
0.08534749
0.036513027
0.07823877
0.042958044
0.054535642
0.008112082
-0.07929397
0.12972267
-0.05979672
-0.014458331
0.26533684
0.08128822
0.025182253
-0.023981662
-0.058233947
-0.016348014
-0.056588084
-0.03611792
0.057949197
0.026400184
0.08689228
-0.052208334
0.038673747
0.01793434
0.005261602
0.06313938
0.057281263
0.053318705
-0.106187545
-0.021230906
0.13676071
0.14934035
-0.16479495
0.09453109
0.12703155
-0.13699484
0.13299394
-0.09990805
-0.024371577
0.11093874
0.0475566
0.016356107
0.022666907
0.09402034
0.16414565
-0.074671194
-0.01029332
0.15026957
-0.030934138
-0.10438339
0.049151268
-0.045859788
-0.06617073
0.025189407
0.10930192
-0.13109909
-0.07765465
-0.094643466
-0.1373773
0.09002777
0.04611622
-0.1597607
-0.03145747
-0.12806796
-0.07794466
-4.7777845e-05
-0.004323135
0.20020397
0.09439612
-0.088050984
0.092553526
-0.035852987
0.0629322
0.081083395
0.15567555
-0.12429867
0.111363776
0.099804275
-0.15767647
0.21643434
0.12401075
-0.1372993
0.042854276
-0.040310167
0.07860467
0.036113
-0.09802132
0.18265669
0.017899029
-0.021139111
0.115513
0.12946337
0.17282882
0.11341391
0.0028597522
0.15099023
0.03355107
0.0638629
-0.09486105
-0.0063633714
0.01758707
-0.20067704
-0.04575728
-0.13505839
0.022943282
0.07244886
-0.022501776
-0.039637927
-0.10499842
-0.06058143
-0.12906314
-0.016451854
0.09669457
-0.018200185
-0.07873702
0.058562983
0.03467653
0.014272477
0.093319006
0.1189188
-0.042373337
0.049011037
0.072995074
0.07140092
0.088431366
-0.03757015
-0.00027509462
0.00746457
0.16613463
0.03208167
0.08199152
0.0141533185
0.119294696
-0.11256326
0.12531616
0.18176688
0.043014135
-0.051606778
-0.11855112
-0.031231375
0.08332421
0.016245164
0.09733167
-0.0857146
0.06510749
-0.0626189
0.013362709
0.07574941
0.091907054
-0.024543706
-0.026577111
-0.054389652
0.029638391
-0.022484636
-0.07436407
0.1207415
-0.09754726
-0.08279782
-0.009543182
-0.016650688
0.00036560654
-0.039401215
0.096633576
0.010066632
0.066695675
0.03970539
0.10147796
-0.03606332
0.084022135
0.032410026
0.09544679
0.11189596
0.11885585
0.06002734
-0.03841793
-0.02758962
-0.06337343
0.08927019
-0.093645535
0.11204588
0.079882786
0.13822125
-0.031740084
-0.09481857
-0.009655942
-0.047635335
0.09959748
0.006349183
-0.0056195804
-0.028938921
0.019866474
-0.10237413
-0.044567417
0.07787313
0.010656626
0.016493913
-0.15804887
0.029051099
-0.055014372
-0.06496863
0.0866607
0.09998099
-0.04126501
-0.06639741
0.08796509
0.049062584
-0.04406737
-0.07058687
0.060518377
0.01602587
0.1000641
0.01550172
0.105715476
-0.1866479
0.03185853
0.01701486
0.07919908
-0.0527142
-0.017334051
-0.053010035
-0.06762476
0.033470295
0.119353294
0.012380881
0.029474132
-0.019805472
0.02187394
0.03503483
-0.09338893
-0.052210152
-0.09122102
-0.045623675
0.02131096
0.10765108
-0.096793674
-0.09042133
0.046656713
0.026444636
0.037769996
0.018568972
0.045543987
-0.088008456
0.10605772
0.10302132
0.059886802
0.094768964
-0.010978105
0.09215819
-0.11529251
0.0450749
0.051691737
0.060958378
0.017495284
-0.028113404
-0.1381775
0.023386534
0.10718014
0.121409744
0.009073736
-0.06838617
0.005140861
-0.0764155
0.054508407
-0.07672025
0.019208401
0.008863576
0.10599414
-0.12156143
-0.022819402
-0.045730032
-0.041878153
0.1376806
-0.066885404
-0.016085884
0.013603599
-0.10742023
0.09105129
-0.037040282
0.05341005
0.09718598
-0.06300929
-0.033063386
0.005290216
0.07296632
-0.04111535
-0.061445855
-0.068274364
0.0025650444
-0.029929208
-0.10149557
-0.020890592
0.07513952
0.111635245
0.018004566
0.12028418
-0.098243654
0.100598805
0.01144035
0.13160045
0.014290283
0.032104656
-0.09687256
-0.016685726
0.060821965
0.07703223
-0.040864978
0.050689597
0.030530307
-0.10152888
-0.0072613093
-0.12249879
-0.048894327
0.050401542
0.019400282
0.07999236
-0.0815886
-0.0598068
-0.035959933
0.12252181
0.0013169526
-0.031855296
0.025621394
0.0097376425
-0.05807405
0.013035092
0.024332318
0.059176657
0.006431065
0.08374757
-0.041849773
-0.077751614
-0.11699629
-0.024027493
0.052768014
-0.014862219
0.047182854
0.005805236
-0.081059426
0.08102831
0.076090306
0.014010716
0.011303021
-0.058140066
-0.013151727
0.06842315
0.082207896
-0.02001314
0.09037281
-0.087037444
-0.0354301
0.004973552
-0.003918239
0.057509102
0.057720594
0.02472266
0.049868118
-0.051577855
-0.028451743
0.04789326
0.019532885
-0.115244165
0.09512636
-0.05275638
-0.11025322
-0.05283804
0.043392085
0.09656707
0.081703976
-0.020163503
-0.04163107
0.068634026
-0.07434812
-0.0355323
0.06372725
0.081929766
-0.06025537
0.01956113
0.060804985
-0.009474757
-0.026284704
0.049175482
-0.036723573
0.048376214
-0.056336038
-0.02304881
-0.011978712
0.07780831
0.08647761
0.09164832
0.023543028
0.042772524
-0.058693666
-0.028891072
-0.06425266
0.06600807
0.012859997
-0.107047886
-0.119264
0.06920058
0.14348592
0.042503636
0.021806464
-0.070603475
-0.08586901
0.10741762
-0.06118828
-0.05690341
0.036602326
-0.028762896
0.12254029
-0.12636806
-0.091134496
0.026386693
0.091847435
-0.04462319
0.06643337
0.13112
0.027098062
0.059413154
-0.094563775
-0.03792636
0.06043295
0.039317165
-0.11118965
0.025182273
-0.052471872
-0.092756025
0.058364663
0.01815592
-0.048192948
0.16095613
-0.08383246
0.05695485
0.059669923
-0.09629755
0.11272279
-0.10340918
-0.032848988
-0.11652029
0.051128183
-0.023328671
-0.065980844
-0.111281835
0.0941758
-0.07281158
0.020919695
-0.03296635
-0.016185742
0.05149227
0.053828254
-0.06900526
-0.06762231
-0.009658588
0.018326338
-0.07952094
-0.06623039
-0.08998527
-0.037432283
-0.034394667
0.053284176
-0.079454705
-0.09254808
0.013345696
-0.08677858
-0.010074171
0.058292586
0.091774486
-0.047603708
-0.085705355
-0.117349066
0.037996903
-0.11434213
0.065636724
0.08937693
-0.020047659
-0.030830277
0.12320221
-0.078302234
0.017613787
0.02132574
-0.09603652
-0.058675077
-0.026816867
0.0028101588
-0.092673846
0.11493393
-0.12564348
0.075192474
-0.007617281
-0.07939628
-0.07784573
0.086230576
0.051772144
-0.06520513
-0.02211413
0.004151464
-0.026379855
-0.035940543
0.04856365
-0.065296374
0.010226454
-0.10456785
0.024297861
0.066703685
-0.037511207
-0.110624716
0.08347656
-0.016417323
-0.12991714
0.078982785
-0.0381959
-0.07832994
0.12738268
0.037624124
0.0050702305
-0.0032331496
-0.07346189
-0.07962674
-0.058463577
0.029544948
0.0046474696
-0.017846938
0.03336944
0.015627338
-0.04862003
-0.0115919085
0.04050478
0.052601144
0.11785069
-0.03917271
-0.040979847
-0.016699355
-0.025938913
0.12864836
0.0024714605
-0.052578725
0.046199188
-0.06747858
0.10912553
0.08744983
0.029471556
-0.1213822
-0.10741368
0.056221616
0.021841252
-0.015169212
0.05644558
0.043900978
-0.0060772663
-0.012402824
-0.042196173
-0.014825381
0.060581584
0.063011065
-0.028411044
-0.054560818
-0.03517848
0.101103276
0.012267892
-0.12167439
-0.05793696
-0.014037002
0.07113196
0.0024722728
-0.0026192907
-0.05565158
-0.022149099
-0.086982556
0.025433386
0.053687427
-0.032714043
0.10382807
-0.005592606
-0.06565312
0.10919672
0.04768348
-0.11649675
-0.04333853
-0.008248445
0.04336924
-0.07606951
-0.00204318
0.044222422
-0.016556574
-0.078964904
-0.0029494627
-0.046631787
-0.09455378
0.04490136
0.120405845
0.042418096
-0.01083327
0.05494942
-0.010161379
-0.089479
0.017611682
-0.02356694
-0.100064956
-0.114881605
-0.048632387
0.12991075
-0.06193193
0.010024932
-0.00051953073
0.042446356
0.024376389
0.12837851
0.017222557
-0.1227106
-0.056720555
-0.0835685
-0.071109034
0.08867542
-0.056475215
0.017181898
-0.10153789
0.022406831
-0.12526682
-0.097295046
0.01825531
-0.034572013
0.10179515
-0.08644277
2.8310365e-05
-0.023070216
-0.07133906
-0.09503351
0.11281579
0.13055824
-0.058337882
-0.09507989
-0.06135387
0.042315476
0.017660202
0.079881825
0.041734584
-0.09543223
-0.07380648
0.07052141
-0.011996744
-0.054599505
0.020394867
-0.09733861
-0.032930855
0.08957658
-0.017251758
-0.012106331
-0.062652074
0.062447343
0.04817643
-0.010455752
0.018991262
-0.053685747
0.02129674
-0.021059688
0.12753582
-0.087632194
0.06531571
0.010731562
0.104563616
-0.019368531
-0.014374701
0.06447161
0.048232794
0.012911384
0.044912882
0.0848812
-0.007320878
-0.095928766
-0.019873617
-0.03043921
0.022126742
0.08651791
-0.01221537
0.027156893
-0.10715193
-0.0672308
-0.0050967135
-0.08655761
0.00714576
-0.03711177
-0.072595105
0.11938261
-0.09096591
0.090896964
0.111034244
-0.016628318
-0.12317489
0.047116477
-0.004191584
0.036211587
0.024914239
0.0041071777
-0.0046828287
0.0035523213
-0.02900112
0.04536658
-0.017677417
-0.11018967
0.02147802
0.089694776
0.013890581
-0.025449393
-0.015875032
0.059231766
-0.0713536
-0.113950424
-0.046203163
-0.056622397
0.03736696
0.079689115
0.059026763
0.027877178
0.011108484
-0.08076912
-0.10224056
0.12854148
0.026703758
-0.053656697
0.13466787
-0.104919694
0.043528695
0.10437921
-0.0627511
-0.043780133
-0.055524148
0.08415107
-0.017949343
0.03790301
-0.06323501
-0.022462659
-0.034346983
0.059492264
-0.039805774
0.09697151
0.11849428
-0.07334998
-0.020066168
-0.0862093
-0.0831839
-0.057541117
0.10374902
0.0046111587
-0.013166458
0.071027085
-0.04093046
0.01897533
-0.12997524
0.012542719
-0.000983929
0.05521953
0.055707827
-0.007827086
-0.011214308
-0.011904298
-0.09936901
-0.08706082
-0.065227374
-0.10329749
-0.05818595
-0.119575106
-0.054589186
0.043709647
-0.07398813
0.05182712
-0.03573953
0.07274099
0.10937638
0.06455333
0.11764699
0.052095294
-0.02053417
0.06141787
0.06975035
0.13703619
0.050315402
0.058464866
-0.0015274844
-0.15380542
0.048904635
0.14063028
-0.042284824
0.1588759
-0.007262359
-0.06688094
-0.027672367
-0.09167247
0.0778303
0.092308074
0.016325628
-0.047282547
0.035714645
-0.03135711
-0.09320808
0.0807773
-0.10611922
0.048472997
0.044011258
0.017926592
-0.0070612365
0.030198695
0.06366075
-0.027424563
0.06337548
0.007010121
0.16495506
-0.110084124
0.049434815
-0.032358713
-0.07119732
0.025315149
-0.010805937
-0.0118637355
-0.03667017
0.14933732
-0.031164235
0.017772885
0.09345335
0.06072162
-0.14230846
-0.09761792
0.050679643
0.1104688
-0.047667477
0.0135057
-0.057487324
0.1143315
-0.09168677
-0.05805428
-0.034707095
-0.018413862
0.07170085
0.05742297
0.028792618
0.08575719
-0.062167674
-0.13723238
-0.042926844
0.011408922
-0.012652259
0.010475722
0.10811185
0.048503835
-0.008259574
-0.06292816
-0.0026513522
0.073987335
-0.06090323
0.08832442
-0.084096834
0.056093935
-0.06891755
-0.122026555
0.011171271
0.07896808
-0.05515057
0.045331027
0.00023137208
0.008102951
-0.13028473
0.12065497
0.071874954
0.05866287
-0.117440164
0.065398745
0.013418029
-0.114505075
-0.05273122
-0.03031339
0.02755885
-0.034498747
-0.05084243
-0.11034734
0.0650599
0.09104637
0.0911105
-0.09455921
-0.05775186
0.008461256
0.05542766
0.062372636
-0.10651001
0.0025393192
0.09282147
-0.008752856
0.035682693
-0.10400234
0.008777586
0.062602766
-0.05342535
-0.03696543
-0.06625367
-0.029076485
-0.06299848
-0.11605329
-0.09085105
-0.0053126463
-0.06542495
-0.12039076
-0.12543593
0.10479252
0.03589349
0.07073527
-0.1219153
-0.09786104
-0.11185337
-0.024172723
-0.011087296
-0.03752052
0.085547514
0.032403268
0.109461896
0.08075725
-0.070215695
0.10953176
0.12386461
-0.09395474
-0.05814528
-0.02553462
0.046384383
-0.061096415
-0.054007005
0.053382523
0.0009779013
-0.00044428924
-0.08335697
-0.055703364
-0.043694403
-0.042808443
0.039090745
0.07782719
-0.06538374
-0.13011369
-0.080687486
0.034854926
-0.10060869
-0.030237775
-0.0366544
0.0697386
-0.019554753
0.14277616
-0.118486404
-0.08741839
-0.03735259
-0.058019124
-0.122885466
-0.011747112
-0.07394069
0.09167575
0.04980922
-0.038527325
-0.05342544
-0.11878218
-0.08034599
-0.040116463
0.0065927
-0.05802269
0.0011453734
-0.036605705
0.006643754
0.078985326
0.0108316885
-0.06668319
-0.07396846
-0.10747901
-0.09333045
0.10995133
-0.14921544
-0.12350569
0.1020493
-0.13798325
-0.019942628
0.10038313
0.028587252
0.0766374
0.107542425
-0.040654264
0.03509976
0.005436688
-0.07575967
0.063623615
-0.018320203
-0.004905194
-0.0054913354
0.109096184
0.106375866
0.010392592
-0.030275078
0.013834978
-0.055173926
0.01460327
-0.100505136
-0.023438482
0.027894493
0.030967161
-0.115060344
0.023480719
0.031419504
-0.05150232
-0.02248097
-0.0919742
0.08410728
-0.12113129
-0.031280134
0.0815763
0.08459402
0.048971396
0.017897021
-0.021964252
0.04455913
0.05300662
0.05653966
0.015763026
-0.029121213
0.045811966
0.03690942
0.10092457
0.014389587
-0.1733431
-0.016458597
-0.117579125
0.050067782
-0.091568574
-0.1099185
0.07240134
-0.08075426
-0.061639156
0.114807814
0.03190824
0.0014277609
-0.12393733
-0.050605405
0.063068695
0.026565006
0.06053044
-0.025778573
0.037951346
-0.069091685
0.041838866
0.10830776
0.05303424
0.061406642
0.09439455
-0.10082606
0.008719975
0.042290933
0.10439339
-0.067538664
0.009511384
-0.029034885
0.034153484
-0.099477746
-0.040387172
-0.0039451667
0.045922842
0.022085816
-0.065287486
0.021766618
0.009930286
0.0030250384
-0.08017523
0.13041034
0.026287025
0.113107055
0.008478863
-0.08077489
0.018434731
-0.12731582
-0.017451396
-0.037836
0.04662544
-0.12949415
0.099451415
-0.038150918
-0.13238761
-0.016069934
0.068292536
-0.090397194
-0.12155941
-0.1083704
0.09292361
0.07295886
-0.12261403
0.033243753
0.06807375
0.060158353
0.0672224
-0.010400406
-0.014942767
0.019072749
0.019930469
0.038446974
-0.09722057
0.1044488
-0.008686765
-0.010238326
-0.023401568
0.013071353
-0.10523084
0.054948077
-0.04175786
0.027869685
0.10038772
-0.07150998
0.0813197
-0.029232144
0.06661129
-0.036669653
0.07164418
0.036338463
0.12119778
-0.10885858
0.0024875314
0.038481407
0.046224818
0.077713214
0.015296774
0.09131078
0.10041274
0.05013293
0.0577034
-0.072291836
0.09377919
0.022885451
-0.10680207
0.02783502
-0.016540824
-0.13228586
-0.09797644
-0.0015002039
0.073786944
-0.1333759
-0.08089099
-0.10609017
-0.03295597
0.09911131
0.071899414
0.07137102
0.06870359
0.0789019
-0.044761863
0.052403547
0.03057981
-0.04584639
0.05532223
-0.0777625
-0.08676969
0.04485992
0.068139896
-0.06308547
0.06842273
0.028918384
0.05655044
-0.054244798
-0.020438284
-0.06786308
-0.05765961
0.1378397
-0.025565604
0.07233853
0.064873554
0.011085447
0.0965379
0.09357137
0.103821225
-0.026076363
0.047176007
-0.06823292
-0.054979015
0.056331232
0.04826354
0.08566573
0.123351045
0.10571759
0.10514269
0.094306655
0.07678001
0.059879035
0.12019857
0.03298697
-0.09356248
-0.13572045
-0.06380174
-0.052903157
0.00403761
-0.13587916
0.11470768
-0.08444515
0.008641193
0.105573684
-0.04957998
-0.013611996
0.117951296
0.012716585
-0.04456468
-0.065115504
-0.07557529
0.14503367
-0.013994873
0.04134171
0.14237694
0.108827785
0.07244044
0.07991596
0.09382887
-0.06253811
-0.0072405543
-0.060519762
0.084032424
0.06625243
-0.11519012
0.078544445
0.09138774
-0.119170845
-0.06271884
0.018997742
-0.022158444
0.060474545
-0.07231981
0.08409976
0.011036947
0.073640265
0.05258726
-0.027411655
0.058395278
0.15952948
0.10858765
0.0947808
0.04739524
0.08933441
0.11980872
-0.035834853
0.11058197
0.07645329
-0.012737745
-0.10658078
-0.081157744
-0.06424255
0.069848046
0.09625229
0.123617224
-0.04822639
0.042186495
0.077843666
-0.02976964
-0.078655586
-0.053365197
0.08647492
-0.12354102
-0.07356554
0.13784969
-0.068542525
-0.046473194
-0.09912471
0.09740482
0.08145304
0.11917085
0.031214051
-0.014607127
0.10777311
4.6741086e-05
0.054888655
-0.10447651
0.08299199
0.078797504
0.07257356
0.04782394
-0.010509451
-0.041004587
0.07774533
-0.12249693
0.015364243
0.13101853
0.09159772
0.0023478265
-0.120002754
-0.01664989
0.09404596
0.010369301
-0.034852356
-0.13349362
0.03875439
-0.03465942
0.12362079
0.054816984
-0.007671972
-0.0056110276
0.07680531
0.060599014
-0.015178437
-0.041382026
0.069571614
-0.09672932
0.11331168
-0.050388224
-0.078776404
0.015722897
-0.06250764
-0.058852173
-0.037797064
0.05900422
0.0788697
-0.09207716
-0.15975817
0.0031622595
0.05419477
0.11787047
-0.09158108
0.123563424
-0.084075786
0.02948738
-0.03757769
0.052221283
0.021387253
-0.028313808
3.3238946e-05
-0.13151948
-0.038892403
0.0015960168
-0.074867494
-0.02054717
0.0477554
-0.04241249
0.015156772
-0.0026846325
-0.07252459
0.09082435
-0.039787747
0.022601485
-0.07969905
-0.05441266
-0.0115941735
-0.08194926
0.037286285
0.118712835
-0.072805844
0.03701053
-0.0033187438
0.07446761
0.004485307
0.044850666
0.037718125
-0.1151682
0.024831729
-0.0065128305
-0.15817282
-0.017428674
0.109517016
-0.03841856
0.032147016
0.021654187
0.1803895
-0.026476724
0.032790635
-0.08448304
-0.058709137
0.055725243
0.01697692
-0.090080045
0.105526134
-0.021637157
-0.0031151476
-0.02027883
0.027728196
-0.03490773
-0.13299128
0.08927127
-0.03984574
-0.069443814
-0.024200594
0.055559166
0.035117358
-0.062050164
0.079366684
0.03179822
-0.12073036
0.053217445
0.072603375
-0.021221492
0.01667965
-0.053343095
-0.028262664
-0.026424143
0.040392973
-0.031119412
0.11009827
0.0029172748
-0.12497901
0.11343208
0.10072705
-0.10888617
0.007723804
-0.0023649011
0.110274754
0.063443474
-0.11199669
-0.10165972
0.034114987
0.035287905
0.082081735
-0.0790641
-0.018934786
-0.025600286
-0.11307774
-0.00085802434
-0.013892322
0.052888706
-0.1483379
0.05316646
0.009593692
0.062742114
0.070477165
0.07770587
0.011581816
-0.064780965
0.032118626
-0.0436776
-0.086542636
-0.08378777
-0.17590445
-0.11502672
-0.11057816
0.030279472
-0.0067663784
-0.03791142
-0.022296257
0.012643024
0.059094585
0.07599161
-0.038515434
0.06145606
-0.052701026
0.12027274
-0.0087613305
-0.11966896
-0.02554134
0.013390767
0.0054330444
0.010136065
-0.092485756
0.06466328
0.002962494
0.057901118
0.0077158813
0.06650211
-0.07504546
-0.054574
0.052389227
0.089876205
0.11807263
0.02434942
-0.08509607
-0.04405171
-0.048951916
0.06689564
-0.04223431
0.05698528
-0.11092919
0.05397613
-0.11588211
-0.085283585
0.122715175
0.11601951
0.051599845
-0.003037132
-0.022459555
0.09977702
-0.08094317
0.019599492
0.026685236
0.07198234
0.15118492
-0.069818996
-0.0075561213
-0.03421895
-0.052586347
-0.10648336
-0.027941672
0.034324452
-0.10104408
-0.023090705
0.12610662
-0.03424728
0.065047935
-0.078350626
0.014147242
0.01819829
0.10778505
0.0895088
-0.09507562
0.014643737
-0.08841004
0.04119243
-0.09005158
-0.003188285
-0.046556424
-0.00343121
-0.12819904
0.073699184
0.11127302
0.07261347
0.025128875
-0.11675546
-0.10213904
0.062066723
0.025411606
0.046657197
0.07247583
-0.08319088
-0.06931832
-0.0118020745
0.075332634
0.05670082
-0.101667136
-0.0823142
-0.065222986
0.029868871
-0.10855627
0.019959856
-0.12102041
0.017999252
0.097945936
0.0038167075
0.02960616
0.048839953
0.058524508
0.018264744
-0.042731393
0.11649035
0.06760684
-0.08656586
0.10359286
0.0042690923
0.10077729
0.06230827
-0.08771167
0.15083827
-0.04977232
-0.12470609
-0.0895141
-0.0024850788
0.15310548
-0.12972564
-0.15961477
0.031695988
-0.09344913
-0.10463157
-0.033263814
-0.0012436652
0.07879742
0.09298727
0.07257689
0.027373135
0.076640084
-0.067331076
-0.09394746
-0.068984635
0.025414346
-0.009326718
-0.092248365
-0.10379011
-0.046417728
-0.10764442
-0.06432132
-0.010324006
0.052256644
0.055261083
-0.071832575
-0.084893584
0.053593896
-0.08099058
0.053389143
-0.025017992
0.04221746
0.023378508
-0.067350335
-0.021624029
0.09900856
-0.014253137
0.020122685
-0.03693398
0.046636652
-0.041535277
0.10153549
0.013061979
0.043930613
-0.056471672
-0.0041486593
-0.082722776
-0.02340052
0.006529672
0.0779593
0.07148354
-0.07741097
0.038686354
-0.08256341
0.096081026
0.043671563
-0.049525995
0.008964753
0.08495642
0.025504256
0.0060437447
-0.043894824
-0.03113946
-0.056767143
-0.12540469
-0.0031090148
0.08568349
0.008296165
-0.02324265
0.07013858
0.092137344
-0.015519883
-0.062834725
0.10365771
-0.006511838
-0.10169522
-0.0255565
-0.12678792
0.040712953
-0.032813106
0.110766776
-0.028504256
0.067139424
-0.06302565
0.07495169
0.03470444
0.08676131
-0.119222075
-0.0079654055
-0.0039916374
-0.048119076
0.051841106
0.08258022
-0.116793595
0.084009685
-0.03231388
-0.02849918
0.017509384
0.00020941597
0.07899583
0.09550568
-0.079216324
-0.07792738
0.026959501
0.0010650136
0.054274898
0.09290067
-0.06366664
-0.032891158
-0.02212499
0.0383596
-0.11549991
0.054042507
-0.1119206
-0.08258129
0.012102012
-0.09792769
-0.1153837
0.07059988
0.074314855
-0.09651081
-0.03058129
0.07518217
0.10530465
-0.04218526
-0.06202987
0.09686031
-0.07800855
0.09936438
0.017988766
-0.10063038
0.0061444268
0.04181027
0.05448382
-0.050257795
-0.007194672
-0.031030482
0.0385778
-0.0271522
-0.054628845
-0.04942774
-0.08969435
0.0034975412
-0.072608694
-0.09501506
-0.021496477
0.034918964
0.024704298
0.07861164
0.10442204
0.055855688
-0.030556379
0.027368577
0.044621337
0.047415104
-0.022058107
0.0024124938
-0.030322114
0.13453971
-0.012465153
0.046661817
0.095182
0.06420268
-0.015692148
-0.107616976
-0.0036211447
-0.033212222
0.05155356
-0.10403057
-0.09825461
0.06977766
0.048305105
0.03553862
0.0009856203
0.078748606
0.06099129
-0.033486202
-0.027225863
-0.070466615
-0.0439838
-0.098909795
-0.07997374
0.02939473
-0.11302384
-0.06654572
-0.0842723
-0.07468417
0.05551073
0.09659573
0.14837076
0.049689528
-0.081372395
-0.05654875
0.10644036
0.1329348
0.024464116
0.12589638
0.04676373
0.08987231
-0.08055768
0.0122160185
-0.050354674
0.0025668046
-0.11328331
0.0976316
0.032214075
-0.068331204
0.057812233
-0.02208295
0.017162234
-0.0024122861
0.026233753
0.08424422
-0.076991856
-0.07052013
-0.11025021
0.07643411
0.0939477
-0.058749616
-0.030590488
0.05479683
0.0062299822
-0.019107912
0.09534603
-0.014770304
-0.045534924
-0.014224262
-0.061660945
0.06247806
0.067241766
0.11283937
-0.081286736
0.033009697
-0.05495684
-0.07778395
-0.011383718
0.016192026
0.0042084064
-0.090352125
0.092299655
-0.067544
-0.03578172
0.05910175
-0.06657832
0.044966854
0.08324432
0.07514952
0.05415377
-0.035464585
0.04502816
-0.016206583
-0.05507496
0.045375776
-0.04417519
-0.06701492
0.10145752
0.02807128
0.017324785
-0.04596665
0.10394589
-0.02420219
-0.012746927
-0.048573624
-0.056046914
0.07406185
0.044799265
-0.06718799
0.009211167
0.035688017
0.11886785
0.07089921
0.038672067
-0.020607708
0.04937793
0.0043194382
-0.07651411
0.10067758
0.012188501
-0.12707457
-0.091201864
0.053627584
-0.058217946
-0.002275053
-0.008959028
-0.031934895
0.04607397
0.03985989
0.011160961
-0.008420789
0.05499164
0.027955491
-0.004470339
-0.10068198
0.059815325
0.015670322
-0.11816032
-0.10277448
0.002887594
-0.08101703
-0.071597695
-0.14203697
0.019393045
0.026556585
-0.05541787
0.09490864
-0.02988084
0.08592811
-0.070013314
0.085349485
-0.015882555
-0.0015011322
-0.105477355
-0.07614195
-0.020751836
0.035796076
-0.07488125
-0.08189474
-0.09578184
0.008230662
-0.03687181
0.06476881
0.095484965
-0.02062516
0.029431693
0.0790363
-0.013977914
0.052995488
-0.04538501
0.106574506
0.08913965
0.106911026
-0.0025089113
0.001323358
-0.03534512
-0.09733615
-0.03171842
-0.020585353
0.07877981
-0.041723937
0.09583111
-0.029020691
-0.06283626
-0.1316997
-0.016293708
0.10395241
0.05397596
0.056726713
-0.111081086
0.06222915
-0.043940924
-0.1033246
0.022006944
-0.05645174
-0.09951541
-0.05008782
-0.052634235
0.08188189
0.079491496
0.15302527
0.09705691
0.012842555
0.09544365
-0.0050626993
-0.014296223
-0.112962075
-0.034007896
-0.09217793
-0.09407828
0.03143965
0.11105606
-0.079601035
-0.06267739
0.054505702
0.09451493
0.06677074
-0.12814891
0.078602865
-0.1436373
-0.031909518
0.026728803
0.05432002
-0.049919948
-0.11554386
-0.10410783
0.03833447
-0.07998556
-0.11770737
0.11595981
0.060587093
0.07346767
0.08654808
0.07759853
0.051042058
-0.17196088
-0.032043487
0.08463828
0.08166897
-0.09088745
0.033354122
0.06537236
-0.06483078
0.11915273
0.077916905
-0.05553212
-0.040369675
-0.09665258
-0.009709313
0.114980355
0.07223002
-0.034424204
-0.106281936
-0.07951181
-0.016341714
-0.026970834
0.019020744
-0.13923587
-0.08867638
-0.042205192
0.030008625
0.07520766
-0.07258862
0.044490285
-0.019982692
-0.14022346
0.027809743
-0.06909753
-0.068727076
0.098320305
-0.09236821
-0.1251655
0.08038278
0.030078728
-0.085932836
0.01998474
-0.051691737
-0.045759678
-0.09690941
0.019582763
0.03812888
0.08626095
0.015886376
0.09129997
0.052035086
-0.109917425
-0.12244436
0.12862897
0.083273545
0.041562557
0.02887791
-0.028844902
0.06511505
-0.045436975
0.0980127
-0.0015778638
0.075513735
-0.04297528
-0.06607302
0.034985434
0.099398665
0.016887438
0.12643659
-0.041277066
0.10413891
0.04979047
-0.07984724
-0.09447807
0.01191867
-0.05947703
0.040023558
-0.08118339
0.0012959121
-0.101240106
-0.06404452
0.06957778
-0.07516627
0.07812262
0.1064388
0.078353725
0.028258912
0.02907045
0.10864835
-0.054501273
0.05137954
0.0211072
-0.045928393
0.0854164
-0.08734372
0.014053023
-0.1621999
-0.0068062
-0.041993637
-0.061648734
0.036996957
-0.04184286
-0.08241181
-0.114098005
0.06365325
-0.08727936
0.025200699
0.06341229
0.105137825
-0.022404542
0.03940295
0.04119692
-0.047315426
0.029346166
-0.08511225
0.010075019
0.090813644
-0.0894511
-0.026846295
-0.0038485385
-0.09021076
0.07854093
0.081408
0.1412588
-0.029678492
0.056601647
-0.04745154
-0.034975197
-0.08895226
-0.20267497
-0.047817383
0.054764453
0.006120529
-0.11369323
-0.11139478
-0.07533857
0.051436815
-0.03846994
-0.05533571
0.054022294
-0.024488177
0.00536232
0.0854242
-0.08998671
-0.06687315
0.07154688
0.096654266
-0.08041992
-0.027849667
0.043035567
0.13283655
-0.017989786
-0.09206775
0.09488276
-0.114149585
0.023066375
-0.05017288
-0.039543964
-0.13123244
-0.03836376
0.02630909
0.032502916
-0.065721296
0.015954174
0.10246812
0.02917291
-0.11124222
0.078270294
-0.015453164
-0.05637754
-0.09960784
-0.014451774
-0.057893023
0.06618301
0.054000434
0.024893546
-0.017394323
0.10440321
-0.114474334
0.0222672
0.03655449
0.017116485
-0.07852908
0.08577446
-0.030001577
-0.1045762
-0.05018989
0.09914937
0.08486828
-0.06928528
0.008389314
-0.060854767
-0.04768707
0.09765619
-0.046348233
0.0407711
-0.051146954
-0.12244585
0.06801477
0.11273006
0.09943101
0.07843522
-0.061114162
0.036217313
-0.07715845
0.012782258
0.03339083
0.016140506
-0.099952295
-0.06731967
-0.023980355
0.06968429
-0.018263524
0.11115431
0.01709937
-0.023684578
0.10323965
0.06740531
-0.0842152
0.063169755
0.037324846
0.08853471
0.06764437
0.03566514
0.05846027
-0.0630259
-0.039017014
0.10511917
-0.043835543
-0.025751041
0.0011370421
0.05780455
-0.041237496
-0.066751264
0.0017562623
-0.01872122
0.069661885
-0.15374306
-0.048728786
0.021865757
-0.01150996
0.03856819
-0.05754152
0.09335921
0.07659743
0.058881514
-0.03857414
-0.02132467
0.10397913
0.0006364311
-0.08721573
-0.062354546
-0.012131186
0.031166784
0.035287384
-0.08783757
-0.03140924
-0.09206525
0.068590425
-0.11643805
0.12456505
-0.023059405
0.006273573
0.037842862
0.026844382
0.12242357
0.048557565
0.121616155
-0.003258078
0.015436715
0.055173855
-0.079054736
-0.034021854
-0.07353567
0.008714361
-0.018795852
0.04384809
0.051884543
0.003969345
-0.01016998
-0.11345938
0.055242974
0.004882775
-0.047253452
0.036418542
0.023946483
-0.08123492
-0.09100705
0.04962523
0.03378229
-0.09820798
0.0022157948
-0.019395947
-0.010813151
-0.10393191
-0.045522932
-0.06379194
-0.08295496
0.052284334
-0.09234971
0.11990513
-0.060893156
-0.1026451
0.077549525
0.04676418
0.032149244
-0.00030613967
-0.03050635
-0.09476497
0.02823994
-0.053748842
-0.052891552
-0.054421283
-0.008285715
0.033761177
0.057105552
-0.022695702
0.03904366
-0.021344341
0.106789775
0.026075184
0.054841794
-0.022930238
-0.08109322
-0.0111831445
0.13720974
-0.06833082
-0.13834855
-0.062133543
-0.10558312
-0.01720479
-0.024272714
-0.08869452
-0.016348103
0.12347719
-0.030244619
0.026076019
-0.010460416
-0.063009374
0.035297457
-0.05356956
0.050910637
-0.0012352909
-0.044209998
0.0067590587
0.0148606
0.02049408
0.056863096
0.09322457
0.028180005
-0.0984911
-0.10645955
0.072542824
-0.026965264
0.11577993
-0.035138957
-0.009191862
-0.054669194
-0.03752981
0.0043372
-0.0741107
-0.04983062
-0.01599163
0.08634076
0.02994229
0.024753211
-0.021163132
-0.010995085
0.058554966
0.11037957
-0.02770385
0.02067266
0.09149132
-0.035174944
0.06908477
-0.07474538
-0.103795655
-0.016399948
0.044751003
0.09778002
0.015411413
0.07591406
0.09486624
-0.09849577
-0.0022437766
-0.06444686
-0.027280666
0.0066581178
-0.027682992
0.016113065
0.06518239
-0.030193606
-0.044093266
0.09381719
-0.032460384
-0.04942877
0.13523424
-0.023882175
0.004828683
-0.031196466
-0.046801403
0.11654613
0.066795215
-0.05380989
0.04721552
-0.019377206
-0.046595547
-0.03687103
0.0095089665
-0.027244804
0.052094836
-0.07859004
-0.09639843
-0.09390474
0.15476692
0.008568647
0.059003137
-0.08650015
0.10549851
0.038346674
-0.0063104713
-0.03062921
-0.042855565
-0.0039173113
-0.056797832
-0.0005140168
0.0021668365
0.018514011
0.1154122
0.02368139
-0.065341905
0.035805788
-0.056868203
0.004306644
-0.09946018
0.041965514
-0.087029435
0.02856379
-0.023728095
0.033846106
0.02546451
0.023967555
0.0461143
0.051519293
-0.023075845
-0.10814405
-0.01707692
0.1335366
-0.100507595
0.043533597
-0.074240066
0.0027050853
0.0401017
0.042038493
0.027376616
-0.077625915
5.2775777e-05
-0.08789693
0.062800154
0.02811596
-0.044920735
0.055990614
0.017653551
-0.052717745
0.03308879
-0.032247666
0.034023367
0.06767263
-0.07836778
-0.028198436
0.07748602
0.08670172
0.05048336
0.087495655
0.07036797
-0.022576267
-0.09689419
0.06334435
-0.016197836
-0.047475763
-0.05851222
-0.06794864
-0.040804926
-0.024810852
-0.026599227
0.045834135
0.0152174095
-0.112340346
-0.038937885
-0.037513357
-0.0006184557
-0.103206635
0.035135597
-0.13233148
0.069883004
-0.033326432
-0.028665002
-0.09677242
0.08142443
-0.070476025
0.003778014
0.018976515
0.026495678
-0.03558462
0.0025448492
0.13427097
-0.020611616
-0.06193095
-0.12662439
-0.055904843
0.12917487
0.11751629
0.115056776
0.057078175
0.16473424
0.089717835
-0.004656007
0.14427328
0.045886077
0.16468509
0.008700405
0.06954038
0.05432364
0.039965764
0.08857521
-0.00442964
0.08283678
0.05970909
-0.060975045
-0.13230495
0.0018096896
0.06890079
0.067787886
-0.008414179
-0.098527834
0.103465624
0.079186425
0.044434644
-0.04642416
-0.05053254
0.028752029
-0.113250256
0.019789746
-0.031903706
0.045781784
0.06936356
-0.0297664
0.07081341
-0.060819544
-0.01962924
-0.029355695
-0.024916962
-0.090471014
-0.078136325
0.06118063
-0.1307771
-0.09423484
0.016998362
-0.069887936
-0.09742341
0.08455505
0.11853467
0.037124094
0.14447702
-0.01544017
-0.07297209
-0.12489062
-0.023343015
0.07416973
0.013016798
0.007132658
0.05368415
-0.003854598
-0.040645014
0.15406398
-0.11953319
0.044138364
-0.09978429
-0.020966815
0.07778328
-0.020642426
-0.047581654
-0.023250274
-0.039292455
-0.023328494
0.018753594
0.11568332
-0.015950315
-0.07486743
-0.05488064
-0.052067265
0.034168124
-0.050677206
0.015067355
0.11502922
0.11703501
-0.08400686
0.05377079
0.09746971
0.05918107
-0.07627637
-0.061191168
-0.08504902
0.054273136
0.026825616
0.020242184
0.03509583
0.13988328
-0.12136135
0.019979468
0.0993111
-0.03870735
0.062852435
0.14031553
0.03921705
0.07574172
0.07181682
0.0013171933
-0.114607506
-0.07697497
0.04279965
0.03988341
-0.14888638
0.03940685
-0.0017771936
0.011398965
-0.02539038
0.053605005
0.11174502
0.123214155
-0.08928074
-0.057404615
0.15611242
-0.061722953
-0.017471965
0.1326743
0.10182578
0.014088839
0.0206394
0.08381982
0.1493158
0.10581708
-0.0240416
0.11395382
-0.022836033
-0.1014288
0.03688258
-0.04105836
-0.12304417
-0.14412598
0.009863535
0.1187747
-0.08372886
-0.06790454
0.08074435
0.06979772
0.02784137
0.14182657
-0.033243205
0.1134229
0.066578366
0.07422265
0.02677722
-0.0041418746
-0.11455555
0.021606253
-0.094804764
0.015116731
-0.005501807
0.021283064
0.11326186
0.029619344
0.01055429
-0.084966294
-0.061591033
0.104422905
-0.08602548
-0.10187214
0.036984548
0.08669198
0.014128937
-0.095527165
-0.009911513
0.07866171
-0.1150351
0.09031567
-0.09781181
0.09698885
-0.1250911
0.06594631
-0.009929668
0.024708806
-0.096439496
-0.046130873
-0.114282064
-0.013475736
0.04025305
0.12785715
0.08881664
-0.012952778
-0.06339024
0.23027843
-0.050298326
0.027904922
0.065384366
0.025080949
0.01575199
-0.062778294
-0.12045289
-0.022953816
0.051735368
0.12521565
0.045878753
0.1768879
-0.07432515
0.014170916
0.08800389
-0.011574384
0.029984415
-0.06667169
-0.08398371
-0.05698744
-0.07530983
0.16236854
0.066649504
0.097275846
0.012045198
0.107550584
-0.13620178
-0.033587992
-0.084515505
0.10135824
-0.01960086
0.023027768
0.11795699
-0.06697839
-0.11159722
0.043295335
0.13074961
0.07958756
0.03733162
0.10440422
-0.13227049
-0.058904342
0.1372364
0.0124285165
0.06514905
0.11573366
0.09246271
0.07003684
0.079522304
0.078366205
0.05271422
0.042747907
0.11394451
0.014355643
0.029094288
0.06265041
-0.122496806
0.09975993
0.07113369
0.014102474
0.071656026
0.013263905
0.056240097
0.08317344
-0.053320073
0.053152587
0.0043929303
-0.0822601
0.18234089
0.00921461
-0.018425807
-0.103213556
0.032859813
-0.09126514
0.09064877
0.033941403
-0.022802416
0.012127145
-0.0051923017
-0.091147356
-0.03550067
-0.092696644
-0.051513106
-0.028305888
0.03994597
-0.09979265
-0.008545666
0.03696625
-0.08141257
-0.08099534
0.06544787
-0.10739006
-0.067453936
0.041608904
0.11486032
0.11056623
-0.031477805
-0.033602986
0.10281035
-0.09859877
0.120426096
0.09220779
-0.06804734
0.0474899
-0.015086628
0.09229404
-0.06425273
0.073057264
-0.12590015
-0.073682636
-0.014450893
0.12624994
-0.08190797
0.071342185
0.07698178
0.03724802
-0.049736995
0.10943921
0.061718635
0.021180034
-0.06297305
0.08398158
-0.06905075
0.09133216
0.048559614
-0.08503486
-0.0026074238
0.09010567
-0.043070897
0.0023507907
0.12764841
-0.059231535
0.10618959
-0.061875015
-0.046673417
0.038480237
-0.0008975726
0.104106404
0.113309875
-0.027645102
0.069227464
-0.05594525
-0.119457886
0.030214138
-0.002223194
-0.07730447
-0.027286503
0.07853111
0.14912143
0.038133554
0.09912792
0.026026854
0.023923516
0.0891398
0.11101114
-0.109026685
0.08334208
-0.07470847
0.0035570345
0.046473946
0.019048257
0.008755295
-0.060425084
-0.1089996
-0.05034036
0.069110654
-0.03306989
-0.055514738
0.02397407
0.07113134
0.15569952
0.17869128
0.12099404
0.0024831658
-0.11760829
-0.1872966
0.07696477
-0.07411648
0.08035115
-0.03175803
-0.091682546
-0.049357608
-0.020160917
-0.05409445
0.14911538
-0.09157442
-0.09052224
-0.014437735
0.012598319
-0.046442404
0.0911769
0.03578415
-0.12122178
0.06446518
0.08649996
-0.034688774
0.015489618
-0.0041284175
-0.045567255
0.16240624
0.12950453
0.07218954
-0.038512804
-0.017005384
-0.049964763
0.07344268
-0.1110839
-0.10727093
0.13621883
-0.0017831208
0.17559655
-0.07308479
0.04521876
-0.06221167
0.08208695
0.07003114
-0.050029393
-0.15924561
-0.070155434
0.09076397
0.007664141
0.055481937
-0.15940276
0.051300846
0.075576805
-0.09397071
0.084734455
-0.056467175
0.09703464
0.085583545
0.020098252
0.1386067
-0.04370649
0.060490865
-0.06485327
-0.016867893
-0.15885864
0.013056488
-0.03377495
-0.05692021
-0.06154352
-0.12038556
0.089841224
0.14049348
-0.12639053
0.1206937
0.1371011
0.064723
-0.014418636
-0.0042011733
0.028745763
-0.020130375
0.004431214
-0.049203783
-0.025987647
-0.12790444
0.12671384
-0.052337173
-0.107524864
-0.07018547
0.009635219
0.095584266
0.030925883
0.11405208
0.01947744
0.0017347303
0.19604938
0.07586198
0.114029504
-4.393076e-06
0.113688804
0.0405545
0.11032099
0.078801736
0.10999813
0.103770785
-0.12995231
0.18524547
-0.08495191
-0.007784577
0.08682472
-0.0701096
0.09028786
-0.04891975
0.09885656
0.03620487
0.009802016
-0.044024315
-0.081754476
-0.007914193
0.039648753
-0.010045098
0.042715974
0.044450745
0.07568253
0.05436623
0.11079598
0.033267573
-0.084872246
0.030430345
0.061108526
-0.13209337
0.07855785
0.15468308
-0.0647312
-0.0027010846
0.05906565
0.07629372
0.21849781
-0.017536424
0.009740375
-0.07121556
0.09472763
-0.050903846
0.063166484
0.069365904
-0.07767354
0.014533882
0.05956678
0.13051772
0.061311655
-0.102259636
0.005441311
0.08947071
0.052578297
0.092766844
0.052451383
0.15337929
0.10874313
-0.09638718
-0.00037767668
0.066991456
-0.013577079
0.030485777
-0.008858391
0.10031301
-0.14923406
-0.06862631
-0.01584594
-0.0163727
0.02661754
0.10176266
-0.05457598
0.029177276
-0.0827636
-0.053927686
-0.010354618
0.032749996
0.096244216
0.05331851
0.07891153
0.124251336
0.1418552
-0.12904932
0.08071047
0.003284422
0.045108326
-0.13302714
-0.09931261
-0.08844072
0.05320887
-0.068176866
-0.02347394
-0.15595512
-0.10300966
-0.09029205
-0.06701094
-0.20355092
0.104751915
-0.037878875
0.069960356
0.012067496
-0.049292266
0.026192365
0.044664487
0.177981
0.039968204
0.07096279
-0.10011178
-0.078444675
-0.0690681
-0.036720056
0.044053502
-0.08732223
0.004746867
-0.022968909
-0.043391492
-0.009682301
-0.052826267
-0.106473185
0.108849496
0.08924757
-0.08404208
-0.18594044
0.01367656
-0.08868484
-0.06265916
-0.011901242
-0.18897077
-0.06552089
0.05518286
0.053126168
0.11516395
0.035898335
-0.057395633
0.19891173
-0.0715615
0.055033583
-0.04744439
0.013587567
-0.13399535
-0.013332562
0.13539647
0.06012092
0.01729618
0.13823107
-0.02937001
-0.053101204
0.09415236
-0.11366606
0.0477945
0.02338635
0.018517148
0.027000861
0.03592008
0.09374239
-0.09758345
0.030934285
-0.018762864
0.10033224
-0.009066885
0.14046909
-0.18053539
0.028340703
-0.11209637
-0.07744282
-0.11218172
-0.059182264
0.053513426
0.031266242
0.01148966
-0.1973737
0.04049381
-0.1760389
-0.053144634
-0.080337554
-0.022242274
0.05119163
0.0913372
0.00962199
0.009563326
0.07106041
-0.050063267
0.0720176
-0.10169142
-0.03903438
0.06935262
0.12948672
-0.087629035
0.067405246
0.036534574
-0.03058141
0.11550828
-0.024719937
-0.17073728
-0.03920001
-0.13597718
0.02107044
0.038629398
0.025023988
0.19768348
0.01105362
-0.030237554
0.019909576
0.025027901
-0.009440687
-0.05852815
-0.23497981
0.08518684
-0.12310963
0.18179634
-0.015019827
-0.13506906
-0.014736486
-0.025545483
0.053620994
0.006156044
-0.14576268
-0.097769134
-0.071554445
0.052809548
-0.062189266
-0.034885503
-0.09042449
0.0032516413
0.0845681
-0.042765416
0.10069014
-0.027075818
0.027299432
0.09348934
0.020097876
0.06730832
-0.03431299
-0.09711192
0.062949955
-0.031418994
-0.035115127
-0.11296157
-0.066581376
-0.1605019
0.19502787
0.008640101
-0.1597661
0.096717186
0.13766749
0.039835803
-0.10907431
0.086035796
-0.060111716
0.027773848
0.0672693
-0.011072855
0.08784524
0.026993085
-0.06439631
-0.05717899
-0.036696777
0.061538115
-0.091364786
-0.10877757
-0.1912082
-0.13727358
-0.07707585
0.024226993
0.038248274
-0.14936343
0.037599728
0.042172138
-0.13227803
0.015886975
-0.048313342
0.09155538
-0.10197486
0.1486234
0.123314686
0.016202027
-0.02430087
0.09284676
0.055970173
-0.010721651
0.11343837
-0.04291923
-0.080659665
0.011620865
0.0071209706
0.07915971
0.047911935
-0.06570936
-0.111078374
0.07667197
-0.1119762
-0.062139645
-0.1334995
-0.0607648
-0.020282289
-0.07834335
-0.08693213
-0.12320721
-0.061154276
0.01620445
-0.061446033
-0.021553298
0.052901953
0.11148717
0.024733339
0.07317394
-0.06050203
-0.058001418
-0.13888744
-0.017233925
0.13953611
-0.015840063
0.017448628
-0.008476556
0.001711719
0.0735159
-0.09237637
0.06700931
0.0013987813
-0.031528104
-0.062162228
0.017976511
0.008954403
-0.027431319
0.114037074
0.018185787
0.007684238
-0.12794903
-0.075050905
-0.035459224
0.07803734
-0.0075292145
-0.13595116
0.08297936
-0.017570766
0.061392486
-0.0159353
-0.09095265
-0.010914788
-0.07673571
0.0665045
0.06999805
-0.0075611323
0.0026913723
0.060407713
-0.13519076
0.061327025
0.015875205
0.027938664
-0.026256945
0.0022268975
0.06325314
0.21382189
0.09330373
0.06449171
-0.02211721
-0.013906726
0.0062697283
-0.028895753
-0.07119706
0.07942183
-0.031937514
0.0034089924
0.080228284
0.070472434
-0.1274766
0.020037096
-0.030884173
0.050282396
-0.0032294316
-0.04361265
0.09836837
0.041594554
-0.021382371
0.05349101
-0.06452063
-0.04358694
-0.11479961
0.098565295
-0.05584222
-0.00289213
-0.06724242
-0.040813614
-0.041203618
0.15643455
-0.102907054
0.06952151
-0.0399239
-0.066330895
0.014421294
-0.03711341
0.03609527
0.00824836
0.0005899329
-0.008672169
-0.11765006
0.037557904
0.10554353
-0.111700356
0.014619798
0.018804096
-0.06603514
0.017879616
-0.1112559
0.1286711
-0.025486093
0.07824452
0.055136148
-0.044136647
0.046800274
-0.097663224
-0.0058189468
0.067113385
-0.08415606
0.046953626
0.029473241
-0.040516105
-0.07559364
-0.06540702
-0.08921991
-0.015732497
0.08433806
-0.094883226
0.028905867
0.05559267
-0.020005194
0.03162286
0.05479895
0.009232395
0.028075095
-0.032139882
0.15283431
0.05690954
0.06589436
-0.004653646
0.057742685
-0.0018315052
0.039994232
-0.034814388
0.07996209
-0.035333116
0.0019683577
-0.037181623
-0.06651233
0.12118215
-0.025911419
-0.03290004
-0.07850367
-0.022083988
-0.0782447
0.039794352
0.03127789
0.008180347
0.094046995
-0.009977824
0.00157353
-0.15697162
0.14779606
0.010366208
-0.051222958
-0.03425064
-0.076498926
0.049298503
0.11481267
0.07295724
0.06344238
0.13590102
-0.18045917
-0.08894005
-0.0034728458
0.08943907
-0.06980605
0.011811191
0.13143682
-0.0767798
-0.08622301
0.044195045
0.12096506
-0.0764124
0.09803485
0.15554485
0.09066405
-0.0071602124
-0.124838516
-0.09461613
-0.16346814
-0.08215831
0.016394459
-0.052171282
0.013754238
-0.07035406
-0.09897059
0.020397957
-0.071424305
0.0048385924
0.104988426
0.09428623
0.13606752
0.05632162
0.075107045
-0.06072393
0.114452094
0.09850535
0.06746957
-0.0057704826
-0.10976823
-0.012674181
0.047186032
0.044150136
0.00878129
-0.031885974
-0.072559506
-0.009021741
0.044455193
0.046571214
-0.08273037
0.070098594
0.07781698
0.06862779
0.13210024
-0.02114598
0.09566302
-0.11980376
0.09761778
0.00027762834
0.06065213
0.10154775
0.058567613
-0.020124009
-0.090767674
-0.08202992
0.05710458
0.10581632
0.04027813
0.1341977
0.08030599
0.05397322
0.10898274
0.101239376
0.050880667
0.01106412
0.14603023
-0.03502847
-0.09409432
-0.025111828
-0.07783936
0.06190995
0.139372
-0.05409068
0.024947777
0.0008805318
-0.09930856
0.057534404
-0.07572639
-0.075306214
-0.037159137
0.17795737
0.17771201
0.12878194
-0.019789593
0.11270577
0.015617547
0.02481269
0.045143254
-0.017571121
-0.0104157915
-0.13879402
0.05029405
0.045795783
0.089474365
0.00890745
0.036866214
0.058500104
0.09455355
0.008143396
-0.08820875
0.009304133
0.08313272
-0.053215113
0.09912539
0.11169602
0.0070619704
0.040643957
0.10070647
0.042891394
-0.037960704
-0.030224394
-0.0015194148
-0.008105978
-0.062800534
-0.034057762
0.083221756
-0.04300006
-0.014429847
0.015866047
0.09136823
-0.0071443794
-0.055714387
0.011978078
-0.025212556
0.059410598
0.105609305
0.07669481
-0.06154268
-0.05434562
-0.046353266
-0.07548217
-0.10249956
0.08631299
-0.011705811
-0.03591852
0.038401015
-0.13107252
0.051577777
-0.022833347
0.018808763
0.033812225
-0.09058192
0.05789456
0.076496154
0.018959371
-0.058884043
0.10017827
0.04041579
0.041876692
0.00922488
-0.0076178564
0.039941005
-0.083638966
0.02318488
0.12023459
-0.09340875
0.104318365
-0.10681416
-0.010780141
-0.0067242766
-0.046804264
0.03616232
0.014436813
-0.017590651
-0.07601505
-0.03384252
-0.07465137
0.04255917
-0.05865582
-0.014697181
0.091415994
0.076261155
0.09019756
0.093214504
0.09832228
0.030274335
0.13031416
-0.040630866
-0.04905204
0.033970777
-0.11554175
0.0646041
0.048472703
-0.13104405
0.032652937
-0.056024343
0.0042449217
-0.12412783
-0.054325834
-0.106799476
-0.03381091
0.089583874
-0.08145871
0.07840664
-0.062290344
-0.08747644
-0.1511123
-0.12867574
0.10517322
0.04707997
-0.124844424
-0.036096744
0.062822185
0.019137857
-0.061480585
-0.027499681
0.05719171
-0.030042946
-0.022700682
0.16930862
-0.09837693
-0.14557941
0.14054427
0.036830526
0.059267968
0.15646671
0.034463175
0.02450741
-0.06812195
0.000828881
-0.005503746
-0.05756836
0.029962163
0.0143767
-0.114672385
0.017190345
-0.087806284
0.021947576
-0.1466803
0.0016790973
0.042502582
-0.06491302
0.07992087
0.12020325
-0.063383386
-0.11468317
0.10987714
-0.04377612
0.10105967
0.0019924075
-0.09772093
0.023292303
-0.11861712
0.13030426
0.03005375
-0.02741569
-0.09523242
-0.10925213
0.07068115
0.113493055
-0.08279268
0.10877948
0.084529236
0.03461585
0.04080513
-0.10896662
-0.0431586
-0.03557315
0.052635934
0.033396762
0.089684315
-0.008878227
-0.10094607
-0.019459762
0.11025406
-0.026913803
0.01333347
-0.05957674
-0.08472205
-0.18904066
-0.11484417
0.022686368
-0.03538594
0.05867441
0.040616307
0.06352478
0.06940885
0.03669549
-0.13077769
0.022388674
-0.047812156
0.066571884
-0.08004012
0.016278235
-0.07196662
-0.06938654
0.02196826
0.025900414
0.12480385
0.0978403
0.046538837
-0.026949182
0.115306035
-0.039910935
-0.012411513
-0.024523215
-0.11084326
-0.059725024
0.0999029
-0.11509277
0.033757154
0.013496452
0.016378928
0.05929435
0.034472886
-0.059945602
-0.015747238
0.024100345
0.047603194
-0.11474661
0.007434793
-0.14289369
-0.0012370277
-0.067530125
0.09712444
0.0025011038
0.029437514
0.021506842
0.16102625
0.022132333
0.20420218
0.15317689
0.0018427676
-0.19726922
-0.068497665
0.118448615
0.05591446
-0.104606465
-0.06356175
0.058123864
0.04208999
-0.017443676
-0.22322239
0.1694297
0.088038094
-0.013025112
-0.039553106
0.013605583
-0.020224668
-0.1705613
-0.08267584
-0.26289436
-0.0355203
-0.01778448
0.016389009
-0.0044922642
-0.0649236
0.0265283
-0.050138697
0.06286389
0.026674893
-0.06435084
0.087535135
0.07372142
0.08901893
-0.18132186
-0.096687384
0.2836778
-0.0020065454
0.30913836
-0.32224774
-0.08771455
0.07168087
-0.18877089
-0.069627956
-0.06978855
-0.100479424
-0.10072524
0.04705768
0.030071836
0.032214828
-0.06010915
-0.24418123
-0.157904
-0.20228536
0.22579364
-0.10526442
-0.0493148
-0.05048585
-0.0040912204
-0.046047576
0.08782484
-0.072917745
0.26816717
-0.04252058
0.06730055
0.115271725
0.12667385
-0.18228959
0.0011173373
-0.049429912
-0.10136226
0.20002446
0.086179145
0.023688639
-0.045497112
-0.033040684
-0.08988791
-0.21515462
-0.015382826
0.02248255
0.0031160016
-0.042384252
-0.0019810249
-0.09576758
0.012762534
-0.011223115
-0.07457582
-0.05090167
0.025163768
0.008759132
0.0442886
0.042521406
0.18111615
-0.10764661
-0.0057316497
0.0077723926
0.07349185
-0.06792007
0.018053979
0.05312428
-0.14586759
-0.05872949
0.055214774
-0.009285067
0.0852747
-0.04247877
-0.26032645
-0.0143234
0.1863048
0.017822545
0.037753403
0.15554145
-0.08037916
0.073777266
0.28198877
-0.06035694
-0.063467786
-0.049398005
-0.035157856
-0.041359507
-0.06818183
-0.17304268
0.16589233
0.13189407
0.008672484
0.21705127
-0.012148626
0.060808975
0.00027983944
-0.026165117
-0.10798792
0.047923837
-0.073772475
-0.0008278567
0.033018023
0.015255552
0.018021502
-0.10575909
0.07935078
0.026294658
-0.07032204
0.08303609
0.020551067
-0.13981935
-0.027004864
-0.00089419313
-0.087644346
0.16204314
-0.060999125
-0.11934159
-0.071463645
0.07223452
0.05686004
0.067270964
0.07057565
0.06767158
0.072124764
0.018904896
-0.056722436
-0.057714567
0.040736217
-0.056764565
0.09360287
0.006499383
0.08517065
-0.12954736
-0.023419911
0.014587874
-0.10426189
-0.007686322
0.054411083
0.05061117
-0.027992273
-0.04806825
0.10337435
0.027695622
0.00092526426
0.0994643
-0.052982368
0.0072965627
-0.18485236
-0.038558457
-0.09842063
0.09614481
-0.10933953
0.062045332
-0.03511054
-0.008610193
-0.0006590191
-0.0152157
-0.007216897
0.15303867
-0.10150067
-0.055505883
0.078283146
-0.077329814
-0.0409604
-0.06865329
0.0998176
-0.05267531
-0.12119095
0.07807253
-0.10395946
0.044877708
-0.095192075
-0.03353623
-0.04911791
0.04045335
0.0043606036
0.053499494
-0.035865977
-0.01422038
-0.018380808
0.11499682
-0.09839971
-0.082703024
-0.058561247
0.07294958
0.111625135
0.009610064
0.08250827
0.12960139
0.13543707
-0.020973895
-0.10761185
-0.022861412
0.051262986
0.0364236
0.07249073
0.06934658
0.06768313
-0.029342026
-0.04001296
0.060968462
0.06477371
-0.06250554
0.070345215
0.037915524
-0.11700037
-0.09253091
0.052102137
-0.03957537
-0.10978068
0.024960812
-0.06904512
-0.08206212
-0.023894498
0.06407934
-0.065200076
0.09180086
0.009483567
-0.031995535
-0.008830176
0.04787142
-0.020174239
-0.07612773
-0.020441813
0.09152823
0.09056956
0.039779402
0.14124559
0.08487593
0.030288756
-0.09267393
-0.048539918
-0.04735017
0.14283517
0.12046787
0.084653415
0.080626175
0.09707607
-0.0006152016
-0.07816118
-0.08056076
-0.07159225
0.08867836
-0.033089582
0.032356095
0.09311866
0.05247966
-0.05649861
-0.08280898
-0.0766729
0.09611873
0.011985874
-0.03135805
0.07385083
-0.07147474
-0.0074989065
-0.04182135
-0.12376554
-0.104704335
0.100982934
0.010177741
-0.03388861
-0.08041275
-0.078540295
-0.06842023
-0.11698157
0.026587464
-0.04101536
0.07895433
-0.03460608
0.012406006
-0.09621715
0.031651974
0.029637247
0.032456443
-0.06725502
0.054501355
0.0049703065
-0.07392488
0.005725778
0.118483454
-0.017095534
-0.072131425
0.09400454
-0.0392754
-0.1554991
0.052294448
0.011031759
0.07747265
-0.06337055
0.042722024
-0.117391236
-0.01742897
0.01088307
0.09411145
0.04808726
-0.0045259846
-0.08511011
0.05074097
-0.041452665
-0.0022851133
-0.0030968874
-0.020158468
-0.023124307
-0.09431487
-0.10979345
0.09778126
0.06885627
-0.07374302
-0.023401134
0.1086397
0.11319018
0.04566394
-0.006403373
0.026099136
0.0737225
-0.06840301
-0.054889135
0.06484765
-0.056626666
-0.11926762
-0.08995925
0.0008632503
0.1085705
0.09854339
-0.021624543
0.07449288
-0.046676572
-0.094242275
-0.07715665
0.04400079
0.11760471
0.100416586
0.07355832
-0.071228996
-0.1121661
0.062305503
-0.11016499
-0.01027646
0.14824626
-0.07347692
-0.03863594
-0.08150608
-0.08249309
0.07420401
0.08745606
-0.10367597
0.08488661
0.10092106
-0.06866226
-0.045118313
0.011212449
-0.008423418
0.05906018
-0.11414911
0.00628587
-0.092524834
-0.08996605
-0.069757655
0.09259856
-0.12933202
0.12440317
-0.10574801
0.07841921
0.047145944
-0.07897515
0.08368011
-0.047753356
0.09897592
0.037430216
0.15750025
0.07437029
0.014109066
-0.026141185
-0.020405533
-0.08338975
-0.06506433
0.0018376359
-0.057733305
0.018685747
0.112038724
-0.08170506
0.033986196
0.026550509
0.025439382
0.09762317
-0.099716425
-0.016696345
0.036855355
0.040715188
-0.13089935
0.0060973535
0.11977281
0.0575993
-0.073585115
0.019115968
0.109813705
-0.035046525
0.07699248
0.10499602
0.040109
0.07811296
0.124499895
-0.020396056
-0.07805455
0.014979813
0.056656934
0.020237364
0.15410277
0.11534534
0.0797952
0.13513297
0.05851433
0.014182269
0.11060078
0.030789368
-0.045078725
0.07863967
-0.05599823
-0.07627398
-0.09802869
0.059109148
-0.0483531
0.045304228
0.110361874
-0.081406154
0.03229426
-0.10699939
0.04613554
0.08008216
-0.08266639
0.06626705
0.089771934
0.109752424
0.089830145
-0.06576813
-0.00042776563
0.08439935
0.07133083
0.0756669
-0.024034876
-0.07550311
-0.114833325
0.07122869
-0.09223482
0.0925331
-0.10263531
-0.13563782
-0.0027825944
-0.0636758
0.017915228
0.014233355
-0.08594675
-0.00759884
-0.02681092
-0.01222626
-0.0850189
0.040159516
0.020807633
0.10800182
-0.082863174
0.06211244
-0.03405752
-0.08809111
0.10195219
-0.08447147
-0.071006134
0.15855728
0.0021147025
-0.122946985
0.009096907
-0.07310214
0.01066356
0.16519517
0.031142883
0.08068525
0.005219543
-0.05865821
0.11087005
0.031199224
-0.0052796854
-0.07994621
-0.024105562
-0.03918517
0.06136983
-0.06993544
0.11635989
-0.087666765
0.056574713
-0.022334274
0.13165659
0.060030475
-0.060912725
-0.10385992
-0.091745555
0.015035799
-0.040684678
0.07997135
0.005974094
-0.038364038
0.034057595
0.045528904
-0.12942986
0.08974789
0.117786385
0.027727097
0.0017968051
0.06474886
0.1315617
-0.023379667
-0.11890452
0.06719792
0.012378815
-0.035474386
-0.14951889
-0.0625471
0.09017739
-0.11576335
0.11259569
0.06576091
0.07482486
-0.07236529
-0.033794865
0.047575634
-0.11704815
-0.054653898
0.06240423
-0.0308324
0.055669803
0.09158407
0.0970033
0.0565979
0.025953438
0.043124985
0.06744967
0.031479705
-0.043857705
0.08013462
-0.009572104
-0.0010177285
0.03165951
0.08093036
0.15607065
0.10763156
-0.0035309752
0.008666177
0.12820056
0.05335921
0.08314639
0.037128516
-0.037602503
0.051410146
-0.050201125
-0.014196779
-0.0777452
0.096017055
-0.003680263
-0.034486726
-0.0034898438
-0.025399445
0.065721385
0.115680434
0.13484067
-0.06081586
0.1401115
-0.09861622
0.021367863
-0.010382005
0.12812422
-0.062643185
-0.087699376
0.032225166
0.035924666
-0.044272814
0.001558799
-0.06497312
-0.042784173
0.1000105
-0.108590655
0.021814032
0.028269313
0.0030688809
0.10645384
0.04087273
-0.040022444
0.09310703
-0.04084781
-0.03812326
0.06001897
-0.102523535
-0.11909533
0.08874295
0.066549785
-0.14821523
-0.114215106
0.16702546
-0.026540158
-0.043901082
-0.012260543
0.004064884
0.06361553
0.051823337
0.02656107
-0.03924766
-0.002517415
0.07911104
-0.08684236
-0.063330404
-0.15681781
-0.039573178
-0.18468659
0.04729155
-0.008489294
0.032223128
-0.09481533
0.07915827
-0.042175364
-0.09897761
0.015417748
0.056641422
-0.1296482
0.14612831
-0.061251793
0.024652975
-0.059941962
-0.06289374
-0.09870967
-0.053406764
0.07011642
0.11249714
-0.040200133
0.09806406
0.06342647
0.043767214
-0.093330525
0.056456182
-0.04965753
0.058900606
0.18000735
-0.10134285
0.047677323
0.114597335
0.0064959363
0.11194907
0.10478895
0.025792403
-0.018793782
0.03298547
0.05134953
-0.12313861
0.0034238908
-0.14371601
0.14767334
0.1465227
-0.012280478
0.18582033
-0.0013289812
0.034305632
-0.08816212
0.066329
-0.058373716
-0.09848166
-0.022252582
0.026574152
0.0003198394
0.057609364
0.050410707
-0.009197297
-0.0762599
-0.062017567
-0.07730652
-0.03154196
0.14295962
-0.07988341
0.010307237
0.042942926
-0.04454103
0.0810115
-0.014203883
-0.00988117
-0.06833003
-0.13026848
-0.010118882
-0.06581043
0.0818893
0.1247597
-0.0010970358
0.008017657
0.09760727
0.12696633
0.028776266
0.19371034
-0.07279674
0.018827569
0.008846935
-0.0701168
0.013061817
0.10530609
0.08219557
-0.0594964
0.12867154
0.12881584
0.078507625
0.1462777
-0.030439071
-0.104340345
0.1675227
-0.021326037
0.13737985
-0.10815316
-0.036840934
-0.10323009
0.08963954
-0.013301536
0.09635648
0.09378056
0.036200978
0.02252294
0.17395845
-0.028591063
0.046362534
-0.1645882
0.14435124
-0.116345994
-0.0011564511
0.084593095
0.06945484
0.003039741
0.1262027
-0.039799757
-0.055470422
-0.0004635157
0.07310193
-0.01215465
0.079412885
0.034070935
-0.10329471
0.094510674
0.17013194
-0.001309697
-0.026933586
0.058121424
0.0063091908
-0.044936292
0.17091225
0.0425706
0.011083308
0.09850894
-0.07345678
-0.072884075
0.14189234
0.061165597
0.107122205
-0.05276774
-0.08123627
-0.01717412
-0.056012005
0.06657968
0.034252536
-0.07610136
-0.028553603
0.013415413
-0.093867466
0.0016151264
0.113789245
0.046517257
0.024695534
0.011276568
-0.07783394
0.031927202
-0.164203
-0.0056678164
0.089744404
0.045013595
-0.064172365
0.052661628
-0.0059328796
-0.07591472
0.053477045
-0.08021623
0.1356643
0.058666788
-0.035903696
-0.03115625
-0.12560108
-0.093052894
0.016047904
0.03314644
0.041016426
0.043257557
0.076004505
-0.028127521
-0.07703629
0.052031036
-0.03781006
0.025150897
0.08162431
0.06397149
-0.04917794
-0.040457103
-0.021698462
0.117154054
-0.02938432
0.17779782
0.04053437
-0.050768923
-0.09284405
-0.028983658
-0.053690776
-0.115361266
-0.08588204
-0.27114844
0.023055708
-0.10723644
0.10996081
0.13498783
-0.04651304
-0.102158144
0.025080647
0.010445492
0.092063285
0.01861903
0.014483457
-0.080864005
-0.17438893
0.021948256
-0.012212061
0.060022097
0.049276207
0.072084546
0.04702865
-0.07622258
-0.076576896
-0.068019666
-0.07098422
-0.118779935
-0.07726853
0.06621129
-0.1338712
0.002517141
0.08531553
0.12631615
0.089909405
0.010699892
-0.04074992
-0.0484334
-0.069394656
-0.046588987
-0.014646299
-0.0730233
-0.019322779
-0.078096144
0.051267274
-0.028493373
0.02571612
-0.0036357534
-0.025108023
-0.00053220714
0.04385955
-0.117191836
0.10462785
0.091198735
0.08932018
-0.08152205
0.010436477
-0.03135636
0.12170876
0.07155985
0.073277816
0.078616776
0.1024847
0.050249003
0.09712794
-0.10382352
0.055967703
-0.097142
-0.086599536
-0.11105751
0.10643005
0.05117889
-0.07081975
-0.025207398
0.13669357
0.11828122
0.036899347
0.11266936
-0.0146971
0.007008973
0.007881227
-0.04418179
-0.05004253
-0.00357161
0.11856823
-0.06684746
-0.059962083
0.064680256
-0.020692965
-0.041689117
0.010602721
0.056475513
-0.034260955
-0.054691214
0.14250708
-0.016931001
-0.060567584
-0.03962351
0.044215254
0.055365358
-0.057834256
0.0771228
0.10461368
-0.0037922598
-0.06304541
0.034480903
0.079414606
-0.09770326
-0.07121948
-0.02147228
-0.02592979
-0.11402871
0.012925175
-0.052253973
-0.052164733
0.065510415
-0.020686563
0.121472776
0.03534496
-0.035915796
-0.13149346
0.15132597
0.011618103
0.08714554
0.07715882
-0.05053588
0.092961974
0.0074015837
0.068647146
0.08432721
-0.068510436
-0.02616457
-0.11827411
-0.016844688
-0.0026088767
0.07439146
-0.058667272
-0.05762399
-0.013607819
-0.05923363
0.038019788
0.0938177
0.071871966
0.05958887
-0.039649688
0.03138204
-0.034503013
0.11888413
0.016206443
-0.04971071
-0.014501259
0.08902474
-0.13440663
0.14010966
-0.0208372
0.057241473
0.029291695
0.024929443
0.053099636
0.07559634
0.09034455
0.060108732
-0.047019742
-0.07296366
-0.106217355
0.05136805
-0.047868624
-0.061598707
0.08806523
0.08487245
-0.02326237
0.11250088
-0.011061054
-0.07314921
0.010379407
0.030869162
0.017843934
0.013438492
-0.0011498192
0.070516154
-0.0055884407
-0.11091465
0.08019058
0.042157948
-0.09626183
-0.102534905
-0.08525635
0.13163368
0.11713497
-0.11028458
-0.013129046
0.11373086
0.090351455
-0.07749542
0.011057123
-0.039494496
0.068074614
0.15272494
-0.045628976
0.06544372
0.092560224
0.028270353
-0.025305515
0.037639912
0.074984856
0.1359787
-0.04091243
-0.057840526
-0.1147699
0.15059865
0.08836982
-0.0838153
0.08922951
-0.12407569
0.040845647
-0.053359922
0.106071495
0.0640773
-0.04078005
-0.0076636416
-0.09667341
0.053872302
0.040641785
-0.053623788
0.051399607
0.02879412
0.0007094831
-0.0015830164
0.07578758
-0.028634354
0.05959282
0.03179574
-0.034322783
-0.06501153
0.19036171
0.04646734
0.033568878
-0.06506754
0.011053075
-0.0256152
0.065007545
-0.09139752
0.09259782
0.06846793
-0.04627305
0.07801473
-0.17156039
0.0020354104
-0.048610672
0.06640906
-0.07521897
-0.004830112
-0.02415337
0.055003252
0.095895305
0.0011404858
0.06877285
0.10688003
0.12652875
0.06933904
0.040134057
0.07245206
0.058150105
0.10652274
-0.00020228406
-0.02505212
-0.08105537
-0.028783211
0.14694804
-0.050062303
0.0045991465
0.11329969
0.037668686
0.065810464
0.02555402
0.09240017
-0.057702646
0.115195855
-0.03859789
0.07850484
0.059331875
-0.09406054
0.057423454
-0.020846508
-0.010830617
0.06038451
-0.0812887
-0.1159019
0.033596545
0.09416222
0.032382414
-0.045661345
0.06235977
0.10761555
0.08602616
-0.100242145
-0.06561459
0.07546603
0.017697094
-0.1448686
-0.013149923
0.06168322
-0.09101689
0.10349338
-0.03955861
0.019710846
-0.07983147
-0.05732322
-0.0894639
-0.01971773
0.009634076
0.04922522
0.0901437
0.03780085
0.10077961
-0.0580646
0.005547155
-0.07071451
0.07900693
0.07591033
-0.017113382
-0.081231326
0.00844122
-0.015520133
0.04124435
0.076168835
-0.048211448
-0.075249195
0.071451455
-0.08695225
0.08910691
0.08359929
0.013221079
0.06367189
-0.02251144
0.09382719
0.030976845
0.08928991
-0.023327954
-0.12271766
0.097322814
-0.1009256
0.0073880902
-0.08346848
0.10949277
0.07884655
0.08988671
0.040591028
0.10994506
0.117931135
0.026790965
0.04827756
-0.016523886
0.02733131
0.092103526
-0.01993154
0.10667114
0.0059226006
-0.023728365
-0.014565214
0.034938063
-0.109386005
0.035761535
0.003904506
0.11614023
0.12420884
0.06501968
0.044628993
-0.05023098
0.011589354
0.09200444
-0.021105804
-0.089029394
-0.022493677
-0.0868975
-0.085901946
0.095575966
-0.06977753
0.0033977577
0.032911472
-0.091811106
-0.015343992
0.06703465
0.061622117
-0.052683122
0.053198192
-0.026614854
-0.023746109
0.017829949
-0.09371682
-0.0077194707
0.037171196
0.064825945
0.16060127
0.018845467
0.07051211
-0.054280825
0.032931536
0.0763949
0.09852751
0.0038461909
0.07799332
0.11880625
-0.06111715
-0.07199274
-0.056745626
-0.092546985
-0.009414487
-0.12257568
-0.04686372
0.0469225
0.13012916
0.018139755
0.119472
-0.0059906356
-0.0050607026
0.16275775
-0.0861519
0.11668193
0.06196246
0.066558234
-0.085235395
0.111431114
-0.029031098
0.14135018
0.024296079
0.10973191
0.09598728
0.09857067
0.016809223
-0.04974251
-0.03595296
-0.05652427
-0.035792526
0.08367149
-0.03433998
0.12216615
0.049904045
0.12331357
0.0049163233
0.0045121117
0.10492597
0.13708714
-0.051202998
0.007655826
0.09181891
0.0022795147
-0.07237052
-0.026029553
0.00206393
-0.07849921
0.017319132
0.101582326
0.00079530064
0.026247343
-0.049175035
0.10711561
0.00044536186
-0.028738933
-0.020685298
-0.06010521
0.045963466
-0.07464046
-0.07525863
0.055528324
-0.14079335
0.02037375
-0.06802808
0.14501676
-0.10216278
-0.042841576
-0.00456329
-0.007724641
0.049046867
-0.06542381
0.12542471
0.18551937
-0.018958846
0.06933353
0.096147515
-0.07433137
-0.021817308
-0.05037021
0.14646715
0.19061302
0.11303321
0.047716223
-0.05969719
0.04026415
0.056084298
0.06391173
-0.034345273
-0.025131617
0.08288608
0.09373823
-0.10817969
-0.120418996
0.07655256
-0.16804145
0.05306041
-0.055623785
-0.11445825
-0.12504843
-0.04648954
0.07576272
-0.14847766
0.10072106
0.030195652
-0.000945082
-0.035844788
0.014215049
0.095705755
-0.018295286
-0.08532382
0.044014532
0.04441475
-0.0069341706
-0.052420992
-0.13359077
0.11869122
-0.010936629
0.08081847
-0.049703524
-0.10357414
-0.041514296
0.025675112
-0.03740524
-0.049686283
-0.1018476
-0.030442528
-0.09001617
-0.055591486
-0.08227829
0.15822122
0.007894863
-0.06253253
-0.051908348
0.1435574
-0.02301857
0.017119164
0.038500223
-0.021652725
-0.11351023
-0.0012706266
0.15979052
0.018854922
-0.03563939
0.022247618
0.06307682
0.056619138
0.013960611
0.13194121
0.04591022
0.0015608591
-0.02406407
0.036227476
0.10793051
0.052819297
-0.027493812
0.04849894
0.011464708
0.0671523
0.00890608
0.09595458
-0.10076694
-0.1555507
0.030479552
-0.075422674
-0.040515844
-0.07582488
0.0013409108
0.086391814
0.087914504
0.04950305
0.120115206
-0.025564846
0.0049879705
-0.06533106
-0.07366249
0.17514238
-0.0052083544
0.16522686
0.041182518
-0.005763521
-0.012073353
0.022614857
0.08408125
-0.08292565
-0.12279513
0.010146673
0.017840156
-0.11950546
0.03211356
0.00906618
-0.1492265
0.059569996
0.09370195
-0.025960173
-0.07757328
-0.06320682
-0.0050760773
-0.05781448
-0.14191143
0.030166244
-0.015583972
-0.06346029
0.0934095
0.059718434
-0.04586849
0.11944969
-0.0025493351
0.13596031
0.028614445
-0.12748353
-0.09229121
0.012428044
0.0009317444
0.07667793
-0.075083196
-0.05218651
-0.101016544
-0.03829985
-0.045998216
0.0250148
-0.022025447
-0.0069831717
-0.1381653
0.0858755
-0.09347244
0.122052245
-0.13052054
0.015101608
-0.03783967
0.11236244
0.034325365
0.03307082
-0.037759405
0.038030557
-0.10049322
0.057486158
-0.011069165
0.07744014
0.029239463
-0.14558062
-0.12505874
-0.08899355
-0.0923443
-0.1276796
-0.025141047
0.023177644
-0.10010473
-0.084318444
-0.056391597
-0.00062593666
0.1295542
-0.06746531
-0.002528977
-0.10252057
-0.04640206
0.018365256
0.048774198
0.030143565
-0.06280361
0.022887137
0.027705375
0.14783522
-0.030622391
0.07039322
-0.05187163
0.008897753
-0.050135374
-0.05512435
-0.05935114
-0.018374799
0.08891264
0.05041309
0.01636778
0.07913291
-0.02221637
0.043444645
0.038193054
-0.066362225
-0.023513218
-0.010592314
0.07079252
-0.12126454
0.063377894
0.08090198
0.010412285
-0.0109663075
-0.040504303
-0.057291858
0.030681496
0.035056252
0.018046333
-0.0034178274
0.07953455
-0.106333464
-0.06801367
-0.0044840644
0.04843191
-0.059696183
0.07325387
-0.03184191
-0.072450034
0.07334533
-0.08399626
0.016277507
-0.043868724
0.14843188
-0.08951391
-0.117162436
-0.07445207
-0.07975613
-0.07314193
0.05706799
0.0130519485
0.06357089
-0.054482307
-0.10052255
0.10301337
-0.057152838
0.072175354
-0.069294184
-0.068126395
0.020616252
-0.12492383
0.033214383
0.0013816203
-0.030252134
-0.022981059
-0.18425855
-0.14796907
0.06755722
0.0068016774
0.010934273
-0.010317906
0.07234552
-0.034576964
-0.0718984
0.13361512
-0.06926708
-0.11245101
-0.15576765
0.06705834
0.019674757
-0.06996212
0.051158696
0.011722745
-0.085920006
-0.022460552
-0.018565137
0.08804195
0.13364805
-0.14129545
0.06582525
-0.054007865
0.06503427
-0.13210104
-0.07539357
-0.15507296
0.04847307
-0.014667053
-0.13203631
0.02160985
0.10030706
-0.11809405
0.036020584
-0.073432535
-0.028706666
0.10493271
-0.053297892
-0.07521054
-0.13706747
0.06886677
-0.05630742
-0.16995338
0.08609602
-0.1198339
-0.08986754
-0.0652148
0.09058422
0.033956487
-0.035289735
0.03983133
0.04561351
-0.019456312
-0.01825772
0.005904965
0.04391268
0.022022622
0.04509516
-0.0067903423
0.02721155
-0.10130127
-0.04299445
-0.028352251
-0.07664957
0.030646104
0.07859504
0.010486367
0.071146175
-0.06669374
0.014005657
0.10848521
0.08900397
-0.077404946
-0.07054842
-0.11714368
0.041655462
0.034775868
-0.058636446
0.022282641
0.09998386
-0.10815066
0.11621304
0.062223464
0.06400897
0.013286271
0.07682981
0.111240655
-0.14719377
-0.09802466
0.014641786
0.09653512
-0.0830448
0.037371866
-0.072442606
-0.019775871
-0.04493256
-0.039005984
-0.08379384
-0.030533725
0.07970386
0.0877303
0.17691392
0.052642785
-0.13562815
0.16999671
-0.078231394
0.053773705
0.073726304
-0.14057022
-0.097043045
0.11839969
-0.056779344
-0.15564947
0.030324921
-0.05316274
0.07501215
-0.06796978
-0.04370356
-0.015081779
0.08503113
-0.03745077
0.06615254
-0.013933014
0.14946382
0.05042262
0.0050117094
-0.10038948
-0.055033695
-0.015221077
-0.09974676
-0.055360325
0.115506336
-0.045326523
-0.105511636
-0.02266212
0.076655425
-0.084601454
-0.101474516
-0.10085699
0.059738755
-0.056985527
-0.12895182
0.053401187
0.07499531
0.053218637
0.041773926
-0.17166696
0.04942361
-0.027661677
0.10391456
0.07464189
0.09415977
-0.08091848
-0.032357194
0.115937814
0.028105795
-0.03530667
-0.02236522
-0.12067093
-0.03786771
0.05834209
-0.019082267
-0.0042545167
0.031959232
0.061427567
0.03302511
0.10280493
-0.0722937
-0.09605689
0.09916881
0.1038099
0.09010346
-0.14166538
0.018042479
-0.052780565
0.12545729
-0.10974537
0.12294428
0.0210202
0.016592931
-0.05510909
-0.13063933
-0.0795005
0.15806432
0.17163451
-0.06824788
0.03723559
-0.09030374
-0.008248608
-0.13714463
0.061134424
-0.0074689
0.041470453
0.04465406
-0.04558299
-0.001995341
0.0154188685
0.040463887
-0.046084423
-0.09442473
0.036297653
0.02100106
-0.05323887
0.03902861
0.009888542
0.04570071
0.03165219
-0.03529712
-0.0069150557
0.015427651
0.083293356
0.01597096
-0.12922536
-0.045447998
-0.1032668
0.04790858
-0.044366304
-0.11309118
-0.0784802
0.034448445
0.11841305
0.077673435
0.069766
-0.113364875
-0.03794583
-0.04695059
0.08135981
0.082893476
-0.075515315
-0.037953846
-0.033183098
-0.04803723
0.040358294
0.04062316
0.051659826
0.107215956
0.063373886
0.11597209
0.01319102
0.10889547
-0.06330199
-0.06882835
-0.10322639
0.05848436
-0.04268008
0.029875295
0.08951203
0.12453207
0.09552733
-0.09879017
-0.1154807
0.12041429
0.014889207
0.024901466
-0.038482644
-0.049018744
0.13851637
-0.07373191
0.052152593
-0.06336773
-0.13919125
0.099729665
-0.045448195
0.13514893
0.09313413
-0.10433422
-0.11365098
0.10757428
0.12872323
-0.0026216782
0.012474321
-0.015416879
-0.00062793505
-0.059560474
0.009755117
-0.11657582
-0.062345486
0.056590028
-0.07450023
-0.0068691573
-0.09397175
-0.109244876
0.06296754
-0.013747685
0.17227246
0.020391788
0.030825622
0.09599564
-0.09097657
-0.127815
-0.110969976
-0.009206774
0.0038130635
-0.091199964
-0.086884096
-0.19982554
-0.069091454
0.013308895
-0.0101676835
0.15888214
0.017084936
0.0207806
-0.01583181
-0.11374547
0.104633614
0.08463889
-0.090198755
0.0559483
-0.06821191
0.003855601
-0.09551086
0.039477512
0.12357251
0.050049335
-0.10498786
-0.05788542
0.029166484
0.02127824
-0.029323852
0.14583035
-0.09874694
0.12235803
0.14138012
0.021497315
-0.08356856
0.031138966
2.913719e-06
-0.052766502
0.10346865
-0.07511856
0.10736535
-0.0034017947
0.022358188
0.1455519
0.1241285
0.037518192
0.061220404
0.06357011
0.14295626
-0.07972695
0.0013332455
0.0036656007
-0.11045249
0.060445506
-0.02580973
0.07145637
-0.046402004
-0.061319612
0.025221663
0.09396565
-0.030083872
0.024309354
-0.1038087
0.07486274
0.045676854
0.08172122
-0.0073983236
0.045918066
0.06537396
-0.024112348
0.0804225
-0.0024760102
0.045300297
0.008649486
-0.1348693
0.11065819
0.11282119
-0.17628846
-0.076638155
0.08851166
-0.066116065
-0.058320664
-0.010178362
-0.11089694
0.08932488
-0.087164916
-0.01945481
-0.03585309
-0.10638256
0.14337325
0.0604524
0.0652661
0.057708636
-0.027255831
0.06126408
0.06823022
-0.080486126
0.0985426
0.06567162
-0.007226104
0.11769885
0.05071597
-0.09426951
0.02282214
-0.09851286
-0.091648415
0.05409759
0.0331535
-0.03762461
-0.034704752
0.035093807
0.06490362
0.15056172
-0.06422696
-0.008064316
0.11769578
-0.10212075
-0.040721145
0.01723851
-0.11578248
0.06632017
0.038412295
0.10552153
-0.017310387
0.13611205
-0.07649534
0.009318888
0.009459979
-0.07607424
-0.07547797
-0.13503401
-0.07711027
0.043697815
0.039058384
0.031234546
-0.037922975
-0.11193574
-0.06291037
-0.023823632
-0.057923045
0.0025760832
0.032536723
-0.031383075
-0.06635837
0.009315761
-0.064227514
-0.03673943
-0.1092621
-0.050644357
-0.080643594
0.042683642
0.011575629
0.14535446
0.06140591
0.04009147
-0.05759274
0.028762018
0.013375665
0.004807599
0.031948745
-0.08537435
-0.03011961
-0.058969416
0.031232486
-0.026783539
0.10104539
0.13412732
0.04203159
0.026411638
0.008572213
0.038838804
-0.10128047
-0.0733087
-0.008017524
0.023995165
-0.08362664
-0.04432265
0.036655977
0.13596538
0.018824443
0.09785506
0.043815758
0.052623432
-0.00832151
0.092973486
0.089113005
0.13433807
-0.05010841
-0.17270172
-0.052754693
0.17911553
0.023821475
-0.052386146
-0.044751905
-0.07530413
0.052009918
0.00085574307
0.105601445
-0.020340329
-0.03526182
0.08071965
0.025869254
0.10059956
-0.040557567
-0.13853742
0.34826866
-0.0456898
-0.13545698
0.045895144
0.058820833
0.04376028
-0.09083795
0.08293736
-0.082982115
0.06274455
0.08416335
-0.083265215
0.1992771
-0.080682956
-0.0012663358
-0.045826036
-0.031336933
0.13352041
-0.014749713
0.060306285
-0.03186859
0.08002033
0.054092985
0.20397906
0.117236935
-0.061230946
0.08881013
-0.08515618
-0.066177845
0.03834632
-0.0975235
-0.10978877
0.046749815
0.015376113
0.060213502
0.013041221
0.032547094
-0.13591208
0.085788645
0.051130142
-0.0024213735
-0.03347465
-0.09424778
-0.079548605
-0.04530632
0.09434251
0.029257476
-0.052951902
-0.120262824
0.00065523473
0.02242596
0.013398291
-0.037877847
-0.033714835
-0.08678495
0.05534392
-0.1737721
-0.120017886
0.100455634
0.083770856
0.106780574
0.014360657
0.13062797
-0.055787645
-0.12821026
0.037946016
0.124515034
0.074517995
-0.042469498
-0.0057328762
0.09926504
0.079784356
0.0015517339
0.09053529
0.014628387
-0.137276
0.124571964
-0.009505308
0.04076299
-0.03531395
0.10535675
-0.035085395
0.037105214
-0.003328024
0.09325112
0.10266434
0.10005975
-0.054483563
-0.01010491
0.06045052
0.0136310365
-0.062048852
0.029570363
-0.019608822
-0.10351972
0.020377696
-0.11706601
0.09631422
0.10283338
0.106981866
0.05786874
0.12300926
0.09124684
-0.06879655
0.09135012
0.026331818
-0.030376568
-0.10913888
-0.08368291
0.20938508
-0.07502571
-0.088853516
0.041584436
0.19452015
0.10632379
0.15244101
0.1468268
-0.07100472
-0.07687768
0.09750171
-0.09136164
-0.016969316
0.042114243
-0.15274186
-0.11929453
-0.03190988
0.0560433
-0.08368786
-0.04200361
-0.07390535
0.040432665
0.033737257
-0.061828908
-0.107272975
-0.11085135
-0.040968727
-0.011643365
0.027250491
-0.1389523
0.04577809
0.084762864
-0.043849394
0.1261932
0.22360384
-0.0085339965
0.27171686
0.3678507
0.0658399
-0.071991414
0.22111695
0.029656824
0.20108332
0.15756191
-0.13294731
-0.18047608
0.0071134195
-0.12507112
-0.10365082
0.14314295
0.023054516
0.16206373
-0.076903194
0.08103936
-0.009050689
-0.07876025
0.043063004
-0.06752453
0.15886424
-0.1832496
-0.012823751
-0.09596769
-0.21383454
-0.17534217
-0.120174214
0.16634949
0.045812204
0.034988042
0.1666041
0.07255248
0.08521392
-0.04858176
0.29066798
-0.027615355
0.13810101
0.19868433
-0.13113849
0.08493405
-0.09712814
-0.16645464
0.12489406
-0.03280004
-0.07018612
0.10661057
0.15088701
0.1083667
-0.015671337
-0.11130365
-0.14232802
-0.047383513
0.017503727
0.01886083
-0.00514286
0.13494763
0.28137577
0.10624426
0.023284236
0.029324753
-0.19571395
0.19646008
-0.103807904
0.10616311
0.15124927
0.012929022
0.14724809
0.11451363
0.19242176
-0.14537618
-0.23085588
-0.04399815
0.10404504
-0.22806121
-0.11765822
0.08630682
0.022996804
0.071105
-0.1102896
0.16947043
-0.04904644
0.012537076
-0.10157282
-0.07400258
-0.10959448
0.027364084
0.023284808
0.046055097
-0.118677005
-0.05091038
-0.026556835
-0.013249551
0.13608642
0.106246375
-0.022540243
-0.08269401
-0.043884687
-0.11516196
0.13043654
-0.04788716
-0.048584305
-0.07524785
-0.086293206
0.08378475
-0.03813553
0.11190538
-0.05326203
0.051738556
0.067942664
-0.084213726
-0.0051586623
0.114458315
-0.08666308
0.009965797
0.112814315
-0.041023716
-0.12120163
0.046191204
-0.016620502
-0.014631241
0.060659718
0.022370996
0.0923026
-0.024745671
0.017254459
0.068790585
-0.011034238
-0.108453274
-0.06809732
0.1402992
0.052206084
0.04579206
-0.122140504
-0.007949625
0.014738459
-0.035299502
0.07965486
-0.11269008
-0.0036052156
0.08257027
-0.033920065
-0.016658295
-0.08429289
0.035227407
-0.10959368
-0.055225678
-0.1270712
0.079616606
0.049744338
-0.009121675
-0.03625913
0.01717725
0.06732412
-0.10615012
-0.03343363
-0.1429477
0.008096195
-0.086088404
-0.08440537
0.021312848
0.06993288
-0.011120743
0.21345054
0.11592497
-0.052149005
-0.08972992
-0.003783981
0.04780727
0.0816427
-0.000624144
0.039138455
-0.042412464
0.025504757
0.057545107
0.0022099516
-0.120896965
-0.034929898
0.05213571
0.060250692
0.011015339
0.09944795
-0.11193907
-0.120858744
-0.108246796
0.016320491
-0.08021155
-0.06903181
0.09041295
-0.015469613
-0.09536577
-0.02099395
0.07029723
0.087658666
-0.03108898
0.06620666
0.03855651
0.12931773
-0.045262065
0.062108953
-0.12021932
-0.05438083
-0.09997619
-0.061931178
0.030311093
0.079030626
-0.057165008
0.013334284
0.016308732
0.032234035
0.071681134
-0.015843602
0.058934495
0.018193312
-0.0141115505
-0.057704594
-0.08930426
-0.13244928
0.002320877
-0.12281509
-0.091017105
-0.090135805
0.008362025
0.108812526
-0.12370587
-0.10143857
0.031723488
0.045853745
-0.09302649
0.055931315
0.10524937
-0.027715554
0.11832107
0.015191601
0.08528419
-0.022242807
-0.07069156
-0.015251144
-0.01889853
0.005209292
0.11988767
-0.09356996
0.029536169
0.0053788163
-0.0071007973
-0.06811035
0.16510588
0.114869274
0.099724896
-0.08219699
-0.04214992
-0.028518949
-0.09111073
0.0138460165
0.019554762
-0.0020181735
-0.12125289
0.036215402
0.06279105
-0.09524573
-0.10422786
-0.07978669
-0.08167421
-0.059183445
0.0017452654
0.06563642
-0.11738868
-0.024934845
0.1161054
0.03430127
0.06215365
0.088692896
-0.08800541
0.016277319
-0.04923409
0.041425932
-0.06644698
-0.037905872
-0.01565684
0.009285383
-0.068179116
0.051792156
0.023645282
-0.10164385
0.043398958
0.076494314
-0.069776006
-0.032991588
-0.039696287
0.017620297
0.027573967
-0.018311674
-0.10179766
0.040203515
0.025381152
0.02809894
-0.08684704
0.07787252
-0.030285776
0.10070203
0.08523361
-0.0060372525
0.08193831
0.13429217
-0.019509168
-0.009531702
-0.06372748
0.0966377
0.064158075
-0.021444026
-0.0890961
0.11047352
-0.09877149
-0.028413583
-0.060034513
0.022322567
-0.0038801578
-0.009719001
0.00840216
0.03107377
-0.12856908
0.092903875
0.02684418
0.073699765
-0.06666869
-0.006961002
0.064457625
-0.08132642
0.03977999
0.11806612
0.043949444
0.054764457
-0.0032368535
0.032642454
-0.043071687
0.034969203
0.025147017
-0.07273077
0.049481533
-0.033009388
0.10732229
-0.015298759
0.15734574
0.069363825
0.07967678
-0.03525838
0.036447577
0.059521537
-0.10022015
0.022255253
0.024068315
0.10503168
0.010143553
0.06371392
0.09909386
0.11201681
0.020539232
-0.03792951
0.104748644
-0.007873185
-0.10154753
-0.019636158
0.12599277
-0.04775133
-0.060791876
-0.04687414
0.06969003
-0.025745772
-0.092184834
-0.028271731
-0.08005217
-0.08236615
0.14223796
0.03884751
0.06289061
-0.05372087
-0.03099077
0.08320716
-0.029330937
0.14359473
0.07568677
-0.0471492
0.11265167
0.109439105
-0.06217148
-0.02802888
0.04135717
-0.034150302
-0.06443234
-0.0120126
-0.032119606
-0.0706181
-0.07978684
0.0645691
-0.16102386
0.09897471
0.041602988
-0.109925374
0.10351895
-0.019146109
0.031917542
-0.08659875
0.0679719
0.050474163
0.07816166
-0.04960191
0.021833435
0.006740662
-0.15245493
-0.04264103
0.060864605
-0.06386419
-0.022461636
-0.05359962
0.061785214
0.0630633
0.040543523
0.024418613
0.078519456
0.20345338
0.095914654
-0.0033973218
0.04550098
-0.019963969
-0.0014610947
-0.044031993
0.008286954
0.05085654
0.004827872
0.108794205
0.051138856
0.037547022
0.085477576
-0.054869473
-0.11454842
0.12478714
0.109302185
-0.09475351
-0.07859729
0.06086788
-0.018857282
0.060967404
-0.07115677
0.08273974
-0.07102837
0.12714562
0.010363625
0.08564759
0.01292055
-0.038652726
-0.05834717
0.06967799
-0.08802834
-0.07474368
-0.14382364
0.098792955
-0.09471335
-0.026580462
-0.07154399
-0.0854213
0.1063732
0.104104586
-0.023043973
0.0802194
-0.028773483
-0.053996693
-0.012601365
-0.055793963
0.039665803
-0.04600478
0.10365714
-0.030381164
0.019589996
-0.06401107
0.014612469
0.08861534
0.0012281898
0.030175764
0.07462381
0.007677758
-0.04047654
0.07929332
0.10122179
0.1122498
0.049615633
0.016614366
-0.11149822
0.081592776
0.008563061
0.06741883
0.069691345
-0.016706808
0.10734805
-0.02104815
0.14014402
-0.011141476
0.064244814
0.0855766
0.027840504
-0.0067413887
-0.012752183
0.12289336
-0.021117741
-0.011463769
-0.07736179
-0.03863022
0.0690399
0.063300304
0.06149688
-0.15696996
-0.051117368
0.093196675
-0.10942106
-0.023873571
-0.011370941
-0.019128814
-0.11576575
-0.08062741
0.053281747
0.13161011
0.10532182
0.017836401
-0.15953104
-0.024573956
-0.009873614
-0.06058932
-0.12114177
-0.043647297
0.085439175
0.032276962
0.083421335
0.019178355
0.021521468
0.039310753
-0.07283051
-0.03904456
-0.14963709
-0.08599239
0.122150846
-0.1081162
-0.03516754
-0.030986048
0.08081911
-0.052836493
-0.12272399
0.07216105
-0.090699606
0.035224896
0.023123821
-0.06183007
-0.09859192
0.11873446
-0.0529062
-0.043644268
0.0039844476
0.10872465
-0.05264648
-0.021758541
-0.060254008
0.14291285
0.079305455
-0.055003017
-0.1436108
-0.08326159
-0.03211811
-0.09995001
-0.015112965
-0.08347687
-0.043598764
0.010224275
-0.10105774
-0.08158986
-0.06681813
0.041367088
-0.02081223
0.012722778
-0.056070413
-0.02567334
-0.11507957
-0.10587245
-0.060954027
0.11371567
-0.0044446476
0.0726632
-0.04911907
0.079842575
-0.07790695
-0.017452726
-0.038241543
0.1746325
-0.05402626
0.047017124
-0.1293073
0.061604347
0.044384103
0.14503758
-0.041765507
0.08340833
0.03294748
0.03249834
-0.009229381
0.08585164
0.0017670072
-0.0971132
0.0084596425
-0.023139516
-0.066881716
-0.06904775
0.031811353
0.018714534
-0.0346778
0.09281484
0.01617158
-0.078335635
0.109650575
-0.13317533
0.1280706
0.17509633
-0.030245254
0.062121235
0.054557413
-0.06863933
0.019631973
-0.15196407
-0.1441125
-0.1223703
0.055438243
-0.014565647
0.054562215
-0.0054978994
-0.048759952
-0.06301268
-0.007883768
-0.018120931
-0.045613017
0.020723272
-0.12968318
-0.027533337
-0.019836124
0.03718662
-0.06633326
-0.07992525
-0.01468589
-0.06251029
0.011882363
0.12846318
0.07244998
-0.042561103
0.019236553
0.074283175
-0.06922976
0.13343021
0.0611421
0.12733264
0.08988383
0.04071798
-0.11626891
-0.11904684
-0.116497196
0.07485773
0.011189261
0.018492296
-0.028455922
-0.11255614
0.0032957222
-0.0054591685
0.07104569
0.06326462
0.0143533135
0.08250151
-0.0065032295
0.095949754
-0.04796823
-0.027921893
0.10673312
0.07278156
0.12397392
-0.026776623
-0.16513413
0.008843128
0.04619924
0.12706135
0.15523572
-0.10020404
0.022790119
0.048957374
0.08803254
-0.15988259
-0.0574499
0.08477211
0.04487135
-0.020611638
-0.020596566
0.012128463
0.19210194
-0.087220185
0.047351703
-0.076834984
0.004174392
-0.04824283
0.16657136
-0.10971913
-0.03259833
0.062683314
0.037149966
-0.0836646
0.12438696
0.035633836
-0.0690686
-0.08694517
0.11915508
0.20896468
0.06385003
0.05789409
-0.06260536
-0.094112694
0.059784684
-0.046622537
0.027864171
-0.13995302
0.008337324
-0.03261196
0.007601513
-0.07090043
-0.0471332
-0.0521444
0.019719576
-0.06552421
0.07638954
-0.09339847
-0.07036722
-0.09688026
-0.07686387
-0.05528392
-0.06527123
-0.013958806
0.03564382
-0.017558927
0.06623938
-0.008294767
-0.10265654
0.03157603
0.16333029
0.1508565
-0.10729751
-0.08866617
-0.039650228
-0.039839167
-0.030865666
0.067485504
0.14321035
-0.044357296
0.08669302
-0.041004207
-0.0571333
0.079804
0.062419184
0.017835561
-0.105348505
0.03663358
-0.03672449
0.1145788
0.15538102
0.1416386
0.04385903
-0.006491711
-0.15411307
-0.0016880546
0.08164911
-0.09953993
0.03177902
0.059441473
0.038387574
0.1632434
0.09740892
-0.05446294
0.0024230396
-0.15674572
0.052377235
0.030197883
0.1146767
-0.00018181428
0.052569795
0.06769829
-0.10042509
0.08805406
0.09058858
-0.04486463
0.10855461
0.036012854
-0.069921404
-0.0556953
-0.03253825
0.20217308
-0.011436002
0.08667186
-0.080408126
-0.02411506
0.08429557
0.105059266
-0.0859451
-0.093023695
-0.06841242
0.033042032
0.061747164
0.048331827
-0.06705507
0.06255646
0.021734456
0.18457721
0.08729798
-0.20630579
0.15136375
-0.030027255
0.14084579
0.029576946
0.07294548
0.16781402
0.17830887
0.076433025
-0.028747926
-0.024179112
0.08772008
0.18113118
0.09360287
0.14078322
0.0016802911
0.1298798
-0.04594185
0.06569052
-0.083067
-0.014791054
0.051007986
0.11551439
0.039119482
0.13533333
-0.044477236
-0.027549796
0.1621911
0.04186264
-0.031743854
0.07933646
-0.022637405
-0.03644523
0.013410377
0.17281055
0.0689484
0.08025778
-0.08127533
0.14033212
-0.016785825
-0.07344841
0.1468588
-0.06779296
0.08006951
-0.080858506
-0.08651005
-0.019599406
-0.014747572
0.08953811
0.09767682
-0.043267947
-0.06636585
-0.05632694
-0.08469504
0.08733804
-0.12233552
-0.070954025
0.021507334
0.059450954
-0.10905255
-0.036710825
-0.055735517
0.13740443
-0.03380608
0.073619425
0.13994415
0.040929396
0.10641463
-0.076275446
0.061740905
0.090046704
0.068598405
-0.0406367
-0.10102248
0.10404567
-0.059197694
-0.06992775
-0.019146321
-0.08709987
-0.028074928
-0.043793492
-0.08652197
-0.04532891
-0.0973942
0.10576546
-0.046066537
0.019314142
-0.062250923
0.045402814
0.0011073315
-0.12191855
-0.042826712
0.045914408
0.0058076694
0.109908044
-0.08375606
0.13264282
0.1321173
0.0859723
0.051752135
-0.040519606
0.02412236
-0.0691238
-0.06313782
-0.07564416
0.10895875
0.022848452
-0.048878428
0.053109754
0.03043881
0.036143225
-0.04638363
0.04336217
-0.10888799
-0.11101681
0.023230152
-0.055002823
0.017794102
-0.06456089
0.048002545
0.048982542
-0.02205743
-0.018922461
0.11803011
-0.06296611
0.037881117
-0.07930786
0.0721549
-0.063344724
0.073440135
-0.07377805
0.124054976
0.11873875
0.10857627
0.10789515
0.06043474
0.108185396
0.062183168
0.07137171
0.09494458
0.01214747
-0.09474629
0.032290135
0.12155889
-0.09774595
-0.08017227
-0.10036141
0.010153302
-0.08360547
0.012592913
-0.043260474
-0.0103636375
0.10032095
-0.019724911
0.02885326
-0.027573707
0.044389058
0.10421631
-0.092980355
0.044480808
-0.10248081
-0.031010803
-0.07483344
-0.012612817
0.11743891
0.06841945
-0.043589275
-0.033792622
0.043285068
0.12944418
0.05305308
0.0030173394
0.09121676
0.037521433
0.014147852
0.07146273
0.09638988
-0.06819568
0.10561085
0.00029911686
0.10947573
0.007779212
0.08196224
0.12696578
0.008186199
-0.03629236
-0.084250644
0.050183326
0.11474576
0.0073918207
0.0054144696
-0.11608679
0.061891243
-0.033204734
-0.119763635
0.013723757
0.10991321
-0.008368551
0.01714317
0.060097877
-0.070396654
0.09008119
-0.007797016
0.007982206
0.05984724
0.07280815
-0.023407176
-0.02973967
0.028215444
0.046424784
-0.10906903
-0.1284535
-0.05503596
0.053802833
0.06652469
-0.08821449
-0.06873531
-0.07185154
-0.006766022
0.02295377
0.062226363
0.06929438
-0.09111768
-0.082850605
0.017489873
0.07911977
-0.06931812
-0.12286913
-0.04028026
0.038789075
-0.058302186
0.02392486
0.078533925
0.04794427
0.0021180485
0.031703345
0.03357829
0.09104021
-0.10030866
0.12828515
-0.07893086
0.1322782
0.025078572
-0.03522733
-0.026414776
0.09716241
0.032710224
-0.07763214
-0.035636544
-0.032793216
-0.011525334
-0.010418297
0.04548008
0.097263016
0.14883749
0.02764031
0.01883388
-0.09127381
-0.07382781
-0.037010793
-0.0082311435
-0.01867917
0.047497552
-0.059395887
-0.14439903
-0.111955
-0.037553474
-0.12388024
0.15084828
0.09873759
0.053831417
-0.037722196
0.049861114
0.0477232
0.03787751
0.043733664
-0.14209808
0.097352795
0.008352351
-0.06978646
-0.03705923
0.017365986
-0.03595065
-0.035760827
0.1350808
-0.008238703
-0.088362925
-0.028678656
0.024389783
-0.077619225
0.048662156
0.09125717
-0.018355321
0.059375446
0.04230706
0.07665339
-0.077088974
0.099518806
-0.08040513
0.07251813
0.072383516
0.0055602384
-0.12860371
-0.07723369
-0.08573099
0.13509691
0.07051234
0.10506636
0.060984176
0.056216042
0.021261444
-0.11361405
-0.06052401
0.002148472
0.10324344
0.039397597
-0.047802698
-0.11854781
-0.08477727
-0.022745743
0.024977947
-0.11960016
0.06183607
-0.043207847
-0.008960209
-0.03368795
-0.094783254
0.0364391
-0.009977206
-0.024036244
0.04457711
-0.029939363
-0.05165263
-0.060009032
0.027118659
-0.041401073
-0.01276008
0.11000688
-0.0053037656
0.04139906
0.13571998
0.09005195
0.019499939
0.070379764
0.10177288
0.062709935
-0.0010705146
-0.0064668595
-0.003097111
0.1292352
0.16155343
-0.06127247
-0.112318456
-0.15269344
0.049836114
0.19702685
0.020847771
-0.06434896
-0.05141508
-0.04306476
-0.054392427
0.16444899
0.028575676
0.061880056
0.041056044
0.013350999
0.037500545
-0.014256851
-0.010744665
-0.05496329
-0.024850823
0.08539244
0.19525504
-0.028012658
-0.0055664377
-0.0195872
-0.11489396
0.06277603
0.1431296
0.058333427
-0.029968
0.00042323116
0.10579676
0.10635643
0.120204136
-0.035909306
-0.009101144
0.023570776
0.09786191
0.038850714
0.087437704
-0.013497135
0.002415801
0.09865815
-0.09534815
0.06618846
-0.13804828
-0.031436987
-0.12842025
0.10175343
-0.13213256
-0.063339345
0.032614175
0.08953757
0.09493227
0.09277885
0.08079562
0.012180284
0.09720047
-0.016758122
-0.008980679
-0.13079305
0.17470826
-0.16059852
0.051380537
0.11203305
0.055989552
0.030107655
-0.038923446
-0.011333901
0.0150386235
0.10280794
-0.12813652
0.09043549
-0.029499773
-0.015369971
0.006639859
0.044465
0.043930203
-0.09552961
-0.02450304
0.051497888
-0.011376432
0.032965515
-0.1044339
-0.076132216
-0.13674867
-0.111895576
0.029617159
-0.021431126
-0.08212657
0.06928775
-0.031885073
-0.12157146
-0.05298857
-0.035828467
0.08979243
0.04377117
-0.05995923
0.17194156
-0.079054154
-0.050788272
-0.033415776
0.0017728016
0.14895852
0.047390297
-0.027614897
-0.019472847
0.060106147
0.054807417
-0.0064479355
0.021458514
0.06352962
-0.07817177
-0.04425201
-0.05614728
-0.048969828
0.07941656
-0.008858203
-0.034364484
-0.0855469
0.04514466
-0.06682185
-0.028091252
-0.035678856
0.08415833
0.107298635
-0.0011417051
0.073100686
-0.09978191
-0.09658953
0.14764647
0.07843598
-0.08056798
0.095678985
0.057407673
0.103763655
-0.09736377
0.10819665
0.045177136
0.019706614
0.093612835
0.002357066
-0.11802079
0.12750424
0.03625573
-0.06027526
0.053600457
0.05870342
0.10330151
-0.058806654
0.059336063
0.02048486
0.09230982
0.06587053
0.058619518
-0.01720293
0.043069467
0.05070073
-0.043393906
0.057236724
-0.038059656
-0.100269124
-0.047526266
0.077448994
0.07267698
0.0938794
0.027792199
0.05775928
-0.1213569
-0.076750845
0.09737692
0.021324579
0.12218951
-0.07683242
-0.054906216
-0.045897793
0.0049291705
0.057051167
0.052473824
-0.06857004
0.0064509152
0.097399265
-0.031336423
-0.09168532
0.09692404
0.07496935
0.05361534
-0.107154645
0.070228264
0.06290047
0.082588434
0.05461369
0.062479693
-0.058322556
0.09253339
0.06797388
-0.034720313
-0.019036435
0.11093726
0.018306088
-0.10722402
0.012912744
-0.03697149
-0.029754737
-0.04565136
-0.0049198763
-0.0536519
-0.086088315
0.0025291739
0.16222784
0.04859826
-0.087591864
0.026265405
0.10451724
0.069936775
0.124846295
0.041124832
-0.0091282865
0.09832484
-0.009596037
-0.03351735
-0.0040269843
0.08440889
0.015758483
0.0852337
0.107431255
0.074019685
-0.03288871
-0.10442247
0.16391292
0.005646091
0.10795399
-0.07977542
-0.015880115
-0.10675694
0.089366265
0.14122534
-0.07823879
0.12818621
0.07563274
-0.053790566
-0.075496756
0.09060744
-0.02633799
-0.08415386
0.0743705
-0.0049073673
0.07942205
0.0085736895
-0.13117607
0.0017706747
0.067496724
0.024712017
0.058870032
0.0039780913
-0.076415166
-0.02511064
-0.081184976
0.06932947
-0.16353513
-0.111995645
-0.044932913
-0.04898255
0.08314032
-0.070159785
0.0047937473
0.0397304
0.13367645
0.10001427
-0.07071858
0.0642997
-0.063384086
-0.0032298532
0.036147874
0.07984997
0.18526024
0.056878865
-0.15554422
0.044108704
0.06525939
-0.07364383
0.048312135
0.023446616
-0.083850175
-0.029697362
0.002433105
-0.0940497
0.12399758
-0.076828465
0.10834998
0.049774595
0.05708128
0.06502586
0.047130592
-0.02796606
-0.1258874
0.019694159
-0.005864246
-0.016771058
0.004717361
0.06476779
0.19076158
-0.15384045
-0.10552531
0.04958866
-0.009843766
0.049539827
0.11849324
0.14252484
0.053680487
0.13080016
0.13150631
-0.007145036
0.0011617384
-0.09313825
0.1114693
0.09391768
0.08577386
-0.04334509
-0.07631303
0.103517786
-0.11835043
-0.24597874
0.078042895
0.0010090483
0.13217434
0.036456093
-0.0109232245
0.105007514
0.11910019
0.07383408
-0.035756733
0.16648154
-0.06840814
-0.09508953
0.057309132
0.09719884
0.09652913
-0.020954031
0.007999921
0.027898666
0.06952203
-0.11482214
-0.02903795
-0.028154192
0.014763028
0.060825158
0.01807052
-0.10186003
0.045332078
0.00010132332
-0.13781428
-0.17792231
-0.13481535
-0.055445015
0.071011744
-0.0101509625
0.07874006
-0.16953707
0.087193504
-0.08158697
-0.07104547
-0.10094143
-0.072873645
-0.032567736
-0.08466595
-0.03393896
-0.058812592
0.07401526
-0.10340864
-0.04751797
0.050149247
-0.011194553
-0.09049825
-0.08801237
-0.074670605
0.026160566
0.10163495
-0.03126334
-0.033421822
0.023025284
0.07863252
-0.044327065
-0.028347688
0.16079348
0.09943576
0.09724903
-0.09996098
-0.07406113
-0.032725595
0.11079013
-0.164594
-0.09714509
-0.1465074
-0.16919935
0.025624227
-0.017066635
-0.058303066
-0.02781529
-0.10120548
0.13547139
4.5861743e-05
0.016890265
0.09398227
-0.032595195
0.032801658
0.008599626
0.07332257
-0.049551528
0.0655378
-0.07219504
0.04411078
0.089600205
-0.03966519
-0.035671063
-0.035367608
-0.09007678
-0.08346512
0.041834287
0.043407388
0.028907482
0.05993545
0.035898123
-0.057669047
0.042027242
0.048730418
0.09755382
-0.015162057
0.038299743
0.13934055
-0.14766726
0.019497706
0.077829465
-0.06986406
0.100901954
0.06271895
0.057801858
-0.056322914
0.018937578
-0.120984375
0.09949638
0.13536318
0.0044246195
0.09416892
0.040214155
-0.023693552
-0.033475257
0.03561185
0.14687364
-0.07573283
0.16594699
-0.016672717
0.08204989
0.043930214
-0.005468434
-0.12593468
-0.050167013
0.059188407
-0.0364645
-0.045377683
-0.008322012
0.072911136
-0.05594052
-0.091689974
-0.07580798
0.07601626
-0.00965572
-0.011757506
0.038795765
0.0032809512
-0.120549195
-0.026525242
-0.047387213
-0.08755109
0.017034521
0.036477882
-0.07311239
-0.051021215
-0.02401888
0.07852911
-0.04318683
-0.09582419
-0.069704436
0.009073584
-0.13214676
-0.12619378
0.09104176
0.049416088
-0.077250965
0.1778208
0.02887584
-0.07527527
0.05576921
-0.020877121
0.033858508
-0.0482483
-0.0039209193
0.14154969
0.024532584
0.07262055
-0.027221322
-0.012461123
-0.03820929
-0.047907308
0.041628
0.07924421
-0.107529
-0.111739166
-0.07488905
-0.03467002
0.12178794
-0.06583241
0.03437264
-0.18286309
-0.034364
0.006936263
0.014722534
0.029119834
-0.017999744
0.0007008538
-0.120980665
0.10653252
-0.0726774
-0.009555458
-0.039670527
0.09286612
0.057908878
-0.07860554
-0.001974629
-0.050746378
-0.13195863
0.07430644
-0.14678988
0.014742691
-0.08142686
-0.08807825
-0.09894779
0.05018287
0.095307924
-0.034541022
0.10381874
0.036630902
0.036317263
0.020104602
-0.123141944
0.070598185
-0.08813574
-0.004423799
-0.08462139
-0.018015485
0.026890842
-0.11645688
-0.036644783
-0.06770525
-0.03839032
-0.093247175
-0.016598143
-0.057426
-0.03376737
0.118917316
-0.09625404
0.123741806
-0.114849806
0.036018845
0.107579455
-0.10435691
-0.11022538
0.05964407
-0.05871694
-0.022637868
-0.06804959
0.119107835
-0.12887391
0.01660695
-0.109389916
-0.08188423
-0.021414839
0.05583678
-0.053452574
-0.0020806012
0.055471163
-0.044238728
-0.040700182
-0.015873201
0.045987908
-0.0098288795
-0.08565667
0.014052984
0.11954325
-0.059991922
0.008523594
-0.021009061
0.0634513
0.112311296
0.023416987
0.09906691
-0.08532094
-0.06454347
-0.05566271
0.04713018
-0.016604997
-0.041563656
0.009980767
-0.1040763
0.0071646567
-0.08107601
0.13871035
-0.037139475
-0.029388474
0.08848462
0.13464056
0.00662883
0.015427777
0.10706237
0.13717598
-0.10598478
-0.13194242
-0.08053329
0.057893824
0.04290238
0.11957196
-0.02709695
-0.04857376
-0.012685001
0.16679296
0.01204009
0.008995725
-0.05850426
-0.09139
-0.077182196
0.15369676
-0.13043611
0.14844278
0.014221186
-0.0045133363
-0.15308808
0.09548107
0.08103002
0.040732387
0.046976715
0.0795058
0.10554979
0.043581054
0.08502352
-0.06211355
0.080729306
-0.028351964
0.12550122
0.01006435
0.086523496
0.073063925
-0.09652784
0.16484112
-0.042623583
0.0216686
0.11814129
-0.05692364
0.0048184143
-0.093181625
-0.097511284
-0.07205202
0.0026830393
-0.06352326
-0.063070066
0.0432874
0.029534841
-0.13411587
-0.0011872235
0.08057111
-0.024630282
0.12666246
0.107217066
0.0058889114
-0.11349808
-0.043592744
0.1567945
-0.024533292
0.11639674
-0.06327616
-0.026560366
-0.09944426
-0.09366149
-0.053633444
-0.07227322
-0.007929604
-0.028576473
-0.0899651
-0.084235355
0.09836122
-0.10348495
0.012776548
-0.10143796
-0.114629745
-0.0074814437
-0.05930748
0.026446741
0.10849801
-0.023168582
-0.08226699
-0.01722751
0.005472359
-0.07403448
-0.014930986
0.10230837
-0.057790015
0.024022317
0.17858551
0.055891145
-0.18633346
0.023592755
0.036340497
0.012510179
0.08371949
0.02914403
-0.096069515
-0.08977975
0.09080883
0.09112032
0.04133293
0.09898452
0.07705701
0.062802725
-0.026831137
0.061497215
0.10575142
0.04812962
-0.17191957
0.13928342
0.08420306
-0.083665855
0.05547548
0.10367857
0.00830625
0.03311799
-0.07457874
0.0034282838
-0.12314103
-0.007813698
-0.04974729
0.05118601
-0.104336545
-0.0106056295
0.08264397
0.04461738
0.16846882
-0.17438062
0.060663983
0.047809187
-0.003356585
-0.097406045
-0.024014307
-0.00412019
-0.037998833
-0.019557279
0.061049998
-0.08086183
0.11173428
-0.13819279
-0.021512017
-0.027820626
0.0083304215
0.003849558
-0.0404186
-0.1333336
0.026537608
0.09892743
-0.097235195
-0.049438722
-0.045770768
-0.07642891
-0.002401468
-0.06852751
0.05941341
-0.016997559
-0.037043802
0.10186053
0.087257944
-0.04826876
0.11065277
0.044184055
0.09469781
-0.037641335
-0.043959923
-0.0037828533
0.08442439
-0.05768962
0.09525544
0.039277256
-0.12385283
-0.09000569
0.039260708
0.044522207
0.005353548
-0.021977928
-0.12602156
0.009555136
-0.07381948
0.07078551
0.052980743
0.037984338
0.09619797
0.041463494
0.02468889
-0.0037319607
-0.0031700633
0.030977637
-0.12231052
0.11687963
-0.049540572
0.051121186
0.094195776
-0.017845858
-0.08449222
0.019805575
-0.0093373945
0.07113274
0.07136607
0.054727502
-0.07309098
-0.091642074
-0.096631415
-0.11360478
-0.051424094
-0.08711632
0.07386719
0.047461208
-0.030497614
0.16851087
-0.060036156
0.07726301
0.007042922
0.06952853
0.19201387
-0.11095588
0.013317969
-0.06579781
0.087521054
0.0042650416
0.025360772
0.027113652
-0.045440163
0.04719277
0.079756
0.0012584064
0.08107979
0.0264049
-0.15884429
0.02151542
-0.09471468
-0.0869516
0.1592901
0.03355316
0.10538459
0.07226731
-0.12812081
0.05018007
-0.07325895
0.02256853
0.12954794
-0.17049842
-0.059875228
-0.07944689
0.0981517
-0.107133955
-0.10472848
-0.07496243
0.09023603
0.04041404
0.08955807
-0.07770824
-0.078071564
0.10249944
0.0840716
0.1060144
-0.006902341
-0.09659443
-0.1148731
-0.16020508
-0.004400358
0.0025201405
0.15093488
0.017958052
-0.103569284
0.050461795
-0.0015353066
-0.011196752
-0.08568956
-0.032435253
-0.09145082
0.0748339
-0.10737575
-0.16851884
-0.11587016
0.23567115
-0.018424604
-0.08236906
0.047220048
-0.052908216
-0.0065098945
-0.048174817
0.04966582
-0.0886406
0.031467035
0.05569748
-0.01483934
-0.008347903
-0.11095173
-0.10238349
-0.006316431
-0.032591138
0.13628294
0.06415867
-0.06264251
-0.0130854845
0.018749468
-0.092454284
0.0052668545
0.09555964
-0.15267447
-0.08560713
0.08932156
-0.076105446
-0.025845688
0.004348936
-0.04321618
0.061890297
-0.08747686
-0.046907503
0.019578265
0.01742628
0.023384726
0.040823568
0.028874122
-0.006112924
-0.1250288
-0.0686552
-0.077569164
-0.08020883
-0.036421806
-0.006348353
0.044141646
-0.013677974
0.1002792
-0.0041519576
-0.031101158
-0.038628694
-0.073152624
0.056588463
-0.2235638
0.039037574
0.11872611
0.0019277567
0.0646537
-0.06493488
-0.11452676
0.08871064
0.024391524
0.13229145
0.0018218633
-0.068862416
0.13390851
0.07444013
0.064535476
0.1334867
-0.13508534
-0.074249506
0.07723162
0.06575712
0.01621735
-0.032733783
-0.037474863
-0.0929417
-0.036212415
-0.021012666
-0.029555015
-0.13442574
0.016684752
-0.2055188
0.03112126
-0.07169256
0.19756073
-0.07891349
0.0688104
-0.1694399
-0.048420724
-0.033271886
-0.12183214
-0.15589458
0.21320128
-0.10930771
0.31644332
0.11998423
-0.10961175
0.066288486
0.13095392
-0.08997739
0.13626863
-0.027927564
-0.06595288
-0.16400692
-0.0687207
0.12958904
-0.13629799
-0.04674396
-0.04050022
-0.19041501
-0.07979001
-0.08594727
-0.20360468
0.19496581
-0.34056213
0.12415954
-0.14571066
0.43897134
-0.005318209
0.089375116
0.13972642
0.02784026
0.41320777
0.06734902
-0.050029323
-0.19324377
-0.062283464
0.15037844
-0.03714737
-0.04598932
0.02379991
0.00533164
-0.04320719
0.00022054122
0.18709713
0.013737534
-0.011976914
0.022665383
-0.099188894
-0.14309222
-0.015677681
0.16572767
0.1611149
-0.14348328
-0.028757539
0.10996976
0.011663337
-0.11280199
-0.06811156
-0.19290157
0.2732222
0.08863134
0.015243851
-0.13189551
-0.09502508
0.17442802
-0.007944015
0.028136859
-0.059487216
-0.0043132426
0.16097845
-0.11871508
-0.0590101
0.00096113054
-0.014218272
-0.14964657
-0.0105251055
0.19188592
-0.06662452
0.25199184
-0.1602923
0.14164071
0.10794443
-0.23184161
0.053012747
-0.06991082
-0.09262643
-0.010206058
-0.06255272
-0.014356733
-0.22452128
0.15154418
-0.17317776
0.12362591
-0.10790002
0.043954924
-0.09753441
-0.24613212
-0.03268762
-0.07586777
0.026342975
-0.11063661
-0.0042489073
0.0076299277
-0.01617245
-0.2893644
0.2414976
0.15167595
0.3086999
0.03854975
0.51683027
0.11262754
0.168251
-0.035778977
-0.12530652
0.07459815
-0.11989602
-0.054909866
0.10378602
0.060116462
-0.102569856
0.0660845
0.12195479
-0.0073091686
0.014750876
-0.076033704
-0.08950153
0.09839525
-0.12457839
0.07373177
-0.031252492
-0.05690992
-0.036209043
-0.020539645
0.16238104
-0.014000412
-0.0029602898
0.04644997
-0.13179736
-0.14755827
0.017046088
-0.053689867
-0.064100474
0.077037424
0.06587951
0.032306388
-0.115251675
-0.0025319436
0.063636005
0.10619021
0.006515843
0.08626649
-0.021797184
-0.038304154
-0.050986886
-0.07411364
0.0011252521
-0.044107955
0.059710503
-0.08846866
-0.069443166
-0.04853642
0.10421447
0.029505443
0.008740518
-0.0124488305
0.116363645
0.057194754
-0.019951252
0.059961427
-0.105670445
-0.04850602
-0.057353556
0.02005573
0.048173744
0.018810077
-0.0036251356
-0.020904137
-0.03998629
0.120664194
-0.11922156
-0.0027808861
0.053022213
0.025420133
0.06891522
0.09974734
-0.0049210945
0.02700404
-0.06787619
0.06996992
-0.094876885
0.022790823
0.0011145149
-0.08559358
0.14188375
0.075800516
0.065892465
-0.012145343
-0.02002802
-0.04302184
0.08485744
-0.03080161
0.06098196
-0.1261036
-0.0139574595
0.114546314
-0.070194654
-0.037710495
0.021922922
0.0020005347
-0.06562027
-0.050243743
-0.03198193
-0.08288212
-0.046205785
-0.08812941
-0.038952515
0.12298975
0.08599039
0.0047718217
-0.11941332
0.13352613
-0.025387462
0.0014469866
-0.09498634
-0.03678668
0.08177705
0.12360087
-0.07326181
0.007508087
0.09563617
-0.07747919
-0.10014757
-0.11247587
-0.15466973
-0.08506686
0.08767849
-0.006453279
0.054110635
-0.015305904
-0.101954885
-0.10856401
0.045117818
-0.123554
-0.021620873
-0.051665723
-0.067671716
0.05673456
-0.07888915
-0.015927544
0.009256769
0.05610784
0.10102321
-0.0011578025
0.089583665
-0.11501108
0.03347143
0.049818717
0.077610575
0.021339826
0.005492045
0.14894384
0.09989658
-0.029513322
0.062052418
-0.053992245
-0.06578185
0.04597318
0.08032043
0.0048881345
-0.057497177
-0.09221348
-0.0717621
-0.11443087
0.046794966
-0.103071846
0.06576596
-0.061207823
-0.006411037
-0.08308361
-0.027043907
-0.035345804
0.09225265
0.00049229484
-0.067040294
-0.01782791
0.06810207
-0.04382297
-0.0924663
-0.03540503
0.016289437
-0.021470977
-0.08310637
-0.09230933
-0.10199209
-0.12693003
0.018567584
-0.12605341
0.09205597
-0.06521876
-0.07403166
0.028968016
-0.116713785
0.013737549
0.026061112
-0.0297683
-0.05805831
0.0070736003
0.02530428
0.025961705
-0.016419357
-0.14291774
0.0047490634
-0.11229798
-0.08092745
0.104430914
-0.004913061
-0.059808157
-0.06901624
-0.09296157
0.11725581
0.054898273
0.029335622
-0.1376602
-0.15514146
-0.15061584
-0.05123993
-0.041479323
-0.066439964
-0.1268432
-0.022145448
-0.097378716
-0.079789944
0.088231765
-0.046859648
-0.08873448
0.047460433
-0.023933945
0.019958992
0.014318908
-0.030742379
-0.11165991
0.0033240905
-0.1283005
0.04752927
0.018085355
0.11714093
0.061346896
0.045554347
0.069820456
0.023588907
0.10224209
0.081169784
0.006979073
0.068154015
0.047193047
-0.042093452
0.068995595
-0.028768534
0.07129396
0.16212818
-0.0338906
-0.037476797
-0.0037618666
-0.00019589819
0.10672126
-0.01700899
0.058020107
0.017027523
-0.06583787
0.018519862
-0.06397542
0.10318646
0.01641522
0.041210167
-0.019660026
-0.07656303
-0.07683163
-0.10019906
-0.021910248
-0.026626803
-0.10680824
0.025582379
-0.04122833
0.022678616
0.043071613
0.11737259
0.05806023
-0.103574246
-0.04503853
0.07055378
-0.07481694
-0.02532908
-0.09294476
-0.028038876
-0.1262067
0.19101337
-0.0726956
0.05281651
-0.05864041
-0.029918721
0.040772434
-0.16295488
0.06958525
0.037968893
0.03382361
-0.06814996
-0.01316213
0.07995369
-0.075148776
-0.0915483
-0.05468068
0.019210117
0.07550167
-0.019629156
0.115932554
0.065896556
0.15840562
-0.05833566
0.018758567
0.05916062
0.14525336
0.12122614
0.10291794
0.022163594
0.093827404
0.017390106
-0.019062249
-0.091525584
0.16687529
0.1029935
0.041219365
0.065541446
0.047526464
0.05244346
0.04017618
0.08315256
0.064981095
-0.02934205
0.021557923
-0.14152212
-0.08945763
-0.114158936
0.1506822
-0.08656852
0.02258277
0.05476005
-0.03401099
0.14144036
0.004832088
-0.04156579
0.036879845
-0.14176247
0.04752798
-0.109983645
-0.028386213
-0.055384424
0.010891711
-0.036411088
-0.044402134
-0.029749688
-0.008076109
0.11560628
-0.08549058
0.070687756
0.11013509
-0.09500518
-0.09101113
-0.048619334
-0.08028159
-0.051557172
0.0061182864
0.014928859
0.11999814
0.046465933
0.10427711
0.07574974
0.13012262
-0.06746255
-0.14256956
-0.0745091
0.041901264
0.04105309
-0.089351386
0.12918736
0.13913032
-0.014164044
0.06654049
0.048256863
0.004842434
-0.02476534
-0.07389952
-0.07027763
-0.08446834
0.17541061
0.047690198
0.11585002
-0.021662386
-0.08864727
-0.08890622
0.014298016
0.103941776
0.056639105
0.1278832
0.044348054
-0.080054
-0.08660358
-0.07987018
0.11384136
-0.022066899
-0.07737792
0.049383953
-0.061435893
-0.15665197
0.006643762
-0.029423712
-0.0035264115
0.003442845
-0.059947796
0.100300945
-0.00050981727
-0.08156912
0.10871321
-0.14630172
0.10400522
-0.10570095
0.02367157
-0.05230231
-0.015639273
-0.049392816
0.046982985
-0.11516769
0.08533244
0.08829847
0.043806564
-0.08100219
0.10695529
-0.055439156
-0.018566938
-0.1270732
-0.09487481
0.053442076
-0.11395884
0.035850305
-0.09002256
0.13548012
0.112150766
-0.127187
-0.08220488
0.015691392
-0.10368513
0.06140759
0.09298716
0.10432009
0.099258214
0.035651777
0.06579008
-0.024342025
-0.027655883
-0.08283741
0.058605656
0.15141498
0.066323675
-0.0118484
-0.13377957
0.03353054
0.005771342
-0.005032712
-0.060504917
-0.11498723
0.06995811
0.013657542
0.061274447
-0.009326889
0.12424701
-0.0030765235
-0.08576931
0.010180931
-0.057541832
-0.08668236
-0.0078106923
-0.048486758
0.009697998
0.026013087
-0.091532074
0.026928406
-0.00974687
-0.10168161
0.0017492899
-0.037525438
0.04581039
-0.004137523
-0.085809804
0.09773707
-0.099615864
0.0038830286
0.033855196
-0.062112756
0.025563212
-0.02462065
0.029689988
0.16444913
0.08318233
0.07523744
0.03412367
-0.060695264
0.015688326
-0.01938104
-0.038854282
0.01216573
0.009389631
0.07450949
-0.032343704
0.023901403
0.013261104
-0.12194052
0.13467844
-0.0941408
-0.02455338
0.064112805
0.010036698
0.07497874
0.0269492
0.045698307
-0.10969528
-0.008448962
-0.015075475
-0.0144441705
-0.123982824
-0.021452358
0.016894596
0.06259625
0.030656788
0.08700533
-0.0063620326
0.04462769
0.040117044
0.18439856
0.061096404
-0.07492519
0.09467481
0.056740113
-0.13051786
0.004765902
-0.07544563
-0.06546075
-0.118484065
-0.05475228
0.06572439
0.19277838
0.1582671
-0.10862387
-0.16543747
-0.07905665
-0.018946698
-0.048271026
0.059370626
0.0021816888
0.110054895
0.09711453
-0.014198297
0.084872074
0.19152296
-0.019848322
0.04107652
-0.057008594
-0.03622955
-0.1525797
0.11314147
0.06627563
-0.119606994
-0.11615136
-0.04350926
0.024225561
0.06275726
0.21260822
-0.09578932
-0.079569645
-0.09654542
-0.019714803
-0.019466832
-0.22173177
-0.08369706
0.04243045
0.018607128
-0.20265795
-0.10269277
0.15954524
-0.054518014
0.1199396
-0.032417484
0.007434912
0.1748207
0.21736735
0.11212477
-0.085822515
-0.06716209
-0.0596426
-0.088308275
-0.060468234
-0.19482529
-0.034638323
-0.08866658
-0.049154222
-0.045862183
0.03490201
0.00060949917
-0.03874416
-0.00044081538
0.10619142
-0.05570947
-0.012357846
-0.10163547
-0.0320596
-0.02039484
-0.18362907
-0.0810529
-0.0897872
0.057590365
0.036026556
0.020208957
-0.011198109
0.0885236
0.10482171
-0.014297757
0.10535648
0.052803714
-0.09795284
-0.010426988
-0.107963555
-0.012408849
-0.11320372
0.018874414
-0.06279114
0.1054271
0.11288053
0.096714444
0.15493634
-0.057796873
0.14123337
0.13731363
0.1123663
-0.017990327
-0.006224761
0.14478464
0.13235503
-0.022563556
0.15003726
-0.015401545
-0.0364186
-0.06589994
-0.116746075
0.052498937
-0.16046146
0.01352558
0.12730125
0.023136431
-0.027736489
-0.052539997
0.022268243
0.12802865
0.05574706
0.04015556
0.032334935
-0.09715378
0.09419462
-0.046814114
0.034301594
0.17450169
0.027574748
0.07098466
0.005146505
-0.09628651
-0.09670939
0.031799458
-0.07916434
0.033291984
0.11192052
0.072865255
-0.023024494
-0.015015687
-0.04711011
0.00298141
0.079721
0.09271225
0.06185217
0.09118528
0.06457569
-0.08248513
0.095408216
-0.028249899
0.08367059
-0.04420895
0.016179917
0.14590767
0.09784326
-0.026044145
0.036606595
0.029690614
-0.05270723
0.0018411361
0.07275206
-0.034163173
0.12977321
0.089543805
-0.12145541
0.049469206
-0.008765098
-0.009433488
0.031521015
0.1484694
-0.013255349
0.04581659
0.021247325
-0.09320031
-0.04559176
0.04946249
-0.02425331
-0.01761556
-0.08148251
-0.111411944
-0.028357591
0.1458231
-0.02974662
0.053993803
0.14515576
0.043704316
0.0867865
-0.08020657
-0.039710995
-0.02691154
0.0654532
-0.0355339
-0.11239357
0.04651987
-0.028167775
-0.01287663
-0.02876782
-0.040911138
0.0958499
-0.11103791
0.10030654
0.06610366
0.08422321
0.06458689
-0.056179274
-0.053790085
-0.03214952
0.06980487
0.094604656
-0.04168932
-0.04123499
0.063036755
0.012580129
-0.07616736
0.10496817
0.02555942
-0.005413166
-0.042723957
-0.04746119
-0.10126251
-0.063632935
-0.050026942
0.04582253
-0.005361604
-0.053096224
0.12928854
0.07070839
-0.059499566
-0.05579402
-0.009482973
-0.12524123
0.0294534
-0.01813146
0.07875464
0.06436801
0.015612956
-0.0021171633
0.024586193
0.109768115
0.043724485
0.033078093
0.08615988
-0.064291425
0.12871645
-0.08986062
-0.043787267
0.09326703
-0.04265953
0.092888355
0.035738196
0.047456685
0.08869265
0.08668485
0.0797044
-0.022232853
0.05734406
0.038731456
0.039522167
-0.082217336
-0.06322007
-0.050238777
0.011097501
-0.057945613
0.07286806
-0.040393002
0.056068882
-0.12094717
-0.10538777
5.239438e-05
0.08218318
-0.089999475
-0.027335979
-0.010515547
0.078403614
-0.09458852
0.0010570999
-0.050071884
-0.024873411
-0.0094518475
0.08028115
-0.10752188
0.09616149
0.08696005
0.09000972
-0.041038245
-0.1259911
-0.09227905
0.15033531
0.11556702
0.01883827
0.13349746
-0.076044865
-0.11282172
-0.037811093
-0.029195454
0.09007655
0.05412517
0.07168475
-0.076784454
0.028898159
0.07550931
-0.09275459
0.0646854
0.029806318
0.089249514
-0.00034477215
0.029448234
0.08467839
0.02401527
-0.061259348
-0.084253356
-0.03564804
0.052516557
0.091376856
-0.047163654
-0.031420413
-0.069123134
-0.08585747
0.11306491
0.018495098
0.01884675
-0.0993037
-0.05775118
0.054359388
0.12406112
-0.085433334
-0.10035864
0.12267836
0.06548778
0.082705066
-0.021360321
-0.044385865
0.070758134
0.04497607
0.10720105
0.051789418
-0.034216467
-0.031066056
0.015367162
0.039264593
0.14196849
0.15227614
0.002949785
0.029360933
0.085954554
0.075030014
-0.0035895663
-0.08616273
0.12333901
0.02014965
-0.08696489
0.07926402
0.08244254
-0.11282896
-0.07535337
-0.11242304
0.088606164
0.061328866
-0.06309717
-0.037143487
0.07914734
-0.10443958
-0.05446169
-0.013153772
0.022066113
-0.07598073
-0.0142587945
0.11998617
0.016943134
0.0037280952
-0.10489021
-0.032187164
-0.10461422
-0.064698234
0.060292967
-0.0052738218
0.029861968
0.077327654
-0.10307044
-0.067984164
0.111279175
0.053460844
0.11720363
-0.16812314
-0.08973953
0.090821
-0.0058194967
-0.0015239548
-0.05343545
-0.122255005
0.0062246807
-0.03411899
0.07476371
-0.09305429
-0.0345785
0.001436199
-0.08048627
0.011127619
0.13014905
0.0518663
-0.0038818212
-0.03959788
0.018238828
0.06190076
-0.031670913
-0.026912214
0.07291189
0.0717144
-0.018733446
-0.09387377
-0.061762508
0.020764044
-0.02985983
-0.044485383
-0.058056142
0.038393144
0.06476984
-0.095669895
0.02885711
-0.13775447
-0.040544987
-0.07609236
0.056619134
-0.082432516
-0.01214479
0.11571513
0.042663466
0.07821417
0.07969374
-0.09221311
0.027189534
0.051397722
0.000993191
-0.064686395
-0.14587371
-0.034105606
0.038435716
0.049035426
-0.13228932
0.062421996
-0.09861509
0.054565858
-0.041833896
0.0784367
-0.049528517
0.13229604
0.11884542
-0.027750457
-0.0043004085
0.098683245
-0.006643239
0.032261174
0.047768652
-0.014017096
0.15799727
-0.114280835
0.04892688
0.06612533
-0.08461143
0.07214771
0.11642947
-0.022967426
-0.12100928
-0.07044726
-0.048372976
-0.13645835
0.0210696
0.028339406
-0.09916846
-0.08340024
-0.07728709
-0.059144557
-0.060754377
-0.07277983
0.14178456
-0.07063286
0.085708626
-0.045042723
0.05405651
0.14433949
0.030571952
-0.14670454
0.019325243
0.047889296
0.06003778
-0.008889383
0.08022438
-0.072961584
0.13821842
-0.048693486
0.018854452
-0.0661907
-0.049775284
-0.018592779
0.05951909
0.04237312
-0.045976978
0.09819303
0.12278547
-0.10771775
-0.056951158
0.011182045
0.12868951
0.04337176
-0.046280902
-0.06693159
0.08080253
0.09697747
-0.010296471
-0.038216237
0.1194218
0.1131008
-0.049888704
-0.016267436
-0.049697522
-0.05837947
-0.051677365
-0.019212382
-0.0006276755
-0.020215718
-0.09860047
0.018013306
0.042138766
0.105822146
-0.04300794
0.0019485313
0.038044143
0.028990945
-0.06416624
-0.0056172684
-0.049817774
0.08212548
-0.0960227
-0.117455035
0.047902863
0.060195275
0.0003167081
-0.08594545
0.031123642
0.0053573186
0.0099348
0.09426644
-0.10997534
0.08037671
0.058780767
-0.031068139
0.11481622
-0.00018542701
-0.069532074
0.05076458
0.10256694
-0.06002697
-0.10644223
0.12723185
-0.029720074
-0.032992322
0.001563065
-0.0735961
0.042999364
0.018865531
-0.038249485
-0.042560495
-0.024180451
0.0072086346
-0.117465526
0.029276637
0.06907448
-0.039545435
-0.116494074
-0.10622019
-0.04805028
-0.1030167
0.07595063
0.050055742
0.033879504
-0.026867788
-0.03673425
0.076505125
0.021127708
0.07970849
-0.08674398
0.013750903
-0.058887754
-0.06645907
0.06995804
-0.039243568
0.13188046
0.06504184
-0.052555904
0.0012393993
-0.080440156
-0.030230932
0.12226299
-0.07028374
-0.069295816
-0.049535178
0.02180286
-0.10822965
0.048658073
-0.06881141
-0.097979836
0.00973742
0.0076607424
-0.11908751
0.028476259
0.033878963
-0.060175017
-0.026331931
-0.040224105
-0.06072096
-0.07689899
0.08656761
0.07755674
0.065479346
0.0045929374
0.07678839
0.04084389
0.022738546
0.0481169
-0.09947398
0.041947454
-0.028490538
0.08472885
0.06101022
-0.09187792
-0.005841279
0.061335634
-0.0022661523
-0.022751726
-0.084537245
-0.040788844
0.08078767
0.051485416
-0.010894587
-0.026089605
0.06307813
-0.022580693
-0.06433504
-0.0773618
-0.016309809
0.079071626
-0.037937466
-0.064381175
0.013949994
-0.056483712
-0.015746368
0.04447266
0.07496068
0.025780212
-0.119914755
-0.017168289
-0.037894793
-0.024765199
-0.05344471
0.060166784
0.032799337
-0.039556302
-0.012728375
-0.11894677
0.034184176
0.10725051
-0.035059255
0.001766919
-0.05171415
-0.026960898
-0.0844153
-0.04096685
-0.06010902
-0.028830348
-0.08084226
-0.026321577
-0.06641602
-0.106664404
0.101635024
-0.0011239889
0.108613625
0.071351185
-0.056651607
-0.09533585
0.030507633
0.045705844
-0.04750712
0.10289906
-0.045992557
-0.13105868
-0.030709807
-0.02682773
-0.027104542
-0.048441447
0.10457982
0.06291608
0.12954937
-0.045536235
-0.06730687
-0.07970105
-0.0075396076
-0.081630684
0.04218973
-0.009329319
0.09029864
0.050072417
0.05812684
-0.018634502
-0.13019273
0.09713831
0.18680172
0.10088793
0.012309106
-0.030702462
-0.05304731
-0.07874093
0.024024455
-0.06711616
0.06563224
0.042544276
0.046127334
0.12716557
0.15641764
-0.0038176193
0.17373359
-0.05920333
0.14094289
-0.025948035
0.12586927
-0.053763505
0.03281591
-0.009713028
0.1691374
0.024481421
-0.024884911
0.13233075
-0.06703268
0.15485598
0.025176361
0.08285506
-0.049727548
0.117163576
0.062283844
0.020534486
0.07797317
-0.050762255
-0.081363104
0.103645556
0.032424483
0.034577817
-0.12558214
-0.15589283
-0.030479418
0.062245388
0.01810199
0.058702376
0.14539908
0.09190465
0.038880493
0.13458407
0.0016165255
-0.036586292
-0.019504737
-0.09035896
-0.08612499
0.10702468
-0.11529534
-0.08366219
0.019028308
-0.05852517
0.08769828
0.02769797
-0.10957232
0.10774394
0.11112439
0.038518555
0.009582117
0.10069319
0.10246054
0.123515405
-0.039221983
0.10007211
-0.10379381
-0.03654086
-0.020299546
-0.029013284
-0.10500751
0.12686731
-0.073385745
-0.035629213
0.12666814
0.01920559
0.12283489
-0.07862769
-0.10607008
0.03512438
-0.03671571
0.029643368
-0.046376266
-0.047475293
0.056996677
-0.12001252
0.057770953
-0.005056218
-0.039853107
0.076000825
-0.07747211
-0.036310416
0.064195044
0.0028544678
-0.09475229
0.07581443
0.14542574
-0.10183948
-0.014483962
0.031539205
-0.029156027
0.010506698
0.08528734
-0.124292985
-0.07507654
0.027473949
-0.011767981
-0.06744968
0.0972025
-0.0627822
-0.08323706
0.05268012
-0.037138153
0.12133023
-0.07881785
0.086883955
-0.08946617
-0.09450025
-0.007318625
-0.081933506
-0.07689759
0.06950293
-0.106207095
-0.07516583
-0.013400557
0.09963582
0.06292759
-0.09667425
0.078691415
-0.024372468
0.054930218
-0.100512296
0.09635747
-0.051167123
-0.045261495
-0.08106669
-0.027409542
0.14008908
-0.06853025
-0.009478883
-0.0775609
-0.010919135
-0.009290687
-0.037734978
0.06380106
0.04010732
0.059591416
0.048292473
0.060912076
0.031352606
-0.06682965
-0.12614724
0.12813318
0.063865185
0.046292275
0.10454973
0.042971402
0.07451776
0.020971412
0.07854932
0.087424584
-0.07269071
0.097024836
-0.042047348
0.050281536
-0.08567443
-0.0068907635
-0.02606355
-0.056735843
0.122094885
-0.0841885
-0.034406662
-0.077498555
0.07727977
-0.07289465
0.030370217
-0.050695285
0.08980086
0.05109661
-0.0029660787
-0.025197905
0.03561429
-0.088989146
0.013729494
-0.09297273
-0.14594877
-0.08394537
-0.056707166
-0.09390942
-0.08949665
-0.20390697
-0.0068515083
0.024601586
-0.077398546
0.05517021
0.053399153
-0.121460505
0.1543888
0.04963653
0.20818989
-0.06559449
0.1609615
-0.09912487
0.076256275
0.03204708
-0.008959107
0.057057187
-0.0074209403
0.066328265
0.10282968
-0.108602546
0.008424445
-0.022734901
0.046596456
0.07837119
0.05052981
0.10630792
0.023705373
-0.16166852
0.06556259
-0.051842853
0.04821962
0.06080536
-0.07769237
0.11356008
0.058534585
-0.06320415
-0.10064638
0.060652107
0.13673162
-0.06535955
-0.13824446
-0.103321664
-0.06599824
0.040399544
0.09511903
0.037017297
-0.07585651
-0.097913146
0.08036388
0.16533743
0.12588264
0.012269762
-0.04590002
0.026431894
-0.07502636
0.03230813
-0.026429322
-0.0787202
0.0710836
0.08530927
0.07900031
-0.06485005
-0.11849869
0.00043313633
0.14185986
-0.063784055
-0.092147864
-0.018144557
0.22439587
0.08428109
0.05298668
-0.034604717
-0.009811277
-0.017338963
0.0074773547
0.03909325
0.072758086
0.05795625
0.063264415
0.0857055
0.0768449
0.08640794
0.04391735
0.0908479
0.04511028
-0.13609079
0.03991425
-0.09912793
0.020213328
-0.113414414
-0.041989136
0.024876824
-0.17055419
0.0049983426
-0.039745267
-0.06811682
0.1564373
0.08487744
0.048755568
-0.045904983
0.11358958
0.09402303
-0.18234625
0.048552267
0.14596373
0.07078897
0.11015673
-0.17299956
-0.04547549
-0.07902204
0.009264484
-0.011520403
0.14760455
0.054178886
0.02778111
0.082952656
-0.14847861
-0.12939483
0.078800805
0.085073054
0.059367947
-0.04479716
0.033411175
-0.04445495
0.038125034
-0.06889144
-0.005288097
-0.052461192
-0.082934365
-0.022892723
0.10944121
-0.0077954796
0.054322414
-0.14602612
0.13764101
-0.055786304
-0.0030113934
-0.05066732
0.13126568
0.12382964
-0.15572713
-0.12941144
0.06919626
0.092998385
-0.058297575
-0.017752355
0.0129276225
0.05213772
-0.022158137
-0.14284597
-0.035162184
0.0931651
-0.073259115
0.008286231
0.04930403
0.006605993
0.032475345
0.09828096
-0.061415516
-0.15848887
0.08999196
0.054451156
-0.09662573
-0.12218276
0.11672618
-0.07292338
0.011712938
0.03195165
-0.10707115
-0.042765323
0.08996802
0.08625927
0.05740105
0.11326302
-0.029334428
0.018667739
0.10975814
-0.09731125
-0.14413303
-0.17680278
-0.010093978
0.10131323
-0.11037134
-0.08739977
0.11520598
0.05670942
-0.10688466
0.01663557
0.027200017
-0.043352406
0.011730582
-0.14357053
-0.034428332
0.013197845
-0.073792964
0.09049209
-0.041200045
0.01777627
-0.051372673
-0.10857037
0.11218753
-0.023355816
-0.047492143
-0.09513031
0.046439268
0.0321278
0.005054791
-0.12026177
0.011122903
-0.046609618
0.09933822
-0.06376884
0.080027714
-0.09508677
0.07101859
0.09572265
-0.07119664
-0.041608784
0.060312252
0.06249364
0.04606639
0.1417572
-0.067714915
-0.06951136
0.040048677
-0.052699268
-0.0059911828
0.12514566
-0.07607218
0.07790661
-0.027474344
0.046281796
0.132186
-0.08755709
-0.00097063265
-0.111753605
0.15603961
-0.0664174
-0.14114474
-0.11778987
0.11990638
-0.0670175
0.020735815
0.110051095
0.055744626
0.12623507
-0.03472751
0.07065209
0.1318069
0.16152939
-0.13122696
-0.009605255
0.16248998
0.08043573
0.056022637
-0.019474057
-0.08687367
0.0043927934
-0.114522
0.061336387
-0.16481669
-0.16327
-0.095078774
-0.09233104
0.061223604
0.11640603
-0.10656209
0.18504596
-0.09015383
0.00022681376
0.077860974
0.08201159
0.08080804
-0.09859274
-0.14218348
-0.06397481
-0.06193456
0.061712574
0.062231015
-0.02996544
0.07884297
-0.03073048
0.07395732
0.084390454
0.019790666
-0.098230585
-0.09956181
-0.0015373664
-0.08251045
-0.091010064
-0.14626038
-0.0151557205
-0.10245777
0.10388696
-0.094874896
0.005668371
0.10704028
-0.027174516
0.035318784
0.019851422
0.084658585
-0.062053174
0.05520815
0.07275731
0.027227001
0.05374449
-0.12722212
-0.029135043
-0.04650806
0.002988523
-0.024512317
-0.073358804
0.055114955
0.057575822
-0.08052926
0.08115223
0.14375529
0.011649504
0.12018102
0.07940442
0.09446773
0.05260173
-0.05282072
-0.026786465
-0.07201651
-0.047839686
0.055341516
7.36264e-05
0.004147936
0.042120654
0.11235012
0.10450484
-0.07754009
-0.013398085
0.06584489
0.093784876
-0.015817385
-0.041399956
0.10547621
0.021621488
-0.10022634
0.012855924
0.09852557
-0.068773136
-0.04865991
0.04215093
-0.07615693
-0.014076613
-0.07419093
-0.10627033
0.09279102
-0.053661443
-0.09706585
-0.164138
0.04348767
-0.1258819
-0.034157693
0.10567785
-0.05614971
-0.00040545865
0.07124811
-0.108374245
-0.09953755
0.12838887
-0.046463743
0.17072491
0.07514642
-0.05426873
-0.034807157
0.030145321
0.093763396
0.09749222
0.031831518
-0.12045394
0.09617486
0.12059451
0.14180802
-0.14337902
-0.11638916
0.034422643
0.06945744
-0.040248103
0.022416333
0.08675391
-0.005317489
0.11202931
0.11090383
0.068184204
-0.14250256
0.1316204
-0.02592804
0.032076333
-0.029253853
0.009097106
0.10462508
0.041499615
-0.00015987092
0.038296163
0.029745782
0.023886314
-0.076848336
-0.02353403
0.056545623
0.05738317
-0.055504095
-0.09598889
-0.102205634
-0.059889786
-0.08633827
0.029225042
0.04897887
-0.10238759
0.1167817
0.031139063
-0.082976766
0.0003064781
0.055537336
-0.12657702
0.049227715
0.04094068
0.12397915
0.08715804
-0.0683249
-0.100543976
-0.1079057
0.071276166
0.08218991
0.09702383
0.07466563
-0.03670494
0.102269515
0.12541065
-0.01355347
-0.07923061
-0.012567538
0.017070504
0.055099662
0.031531002
0.0013559037
0.009686659
0.040923107
0.0527432
-0.058644135
-0.038554993
0.112265676
-0.030352334
-0.040656034
0.11387043
-0.02275076
-0.05488658
0.05897618
0.11488099
0.04986483
0.04892548
0.039580654
0.040020663
0.12352308
-0.025907263
-0.018695798
0.07854204
0.021254396
0.017767468
0.00019455241
0.003500777
0.14815429
-0.009811629
0.056672323
-0.061334446
0.111698836
0.08850147
0.10901119
0.08514209
-0.08224628
0.026682654
-0.022187253
0.032201014
-0.06208356
0.06446089
-0.029962443
0.15433869
0.07945128
-0.0346909
-0.020403579
0.0019683007
0.05492332
-0.009524028
-0.056073032
0.017956788
0.07057493
-0.016382655
-0.06393522
0.07320399
0.048694726
0.00764473
-0.10634015
0.12327991
0.015855337
0.018924972
0.25785565
0.15350045
0.0764661
0.05714476
0.2743704
0.0684513
-0.022415819
-0.076912954
0.05525103
-0.061623722
-0.02029028
-0.109110974
0.0043044016
-0.021809839
0.137892
0.050093
-0.017983936
0.093546316
-0.083413
-0.12557302
0.12844037
0.054091513
0.048170812
-0.047931217
0.05613228
-0.12044188
-0.087887265
0.002119949
0.062748976
-0.13965634
-0.10581931
-0.08924727
-0.03295498
0.0015573837
-0.06389761
-0.07963172
0.10776204
-0.21572249
-0.04309291
0.12502594
0.040764913
-0.0038635097
-0.006513205
0.07765864
0.06408225
-0.12267233
-0.19942278
0.034185678
-0.019371087
-0.061101813
0.018667974
-0.0068687405
0.082205616
-0.03951195
-0.11656469
0.054182705
-0.055457197
-0.1505863
-0.04171927
-0.11002374
0.012125375
-0.051594615
-0.108773336
0.07141975
0.0060272655
-0.06674782
-0.04677456
-0.07519437
-0.0005865827
-0.10182993
-0.07233732
-0.0899384
-0.0042184535
-0.03405135
-0.063577466
-0.08753591
-0.0151479505
0.0056040282
-0.037529714
-0.08258968
0.032946352
-0.04888057
0.10399346
0.0154446
0.18881406
-0.026439682
-0.11427344
0.03512218
0.13317978
-0.08687495
-0.14647822
-0.07868433
0.023123471
0.15066545
0.0021588595
0.08739055
0.055179846
-0.063366495
0.058894645
0.055142593
0.046517577
-0.06051555
-0.045123477
0.10466987
0.036907356
-0.16037314
-0.13567902
-0.15521593
-0.12971765
-0.069352314
0.075530216
-0.10130031
0.06914256
-0.018114923
-0.012854905
-0.07813833
0.016247073
0.12193138
0.03750332
0.03903585
0.13432266
0.062600285
0.025458455
-0.025365049
0.07687615
-0.023173729
-0.25240946
0.026416525
0.015566514
-0.12881477
-0.18692833
-0.18510364
0.13822705
-0.0013678934
-0.0030006976
-0.04456902
-0.063035555
-0.123759985
0.07479055
0.053560518
0.08839219
0.14299262
-0.11230569
-0.21121602
-0.13356489
0.053162325
-0.02871839
0.16220595
-0.007706193
-0.012569118
-0.14621873
0.3331833
-0.094359726
0.09031282
0.0035695608
0.12659967
-0.041487686
-0.23031902
0.04679119
0.11206204
-0.014375933
-0.16016889
0.08303274
-0.11542966
-0.018297832
-0.09997331
-0.030454423
0.051850297
-0.13570945
0.07374507
0.074995466
0.12449996
-0.11601746
0.14271238
0.074878275
0.005426043
0.2298825
-0.18082082
-0.100382596
-0.15215702
-0.1697882
-0.063272335
0.1415458
-0.09926921
0.09956085
-0.19647573
-0.067548715
0.1426549
0.1367793
0.09477417
-0.060621217
-0.21997853
-0.017722564
0.19212052
0.20074552
-0.037299156
0.054354217
-0.0055201007
0.011181816
-0.13517731
0.008930204
0.106500566
0.09701878
0.09722792
0.24497616
0.19071071
-0.43324196
0.07791457
0.06828436
-0.10343808
0.050141457
0.23809971
-0.22669151
0.35059237
-0.17087993
0.15295054
-0.19568464
0.06861436
0.10335995
0.07489077
-0.21163945
0.10474202
0.17708275
0.12399164
0.12973243
-0.22689085
-0.2735354
-0.0126898615
0.09544005
0.06629342
0.014178464
-0.033848926
0.039777637
0.24268965
0.11917265
0.1288193
0.12138769
-0.102940105
-0.17312534
-0.085608646
-0.000253554
-0.093054146
-0.02102843
-0.12819412
0.15182035
-0.06433293
-0.33273697
0.13855822
-0.088672675
-0.13033085
-0.06969941
-0.054093435
0.10681084
0.06824036
-0.019264443
-0.05177812
0.0006950392
-0.015763558
0.034519907
-0.09860265
0.08798925
-0.13074298
-0.09783897
-0.1263337
0.12419033
-0.053978305
0.023421526
0.050510675
0.1315517
0.16457643
0.082522206
-0.1078264
0.08964906
-0.119966686
0.04015829
0.09566752
0.06812079
-0.079460844
0.08855531
-0.031410936
0.051062737
0.020899436
0.072366685
0.010100937
0.06600397
0.05343238
0.048796207
-0.09736606
-0.12507957
-0.07210614
-0.019791888
0.07317105
-0.068175204
-0.04846506
-0.06887796
-0.015315678
0.013747605
0.099694975
-0.106867105
0.14565293
0.058553837
0.011082658
0.014616051
-0.075135745
-0.0808869
-0.03655688
0.0012419623
-0.04906209
-0.05616771
-0.07248273
0.04298889
-0.0699152
0.01759961
-0.117477685
0.14772034
-0.06894858
0.037617225
-0.03194576
-0.0044798995
0.022394152
0.06325342
0.05189527
-0.10739211
-0.0031731634
0.06577309
-0.12857108
0.31335434
-0.033365414
-0.053279772
-0.09031213
0.104799435
-0.094279006
-0.012436929
-0.0507649
-0.10183072
-0.04495297
-0.07126844
0.04445635
-0.03441054
-0.0049210843
0.09060563
0.039130144
0.11355735
0.05790021
0.072659194
0.08487691
0.051081855
0.047689334
0.06318159
-0.055540673
0.077094354
-0.067980014
-0.009534672
-0.0029098885
-0.051885925
-0.10234186
-0.12013115
0.0686249
0.024135714
0.06462464
0.004760363
-0.10801304
0.04180724
-0.085475616
-0.09203839
0.08700358
0.10737168
0.10792454
-0.036469284
0.15469384
0.00852404
-0.01696684
-0.0030183555
0.05075508
-0.010201523
0.09757303
0.12265639
0.06969777
0.022614097
-0.011391956
-0.017109275
0.122418985
-0.0074761272
-0.05358715
-0.09118765
-0.030954974
0.10143588
-0.025489673
-0.09373109
-0.027133126
0.03238143
-0.036174882
0.058300313
-0.01136014
0.030388877
0.096744895
-0.045369342
0.08539676
0.047723554
-0.109137304
-0.0058749523
0.015621002
-0.06911707
0.049247883
0.037486337
0.00088044314
-0.12101513
0.09283639
0.012465852
0.01308702
0.059925675
-0.089888595
0.113184944
-0.07698896
0.043944903
-0.06452219
-0.06964128
-0.007944972
-0.100798085
-0.06954447
0.010952802
-0.050628215
-0.0810762
-0.000165906
-0.038938038
0.13247286
0.01887469
-0.047273718
0.035946447
-0.11295775
0.06078655
-0.053075552
0.011102962
0.05811378
0.06361576
-0.027838117
-0.03019697
-0.051268604
0.012708599
-0.035596322
-0.12248667
-0.048895206
-0.055247262
0.08169084
0.04636083
0.12155931
0.11882297
0.031971816
0.062275875
-0.09367409
-0.050401993
-0.08827498
-0.01372952
-0.091687836
0.3411396
0.048814163
0.02970352
-0.12968661
0.09451518
-0.09247836
-0.11990121
0.045047157
-0.059728257
0.0056075356
-0.14001802
-0.07107669
-0.15985097
-0.022407006
0.07442831
0.042965606
-0.025780551
0.10743046
-0.046072807
-0.04489652
-0.0057375943
0.04945402
-0.07032251
-0.07108948
-0.04040135
-0.07872854
0.09041266
0.10942104
0.05756543
0.020798463
-0.13067323
0.051566396
-0.09560837
-0.12018442
0.10248897
0.016439192
-0.0019824398
0.0044272267
-0.022584865
-0.054696117
0.012375829
-0.06895041
-0.030660756
0.09434937
0.04197127
-0.10098257
-0.13506731
0.06158283
0.0727464
-0.06151108
-0.0819107
-0.01537801
-0.08112453
-0.10407415
0.097877264
-0.05080993
0.023779044
-0.108535275
0.020715795
0.07084714
-0.075409465
0.035077427
0.042540297
0.029237146
0.058363136
-0.12100597
0.026454734
0.116157286
0.010840672
-0.06846038
0.15234008
0.013335771
0.013640372
-0.0860755
-0.084898815
-0.084431335
-0.026754979
-0.008230464
0.08591189
-0.1116629
-0.0883529
0.055443063
0.10427848
0.11318918
-0.035304073
-0.05027966
0.12533842
-0.14216837
-0.026009602
0.07729892
-0.09307321
-0.08790168
0.06493881
0.10348181
-0.13329051
-0.02986773
0.04451732
-0.084955655
-0.06135191
0.1016744
-0.0895523
0.0069164466
0.0634313
0.06689711
-0.11057339
-0.014641117
-0.05299591
0.11059937
0.06416907
-0.03364443
0.06404148
-0.00048946386
-0.0650517
0.0055272877
-0.15132101
0.01476378
0.033748657
-0.07926058
-0.021891255
0.05655926
0.00030865203
0.042296413
0.05222058
0.06428742
-0.06643636
0.11402552
-0.06555537
-0.023048742
0.38654837
-0.011257124
0.05631775
0.03550413
-0.06887126
-0.064541705
-0.013099538
0.04295387
-0.15889212
-0.05651544
-0.11395047
0.11614997
-0.017256552
-0.09882257
0.12889518
-0.03838006
0.046910048
0.0008843259
-0.06621808
-0.0604848
-0.00080651074
0.059895568
0.019122569
0.06789207
-0.08723973
-0.033501092
0.06994867
-0.05870007
-0.0013867792
0.039173793
-0.03985015
-0.09053922
-0.005705706
-0.02935086
-0.029314443
0.085008636
0.016016264
-0.012455508
0.062103163
-0.0034374236
-0.046498932
-0.016270945
0.026104204
-0.009784527
-0.04413074
-0.030156797
0.013563763
0.0037804744
0.05850407
-0.07163762
0.0832868
0.12255315
-0.06658711
0.012616825
-0.065786816
0.102335125
0.06540435
-0.115613215
-0.06769949
0.06838764
0.025381748
0.08726173
-0.0760583
-0.0018096906
0.08269063
-0.07875677
0.09694698
-0.0026656666
-0.0978774
0.066902325
0.09965441
0.019474939
-0.033376463
-0.065898016
-0.03427625
-0.06781735
-0.019611549
-0.017288405
-0.030637981
0.12314371
0.02407882
0.053500947
0.059676234
0.07108632
-0.14445196
-0.022796491
-0.059043556
-0.026011007
-0.039903853
0.011742768
0.07459203
0.020424383
0.0013670353
-0.13383198
0.03687404
0.08574151
0.07896358
0.041313037
0.046631914
-0.100695826
0.069460884
-0.08510197
0.074734226
-0.14987168
0.012746483
0.039706226
-0.09532506
0.0067538107
0.112121254
-0.08603821
-0.07570409
-0.06969964
-0.09051813
-0.0495855
0.042076092
-0.09520402
0.12030834
0.0528406
-0.09270236
0.10323343
0.023260739
0.04648254
-0.06211717
-0.048465688
-0.08990313
-0.08862598
-0.00052001944
0.11558174
-0.006365602
0.005113419
-0.10673848
-0.07137209
0.056242306
-0.06151845
0.013981163
-0.02128771
-0.03880186
-0.07139573
-0.002032746
0.03917231
0.058504544
-0.01611205
0.040972453
0.03774555
0.04274607
-0.02382686
-0.09800623
-0.13916238
0.044549815
0.05827736
0.11982785
0.09083331
-0.026529154
-0.016948702
0.03907791
0.011953101
-0.026076065
0.1018448
-0.021249091
-0.021074776
-0.11884517
-0.11321291
-0.051128753
0.07207465
2.5065685e-05
0.06889158
-0.056089647
-0.015654653
0.07304147
0.09816698
-0.07571305
-0.015371123
0.02712896
-0.08842107
-0.06413354
0.001371252
-0.03244557
0.081183836
0.07849231
-0.062281504
-0.08275474
-0.026627108
-0.05153528
-0.031076236
-0.012458202
-0.057028502
0.115938015
-0.0077086124
0.047838505
-0.0595554
0.15487826
-0.04117206
0.08519363
0.048721317
0.13614279
-0.14055844
0.0986147
0.15687299
-0.03023103
-0.111040466
0.0054806024
0.024633512
0.02377591
-0.08455322
0.0066162227
-0.24854746
-0.041632958
-0.113852404
-0.08706598
-0.12386706
-0.013007957
-0.0055519356
-0.15176405
0.09460883
-0.12374
-0.16455631
0.00019678919
-0.045226008
0.041898962
0.055911705
-0.031130804
0.1501959
0.14861202
-0.20920466
-0.048114303
-0.005604556
0.0401853
-0.15916228
-0.012903664
-0.14034024
0.052656334
-0.11362805
-0.09875165
-0.018099006
0.032346006
0.06363338
-0.0768089
-0.014008669
0.067604534
-0.12430241
0.04915085
0.096023306
0.08031496
0.0903208
0.057895117
-0.11134449
-0.10315136
0.00870605
-0.008387567
-0.08268942
-0.11833775
0.061279304
0.14540473
0.016773768
-0.06447799
-0.039946336
-0.08389486
-0.15409374
-0.03555356
-0.08393233
-0.06542465
0.06122689
-0.0076293936
-0.16299649
-0.01743228
-0.1497332
0.01934563
-0.13111185
-0.16266242
-0.06474406
-0.08036012
-0.17954065
-0.006922701
-0.10179347
0.1455528
0.08792487
-0.0009215853
0.18039197
0.026713682
0.12556133
0.021288749
-0.13123082
0.057595965
0.08725109
0.18893513
-0.07984214
-0.1159525
-0.015445897
-0.021276206
-0.006685338
0.101667404
-0.1294921
0.06503544
-0.15964933
-0.08696692
-0.12810239
0.13302514
0.058178347
0.020299342
0.119759366
-0.07597812
0.04013201
-0.14003839
0.009624524
0.14236301
-0.02897428
0.14042413
0.08401779
-0.020469107
0.14143923
-0.06947002
0.029082216
-0.022024782
0.023280127
0.072509065
-0.10694403
0.046481382
-0.113770366
-0.12081642
-0.024616705
0.13805674
-0.11249076
-0.03051947
-0.09423771
0.1226412
-0.0604504
-0.0009096881
-0.09736652
0.13929474
-0.036497068
-0.06696076
0.039221246
-0.038533814
0.13954456
-0.024876395
0.13014472
0.08181551
0.10428629
0.07944779
-0.05372153
-0.019030144
-0.14224035
-0.0054348465
-0.09368104
-0.1215819
0.042415425
-0.14735118
0.037964556
0.0693517
-0.07589054
0.13465194
-0.061848875
0.005921909
0.13464905
0.032868862
-0.081386976
0.014708936
-0.07902688
-0.03895664
-0.085825495
0.13992874
0.038894814
0.1425782
-0.029789397
-0.033055965
-0.072807066
-0.089583516
-0.058254924
-0.12208568
0.02770522
0.059497807
-0.027975388
-0.085170604
0.061301038
0.11369539
0.11369221
-0.037089616
0.05024596
0.0633739
0.052522667
0.11518287
-0.075002745
-0.00549641
0.08185176
0.035666566
-0.04797599
-0.019552335
-0.09491885
-0.10579911
0.074044526
-0.031961035
-0.11119897
0.10538657
0.10287454
-0.017298352
0.08822243
0.07031719
0.11793601
0.10409128
0.122076854
0.0017866734
-0.02543357
0.12660065
0.038723785
-0.018842043
0.14485055
0.019775052
-0.055001542
0.03137574
0.07570427
0.1808615
-0.011598666
0.07731931
0.07339093
0.13074799
-0.013611305
-0.01772408
-0.008520236
-0.14213802
-0.11721045
-0.015474581
-0.017498817
0.0575623
-0.02762813
0.11922497
0.02273591
-0.004687091
-0.039055675
-0.11771263
0.05591385
0.119950846
0.14228609
0.20212959
-0.08213972
-0.0457759
0.08666407
0.00070593675
0.059224084
0.086510606
-0.006452757
0.02315931
-0.013845364
-0.010192546
-0.0004196957
0.08669391
0.04024539
-0.03218765
-0.0701025
-0.029132526
-0.0005766551
0.055687536
0.039386485
-0.049989346
-0.10262428
-0.030982433
0.09620903
-0.011775362
-0.08626483
0.08099345
0.061802287
-0.06192559
-0.0004271523
0.03879907
0.105307706
-0.06998729
0.045264427
-0.020101579
-0.089460276
-0.04979982
0.041283015
0.004496688
0.06324117
-0.012983793
-0.012352435
0.12226683
0.044866543
-0.05094963
-0.07560084
-0.050659336
-0.020628493
0.049772065
0.002665287
0.015249361
-0.067772426
-0.02262138
-0.097333595
0.12316418
-0.101933904
-0.021100668
-0.0075006057
0.01174443
-0.051531546
0.03517365
0.04710067
-0.03341543
-0.042719457
-0.081600025
-0.095270775
-0.011315576
0.004771269
0.03823003
-0.0482814
0.0070623294
0.05523457
-0.002110079
0.016097032
0.06911598
0.0009006548
0.0070444187
-0.0011204721
-0.076470934
0.13246237
-0.06736022
0.08245879
-0.08499074
-0.09619589
0.13132738
-0.06850555
0.098073475
0.094884954
0.05784326
0.09274302
-0.1030147
-0.091487244
-0.012046967
0.1088262
0.04098168
0.079030305
0.08198771
0.023260524
-0.08647062
0.13501798
0.08653748
0.106190294
-0.097082
0.060095277
0.061410747
-0.037173297
0.06810422
-0.058550153
-0.04461384
0.13804394
-0.06831091
0.033446707
0.028081277
0.043506157
0.0588982
-0.054171696
0.0030026555
-0.107213855
-0.06276578
0.074733175
0.11236808
0.094995506
0.066881314
0.11076751
0.06688823
0.015254426
-0.043747686
-0.0068440116
0.12951465
-0.11000208
0.023844814
0.062483776
-0.04432802
-0.066843465
-0.049949322
-0.0114583075
0.05834813
-0.054756433
-0.055757537
0.037254654
0.03885849
-0.13872679
-0.0022944438
0.06388158
0.10458429
0.043784875
0.07347919
0.057495177
0.010687829
0.11279643
-0.06665915
0.0492618
-0.0045133852
-0.053063434
-0.018077416
0.0038124672
-0.008275612
0.14618482
0.029159687
0.06020231
0.06455966
-0.025863294
-0.033938773
0.067091316
0.1583735
0.026988573
-0.11026137
0.18361169
0.026914895
0.07599024
-0.023800205
-0.044583496
0.087851964
0.055043824
-0.03543077
0.123543166
0.06293923
0.081074156
-0.016785115
0.04156761
0.060806017
-0.07702996
-0.038954876
-0.046616748
-0.040250573
0.08742434
0.16049832
0.056625478
-0.09617269
-0.017840717
-0.02706559
0.062332295
0.012953608
-0.10045646
-0.10045037
-0.016056415
-0.16644664
0.15041445
0.045315206
0.054707475
-0.13313016
-0.16274455
0.013661411
0.018126788
0.08126864
-0.07454179
-0.09271294
-0.038393624
0.12550622
-0.07368579
0.04180598
-0.04502644
0.034869388
0.11248567
0.013052896
0.03900105
0.09468671
-0.059543468
-0.023644488
-0.06210794
-0.014206968
-0.06898848
0.13648596
0.023017751
-0.015611691
0.14917909
-0.031715702
-0.11081718
0.12716171
0.050093543
0.014602247
-0.114683636
0.09124023
0.06830956
0.072876945
-0.0054490124
0.0912012
-0.030838387
0.15285382
-0.0050135115
-0.060823567
0.026192015
-0.14020035
0.059064608
-0.020880727
0.08512479
-0.07246384
0.067518726
0.10235281
-0.16071363
-0.028341642
-0.061783418
0.034203272
0.09267702
-0.041636452
-0.12829728
0.06940789
0.11110403
0.015712
0.05784679
0.02433934
0.0019927458
-0.10086972
-0.061144006
0.10303608
-0.045886833
-0.026204145
0.07827906
0.15178159
-0.082383014
0.016998207
0.045886837
0.045788642
-0.015890932
-0.07170306
0.032478668
0.02795102
0.022791568
-0.00089816604
-0.043074258
-0.005018737
-0.09585193
-0.13176757
0.0763476
0.048805315
-0.059563693
0.13237078
-0.061820287
-0.15171584
-0.11786858
0.06823741
0.046345107
0.16423723
-0.043890044
0.08355061
0.059630353
-0.04387803
0.07261662
-0.067466505
0.10514258
-0.030860731
0.13338158
-0.023293
-0.009639199
-0.12409194
0.08506856
-0.04277207
-0.10414968
-0.083145976
-0.08684238
-0.038386974
0.0007727466
0.025586035
0.1247287
0.073932506
0.1986045
0.02201168
0.014153786
0.008990036
0.046313394
-0.025721522
0.09999774
-0.032409754
0.12854359
0.04111406
0.014060726
0.0273424
0.09210922
-0.039387774
-0.0003754014
-0.09168296
-0.016130757
0.12463299
-0.10952355
-0.12795188
-0.080637805
0.014442635
0.09869762
0.05240634
0.028639765
-0.051827375
-0.032950986
-0.033568043
0.033632234
0.030587876
0.088242605
-0.027493428
-0.027382433
0.017243478
-0.012885125
-0.0075310273
0.003436154
0.044544116
0.002361524
-0.04811375
0.00019171469
0.012394891
0.017922202
-0.032442305
0.012376245
2.6710855e-05
-0.060705908
0.091166586
0.046651687
-0.032600395
-0.08299356
-0.05202934
-0.09587666
0.033152245
0.045729566
-0.058866493
0.021414548
-0.00013037986
0.11997948
-0.101071015
-0.061486762
-0.028147083
-0.07060839
0.077256955
0.021282142
0.0016448569
-0.09837827
0.12553468
0.04966825
-0.088987045
0.14159809
0.046232667
-0.0028136591
-0.07744295
0.009066284
0.13207309
-0.095312186
0.18605319
0.022921268
0.048627038
-0.022608599
-0.0706831
0.00071027165
-0.034077745
-0.091878526
-5.493046e-05
0.16726652
-0.057483952
0.05472197
-0.013158572
0.028670313
-0.08173801
0.084500656
-0.1220251
0.05168968
-0.05464789
0.13641885
0.12862755
-0.03788005
0.019823115
0.03672484
-0.16145425
-0.026893537
-0.026746226
0.083755575
-0.012187743
0.017010208
-0.015892971
0.11939999
-0.1101119
-0.19876069
-0.083127566
0.027562015
0.072626375
0.054511163
0.012369454
0.08248039
-0.23768522
0.03409911
0.017105844
-0.044830374
-0.053815503
-0.017717982
-0.055077225
0.013256752
-0.034847382
0.1972771
0.08794345
0.03776494
0.0053275228
0.125615
0.00092199096
0.15682498
-0.11784844
-0.106217995
-0.05930415
-0.041760467
0.06527486
0.059342217
-0.010697318
0.02710128
0.07157551
-0.026748084
-0.023930637
-0.0062455367
-0.19866417
0.028451977
0.05276538
0.023198502
0.09148959
-0.08048719
-0.06577438
0.024466252
-0.12590452
0.15842386
0.022292979
0.049354456
-0.05632443
-0.04292818
0.11058865
0.05863361
0.08153744
0.02608312
0.15422988
0.014311958
-0.07982209
0.10154601
-0.052419804
0.09820603
0.06608317
-0.17232396
-0.0709724
0.2451742
0.05967409
0.0938851
0.12792732
0.1517935
0.098187216
-0.079507485
0.06764629
0.14485815
-0.117858574
0.037201513
-0.18635361
-0.041331593
0.07637218
0.064094044
-0.020062575
0.030585187
-0.05340028
-0.013358123
0.06576213
-0.06744114
0.025550408
0.065276444
-0.007633024
-0.15727177
-0.06381582
0.0032043809
0.02331699
0.053202312
0.039992683
-0.045390982
-0.09513053
-0.12322847
0.04486896
0.065856256
-0.06281228
-0.112593226
0.019987207
-0.07084382
-0.101819955
-0.029231012
0.090749845
-0.04239003
0.13614558
-0.051943474
0.17600933
-0.08182122
0.024510656
-0.12530398
0.05310876
-0.06673499
0.036809728
0.052212846
0.09953632
0.051360726
0.048280817
-0.04542171
0.052235115
0.011276301
0.00422969
-0.09281952
-0.08150026
0.116922885
0.0768674
0.01786511
0.104959585
0.049555257
-0.063335024
0.13958153
0.0031470018
-0.06625168
-0.016930152
0.012619269
0.07164099
0.021943437
0.07447204
-0.009215857
-0.026446674
-0.0901618
-0.03281192
0.10273116
-0.10780868
0.04014133
0.007336114
0.022641907
0.039278317
-0.039065924
-0.06866516
-0.045764092
-0.02648518
0.03760829
-0.09230062
0.062499598
-0.06522599
-0.06868263
-0.08014238
-0.08344016
0.009652536
0.07067236
-0.2231866
-0.089411736
-0.009365639
0.061271194
0.14809352
0.08137141
-0.09091859
-0.19001968
-0.04423296
0.14088023
-0.05063759
-0.036447916
-0.091681026
-0.04274998
0.106755264
-0.0445911
0.054077193
0.013734933
0.08343385
0.09395323
-0.18642868
-0.008305157
-0.09342321
0.1257082
-0.1738682
-0.05689482
0.036070216
-0.07063935
-0.07765175
0.08379334
-0.04167959
0.057165425
-0.10344951
0.0295133
-0.01545095
0.021875245
0.03216007
-0.0042590196
-0.094653256
-0.027311327
-0.099290155
-0.068062015
-0.08594757
0.0019654252
0.081704915
-0.07903859
-0.0802696
-0.023767196
0.038719922
0.082920395
0.03113379
-0.022177773
0.087079056
-0.04996365
-0.08773935
0.13637054
0.14815578
0.0010808656
-0.019810332
0.1408938
0.004048724
0.028762082
0.04849084
-0.13551264
-0.014667651
-0.1947277
-0.23020016
-0.14641929
-0.034083433
0.10163794
-0.069379814
0.0044296053
-0.02853818
0.11326046
-0.10241882
-0.08232902
-0.15802702
-0.27009526
-0.117765345
0.03020643
0.09442553
0.042946767
0.043788377
0.15533616
-0.10131067
0.038506728
-0.1108931
-0.0930021
0.14540349
-0.038455695
0.12577748
0.07633057
0.0055673793
0.3811612
-0.14064507
-0.10359067
-0.21416102
0.03299771
-0.08665685
-0.01820289
0.05317348
0.2304789
-0.27738124
-0.057992924
0.052907728
0.047339853
-0.07227138
0.026972834
-0.064961575
0.3909463
0.16284603
0.22290574
0.21917203
0.0044822358
-0.11030259
-0.080061205
-0.039964814
0.040733017
0.020881275
0.004283039
-0.12957454
0.19302902
0.028434299
0.2060845
0.19219227
-0.11052501
0.12214785
-0.20459995
0.0037863667
0.009962073
0.03949413
0.0021793218
-0.13808891
-0.05192415
0.46969816
-0.11454346
-0.25395378
-0.16952391
0.23067717
0.08920418
-0.08703679
0.19481595
-0.06544787
0.16330472
-0.13109756
0.15169859
0.06887545
0.056944273
0.04446058
-0.10951983
0.063597314
0.28813496
-0.09121664
0.035237018
0.064925924
-0.09112073
-0.095033996
0.12387487
0.18394867
0.14756517
-0.13728686
-0.027539166
-0.23926479
-0.20755911
-0.003048834
0.15372866
-0.074000165
-0.32181013
-0.073819466
0.072082356
0.03280752
0.21138456
0.09867762
0.14522447
-0.063274704
-0.057295114
0.052322064
0.008476993
0.12101118
0.14468129
-0.19496547
-0.020684473
0.113586724
0.042062964
-0.041828234
0.014354263
0.04036089
-0.10671063
-0.013658522
-0.063200675
0.2077104
-0.21603142
-0.13146262
-0.03457294
0.075087205
-0.11893764
0.083329596
0.11902928
-0.087762475
-0.0049790535
-0.02290008
0.024976432
0.059218314
-0.088912174
0.012453807
0.06491301
-0.13243316
-0.12082674
0.043706033
-0.21163785
0.07785345
-0.01144512
0.2635243
-0.06862648
-0.15876926
-0.08768304
0.015908146
0.31778187
0.083493136
0.101017304
0.21029
0.22755787
-0.12256233
-0.13796929
-0.031073121
0.0483236
0.08807717
0.053528376
-0.050998397
-0.068102784
-0.14880945
-0.19582613
0.19936009
0.10618317
0.12380652
-0.06472368
-0.20818911
0.08559628
-0.1581566
0.06881153
-0.2042864
0.2645512
0.09615671
0.027161727
-0.018609151
-0.062214427
0.06829284
-0.11923081
0.12686262
-0.04253156
-0.020298088
-0.1888945
0.07169687
-0.082483195
0.07646085
-0.07563862
-0.05432207
-0.14097522
-0.14706822
0.0050253943
-0.14280343
0.049097136
-0.2085749
-0.074603856
0.20387672
-0.0011494564
-0.03549645
0.11135384
0.06817938
-0.1559791
-0.21816775
0.0750853
-0.13078898
-0.06518194
0.0026900833
-0.11418622
-0.060962442
-0.025311705
0.047141355
0.03973869
-0.04768086
0.06053323
0.30187404
0.02493046
0.100971274
-0.10501933
0.08290055
-0.14213206
0.04783956
0.064777486
-0.17454606
0.041974053
-0.15127592
0.047467977
-0.025770841
-0.013490569
0.20689857
-0.03913862
-0.09444604
0.15510014
0.052974977
-0.25302434
-0.22802323
-0.17782563
-0.075252466
0.14165738
0.13342084
-0.095365815
0.213895
-0.12401407
-0.0029154078
-0.018967878
-0.08775038
0.026746878
-0.18504642
0.012227839
0.19341801
0.090356395
0.093924694
0.18231672
-0.33017468
-0.30564302
0.2828231
0.38668337
-0.11882752
-0.0010823366
0.3197697
0.31852773
-0.16852614
-0.35334775
-0.18359725
0.33189648
0.2325781
0.13502079
0.011039039
0.063186154
0.04865353
0.44415975
-0.124197006
-0.16209179
0.10356099
0.10718669
-0.23290268
-0.13195114
0.18072408
0.30092525
-0.18456604
0.05005524
-0.059494358
-0.27441436
-0.13708362
-0.079582475
-0.13544886
-0.24007563
-0.18229693
-0.26010248
0.12976651
-0.010799675
-0.12327569
-0.11424658
-0.10556354
-0.2904106
0.03407192
-0.10290948
-0.12749171
-0.06872177
-0.060615476
0.2332444
-0.09825102
-0.39631242
0.49831706
0.037766878
0.12577468
0.103194796
-0.30443177
-0.15241358
0.12005915
0.008094521
0.004044208
-0.1557774
-0.0546056
0.37616265
0.10586778
0.21876507
-0.022822073
-0.022343922
-0.25194496
-0.029756881
0.08192204
0.2183067
-0.0752046
0.1045173
0.35913366
-0.04608435
-0.19250755
-0.08253304
-0.15581979
-0.34278196
0.005219681
-0.17788954
0.129426
-0.21044895
0.1621407
0.13487239
-0.24012406
-0.0044296933
-0.36605874
-0.43522874
-0.07778683
0.15704054
0.10784671
0.059262585
-0.14501801
0.031463962
0.050161786
0.040155366
0.14611785
-0.10992819
0.11716062
0.26620942
-0.038467556
0.07302529
0.023688912
0.28571662
0.10902855
0.20778078
-0.30577055
-0.04811492
-0.10300388
0.19837105
-0.109837644
0.44663882
-0.0018193375
0.23359016
0.32260227
-0.32825348
0.029998353
0.02989286
0.04047026
-0.4286201
-0.08177347
0.07432136
0.038319837
-0.117461056
-0.060784068
0.11358822
0.036405876
0.103723094
-0.030066455
0.064600036
-0.041244227
0.10839102
0.10455226
-0.024014467
0.07672992
0.019996626
0.032427505
0.09313531
0.018279381
0.13807644
-0.051840354
-0.005104122
-0.0845784
-0.12513459
-0.07277428
-0.015872898
-0.024422634
-0.10101976
0.009582667
-0.051145393
0.011555481
-0.053339947
0.047027875
0.011121726
-0.07878612
-0.012181491
-0.10347424
0.097693406
-0.117861316
-0.009929949
0.15104133
0.07012065
-0.053853348
0.015072457
0.097973794
0.10697074
0.044811714
-0.12578477
0.07153608
-0.016821934
-0.021143362
-0.003696404
0.06360652
0.12298479
0.023679974
-0.037452467
-0.08823659
0.11714321
0.027547954
0.02975858
0.08161143
0.092981875
-0.04484606
0.06410935
0.07783284
0.115842246
0.06490332
0.11423669
0.022389978
0.020692639
0.096571304
0.07315241
-0.2045853
-0.13156326
-0.06417452
0.035690926
0.02308713
-0.066968694
0.08829786
0.16710666
0.110327296
-0.094302066
-0.042208266
0.03166568
0.036313836
0.048182517
-0.04107189
-0.031088617
-0.004130444
-0.06493439
0.0042332546
0.15145145
0.06908171
-0.11459327
0.12234724
-0.026286798
-0.09102633
0.04491313
0.107319824
0.13230976
-0.058053527
-0.15132524
-0.06500936
0.037750434
0.038892366
0.07047907
-0.09569313
0.008402317
0.11726792
-0.054012265
0.11385472
0.07969268
0.017063558
-0.06655204
0.020135844
0.029335845
-0.05998364
-0.04598728
-0.103415154
0.07954342
0.08560226
0.0619618
0.0908643
-0.059636563
-0.051476903
-0.09062265
0.05112105
0.017746015
0.053358216
-0.04874824
-0.19708729
0.024670158
-0.035478186
-0.046576526
0.1886137
0.09117989
-0.08603414
-0.19640821
-0.0018582358
0.08523775
-0.12854743
0.011624666
-0.05925735
0.040517345
-0.045617145
-0.038378384
-0.05208088
0.1373496
0.14514881
0.04259066
-0.062041473
-0.016108578
-0.2229105
0.20361985
-0.015010045
-0.1077405
0.1955401
0.08968706
-0.11715596
-0.06839723
0.079447284
-0.091753796
-0.085649446
0.120541915
-0.06481977
-0.014804232
0.006130624
-0.08826016
-0.095728464
0.018471316
-0.06980566
-0.14708155
0.0713389
-0.002519523
-0.13304588
-0.010630426
0.0023453825
-0.12968108
0.10862255
0.06637916
-0.10767229
-0.14787416
-0.05989657
0.21333839
-0.038117178
-0.116503775
0.12718703
-0.06895638
0.10095392
0.007815556
0.033353277
-0.12310154
0.12187973
-0.045591515
0.1273594
-0.13259123
0.16518028
0.20016924
0.053731937
0.0047447416
0.11023869
0.026416745
-0.03376924
-0.025574286
-0.0825165
0.10452791
-0.03263221
-0.015952867
0.03814867
-0.16492628
0.0669532
-0.14712735
-0.02898484
-0.08992488
-0.017283656
-0.12562823
-0.089476965
0.077984326
-0.023824235
0.09815987
0.043843426
0.113094844
0.02118924
-0.23350278
-0.07135893
0.04956204
0.23089075
0.10243509
-0.058829345
-0.08154164
0.14299892
0.02803212
-0.0854116
0.023771377
0.16387917
0.07097758
-0.028581126
-0.11012063
-0.05605281
-0.029813584
0.020682774
0.0583322
-0.103096336
-0.1995935
-0.06404566
0.08959226
0.10041212
0.20762497
0.018684227
0.05184636
0.25470695
0.009997646
-0.06346187
-0.026739715
-0.033079106
-0.22161059
-0.12647814
-0.008717603
-0.091532126
0.033417054
0.07952105
-0.059452146
0.08358104
0.15925977
-0.2349093
-0.15687153
0.18816318
0.26389414
-0.13398342
0.16700876
0.075884834
0.114368826
-0.04858451
-0.18205409
-0.07221872
0.023034798
0.055646908
0.14744823
-0.010479142
-0.041642018
0.08962056
0.13621967
0.24073596
0.023924945
0.1942504
0.05343489
-0.03378492
-0.14194211
-0.029296722
0.22759105
-0.25331795
-0.002102332
-0.00723463
-0.118207574
0.14320634
0.108293034
-0.341307
-0.09015726
-0.022286858
-0.27647477
0.044852063
0.012856986
-0.028402368
-0.19605911
-0.06081383
-0.060986303
0.11290337
0.058531445
0.20205317
-0.022115827
-0.19680424
0.25911123
-0.0105836205
-0.12317658
0.3942371
0.09108416
-0.0071970266
0.074245
-0.076506995
-0.03305865
-0.1461624
-0.1593617
0.07878407
-0.13178629
-0.06402011
0.21868247
-0.083485484
0.14718291
0.082809046
-0.06920421
-0.08138262
0.100869454
0.0075994805
0.27803874
-0.075435944
-0.0048813876
0.21574257
0.045919508
-0.14226504
-0.022371719
-0.26984322
-0.14204498
0.10929419
-0.14743353
0.16258505
0.06094886
-0.068166
0.036183376
-0.21598162
0.0038074336
0.0153779
-0.20723423
-0.0013242618
0.14144278
0.08973415
-0.12932183
0.008619929
-0.10230272
-0.040539853
0.0035925654
-0.17425032
-0.13332938
0.17669904
0.36237833
-0.045440886
0.0021915296
-0.024367746
0.22408117
0.029334461
0.1572159
-0.073855996
0.11185909
-0.07087057
0.114912316
-0.029919084
0.10692987
0.017068084
0.012172582
0.13354215
-0.11145868
-0.203497
-0.018446632
-0.13320583
-0.12350841
-0.20234187
0.040449407
0.12232032
0.08816302
0.022335459
0.0025658146
-0.08045034
0.11607088
0.03986958
-0.03530539
-0.041830868
-0.035515487
0.017011669
-0.10251578
-0.08008411
-0.054402135
0.0774183
-0.026150959
0.03128727
-0.13190411
-0.0054194313
0.062440075
0.020818997
-0.014485089
0.10098773
0.09341164
0.07176907
0.03135682
-0.037304204
-0.086290024
0.113219514
0.11469637
0.024669362
0.04503017
-0.04964651
-0.108722575
0.09346774
0.020814825
-0.0004449585
-0.039308697
-0.037816916
-0.06507835
0.1574956
-0.017572178
-0.076510146
-0.015818419
0.005201704
-0.059670016
0.030060396
0.04924793
-0.03935576
-0.05647502
0.07761418
0.050010554
0.12863922
-0.0197915
-0.023199745
0.017671185
0.05059358
-0.009054199
0.1078716
0.006842546
-0.060241878
0.062303435
-0.028175566
0.1348189
-0.07712593
-0.102675
-0.0738729
0.018403433
0.06769403
-0.08943279
-0.01803088
0.0010716959
0.044997748
-0.009948719
-0.038814615
0.06628588
-0.056591842
-0.03524986
-0.05992084
0.06377743
-0.043542787
-0.002826237
0.11394036
-0.025228156
-0.10895855
0.14970118
0.076340154
-0.083537765
0.073177256
0.12065473
-0.13073744
-0.08607823
-0.009305141
0.05030321
-0.10145711
-0.08883608
-0.078888185
0.08679662
-0.17451999
-0.017371647
-0.052600782
-0.11182729
-0.005302852
-0.0056558144
0.11570154
-0.03754293
-0.0803383
0.091041915
0.079182714
-0.0029446196
-0.015516507
-0.08291448
-0.058387417
-0.0049905074
0.010867825
-0.0081114955
-0.14009453
0.0008100834
0.048050314
-0.05966407
-0.06434965
0.036605168
-0.13065097
0.023678718
0.16713184
0.03886835
-0.028466647
0.11186074
-0.013931068
-0.05117566
-0.116080716
0.05055478
-0.05055284
0.06241718
-0.029587962
0.19020383
-0.0524547
-0.007123301
0.1324316
-0.07169163
-0.020170849
-0.01863777
0.0021599107
0.0639654
-0.1325922
-0.05422629
-0.031041188
0.077549234
-0.11097738
0.089093
0.02256278
-0.08727942
0.12512253
0.04349446
-0.0599036
-0.025037698
0.028636571
0.103263564
-0.043778334
0.13456371
-0.039648123
0.07958454
-0.09156555
-0.06513495
0.055914868
0.0054693185
0.035039917
-0.053865425
0.011398449
-0.06729882
-0.0073491554
0.050954763
0.0688138
-0.067866094
0.047510237
0.16509724
0.0036314845
0.066534646
0.049696736
0.048788287
-0.0026627742
-0.003322442
-0.09886758
-0.08814558
0.0751419
-0.009818715
0.060712222
-0.0033480283
-7.078574e-05
0.060263373
-0.041161887
0.13621913
-0.024807835
-0.006601465
-0.03087391
0.026548395
0.044029564
0.02316351
-0.028604297
0.0067948173
0.049864646
-0.02727199
-0.03583551
-0.10240363
0.028238675
-0.0032218061
0.036765616
-0.064294025
0.11036382
0.0017003735
-0.09360219
-0.0033423654
0.029579781
-0.046089686
0.01919524
-0.026023222
0.07208138
-0.050140265
-0.087798156
-0.058513384
-0.04192494
0.015151688
-0.17533799
-0.07475787
0.028093811
0.037223972
-0.04826273
-0.06725049
-0.034451466
0.036353506
0.05039636
-0.028413896
-0.10074325
-0.047190875
-0.09669072
0.08706206
0.093322754
0.063918255
0.03644551
-0.13792215
-0.016810635
0.09103752
0.04354128
0.024532288
0.05358383
-0.05750411
-0.030194953
-0.09444439
0.06776196
-0.10782246
0.057580076
0.0071585323
0.17065696
0.045820322
0.0984284
0.032100838
0.019471081
0.013004586
-0.002064217
-0.035418943
0.107824035
0.0055283927
0.05357345
0.12512852
-0.052356493
-0.072839364
-0.021619515
-0.03160575
0.082055226
0.0566099
0.021453088
0.10762269
-0.13509412
-0.04492576
0.031414293
0.09883354
0.0944224
0.12514943
0.00584068
0.034175944
0.09179629
-0.12498235
-0.04756574
-0.06842629
0.07735875
-0.082796834
0.027898354
0.020949759
-0.049823344
-0.08768442
0.0506497
0.087072186
0.029488103
-0.0829617
-0.10155946
-0.115442924
0.0930378
-0.11017877
-0.062421013
-0.034113057
0.011767404
0.039034694
-0.10704888
0.114368804
0.0580641
0.0793515
0.06496186
0.12760636
-0.005000186
-0.046765234
-0.04216107
0.050068602
0.020720912
0.009397922
-0.011657657
-0.02687856
-0.026840188
0.036134623
0.0062580598
-0.005494881
-0.121993445
0.005409564
0.1275106
0.011890598
0.11998112
0.030884309
-0.10975754
-0.05492049
0.036855735
0.060361046
-0.04343356
0.057531618
0.12453238
0.13250415
0.008395775
0.1122072
-0.0122551145
-0.06416029
0.03543123
-0.040594805
-0.10329744
-0.018466
-0.09089148
-0.098936565
0.025704723
-0.07286282
-0.020901058
0.10812983
-0.1034606
-0.108706534
-0.050079707
-0.066935994
0.10623866
0.040536016
-0.009348117
-0.039100543
-0.07729861
-0.13270096
-0.0033704862
0.025956517
0.10511904
0.019668179
-0.04064113
0.10166103
0.18905033
-0.0018561046
-0.0614677
0.07338871
0.06310056
0.109326586
0.08875855
0.0056536635
-0.008498144
-0.062457126
0.024250671
-0.042539243
0.1300708
0.01436395
-0.12324758
-0.12675759
0.10279601
0.05018948
0.06241172
0.0061674872
0.077132605
0.1305222
0.024539359
-0.108491205
-0.036464717
0.1289037
-0.09656584
-0.034223106
-0.0016097276
0.059471406
0.066529974
-0.017913798
0.09004539
0.05397756
0.035731316
0.0024165988
0.10394494
-0.021022296
-0.055685285
-0.060451146
0.093327664
0.07723876
0.09733085
-0.0860001
-0.065557316
0.04091565
0.0824206
0.1309913
0.15635152
-0.09256409
0.10965311
0.0053187
-0.086475864
0.051076867
0.081958584
0.068590604
0.04451444
0.0234593
0.035208248
-0.0670631
0.16380882
-0.048645843
-0.044441693
0.00060407317
-0.008422788
-0.105657235
-0.10502572
0.08914886
-0.058268644
-0.072532915
0.087268285
0.070729546
0.05208816
0.002510889
-0.031616256
0.056394983
-0.042673796
-0.04340106
-0.111633174
0.027258914
0.066623636
0.050376996
0.08713918
0.13889311
0.042266566
0.007833936
0.015712645
0.10020756
-0.09017944
0.034846358
-0.08125365
-0.054805417
-0.070329025
0.014272716
0.02932375
-0.11740276
0.11182571
-0.04118324
-0.08208267
0.13908714
2.7201691e-05
-0.113273576
0.13298336
0.013164219
-0.02257119
-0.05866331
0.055118874
0.035378035
0.071076505
-0.10721981
-0.11371567
-0.0973874
-0.018892614
-0.03704688
0.044425134
0.032536983
-0.025806883
-0.099190004
-0.11773865
-0.058993526
-0.02203079
-0.11856822
-0.08088322
0.07896391
-0.03155269
0.09583412
-0.026234064
-0.03213637
0.014846671
-0.07354547
0.030764515
0.026351312
0.1254413
0.03691823
0.050839733
-0.047552887
0.044990577
-0.003659816
-0.08014508
0.13070095
0.082296334
-0.06596179
0.008983247
0.017813139
0.056268092
0.04904872
0.12118207
0.06943805
0.24746288
-0.53193563
-0.2803733
-0.22137077
0.10023709
-0.2649057
0.45065707
0.37150663
-0.21787968
-0.5929497
0.3389931
-0.054970384
-0.5379632
-0.41240302
0.48065698
0.50221026
-0.05064466
-0.35860053
-0.2396158
-0.33249164
-0.13834071
-0.27108654
-0.1159402
-0.58744836
-0.13206363
0.32563838
-0.5166537
-0.16856606
0.42143735
0.13725871
-3.7127655e-05
-0.6678612
0.17957641
0.058219053
-0.22799946
0.6903018
-0.36797428
0.36832502
0.54542154
0.46549067
0.48839366
0.6234118
-0.119958356
-0.40399975
0.7314433
0.607953
-5.6063647e-05
0.40800866
-0.17841642
0.5014539
-0.11395266
-0.3112582
-0.14662986
-0.82037747
-0.0075657307
0.4213708
-0.6614489
-0.36782455
0.2067797
0.23254374
0.542452
0.39034137
-0.051275928
0.07136355
0.31459343
0.18747185
0.07617988
-0.6657115
-0.042111807
-0.5568096
0.0707762
-0.10384741
0.20394817
0.11345221
-0.08381989
-0.2541905
0.553352
0.22373293
-0.4161136
0.15449937
0.5397697
0.09698985
0.07522099
0.50261825
-0.36195263
0.49573818
-0.21278268
0.26958016
-0.07226851
-0.35611603
0.59652275
0.07547512
0.32784018
0.7033266
0.17524925
-0.18169135
-0.72456527
0.3354698
0.29836252
0.017766856
0.13842843
0.036555633
-0.2352282
0.25660458
-0.09036376
-0.58240503
0.4635101
-0.17400938
0.039177377
-0.35707933
-0.2464145
-0.30125332
0.55698204
-0.47609177
0.21625417
-0.22444658
0.02267892
-0.35742918
0.15929437
0.36810887
-0.9188535
0.17947297
-0.08512176
0.22694248
-0.17900966
0.7052064
0.41267213
-0.37872997
-0.008426246
-0.004911321
0.062387627
-0.12064594
0.0982049
-0.02835294
-0.0692001
0.050176974
-0.019163212
0.14130905
0.111905776
0.085185245
0.0114123365
-0.13549373
-0.08340608
-0.087185085
0.12286993
-0.009459886
-0.13696836
0.17887774
-0.081158735
0.07288373
0.071980596
-0.003416103
0.13392054
-0.085299246
-0.12710527
-0.029684776
-0.03908598
0.039963912
-0.08402708
0.046242908
-0.11686363
0.09793236
-0.11716414
-0.03935375
0.015240472
0.012125962
0.11570319
0.013210394
0.028492803
-0.16536613
0.06482726
0.09723593
0.06193716
0.149707
0.0033640764
-0.06494442
-0.11194881
-0.057121478
0.054459784
0.078575544
0.012343938
0.045460984
-0.05721257
-0.022713255
0.021771146
-0.059167545
0.019275192
0.013260832
0.055832192
0.013670554
-0.0074111586
-0.04775983
0.12985587
0.005233645
-0.1148853
0.05915202
0.119597964
0.023788814
-0.05318598
0.06729635
-0.048317704
-0.2122758
0.081754774
-0.023281818
0.060418967
-0.101945065
0.062465087
-0.07350652
0.09204827
0.093181185
0.02548366
0.10259631
0.018455517
0.060475998
-0.07203513
-0.039131712
-0.029576011
0.104081824
0.019099195
0.10445347
0.039466184
-0.06566317
-0.10051807
-0.072163805
0.0969779
-0.10308652
0.020004353
-0.022289606
-0.05957972
-0.035849735
-0.1217719
-0.013482312
0.060599964
-0.075166896
0.12740445
0.075940534
0.15479076
0.0748905
-0.08510149
-0.07223728
0.011843364
-0.06540917
0.048801318
0.0041581853
0.042152587
0.1440373
-0.11333581
-0.071124874
-0.04436933
-0.023705615
0.021193365
0.055210248
-0.09587576
0.08781977
0.042616118
0.042492006
-0.022643125
0.044083573
0.04507857
0.09436178
-0.030293908
-0.02645249
-0.10424947
-0.070441864
-0.10270062
-0.056169186
0.08742562
-0.11603814
-0.009992398
0.0063971994
0.10345485
0.08842876
0.06410584
0.08845448
0.0073433104
0.12744878
-0.03317867
-0.0764394
0.09685896
0.10018724
-0.15742382
0.13639046
-0.056534242
-0.05160021
0.063029215
0.057415
0.122574136
-0.10346442
-0.03285506
-0.10119155
-0.07538579
0.05302479
-0.03977951
0.086376406
-0.0820794
0.015670845
-0.0042784326
-0.0061028954
-0.09989199
0.11761877
-0.06513907
0.09534972
-0.005406605
0.11442295
0.12695952
-0.052983575
0.11257309
0.10850372
-0.07045368
-0.040882535
-0.041232523
0.10721294
-0.08541199
0.05318206
0.12927839
-0.0664741
0.12427027
0.09754493
-0.03892562
0.14111179
-0.07718318
-0.0677426
0.001070302
-0.024644777
0.07188485
-0.000625833
0.1391362
0.09731009
-0.028782217
0.07488446
-0.103514954
0.108840026
-0.013494704
-0.09060584
0.06828794
-0.02677241
-0.08691975
0.07645431
0.02488302
0.019613912
0.07621486
-0.024012648
-0.018606795
-0.06281362
0.059952058
-0.011840711
0.023550807
-0.07125293
-0.011743071
0.074877895
0.0108395945
-0.054784965
0.06315425
0.07943041
-0.072830625
0.08805272
0.057190944
-0.0573962
-0.05548239
0.10195061
0.070146926
-0.011518971
-0.06375693
0.008348348
0.13598183
0.112170726
0.10659473
0.042679466
-0.036290832
0.007858952
-0.076955065
-0.010295245
0.10830419
-0.08908736
0.11131556
0.12091712
0.08070506
-0.035225913
-0.07223365
0.05727777
-0.0065266797
0.07784676
-0.010677399
0.064276926
0.050164774
-0.022050507
0.07046118
-0.0028116093
-0.006836829
-0.0889865
-0.02431936
0.10794759
-0.074834876
-0.07119475
-0.013557007
0.062292553
-0.051428013
-0.028580751
0.1102723
0.045990083
0.07301496
-0.1123421
-0.04817099
0.10557343
0.011648849
0.025817093
-0.04842315
0.03261531
-0.0995367
-0.06787041
0.036062937
-0.05136494
-0.12336312
0.072309375
0.03090013
0.037747744
0.10917216
-0.058759276
0.11790534
-0.10111766
0.029724123
0.03922775
0.020500528
0.040007953
0.06914992
-0.028241396
-0.12543195
0.0042912033
-0.08199328
-0.054857973
-0.056126114
-0.039754316
0.12067759
-0.06553985
-0.06917306
-0.003697737
-0.06346411
0.09311082
0.11334088
-0.046821397
0.10147349
0.075261846
0.060832847
-0.06135944
-0.023603935
-0.014924682
0.11908411
-0.061148483
-0.0180498
-0.0070791035
0.013095432
0.099006005
0.087098844
0.024092633
-0.089689
-0.06676065
0.011869355
-0.057533484
0.017599005
0.05446556
0.014621407
0.06984481
0.05036991
0.0316907
0.10712518
0.024319608
-0.07032281
0.17645542
-0.035261665
0.010328387
0.025324361
-0.11084367
0.0069227014
-0.041256893
0.0143875545
0.020806966
-0.08646398
-0.12272123
-0.054266848
-0.08343445
0.010445608
0.058448613
0.09307768
0.10523485
-0.056000125
0.12237136
-0.02086938
0.1259484
0.121334285
-0.0986645
-0.06910335
0.05236584
-0.094230786
0.065701514
0.07480673
-0.022722863
0.08692822
0.070392884
-0.03804713
0.12761547
0.038960367
0.045922555
-0.08167569
-0.16145007
0.076490335
0.12833509
-0.016729947
-0.100646
-0.087106876
-0.038930982
0.018481674
0.023012258
0.011971307
-0.06008819
0.06704675
-0.09639931
0.06700692
-0.10414598
0.08380724
-0.07033883
-0.035719365
-0.092848934
0.09658474
-0.11665597
-0.1531701
-0.100012764
0.083904184
0.031762015
0.11831574
-0.112646885
-0.07879498
0.08829428
-0.088714585
0.019783176
-0.074164644
-0.045768566
0.030904414
-0.099260084
-0.054972988
0.0032927846
-0.122565046
0.045765758
0.115200505
-0.06953189
0.034279946
-0.03701805
-0.090568334
-0.021708915
0.008047042
-0.04839055
-0.04947137
0.05679364
0.08976645
0.11597022
0.02801995
-0.11851851
-0.04449386
0.032342546
0.10272152
0.08134282
-0.04635034
-0.019543974
-0.09603859
0.16253187
0.024721263
0.043549843
0.12131346
-0.094972625
-0.008107287
-0.07186344
0.006969434
-0.0077832933
0.09281223
0.0700072
-0.02570404
0.07814773
0.045935795
0.10696767
0.015728934
-0.100834325
0.026509887
-0.07057988
-0.054227438
0.05852298
-0.001145312
-0.053039644
-0.05379274
0.0027685096
-0.02125253
-0.031181706
0.12293
-0.072128005
-0.06781203
0.038168527
0.019441195
-0.035063967
0.04254151
0.12616424
0.05621553
0.13009153
0.0023952073
0.015041207
0.02823928
-0.008090253
0.011987448
-0.029833514
-0.009490802
0.057451673
0.024397237
0.022787256
-0.07177526
-0.02255258
0.094244406
-0.12466139
0.11593685
-0.027773883
-0.0055456036
-0.025815003
0.12281348
0.04500381
0.1075073
-0.01505114
0.08309185
-0.07885778
0.15337123
-0.07490774
-0.00063721277
-0.11617106
0.041072313
0.14010698
0.024919607
-0.11266233
-0.17107674
-0.102795005
-0.043108113
-0.06533082
0.087878354
0.12828156
0.038098402
-0.12926495
0.062061004
-0.10574364
0.018285576
-0.07264757
-0.0322606
0.12346232
-0.0052737887
0.032181017
0.065240845
0.0979621
0.02052125
-0.13465147
-0.07240292
0.05169573
0.010319152
0.006490008
0.15894368
-0.072560765
0.028066507
0.08874785
0.031526916
-0.05947409
-0.10246739
0.046358306
0.0017946452
0.108037405
-0.04400373
0.12221961
0.020346481
0.13352606
0.036563337
0.09131045
0.030624451
0.03869138
-0.021038545
-0.030555025
-0.113869816
-0.04133375
0.09748032
0.07994446
0.08264726
0.052040435
0.08907602
0.13544694
0.12893482
0.13171719
0.06157943
0.11190589
-0.042139396
-0.038880896
0.15826365
-0.14142343
-0.15938812
-0.07239934
-0.021477614
-0.0809356
0.02634105
-0.0029535003
-0.12391247
0.14890689
-0.093254924
0.08932012
0.014713436
0.04678247
0.101109624
0.06711857
-0.06052137
-0.049173355
0.05984533
0.016973572
-0.06980581
-0.1541082
0.078733824
-0.006093671
0.02700585
0.18532668
-0.048740584
-0.10139315
0.10228029
0.13544956
0.08818774
-0.027385777
-0.025591718
0.104691654
0.078834906
0.010744041
0.05602376
-0.08517794
0.060551643
0.08978003
-0.08464709
0.017164676
0.13285281
-0.059819218
-0.19637391
0.21481363
-0.04511095
-0.17324553
0.0947216
0.10170346
-0.03200548
-0.080883786
0.09332368
0.050044015
0.09283557
-0.043885916
0.13344991
0.017522734
-0.039502274
0.050842132
0.0511168
-0.045668393
0.047281597
-0.115634345
0.008029667
-0.057070114
0.032470036
-0.06909784
0.118554085
-0.0073701404
-0.03126151
0.08462636
0.09604625
0.047322866
0.035637997
0.11693412
0.07369181
-0.014822589
-0.11753763
-0.10768167
-0.10570147
-0.16067176
-0.09819187
0.10831774
-0.13287309
0.16277966
0.0339637
-0.056301773
0.0652965
0.0678141
-0.047343142
0.10262861
0.007218115
-0.14424987
-0.034141596
-0.050449856
0.021187184
-0.015674893
0.07130654
-0.03345714
0.1097711
-0.035530917
0.22502184
-0.122941405
0.14224982
0.08325106
-0.108295165
0.08648651
-0.07524708
-0.015116169
0.08429517
-0.09538697
0.024912938
0.10472856
-0.05269556
-0.037154812
-0.09802313
-0.024147011
-0.07025777
-0.0115729105
0.0798041
0.031598583
-0.12560219
-0.03926718
-0.1221618
0.01344673
-0.06461659
0.050619964
0.083533
0.17948462
0.021862917
-0.040840976
-0.04632989
0.008900174
0.015466028
0.13105345
-0.09653224
0.1545162
0.02267042
0.059339385
0.14989781
0.0136687085
-0.20714565
-0.068944424
-0.04714504
0.100271836
0.046889897
-0.085925706
-0.03285558
-0.039218698
0.09421935
-0.007868006
0.0031243644
-0.05730449
-0.021286014
0.05604209
-0.009531372
0.05767513
-0.07052357
-0.040019374
-0.06990488
0.10172555
0.002574157
-0.05341864
-0.09198581
0.025103461
-0.04657618
0.065168425
-0.03413731
-0.014760275
0.0008741827
0.021764906
-0.13867484
0.025812605
0.12109739
-0.11786832
-0.004157376
0.07414627
-0.13492185
0.110858776
0.037531797
-0.040762413
0.026709924
-0.029552292
-0.021006169
-0.032018647
0.039743867
0.10409151
-0.0027048402
-0.08602848
0.08378974
-0.038683116
-0.07560166
0.010466095
0.13793558
0.12137535
-0.008166911
0.077422604
-0.06430154
0.0626075
0.11271429
-0.121352404
-0.031470615
0.0069023725
0.01620689
-0.21245559
0.062228754
0.0034874678
-0.023293842
0.18268886
-0.15704261
-0.11710116
0.016881377
0.16842423
0.10850295
-0.09583749
0.19665344
0.08068139
-0.22185856
0.054718032
-0.116514884
-0.10658003
-0.08441918
-0.030552981
-0.17462575
0.42189717
-0.03382742
-0.008979247
0.11357904
0.033592854
-0.17676125
0.038811356
-0.015792383
-0.17579313
-0.043580804
0.08690186
-0.051497072
0.14959009
-0.067928635
0.0016000795
0.16152723
0.036195878
0.26312572
0.25671843
0.14142703
0.17932194
-0.14303283
-0.12781176
0.08094142
0.014350325
0.055731427
-0.3480956
0.039568838
0.072706304
0.09390183
-0.089433774
-0.043576725
0.29373166
-0.26808155
0.06978884
0.008607739
0.12165299
0.14322022
0.18812658
-0.26194662
-0.016750138
-0.13243315
-0.16571426
0.112772085
-0.015728131
-0.054545984
-0.023006456
0.07247701
-0.12918548
0.10538944
-0.031990934
0.03938897
-0.05045686
-0.04880222
-0.14436924
-0.076762825
0.013746933
0.037487622
-0.18373263
0.120324
0.059575647
0.016843783
-0.0639989
-0.00989977
-0.018544087
-0.16953872
-0.11682997
-0.15421528
-0.22391868
0.27239797
-0.026115436
-0.24933451
0.2016986
-0.057811614
-0.12302975
0.025552588
0.030822627
-0.07927722
-0.18313733
-0.06658316
0.1603808
0.24289894
0.29279733
-0.15444598
0.047833335
0.019113023
-0.078834705
0.18776742
-0.10284565
0.040899012
0.26190796
0.118491635
0.14606078
-0.08410199
0.14762446
0.038837478
0.067601874
0.014361124
-0.19876392
0.013508898
-0.26366526
0.19664249
-0.102939665
0.00010611667
0.05600719
-0.11800396
0.0716621
-0.098739445
-0.034852397
-0.10405023
0.047179382
-0.05159444
-0.29811573
0.0070519554
-0.016835839
-0.00851669
0.006104668
-0.027508643
-0.0010109087
0.02493942
0.08173077
-0.011354172
0.1729612
0.0770728
-0.19787507
-0.10054802
-0.0045501376
-0.07788399
-0.0425142
-0.11091179
0.031201258
-0.092893496
-0.0561334
-0.098729506
-0.09736299
0.10391927
-0.031749357
0.008740484
-0.12550348
0.01761386
0.10739259
-0.02358225
0.011808946
0.045972116
-0.036709554
0.08226812
0.0731087
-0.07077256
0.11348549
0.071270645
-0.15633245
-0.045390688
0.01853274
0.005381113
-0.14722449
0.07134964
-0.055563245
-0.1184042
0.14514886
-0.23496898
0.19901963
-0.064134866
-0.20887472
-0.052869264
-0.1338994
0.0031951603
0.07872539
-0.04855446
0.19900943
0.03814596
-0.08325603
0.06341532
-0.044267673
-0.040501237
0.18477596
-0.03589608
0.018642388
0.10999292
-0.11995925
-0.13786027
-0.12234269
-0.069286585
0.089722656
-0.07849104
0.1377224
-0.07314924
0.057846718
0.06006637
0.056447547
0.03175955
-0.008815595
-0.056361984
-0.06967224
-0.16065186
0.05325573
-0.22839071
0.1716003
-0.016595991
0.010258315
0.051190913
0.12387816
0.10452316
-0.04070025
-0.021751633
-0.028235054
0.12544945
-0.0030035398
0.079744235
0.006508093
-0.0258178
-0.22119932
0.15424071
0.092712946
-0.06890842
-0.039859213
-0.1005657
0.046947386
-0.028194726
0.08366602
-0.042110756
-0.026889762
-0.062394634
0.01982519
-0.031127147
-0.12801982
0.024494052
-0.04006513
0.06536594
-0.05590215
-0.112370804
-0.09592878
0.10441131
-0.15442476
0.032931376
-0.101062134
-0.15520261
-0.12875308
-0.066124946
0.19560699
0.14375943
0.17093545
0.4020077
-0.17340466
-0.045288846
-0.1303586
-0.18082419
0.09799819
-0.19033267
-0.089825824
0.16895758
-0.0116597125
-0.33104786
0.10000778
0.01766892
0.25008598
0.047861475
-0.26786825
-0.04666046
-0.03640014
-0.070205264
0.11855351
-0.16144332
-0.008570436
-0.028232744
-0.059996836
-0.07795887
0.15993237
0.30984852
-0.04590683
0.011179458
0.028658196
-0.14988184
0.32024676
0.20683464
-0.14943238
0.17945033
-0.0659433
-0.11664617
0.11651897
-0.072146714
0.294523
-0.29799435
0.23324957
-0.17760928
-0.07286666
-0.02862368
-0.18814833
-0.0167319
0.17751497
0.31867275
0.21977088
0.12013254
0.013952095
0.02831287
-0.16562298
-0.055382427
-0.13906437
0.17175788
0.33656925
-0.25849068
0.55995804
-0.022412084
0.26246533
-0.1164153
0.05129827
0.011893408
-0.2680345
0.04316279
0.06273463
0.20030972
0.16658771
-0.15746883
-0.039707813
0.061027117
-0.04107592
-0.22969142
-0.05218568
0.047909454
0.06653703
-0.2526767
-0.25109896
0.028953115
0.072629936
0.0453183
0.5218619
0.07008693
0.11857841
0.073606744
-0.20959768
-0.19480322
-0.09363546
0.07292681
-0.41477492
0.07221127
0.04305392
0.006988881
-0.022261254
0.019211892
0.4619366
-0.14438294
-0.06979139
-0.05957095
0.101212956
-0.31122902
0.17196187
0.0040509054
-0.2109082
-0.095734455
-0.14355636
-0.003797001
0.06162665
-0.16623914
-0.13733713
0.33730766
0.12216021
0.24098769
-0.26046258
-0.08027386
-0.33359107
-0.024695866
0.057985984
0.16691115
-0.12725043
0.24813555
0.034035124
-0.025497846
0.10422909
0.03507613
0.006577266
0.032112967
0.10890711
-0.10662946
0.054585967
0.055287268
-0.08023182
-0.107025445
-0.02452558
-0.08578672
0.15483673
0.091329806
0.076069504
0.14559406
0.018836005
-0.16594431
0.13612974
0.07357925
-0.03147996
0.057266135
-0.07649805
-0.07909811
-0.1270454
0.12327233
-0.050210822
0.12692164
-0.022514964
-0.1250447
0.08204127
-0.092573054
-0.03213505
-0.009212329
0.1351586
0.22806913
0.03117283
0.062149692
-0.09255029
0.006376049
-0.029673783
-0.07162902
-0.028535593
-0.11220864
-0.09278432
-0.029176077
0.12600426
-0.08202096
0.007156457
0.0782155
0.19513269
0.0032504622
-0.03473427
-0.087823965
0.1279606
0.090944506
0.01869508
0.07696278
-0.015186015
-0.22801256
-0.08270236
-0.009679798
0.072404325
-0.11814367
0.09980625
-0.13089395
0.06372776
0.1751441
0.06323785
-0.17318942
0.11136509
0.016516445
0.07581148
0.019147223
0.020688884
-0.025171647
-0.10763717
0.09653466
0.051999535
0.014677633
-0.06209658
-0.014831232
0.05708302
0.024158759
0.08327588
0.07605293
-0.12235788
0.16664629
0.045999356
-0.16448295
-0.016371965
-0.056631185
0.10970236
0.0806594
-0.07968263
-0.1025075
-0.027442789
-0.09454921
0.012811255
-0.06193552
0.019060325
-0.004927721
0.028891059
-0.09991266
-0.105040856
-0.050016906
-0.03957863
0.073314175
0.10498056
0.041990444
-0.06972508
0.0063714725
0.048714396
0.016088346
0.017139249
-0.026100302
0.08543658
0.13943058
-0.03798633
-0.14386791
0.022819309
0.16279933
-0.08620032
-0.04684851
0.05019867
0.06966707
-0.08276111
-0.028036388
0.023708614
0.043497212
0.042734247
0.027838217
-0.10320586
-0.17777792
-0.014924518
0.034441203
0.006474836
0.041929502
0.05664705
-0.017794635
-0.14034262
-0.2528531
-0.039055947
0.0015971127
0.10774651
-0.040290747
0.048045225
-0.04028606
0.20074172
-0.14778204
0.027397156
-0.33096954
0.038777575
-0.23288192
-0.016451627
0.0052858917
0.08697962
-0.031384684
-0.041226253
0.07522362
0.027883485
-0.042799767
0.13940634
0.279432
-0.19174463
0.23872106
-0.012018857
-0.1389439
0.054807607
0.05326115
0.22126262
0.14794646
0.082572326
0.07094368
-0.030055704
-0.15633734
0.059009112
-0.09304539
0.37220463
-0.06742524
-0.060341
0.085180916
-0.17580514
0.018496763
0.12863864
-0.061391927
-0.08811844
0.07268442
0.1610993
0.08567835
0.20702784
0.2742769
0.0978934
-0.025965465
0.06669608
0.13043566
-0.13719104
-0.07101777
0.037761074
-0.031944986
0.18138658
-0.0052545797
0.20928131
-0.08069467
-0.079953074
-0.030917479
0.06070471
0.09762699
-0.16504262
0.060948778
-0.08019375
-0.16920483
0.0030802474
-0.12356592
0.5843395
0.09066597
-0.09763912
0.056232635
-0.007608491
0.019108212
0.12376816
0.01992773
-0.20991293
-0.14982219
0.17030545
-0.02441731
0.048522174
0.18162893
0.17308635
-0.13681035
0.01064385
0.041913103
0.15827382
-0.024480546
0.12692194
0.12323403
-0.36639783
0.22673203
0.1137314
0.016437083
-0.09245201
-0.057639178
-0.13390708
0.14182559
0.38054803
0.15147169
-0.09264939
-0.086516894
-0.11301271
0.013047998
-0.21760756
-0.044308793
-0.050298236
0.15139039
0.13612518
-0.09156033
0.26911238
0.1362367
0.0104423305
0.15571325
-0.12836003
0.08335775
0.05658354
-0.20028514
-0.037295066
0.15763071
0.062166966
0.21986733
0.12132954
-0.028667103
-0.15075989
0.05602227
0.27679548
-0.055324662
-0.11874551
-0.0825503
0.1329393
-0.10366052
-0.11853238
0.20511849
0.18691736
-0.1165415
0.15426378
-0.04185341
-0.07723805
0.10585806
-0.26791036
-0.169019
-0.048011545
-0.19981287
0.14452057
-0.21079302
0.006567132
0.061187994
-0.29044458
0.12195503
0.15215632
-0.060573746
0.2042875
-0.01639582
0.073106185
-0.14782856
-0.15908259
-0.24036345
0.026491646
0.093875796
-0.048664853
0.32015175
0.0039888956
-0.018867413
-0.20807748
0.056411143
-0.08830485
-0.03238236
0.013689333
0.15114826
0.26314354
0.04036453
0.35513282
-0.017446479
0.19564496
-0.1634229
-0.055402726
0.10443389
-0.23534979
-0.17165987
0.114686765
-0.036595296
-0.03788489
-0.019971153
0.03943387
0.07606259
0.19831872
0.1591833
0.013528876
0.16838838
-0.20219733
0.089652024
-0.25933218
0.17223431
0.0059157754
-0.0431191
0.4398845
-0.11610843
0.16950181
0.16314034
-0.1487638
-0.055916067
0.12149423
-0.18064201
-0.18519564
0.033955954
0.23957716
0.07750377
0.02594627
-0.0051458008
0.04625829
-0.17977525
-0.06728945
-0.08483582
0.17890157
-0.019356282
0.17790093
-0.056639772
-0.22782111
0.015733786
-0.14708015
-0.17283556
-0.075938866
0.107743636
-0.19103111
0.15769319
0.0061154705
0.2682004
-0.4529887
-0.22099127
-0.17456008
-0.00035235795
-0.18128906
-0.049892835
0.051307973
0.06975083
-0.13062118
-0.051254824
0.042219833
-0.02459709
0.081253216
-0.08980852
-0.019144148
0.07920969
-0.092492566
0.0017067846
-0.05979437
0.031300537
0.09370108
0.022002362
-0.07092558
0.42145473
0.07819663
-0.06885029
0.059443988
0.07474619
-0.084671855
0.07317761
0.114180654
-2.1702248e-05
0.0071838475
-0.062236737
0.1507522
0.07907922
0.092850804
-0.1129875
0.07014308
0.026236724
-0.13036546
0.07130603
-0.07653587
-0.007834942
0.050485566
0.09450934
-0.06538384
0.1760595
0.014541118
-0.15955652
-0.08037376
-0.032840636
0.012969843
0.32106608
0.08811203
0.030277936
-0.06381964
0.03963499
0.043885257
-0.11077779
0.042865243
-0.035579186
-0.022448625
0.007260806
-0.064470254
-0.0075608343
-0.08109544
0.006861556
-0.12728405
-0.113661
0.009373264
0.02780966
0.019694097
0.08562942
-0.11611129
0.05026003
-0.025976801
0.15430924
-0.045857802
0.1485743
-0.11395627
0.013316375
-0.0036763328
-0.083059646
0.052657094
-0.0068141245
-0.15223746
-0.11196124
-0.055013616
0.018585797
-0.034111448
0.03493165
-0.1339327
0.11021225
-0.027441746
-0.10760922
0.07032362
0.12141873
-0.065065525
0.08617399
-0.052140173
-0.10300803
0.0008384153
-0.04753378
-0.0055702743
-0.07831313
0.022063872
0.063766554
0.10289487
0.08049472
0.07292258
-0.034923866
0.031187193
0.054353062
-0.08700687
-0.00011612501
0.088488266
-0.06937159
0.072405405
0.046977684
0.003531815
0.09705377
0.088611536
0.14866145
0.100967176
0.069622874
0.20899813
0.15906063
-0.11222441
0.03409922
0.10700798
0.11059187
0.100851044
0.075631596
0.04588605
-0.09224461
0.09761955
-0.033666804
-0.014422073
0.061971083
-0.1667217
0.011454899
-0.03009245
0.10668947
-0.039774943
0.0601877
0.12036089
-0.019079873
-0.0090532135
-0.07018748
0.06124358
0.7198523
-0.16373657
-0.039649718
-0.12508424
-0.03731637
0.08704769
0.0918312
-0.07592442
0.12006745
-0.071375035
0.070146814
0.0024231847
0.012198295
0.047351275
-0.014341495
0.062321633
-0.113244064
-0.09234445
-0.008720551
0.07942718
0.00056702655
-0.05119913
-0.039897393
-0.023687603
0.063819505
0.02683847
-0.13424236
-0.07926489
-0.10480935
0.06488561
0.72838855
0.009580187
-0.15908751
-0.032862406
-0.123355225
-0.0017774857
-0.11443382
0.03290092
-0.08139611
0.038016975
-0.07520284
-0.117026396
-0.08944739
0.0019177203
-0.022668032
0.031198874
0.1185965
-0.046759833
0.09232091
0.060775325
-0.023493346
-0.12621784
0.24720684
-0.07418016
0.007690798
0.017065354
0.096724465
0.08119989
-0.08663672
0.044087008
0.11128985
0.05223928
0.102941155
-0.1592443
0.06673797
-0.0005811973
0.043552194
-0.024780579
-0.07467667
-0.018664964
-0.09564406
-0.06744145
0.025659375
-0.07950128
0.1416909
-0.05394341
0.03455028
-0.06348628
-0.10527525
0.06853489
0.012751896
-0.029312724
-0.06609742
-0.08767298
-0.05213796
-0.054044057
-0.07732533
0.019176733
-0.09698751
-0.020546082
-0.055223286
0.0007049442
-0.053197324
-0.037468415
0.06487494
0.10482569
0.061000325
0.08585791
-0.01695608
0.041682653
0.07397719
0.09324488
-0.12384752
0.06167103
0.10796456
0.040294755
0.07144587
0.14610542
0.13175732
-0.07993645
-0.033390276
0.10213807
-0.08111789
0.048509944
7.605479e-05
0.03632341
0.040776636
0.19950303
0.105062604
-0.061529044
0.06601705
0.023432715
-0.006103671
0.042235013
0.09409165
0.054263268
0.0102457395
-0.052278202
0.29786992
0.02542972
0.09294646
0.06489519
0.09257704
0.046795357
-0.088966504
-0.070775665
-0.01979304
-0.0315175
0.106043845
0.017473297
0.03149852
0.03723871
0.04129333
0.028819146
-0.06272856
-0.025314592
-0.11025787
0.046289887
-0.01624057
0.011624214
0.117198795
-0.06407791
0.15181398
-0.061245788
-0.121099
-0.086365685
0.09674476
0.1529468
0.17288944
-0.12553397
0.023323225
0.097358294
-0.13081433
-0.13244297
0.049200915
0.02059912
0.041583564
0.037940703
0.051785477
0.0988242
0.028914075
-0.061549947
-0.0032426952
0.09624691
0.017833889
-0.035289895
-0.024644861
0.077420235
-0.10383452
-0.098821126
-0.0204268
0.074882664
0.13452686
-0.13454409
-0.015671192
0.011551952
0.04570653
-0.062707745
0.015133536
0.06317255
-0.02189935
-0.014161554
0.028700419
0.07992218
0.0016980704
-0.094059534
-0.03700049
0.029943254
0.06561083
0.15104952
0.010534145
-0.034804434
-0.046362553
0.06667561
0.020087875
0.03679645
-0.10441687
-0.0029123812
0.058466565
-0.04789094
-0.05972575
-0.062111415
0.058594648
0.06727513
0.1205143
0.033025227
-0.060297154
0.07301585
0.068334945
0.091525674
-0.043439873
-0.044840813
-0.009699269
-0.105967574
0.0005643212
-0.14062715
0.08782805
0.12927024
0.1386282
0.0658525
0.03654627
0.09040387
-0.023883825
0.012980657
-0.06550626
0.08404899
0.068161115
0.013911361
0.09063954
0.028355585
0.093269184
-0.0073434073
-0.104122944
0.053281084
0.020167353
-0.038938086
0.090063795
0.054805804
0.06496056
0.1093012
0.08972198
-0.07721265
-0.06991448
0.0719338
-0.108268745
0.041802436
0.19953933
-0.087080546
0.043411415
-0.10154926
0.050258387
-0.08662836
0.08969682
0.027782049
-0.0686684
0.009122666
-0.036160067
0.018960811
0.031654526
0.015304669
0.031051347
0.13218427
0.03961007
0.055816203
0.09397078
0.060151756
0.05327321
-0.10088117
-0.041817136
0.060956493
-0.050201993
0.1422249
0.09577898
0.083227955
-0.13393563
0.065942585
0.12572534
-0.013203933
-0.09366745
0.057722956
-0.06822066
-0.09142342
-0.00017760908
-0.08346106
-0.063427545
-0.0646122
-0.026025996
-0.02622809
-0.050820176
0.013410704
0.05763682
-0.021171838
-0.108135425
-0.059101768
0.07531786
0.045674585
0.06734511
-0.0071373507
0.14172824
0.112956375
0.0456208
0.093683116
-0.061642174
0.044905182
0.06192638
0.035203226
-0.022345679
-0.049920462
0.054933105
-0.11469099
0.1761354
0.05328646
-0.1067103
0.040916674
-0.0065382384
-0.015466493
0.018536223
-0.07136476
0.09092106
0.038487013
-0.056675777
0.14207001
0.06393724
0.08462964
0.09348992
-0.083073206
-0.07045533
-0.06491393
0.059660364
0.047262743
-0.04310974
-0.0015236235
0.047660116
-0.109098725
-0.006708938
0.050353337
-0.005432429
-0.061288297
0.14594506
-0.04186405
-0.094543666
0.0071433187
0.13111654
-0.025957268
-0.057654027
0.05161507
0.101642236
0.06893052
0.048143823
-0.015550124
0.03074268
0.033923708
-0.07481365
0.15100828
-0.08205825
0.020629313
0.04069978
0.060908925
-0.01874111
-0.09782817
0.20997591
-0.49035308
-0.36434796
-0.37298024
-0.49444446
0.32402685
0.19210367
0.17453022
0.5153151
-0.018933661
-0.17246838
-0.21662478
-0.28359738
0.119029626
0.99935776
0.24609669
0.19701554
-0.28095356
-0.16793033
1.1996336
0.2332633
-0.24350992
-0.016970096
-0.11306837
-0.05402206
0.03818485
0.18293345
0.097148724
-0.026604557
-0.18804134
-0.15380226
0.07023017
0.5368215
-0.007814461
0.2958585
-0.62305397
0.059779227
0.2566084
-0.41828692
0.6690529
0.19636436
-0.31824502
0.1251765
-0.8013413
0.87192297
0.13814786
0.41862455
0.02435071
0.14456862
0.36115965
0.107228726
-0.67000496
-0.31502125
-0.18733554
-0.13206553
0.27278012
-0.014456038
0.19379395
0.18605033
0.03932402
-0.206933
-0.5505344
0.2186515
-1.0559883
0.19036017
-0.22100753
0.32715183
0.20596725
0.25912693
0.42228904
0.22082052
-0.09432168
-0.015629314
-0.14245886
0.30885974
-0.018361311
0.1276893
0.03714483
0.05712389
0.60223275
-0.35565645
-0.054367073
0.069839716
0.41179705
0.0016627221
-0.12896946
-0.25182113
-1.1232599
-0.061393574
-0.06963907
-0.20368154
0.32545093
0.33564633
-0.18292378
0.027577033
0.893839
-0.4498067
-0.37445185
0.11732516
0.41894886
-0.11425496
-0.39330125
0.36132973
-0.009254101
0.18533976
-0.027450195
0.4204256
-0.5431698
0.37711415
1.1052724
0.17950122
0.33449697
0.037178602
-0.27924368
0.16054252
0.26761585
-0.4531804
0.03252815
-0.7507037
0.6137353
0.40637046
0.6271539
-0.38255116
0.17359856
-0.025630986
0.60630274
-0.21721925
-0.0896056
-0.050561186
0.11341478
0.08200461
0.13386852
0.025532782
0.094564624
0.05382687
-0.00010132033
-0.09616746
0.034989417
0.073214345
-0.019948382
-0.030473
0.010145705
0.04993069
-0.06870298
0.1592914
0.08598439
-0.017359655
0.049890906
0.014257437
0.052034207
-0.11277366
-0.038597226
0.11398403
0.036412917
-0.050387878
0.040071785
-0.053594705
0.03903155
0.030700259
0.12842348
0.022220604
-0.024846805
-0.033567425
-0.03819955
-0.15318613
-0.021638067
-0.035728384
0.077217415
-0.07690282
0.13754234
-0.009080406
0.050336987
0.015110859
0.098040044
0.06262078
0.032762926
-0.088886805
0.03515256
0.10966149
0.062254608
0.016927956
0.111141466
0.00727224
0.02324609
-0.11926174
0.05337523
-0.060200594
-0.092294924
0.06016395
0.05734521
0.016161457
0.0026806493
0.0074174018
0.02015739
0.12178644
0.07381402
-0.04713131
0.020205056
0.043934207
-0.047139425
-0.0548353
-0.06970101
-0.061408065
0.09584998
-0.021247406
-0.21416013
0.06072696
0.010707873
0.042301077
-0.06250602
0.0065325554
-0.13221459
0.02377093
0.028530126
-0.003558894
0.13511622
-0.04910892
0.045040302
-0.118522815
-0.034444947
0.022825813
0.023436649
-0.011119667
0.0031022716
0.11906611
-0.1922599
-0.095227994
0.08760748
0.04106532
0.17724898
0.018783461
0.016919944
-0.03096066
0.018336616
-0.11488773
-0.06276138
-0.079815656
0.07496337
-0.004166604
0.02038441
0.016425947
0.023420548
0.07289565
-0.064173475
0.043866437
-0.113608815
0.04575649
0.040283132
0.08666401
-0.110293396
-0.07408505
0.032533582
0.040885743
0.080188856
0.05776398
-0.056881625
0.021862024
0.07134903
0.016797937
-0.09734053
-0.101241894
0.048980713
0.12965386
-0.016354537
0.0847378
-0.10399387
0.08871147
-0.016640455
-0.06829465
0.13255413
-0.03950253
0.0819253
-0.0007961646
0.11606189
-0.034768105
-0.049859963
-0.096172966
-0.035457317
0.09194749
0.034428965
0.029969728
-0.043736424
0.034087483
-0.0653241
0.07902837
0.07072828
-0.050455164
-0.04834029
0.017390383
0.044191528
0.07634427
0.081268184
0.01027566
0.049645223
0.07069351
-0.062807344
0.14119267
0.020499693
-0.067701936
-0.00089300534
0.049113017
-0.105685465
0.08482463
-0.046211697
-0.08239431
0.0021123192
-0.05470987
0.010242336
0.112138614
-0.045445215
-0.027692145
0.042259008
0.08093951
0.112044655
0.060975857
0.030284759
-0.064657226
0.006340444
-0.058928642
0.06778367
-0.09887636
-0.011395683
-0.103726566
0.09615503
-0.04352033
0.13949881
0.029944133
-0.0025978368
0.06290439
0.104172535
-0.11418289
0.12117011
-0.048706982
0.081060626
0.07583478
-0.031589493
0.054777037
0.09150827
-0.05654019
0.030744549
-0.015609201
0.07108278
0.04271586
-0.021926885
-0.005064957
0.0010199215
0.032688446
-0.028608179
-0.0058055436
-0.06367478
-0.06118709
0.017190944
-0.014466826
-0.0020621014
0.049579192
-0.046564106
-0.01994899
0.09397635
-0.04875026
0.11310838
-0.024104038
0.094245866
0.13602525
0.061510537
-0.008411341
0.10257726
0.104469575
0.080620475
0.006537248
-0.08088653
-0.11766426
-0.010858888
-0.086532734
0.10313087
0.09065403
-0.08695329
0.013744447
0.08146498
0.01937367
0.055476032
0.06241739
0.0077356254
0.068988636
-0.06876782
0.02566489
0.15246922
0.041794535
0.004373646
-0.05980177
0.13409288
-0.058831006
0.12841812
-0.16712515
0.1816441
-0.03185029
0.093124226
0.028014733
0.06077885
-0.023354255
0.061242897
-0.0666956
-0.096419774
0.03933624
-0.00647937
-0.08266847
-0.036997695
-0.004161912
0.06352411
-0.093356766
-0.08117299
-0.06939096
0.09138871
-0.053470623
0.09740596
-0.038234632
0.0818316
-0.07884647
0.14046697
-0.119130164
-0.09688531
0.12639819
0.029772285
0.11396076
0.043076087
0.15933383
-0.047309462
-0.033719096
-0.061830588
-0.0023296603
-0.05009794
0.03552857
0.08258997
-0.0090491455
0.051837254
0.060187176
0.13470683
-0.00019788253
-0.044041306
0.09104939
0.007814524
-0.054444805
0.11334335
0.0075030695
-0.10499662
0.12277044
0.07933094
-0.12874319
0.108685374
-0.021343492
0.0888986
0.013081342
0.020281995
-0.06710046
-0.12001218
0.118043765
-0.10595425
-0.0015772133
0.010739666
0.08882067
-0.013213103
0.07308382
-0.0849709
0.08950723
-0.0030869911
0.011944663
0.0036270642
-0.038026486
-0.05728992
0.035034895
-0.062078442
0.07938389
-0.018469678
0.08294435
0.08696934
-0.06920092
-0.100977115
0.035862293
-0.017915912
-0.020259138
-0.019999495
0.062009633
-0.03193332
0.016136125
0.07612243
0.06673252
-0.061151505
-0.13608502
0.00054377614
0.12707582
-0.062078696
0.020498808
0.09832383
-0.042062562
0.12609103
0.00059411465
0.029606063
0.117915295
0.03877302
0.107379735
-0.054427132
-0.033538483
0.023073375
0.067593075
0.017130353
-0.0135130165
0.068938546
-0.13048959
-0.0483817
0.025273701
0.07998426
0.018948734
-0.04403403
0.03535281
-0.019805105
-0.07664681
0.008502936
0.0768782
-0.011164758
0.02284665
0.082540356
0.117440715
0.099819556
0.10172887
0.016446587
-0.04529441
-0.06343332
0.039272737
0.08006994
-0.043352116
-0.032440376
-0.022061333
0.11681574
0.090822466
-0.095614
0.120208755
0.08460467
0.021282095
0.07453426
-0.004719902
0.032136858
0.082718685
-0.029015103
-0.08004266
-0.06982921
-0.13304804
0.14015181
-0.078469574
0.097185165
-0.034223914
0.004627421
0.046486992
-0.06928011
-0.013152678
-0.07599629
0.10938154
0.13047448
-0.036563724
0.06634247
0.070246406
-0.081993505
-0.048550755
0.08632169
-0.030347887
-0.1057417
-0.03501614
0.042302497
0.07402396
-0.015584947
0.0055050277
0.12181475
0.11766301
-0.03670464
-0.020967076
-0.019958124
-0.052776955
-0.02730893
0.08003924
-0.11465165
0.04276005
-0.013666222
0.0049418197
-0.08586878
-0.0039967587
-0.0032846401
-0.023690997
-0.10525069
-0.0832586
-0.025020393
0.049082264
0.030994592
0.12361284
-0.03444374
0.13111526
-0.053182986
-0.01736666
0.098365806
-0.041423526
0.07296094
0.06180457
-0.068698354
0.1274676
0.027765935
-0.015093043
0.043558273
0.029237192
0.0072672334
-0.122577436
-0.0655802
-0.009410208
-0.026863012
0.0056993677
-0.004158844
0.028742347
0.1053056
-0.10320082
0.05285505
-0.08096725
0.10694714
0.1471669
0.04979852
0.09707335
-0.021517571
0.086824626
-0.07157998
-0.10818969
0.09919087
-0.052036174
0.02800472
-0.0379053
-0.00664712
-0.058019094
-0.031071559
0.12126381
-0.026618537
0.020760657
0.010017853
-0.026654784
-0.03456111
0.06364056
0.06645999
-0.029887024
-0.084430896
0.06801399
-0.10691071
0.10849282
0.07341426
0.10286065
0.13081658
0.119018696
0.013450079
-0.07889155
-0.04155703
-0.09278895
0.09914615
0.1736815
0.067778066
0.10216551
0.11645475
0.056960776
0.06984731
-0.07516791
-0.03502912
0.030221894
-0.08953146
0.054142434
0.08304104
-0.074514344
0.115488224
-0.034517862
0.08047387
0.06690402
0.0975364
-0.060599014
0.14397658
-0.06286343
0.061547045
0.06713025
0.090826735
0.10834841
-0.06846599
0.11694948
0.16098134
-0.033412907
-0.059017286
-0.116692156
0.0052293194
0.041968096
0.14359953
0.061847005
0.013357644
0.058921296
-0.012277017
-0.06862347
-0.14122096
-0.1177992
0.023865094
-0.039304383
-0.12630264
0.04946055
0.08685858
-0.06630786
0.030324325
-0.034185264
0.05483226
-0.041504458
-0.09919815
-0.118065216
-0.00088165456
-0.047590878
-0.08191162
-0.23919985
-0.13274409
0.070093244
0.0010419806
-0.13456644
0.09923628
-0.048696827
0.09082946
-0.04716215
0.0032244644
-0.040205743
-0.02629712
0.13069819
0.026147379
-0.11165332
0.04202896
0.004370046
-0.018292008
0.16346739
-0.08161785
0.17631958
0.020952057
0.0769428
0.06697138
-0.19025485
0.09644904
-0.016671583
0.056179143
-0.062049266
0.1921027
-0.06575163
-0.14916964
-0.093730584
-0.034901384
0.13768464
-0.03177495
-0.004993471
-0.030005269
0.010230602
-0.008067104
0.03238926
0.0570032
0.06175817
0.031582907
0.16595337
-0.06504311
-0.12875393
-0.1323938
-0.07026186
-0.20129323
-0.112074554
-0.12921785
0.04138382
0.15638033
-0.02034417
0.028509079
0.013982182
-0.115411445
0.03449197
-0.0006315049
0.028938605
0.07985904
-0.09309615
0.07953751
-0.081960306
-0.11634313
-0.023345925
0.04703734
-0.021187957
0.026423885
0.06114191
0.06489851
-0.0558302
0.061540898
0.00472703
-0.07157512
0.13543476
0.07468644
-0.06217979
-0.0726971
0.14024341
-0.002352051
0.05528693
0.032419816
-0.02320083
0.03741508
-0.03730791
0.016512496
-0.03915769
-0.069683
0.045154385
0.063649245
0.060747687
0.03196911
-0.018505663
0.1025381
0.13209252
-0.037953347
0.0674104
-0.04076675
0.0597837
-0.03150095
0.039418936
-0.08799831
-0.12322842
0.06806851
0.08542802
0.11174315
0.011697344
0.040052883
-0.07600069
0.068682775
-0.07130077
-0.044733535
-0.089569405
-0.045511853
0.016097976
-0.15589526
-0.11863535
0.00533872
-0.10167895
0.13182636
-0.122808985
0.031051375
0.03835328
0.050522834
-0.07189077
0.032692228
0.1866716
-0.03840108
0.05203484
-0.057232592
-0.06362174
-0.010621684
-0.173199
0.001647141
-0.037310157
0.081849866
-0.08468075
-0.03257632
-0.015335753
0.09650095
-0.025580656
-0.018743621
-0.07119908
-0.021938726
0.026147032
-0.079039894
-0.041185368
0.03731786
0.057101034
0.10840659
-0.030313004
0.072933346
0.008610798
-0.03769694
0.0029947495
0.017692588
0.014243125
-0.13257477
-0.023014063
0.0036585866
0.042320132
-0.006351094
9.74881e-05
-0.00022874132
-0.0009484496
-0.036648933
-0.054382786
-0.06618456
0.045903873
0.073758
0.026769428
0.14899255
0.0135548
-0.064323984
-0.04673144
-0.077906065
0.07368182
0.077743776
-0.07059859
0.06342155
0.07249491
0.14429814
-0.060570564
0.003290395
-0.0015872662
0.19366041
0.07851531
0.080993384
0.013662428
0.08475607
0.1327478
0.17605546
-0.22981678
0.101621136
0.023753496
-0.12553321
0.033243015
0.019567925
-0.10514767
-0.11374379
0.010094279
0.046376705
0.13025276
0.09969265
-0.34281802
-0.095358014
0.10532368
0.009012809
0.17388602
-0.13285178
-0.18427373
-0.10301141
0.2386337
-0.09247884
0.13095702
-0.029785901
-0.08001918
0.13141443
-0.24241674
-0.007946325
0.005351702
-0.061248563
-0.010670782
0.013925125
0.11122866
-0.18121225
-0.016030034
0.30614486
-0.101151735
-0.0048844237
-0.27421394
0.10394682
-0.069920085
-0.009249328
0.112433985
0.33930212
0.13788943
-0.011474643
-0.12784214
-0.07044023
-0.005476591
0.06910233
-0.07684607
0.10299014
-0.092258394
0.053223375
-0.05820269
-0.0062676007
0.02129624
0.04763061
-0.017484367
0.09084636
0.19844107
-0.13359031
0.080735885
-0.03941502
0.021589871
-0.18667623
-0.022942634
0.10829892
0.039542712
-0.43249193
0.096037015
-0.045630407
0.16487399
0.07049419
-0.13627915
-0.10280135
-0.06444566
-0.45279545
-0.06101711
-0.015961258
0.057001773
0.096386544
-0.21280895
-0.09451322
0.08485446
0.03561538
-0.16034234
0.052720618
-0.01828171
0.12825234
-0.03478081
0.30612558
0.04749682
-0.08068074
-0.21750613
-0.032548428
0.023320066
-0.08915866
-0.06588152
0.154129
-0.21192652
-0.10815168
-0.014991648
0.097813785
-0.131135
0.07151461
0.049869344
0.11206113
0.061607532
-0.14848791
0.0034707529
-0.33790857
-0.13015777
-0.24956788
-0.12721936
0.20729874
-0.08535349
0.08822895
-0.05030743
-0.17401892
0.14394602
0.0055257743
-0.051141374
-0.1771176
0.034216166
-0.08349115
0.03780264
-0.1101959
-0.16052902
-0.1012797
0.0051000854
0.19187994
-0.09343845
-0.13651216
-0.22539003
0.009826978
-0.020349728
0.08380022
-0.096587084
0.054281946
0.037438717
-0.34239012
0.19400728
-0.08178617
0.14888836
-0.13660938
0.062691905
-0.15694441
0.17338286
0.056197636
-0.17227957
0.094094396
-0.13351804
0.0716394
0.14396912
0.056664445
-0.107091516
0.020589668
-0.00030237215
-0.026715398
0.08265425
-0.10069052
0.041418668
-0.067317955
0.031700782
-0.0359521
0.014620293
-0.079610266
0.0031125725
0.18181862
-0.1461609
0.042023014
-0.10133143
0.04658727
-0.099171594
0.13840155
0.099368066
0.09755218
0.042522695
0.10125715
-0.0067963507
0.0077925934
-0.1015597
0.12487135
-0.20466684
0.06690802
-0.07139794
-0.026154745
0.17481878
-0.118268505
0.11884361
-0.00023280705
0.1605069
0.05805648
-0.0791505
0.105597176
-0.023456125
0.04094665
0.05223922
0.1069386
0.027793903
-0.106587306
0.16489656
-0.057914313
-0.19598569
0.092292346
0.03871388
0.0040558698
0.106970556
-0.18436065
0.14648095
-0.02876771
0.014810459
0.0037737044
-0.030526519
-0.112417676
0.079226896
0.12974046
0.058906592
-0.3102875
-0.014117962
-0.04998278
0.0016085507
-0.08098365
-0.022560222
-0.14394985
-0.025777979
0.1479115
0.014288135
0.12551747
0.16774294
0.11067491
0.0329308
0.11660347
0.11705651
0.0671
-0.1173351
-0.021428574
0.0581716
-0.1161645
0.09836361
0.00091937295
0.07045293
-0.116549276
-0.108905315
-0.011826275
-0.113825925
0.03245969
0.2828289
0.103258975
-0.12278471
0.30114228
-0.07414354
-0.26166898
0.025550354
-0.42291486
0.17081398
-0.037385315
-0.10041116
0.078301825
0.15041766
-0.008389874
0.083329864
0.37331194
0.122828
0.108695164
-0.25442642
-0.023468208
0.11568125
0.35127643
0.18625206
0.24770606
-0.02168141
-0.27654412
-0.21771966
0.090202786
-0.07588149
-0.19470498
-0.24927168
0.08717506
-0.15869434
-0.14663327
0.24943857
0.25810355
0.15406457
0.08483048
0.03488988
-0.11869704
-0.09333849
-0.31913242
0.2351528
-0.01459664
-0.34405833
-0.011748156
0.18589015
-0.21068518
0.06478201
-0.18054977
-0.11420452
0.058325622
0.0029174227
-0.09034167
-0.3198329
-0.06179087
0.11007689
-0.14846857
0.11657755
0.042476125
-0.38755056
-0.19183417
0.081588395
-0.15548694
0.048185933
0.23212683
0.37291947
0.12977092
0.46103582
0.30689022
-0.0087605
-0.1624326
-0.3850511
-0.30906102
0.007950431
-0.1399086
-0.084595524
0.070068166
-0.32452312
0.008578257
0.03781435
-0.06284047
0.081888884
-0.09228589
0.014634563
-0.06791563
-0.19983621
-0.094728544
0.26389322
0.08355316
-0.11796238
0.15955858
-0.20454656
-0.10883007
-0.040695436
-0.12174582
0.08477157
-0.23384337
-0.016597955
0.4545431
0.2366834
-0.035072464
0.18947381
-0.03512806
-0.13782299
0.036725353
-0.1836032
-0.04642222
-0.06994755
-0.05029949
0.32474178
-0.057116047
-0.29678133
0.10153788
-0.069303654
0.15533273
-0.16819681
0.2610832
-0.03605127
-0.03768386
0.4040291
0.32331225
-0.07434065
-0.09260958
0.11757491
0.086548775
0.31776097
0.22513057
-0.07848594
-0.02078556
-0.043591753
0.00041511882
-0.057458594
-0.07312141
0.08643501
-0.10468816
0.07395816
-0.07692738
-0.054224476
0.022525745
-0.027082495
0.0033913294
0.0976816
0.14192802
0.12012341
0.039328374
-0.08685491
0.08555927
0.13551684
-0.059872914
0.07416823
0.04014644
0.047012914
-0.041064262
0.043476596
-0.057968527
0.12841408
0.07944543
0.06463058
0.12124938
0.011393739
0.053346634
0.119864166
-0.092872
0.060615312
0.14342037
-0.054366764
0.1046419
-0.06066842
-0.037117094
0.037555214
0.030300263
0.10598061
0.09845043
0.13255692
-0.014732365
-0.08537632
0.03937143
-0.09611615
0.07133722
0.07680216
0.019924376
-0.04698129
0.05179917
-0.006878024
-0.051343936
-0.04408408
-0.12322267
0.13545814
0.10666497
0.034583345
0.04424716
-0.039191466
0.08405016
-0.055612747
0.06551953
-0.003000436
-0.018361866
-0.06155895
-0.09553459
0.0348555
0.078913786
-0.009763524
-0.059726316
-0.21971357
-0.059845403
-0.021312192
-0.021068042
-0.023629662
-0.1407587
0.14324524
-0.04580809
-0.053017195
0.012696853
-0.006259382
-0.069781914
0.029208986
0.056803685
0.097548
0.0071460074
-0.1289237
0.031347793
-0.052579775
0.14821446
-0.08787975
0.08485178
0.06234244
-0.03876354
-0.08305347
-0.12668411
0.057948958
0.06920047
-0.035808805
-0.04784434
0.016056448
-0.046037868
0.04227864
0.08968282
-0.098792076
0.029948648
-0.0036955052
0.08606409
0.04077199
0.04610355
0.047101896
-0.016945485
0.039442297
0.0068627484
-0.028736528
-0.047637016
-0.028675834
0.020967146
-0.0022660193
-0.0067860163
0.07186579
0.047356196
0.20364596
-0.13704586
0.13252188
0.047679175
0.06219801
-0.33020186
0.11935708
-0.10435696
0.03842812
-0.20450225
-0.040247697
0.019066043
-0.066344745
0.07631482
-0.01827444
0.118976414
-0.02852829
0.06362003
-0.14314272
-0.17335293
0.11610813
0.13559674
0.11686965
-0.06646899
-0.111706
-0.19294456
-0.010166325
0.23262492
-0.4114046
-0.13540055
-0.23331523
-0.13931598
-0.05986431
-0.029003508
-0.18265101
0.044132333
0.15068942
-0.16986921
-0.11873629
-0.017861415
0.1337629
-0.22170848
0.11406615
0.10089929
-0.049658246
0.18629088
0.24905182
-0.13896526
-0.0553009
0.022188867
-0.0065579917
0.12725179
-0.12887591
-0.057618044
-0.06464747
0.17083204
-0.113071024
-0.09211223
0.323964
-0.10748272
-0.18177336
-0.022229252
0.10926066
-0.09061207
-0.17142881
0.066113874
0.10335534
-0.032499008
0.36276537
0.09661202
0.025515089
0.06647029
-0.19421561
-0.13085929
-0.016156657
0.06534614
-0.0005264031
0.010207958
-0.2936502
-0.12095351
0.03727861
-0.014989108
0.11838251
-0.02958938
0.10861832
0.058987834
0.059984267
-0.10147681
0.07310896
0.2010257
-0.03502936
0.06656974
-0.16124174
0.02508573
-0.02539698
-0.2657691
0.07975972
0.009420986
0.026200827
0.10293535
0.059725907
0.12637219
0.053061273
0.13254853
0.015504788
0.016491277
0.1509208
-0.2477748
-0.041062824
-0.21898954
0.29149663
-0.011511521
-0.17228211
-0.086140916
-0.19157065
0.066899575
-0.08474349
0.099705204
0.042095788
-0.26163852
-0.08966867
0.13705267
-0.2657873
0.09840664
0.10746446
0.14499025
0.24087107
0.10596885
0.041745085
-0.10368611
-0.05527573
-0.0015418683
-0.07056049
-0.26628655
0.14090216
-0.07032767
0.24139181
-0.23643275
0.10423002
0.14849241
0.054119952
-0.032839775
0.10575915
-0.016399458
0.06744844
-0.015999712
-0.18450244
-0.33121735
0.25947702
0.27141574
0.11097399
-0.042848837
-0.14494169
-0.08598761
-0.06302391
0.20781696
-0.008511468
-0.13972378
-0.12656008
0.0124358935
0.2094249
-0.058934893
0.21563146
0.11490002
-0.1741962
0.00854316
-0.16170175
-0.043476224
-0.10085156
-0.05141284
-0.030182041
-0.072535075
-0.040034436
0.09248388
0.19363973
-0.061382808
0.0068800244
0.14861612
-0.08171674
0.19835891
-0.04247988
0.04683819
-0.03504995
0.1606737
-0.118869826
-0.08421045
0.1277986
-0.076401025
-0.087373346
-0.0015028581
0.148138
-0.12963662
0.23803237
0.082981005
0.49686533
0.0174746
0.22961877
0.2567377
-0.007364534
-0.19160637
-0.42778924
0.025241088
0.015644921
-0.13215812
-0.051540118
0.129199
-0.4367645
-0.27028835
-0.16060282
0.12626596
0.026405806
0.048830345
0.011273581
0.26739085
-0.09432364
-0.008683836
0.060040776
0.074747205
0.22353029
-0.027222104
0.018598363
-0.09903301
0.08913285
-0.13411985
0.093098484
-0.2198447
-0.14043409
0.079183474
-0.091359
0.16302194
0.05635154
0.15716843
-0.034473862
-0.09011948
-0.057253435
-0.05057061
0.123132475
-0.36537734
0.33420578
-0.07745884
-0.1555496
-0.1556358
-0.05015445
0.05372409
-0.05038773
-0.0704643
0.014038783
-0.104192756
0.13897085
0.2286669
0.03795287
-0.06015971
0.23835896
0.21138556
0.33474433
-0.013702531
-0.03859293
-0.029463207
0.04376409
-0.045726635
-0.059001096
-0.018262602
0.01187675
0.09208346
0.08256567
-0.015871761
3.832543e-05
-0.062818654
0.053458575
0.011757909
-0.02828237
-0.0052059493
0.03052189
-0.11519772
-0.016844297
0.04143633
0.024195246
0.04934431
0.0362099
0.11276488
-0.08059334
0.13931036
0.064197026
-0.048634853
0.27410874
-0.048589192
-0.06533309
-0.051780622
-0.05847075
-0.022506904
6.276434e-06
-0.033432864
0.15550227
0.02102329
-0.01682027
-0.10282145
0.10449806
-0.08699372
0.07785167
0.058673747
-0.030708862
-0.09829584
0.062221676
-0.04780382
-0.020589635
0.037139036
-0.112795554
-0.012044933
-0.105954684
-0.011343934
0.100400604
0.064136416
0.09960553
0.074756235
0.018190306
-0.0050890455
-0.026216215
-0.037585977
0.07744753
-0.006263513
0.07827241
0.06739664
-0.06807275
-0.034584086
0.11149978
0.025376266
0.11053989
-0.0938749
0.080777936
0.0918894
0.13086542
-0.02022478
-0.10680652
-0.010983066
0.03236207
0.06832687
0.008362691
0.11712523
0.011109673
-0.095269024
-0.09929062
0.09166035
0.13774814
-0.10419054
-0.05477147
-0.045696266
-0.032692257
0.028340783
0.14058436
-0.08461601
-0.05796423
-0.064728595
0.07526528
-0.01847847
0.0062388964
0.06457127
0.071591824
-0.023871038
0.005123791
0.03622365
-0.08999641
0.03702308
-0.14151503
0.06536537
0.025135031
-0.051145878
0.030738847
-0.005068669
0.058802344
0.11370854
-0.07677275
0.030177305
-0.1112614
0.06600038
0.0019706278
-0.027999815
-0.08045606
-0.061944563
0.14081877
-0.056373738
-0.06807938
-0.10436152
0.061877172
0.02903502
-0.0109893
-0.08197302
-0.09952306
-0.08524228
0.02833717
-0.06334088
0.11387668
0.30982295
-0.01392857
0.12519833
-0.11602336
-0.107127555
0.009208265
0.0017106406
-0.1115533
0.03403425
-0.0389461
0.09838288
0.055817924
-0.13291878
0.03296277
0.035786103
-0.13310862
0.055067923
-0.047616825
0.032855224
0.03239713
0.03185693
0.7226917
0.06506878
-0.0130175175
-0.1221235
0.05634692
-0.03545614
-0.07381697
-0.12144307
-0.012461332
0.111823864
-0.07216596
0.0878475
0.061153743
0.10685915
-0.022871759
0.054335386
0.19540969
0.005304325
-0.11857436
-0.047907658
0.0242628
0.04702785
0.06787174
-0.021678364
-0.05909883
-0.10348847
-0.001797817
0.09934872
0.035440676
-0.04127483
-0.07404156
0.019425118
0.07701887
-0.07185706
0.058228668
-0.09862308
0.16938694
-0.12627973
-0.08896256
0.0058761328
-0.072192796
-0.06321107
0.09243673
-0.019376213
-0.042958617
0.062458035
-0.0772663
-0.02297919
-0.08138654
-0.05854012
0.09750275
0.022113582
0.0026467766
-0.011010358
-0.08859589
0.11637237
-0.025760833
0.043394517
-0.082798794
0.034994453
0.13282135
-0.05571988
-0.017920148
-0.02741725
0.19751373
-0.030474916
0.057677638
-0.02977433
-0.085460916
-0.026941484
0.061014146
0.056726452
-0.050230328
0.017673118
0.13531014
0.011868891
-0.0051620873
-0.029789515
-0.0049696253
-0.102917574
-0.06470144
-0.04371461
0.09607796
-0.06883257
-0.052695036
0.107285716
0.08043104
-0.001681089
0.046101544
-0.09547831
-0.11013312
-0.08686436
0.06450568
0.050059527
-0.093625024
-0.017304191
0.009611532
-0.09153789
-0.11563655
-0.12483615
-0.0045290967
0.050578192
0.027384583
0.006200545
0.04358882
0.092032254
0.044790637
0.10433005
-0.074322045
-0.07804017
0.107939735
0.06623385
0.12290391
0.0021819796
-0.010289367
0.09854819
-0.03367815
-0.0042271884
-0.06407433
0.033809915
0.13575256
0.036379073
0.07443081
0.055766933
0.056561615
0.09941358
-0.048134655
0.028146196
0.32785025
-0.022814522
-0.13750394
-0.066174
-0.012783785
0.014288112
0.037707992
0.100339465
0.12634549
0.06001103
-0.11293836
0.022174628
-0.04718283
0.007220502
-0.07243577
0.009503718
-0.08269962
-0.010479571
-0.1505764
-0.010739928
-0.03371702
0.044292647
-0.13248791
-0.06493279
-0.08328871
-0.11810734
0.085075244
0.03653962
0.0226376
0.07628987
0.14029497
-0.006670607
-0.06696861
0.12466949
0.021332523
0.06997337
0.07565607
0.11260864
-0.120594636
0.10208961
-0.057605512
0.009837075
-0.10471092
-0.06424219
-0.014369867
0.05981117
-0.02775293
-0.03127509
-0.11556544
-0.17264098
-0.099429555
0.010311799
0.086386085
-0.0048730206
-0.059539143
-0.053424284
0.08998036
-0.082734734
0.102375306
0.03847024
0.07151509
-0.0050403476
-0.01972447
0.011678738
0.12675436
0.013980903
-0.011835535
-0.11223457
0.023382863
0.021680865
0.18374187
0.068091005
0.017355805
0.09236602
0.051100254
-0.011417282
-0.07100153
0.044478394
0.077418104
0.13750443
0.008089797
-0.08963132
-0.0049374886
0.062644854
0.08600457
0.1142904
-0.095795274
-0.028503425
0.0072333436
-0.00301151
-0.1156043
-0.0035711639
0.1379893
0.08585248
0.081798024
0.044683862
-0.072571345
0.033536468
-0.039242882
0.001552527
0.084925316
-0.056644905
0.09823078
0.055428702
-0.08278131
0.10028059
0.057095584
0.14456277
-0.082776345
0.0230287
-0.046550676
-0.12709528
0.06907541
-0.00043284806
0.084932685
-0.070853494
0.043378938
-0.02604588
-0.029109536
-0.101782285
0.0116314385
-0.046004903
-0.019936964
-0.145054
-0.033489853
-0.010717145
0.009865027
0.044046126
0.06415125
-0.029260308
0.09010345
0.09011121
0.04741053
0.1442478
0.014283986
0.062532075
0.060654763
0.0017303947
-0.12478825
-0.06036374
0.17222632
0.013610147
-0.09022143
0.092262104
0.016544322
0.043548923
-0.13380377
-0.02382721
0.121594466
-0.0995603
-0.08300053
-0.038018357
-0.040857404
0.005405129
-0.006107267
-0.06405024
0.13813925
0.013159986
0.013064545
0.026408434
0.020490216
0.14737867
-0.10530454
-0.09138314
0.08095157
-0.032748323
-0.07948931
0.029370198
0.12627149
-0.062286433
-0.09764306
0.03224806
-0.009789953
0.091189034
0.02650468
0.06976711
0.03153115
-0.004468585
-0.062421862
-0.05980759
-0.008183098
0.009083906
-0.07677846
-0.05813907
0.08514141
-0.012864571
0.054021403
0.07859884
-0.07496416
0.07692545
0.14209671
0.016183048
0.035532333
0.09464963
-0.05788431
0.08104808
0.032475207
0.03981607
0.102703035
-0.08258406
-0.050850358
-0.07666585
0.16546145
-0.052561
-0.0033591976
0.06556878
0.016315728
0.11338522
-0.044155333
0.06884085
-0.09778705
-0.05579559
0.026138226
0.03341394
-0.10727617
-0.063528225
-0.086910516
-0.056122303
0.12620291
-0.018123962
-0.04223931
0.023681788
0.07855734
-0.011869317
0.13560513
0.01174045
0.033192173
0.08531839
-0.42168224
-0.06810289
0.3425688
-0.20079993
0.006859925
0.3223297
-0.2548925
0.32573506
-0.45709068
-0.06908853
0.10269665
-0.11490311
-0.1255832
0.121489584
-0.24550019
-0.6218571
-0.020046942
-0.065786384
0.38819182
0.19766167
-0.43681294
-0.58900505
-0.3827307
0.17577901
-0.06799175
0.26055863
0.25685588
-0.50299096
0.33035403
0.6238018
0.48058808
-0.10527679
-0.2815137
0.24919833
-0.42216933
-0.5815523
-0.054084904
0.22061189
-0.049431566
0.25556275
0.91084826
0.3103404
-0.330548
-0.26041794
0.8709877
-0.11881569
-0.41286224
0.2125028
-0.035676025
0.40032837
0.10332922
-0.6559615
-0.03853808
-0.0741428
0.37039104
0.037223276
0.075714126
0.04532056
-0.18924129
0.07922557
0.2430248
0.5909117
-0.076373644
0.18131877
0.17743914
-0.39824218
-0.38690045
0.08301395
-0.80903506
-0.38515496
-0.1963673
0.14915454
0.78498155
0.46110314
0.12155631
0.35548246
-0.03589914
0.07338215
0.55692285
0.45114574
-0.1974576
-0.04707527
-0.046776183
0.11258648
-0.16375002
-0.3459541
0.22216122
0.09971536
0.058287174
-0.1830404
0.092365295
-0.36216658
0.13337559
0.06715651
-0.0103025185
0.26058677
-0.10168209
0.45439723
0.15090075
-0.54659027
0.009445968
-0.10572209
-0.44094652
-0.18908854
0.27684793
0.3704823
0.26408327
0.44900814
-0.1639452
0.41559175
-0.58661735
0.21472792
0.42534906
-0.3054395
0.23699865
-0.21560225
-0.048194177
-0.20107263
0.06247476
0.26910585
-0.40936872
-0.58597517
-0.1481355
0.47871444
-0.40455213
-0.32479525
-0.59129256
-0.3439609
0.0026498532
0.14696419
0.048749283
-0.011348148
0.090748206
-0.046940017
0.016392149
0.044299223
-0.06018359
-0.1462844
-0.09191074
0.06751654
0.12038639
-0.04523974
0.01652882
0.107742645
0.109276414
-0.038326077
0.1837839
-0.0720647
0.12029903
0.101186015
0.04364342
-0.07167523
0.00044266702
0.0014030607
-0.076995745
0.06109564
0.008856697
0.15360816
-0.04851165
0.09678175
-0.0068264147
-0.02745959
-0.002568736
0.032611396
-0.15012236
-0.07151996
-0.0902584
-0.05591144
-0.031967215
0.14558841
0.076936536
0.11806125
0.121215194
-0.005093384
0.027820105
-0.11176707
0.15218605
0.09576389
0.050744154
-0.13774467
-0.01019401
-0.025287876
0.12093881
-0.16659826
0.16887362
-0.13131323
-0.065931395
0.117330045
0.040925074
0.13708779
0.033514906
-0.017977774
0.090436764
-0.11989078
-0.047169883
0.06783309
-0.09388044
0.049385726
-0.016771585
0.05504744
0.07963327
0.03684047
0.079747446
-0.11654348
-0.039075043
-0.1376627
-0.08039362
0.044060912
-0.1136132
-0.08717764
0.08740756
-0.06253954
0.13594323
0.15545446
0.042729586
0.07446598
-0.1555726
0.0831365
-0.0152768195
0.062794454
0.07030362
-0.11283386
-0.06322443
0.0069898856
0.15199894
-0.025687607
-0.014923251
-0.036182847
-0.002435301
0.024940666
0.10190664
0.120292366
0.063118905
-0.094791956
0.09754008
0.028332204
-0.008922253
0.026580237
-0.118243575
0.07377235
0.013741478
-0.008241976
0.013098465
-0.061643627
0.12842606
0.06918335
0.07024885
0.1391773
-0.050501376
0.06530926
0.11524182
0.07404747
-0.014986454
0.056401916
0.026375173
-0.100557484
-0.0014202318
0.0056971526
0.15064496
-0.104355685
-0.0090284655
-0.026731325
-0.03089644
0.06618087
0.031258892
0.07248102
0.0001297201
0.028844489
-0.006337771
-0.010936529
0.09172364
0.08088788
-0.060703505
-0.0039428044
-0.055778667
0.04422879
0.0757189
-0.017639423
-9.3098104e-05
-0.045247
-0.1454106
-0.0058667036
-0.09088277
-0.07518217
-0.012916727
-0.04471667
0.04063202
0.03299155
-0.041135803
0.07105978
-0.046391405
-0.101737686
0.027764995
0.011772331
-0.058954764
-0.07704148
-0.043186814
-0.077368766
0.0057813213
0.050974395
0.049283855
0.037263595
0.107082516
0.004932214
0.108966194
0.0396171
0.06111754
0.08303643
0.056129854
-0.05840875
-0.015842292
-0.033455662
0.032342635
-0.06567708
0.06593159
0.053365972
-0.02655438
0.059263375
0.037928883
-0.08371614
-0.0787176
-0.00026074363
0.0906619
-0.047979597
-0.11920155
-0.029178388
0.023645328
0.0014313961
-0.007671857
0.051561806
0.010867503
0.118554786
0.035601158
-0.0060062055
-0.05473438
-0.12400364
0.053003386
-0.06547988
-0.0152952615
-0.007043379
0.023689099
0.10424648
-0.07434289
0.047065515
-0.013144363
-0.037669107
0.06627108
0.07126976
-0.06620852
0.042401392
0.12137388
0.13820173
-0.0068423194
-0.032805424
0.13778481
-0.117574416
0.12196965
-0.08403097
-0.019138385
-0.05208505
0.11374965
0.056974262
-0.08507483
-0.10187262
-0.06565014
-0.017291164
0.096776
-0.08898707
-0.036882993
-0.095038824
-0.14469568
-0.06480072
0.099686176
0.0057074903
0.038728625
0.022629209
-0.07409815
-0.07775932
0.120378196
0.018482009
-0.05275203
-0.07172679
0.10639999
-0.009600045
0.0758348
0.031086486
-0.05437775
-0.024248442
0.11048353
-0.08499216
-0.04142143
0.0027156665
-0.014230194
-0.03911797
0.05139356
0.06956471
0.15143152
0.100175135
0.112059034
0.033097796
0.13939862
0.019193187
0.015562966
-0.024117097
-0.055009067
-0.05755252
0.13825254
-0.13315253
-0.00088655815
0.03546327
-0.013942546
0.101813555
0.015163663
0.061976213
-0.09537095
0.13438357
-0.068983346
0.035329062
0.045569163
0.04964317
-0.08124529
0.096373886
-0.115797326
0.018904677
0.04240769
0.009663321
0.10062044
-0.035299443
-0.041600797
-0.117704175
-0.06961658
0.072248735
-0.04323808
0.044987623
0.07307644
0.07777486
0.0885315
-0.13592352
-0.10144798
-0.0825181
0.12502126
0.07242806
-0.086551785
-0.0046531437
-0.016337572
-0.100519344
-0.04640075
0.00834311
-0.052603878
0.14530969
-0.07224215
0.09964262
0.060207106
-0.026588555
0.031420097
-0.08317254
0.11979101
0.074747935
0.06435118
-0.13499916
0.025497427
-0.07101508
-0.052529387
0.16240144
-0.06495355
0.019269198
0.1079265
0.07232866
-0.08129695
-0.07875367
0.04442104
-0.07735273
0.04957489
-0.043846738
0.1028254
0.18048047
0.063867845
0.11976476
0.087071426
0.027865369
-0.041118223
-0.044046912
-0.005232372
0.036934603
-0.012771701
0.051092535
-0.0014844975
0.025638098
0.03895661
0.03416446
0.093376115
0.08676618
0.03062133
0.13280883
0.05720525
0.14572039
0.08075558
-0.007888291
-0.12474015
0.05355522
0.014786074
0.007932503
0.018594729
-0.031396646
0.0403419
0.020799767
0.084344
-0.05091592
-0.06706328
0.058110975
-0.14077596
0.05301605
-0.1886673
-0.32517597
0.039335974
-0.160229
0.12252413
-0.019398928
-0.02837009
0.11438172
0.11023672
0.1505592
0.053341497
0.029234644
-0.117579445
0.21467951
0.04369404
0.103174254
0.014137297
-0.027081186
0.093384735
0.08669699
-0.086405784
-0.00052381103
-0.3327987
-0.0047363224
-0.13650048
-0.03909449
0.13321878
0.021209951
0.0856664
-0.060721226
0.07947098
-0.1203452
-0.025892768
-0.057221234
0.101354815
-0.067723915
0.0031496815
0.07974312
0.0006030658
-0.15572695
0.0704163
-0.106626235
0.089554526
0.07631195
-0.16161814
0.07978419
-0.03807824
0.1281703
-0.021319766
-0.049776442
-0.0012397435
0.17778422
-0.03696626
-0.06292685
-0.0071908995
-0.08546401
-0.0023721403
0.0026192395
0.09619923
0.17185284
0.06421382
-0.037760425
-0.16858445
0.10645788
-0.18787235
0.30179998
0.0017065775
-0.028561732
0.06325621
0.09842192
-0.19710945
-0.27937418
-0.10925483
0.0341676
0.0522521
0.09604388
0.09015316
0.07996769
-0.014514318
0.0702633
-0.07492302
0.09284449
0.050612655
-0.009777409
0.09532427
-0.15440996
0.026262999
0.14211133
-0.20790386
-0.07067549
0.18557386
-0.0367472
0.09945703
-0.070586905
0.034654923
0.013290113
0.01800941
-0.056192394
0.045692913
0.10631858
0.039018102
-0.07741474
0.17787021
-0.0054334896
0.002959129
0.040137652
0.07177704
-0.16747743
-0.1815146
-0.06408946
-0.15910803
-0.038192663
-0.015774535
0.04994285
-0.023317436
0.08980982
-0.049219113
0.12386814
0.17730854
-0.020091932
0.103412785
0.02403478
0.06776516
0.01929637
0.053607307
0.0014406176
0.12195885
0.06189979
-0.101917304
0.11352014
-0.11718206
-0.00043945486
0.0730031
-0.011517526
0.04447168
0.13127366
0.025602298
0.21720006
0.0371728
0.029836066
0.08356345
0.114279516
0.058156397
-0.046838425
0.053616077
-0.04390488
-0.106063254
0.1053861
-0.048420474
0.12100058
-0.07641431
-0.0068271123
-0.13254468
-0.06291867
-0.07567648
0.09982496
-0.09217175
0.04130859
0.057594992
0.026546389
0.067357264
-0.06945134
0.10896266
-0.09317264
-0.02638097
-0.049028616
-0.050979756
-0.10407119
0.06610387
0.13269939
0.14504655
-0.02426094
0.06893051
-0.09732767
-0.12873632
-0.06864974
0.03924375
-0.10827001
0.15986088
0.11964395
-0.018099936
-0.061608557
-0.19068627
-0.055282716
-0.045276217
0.02477356
-0.050077323
0.23037654
-0.045483653
0.07270803
-0.14678071
0.04239831
-0.055186134
0.02540869
0.010377859
0.13920411
-0.019250581
0.087992616
0.16309895
-0.026338601
-0.054024868
-0.12663499
0.088897556
0.0028112235
-0.18728161
-0.066175714
-0.028791811
0.014907813
-0.0399966
0.033788733
0.10138796
-0.13098094
-0.025351582
-0.17503458
-0.036205616
0.10881504
0.018269558
0.08479014
0.036262456
0.20192654
0.17842111
-0.01582728
0.09666131
0.041362748
-0.13709836
-0.07552283
-0.12788367
-0.085079305
-0.1557402
-0.07736218
0.08986889
0.045117907
0.17632382
0.048785727
-0.15976976
0.07565542
0.13991024
-0.005267985
0.114458315
0.04147936
-0.05988513
0.017171375
-0.10081623
0.17596084
0.0068531795
-0.07870919
-0.007229341
0.06940785
0.17200501
-0.17697048
-0.0019388773
0.048706815
0.07500073
-0.041336477
0.05536174
0.0074730553
0.11874293
0.08255015
0.05219781
0.08211819
-0.028389929
-0.026955087
-0.0042672204
-0.030306634
-0.0725856
-0.033302628
0.09185681
-0.031897154
-0.08947606
0.08974606
0.058366794
0.094377756
-0.06345749
-0.07559975
0.00346609
0.05297137
-0.042070314
-0.10323154
-0.04284538
0.017163483
-0.1064428
0.1179756
0.08205295
-0.0104129575
0.014061634
-0.098903395
0.06477835
-0.068075635
-0.087956905
-0.07749738
-0.07329649
0.11170446
0.10273172
0.061022677
-0.10148202
0.13139527
-0.07760836
0.102966435
0.12116622
-0.023242118
-0.0794295
0.05462801
0.032096054
0.00035200312
0.11895734
-0.066841826
0.077293724
0.13268664
0.13911368
-0.092311725
-0.04464312
0.048672482
-0.06726864
-0.059523072
0.063287325
0.0638259
0.015397448
0.07441147
0.10313296
0.069847025
-0.1043301
0.08269237
0.013904411
0.013679794
0.10789498
-0.006024474
0.061009053
-0.05732509
-0.019229693
-0.008261739
0.16352512
-0.044245176
0.038394548
0.064326294
0.042474665
-0.04966432
-0.00450649
-0.06484862
0.09825184
-0.013863707
-0.10781304
-0.11122961
-0.015144041
0.078176804
-0.19842528
0.12274109
-0.029698601
0.14028823
0.17058943
0.11565496
-0.16558889
0.03486425
0.03683507
0.03518208
0.07528999
-0.1640023
-0.049526073
0.008678344
-0.111222014
0.060417317
0.07102646
0.07671588
-0.15440418
-0.0013118858
-0.017525224
0.17803878
0.06878716
0.09306336
0.15537713
-0.03842544
-0.0731944
0.006846649
0.050153624
0.062625624
0.022661122
0.13828312
-0.03659115
-0.025556898
0.030960293
-0.082329646
0.02351282
0.00083910994
-0.024921183
0.020471556
-0.033981547
0.40739155
-0.012747036
0.13224313
0.067402005
0.068135284
0.14277679
-0.0525879
-0.09487311
-0.15400833
0.10917427
0.19495052
-0.024249993
0.011307255
-0.059698515
-0.015948435
0.19936825
-0.05835618
-0.11676572
-0.06906886
-0.014824472
-0.039550796
0.24707459
-0.05081049
-0.14412035
0.11749951
0.05574479
0.17806311
-0.025258644
-0.008199527
-0.16984123
0.014653286
0.057858005
0.13863184
0.0747143
0.11096389
0.034074795
-0.039913267
-0.04267735
0.039806925
-0.11022452
0.13737245
0.12662661
-0.019610133
-0.0050491598
-0.17754577
0.15772092
0.15560733
0.091356136
0.016162824
-0.1213877
0.119250245
0.2766428
-0.000262163
-0.2101048
-0.1329554
-0.10874208
0.12294916
-0.49294877
-0.12932062
-0.18120098
-0.22226572
-0.12215246
-0.08148752
0.0560424
0.010601396
0.2136804
-0.03379201
0.069326214
0.013905272
0.12641405
0.10687827
-0.085852176
-0.0705631
0.36085758
-0.251697
-0.09600039
0.02005011
-0.0012577483
0.109485224
0.11877317
0.1211073
0.25538883
0.014788881
-0.2635544
0.045756284
-0.21707116
-0.010566669
0.082191035
-0.010218678
-0.22019216
0.32659814
0.1598048
0.09673967
-0.053257808
0.07087056
-0.10173404
-0.21280885
-0.08221613
0.0018362781
0.0552237
0.0355794
0.07703649
-0.003128711
0.0018525696
-0.11945804
-0.13069724
-0.03177347
0.0034751038
0.048475154
0.17268908
0.14099392
0.110030666
0.149114
-0.025851829
0.08960664
-0.12360982
-0.13675696
0.3188504
0.0779607
0.160272
-0.027491236
-0.1422028
-0.10902097
-0.18342218
0.20935999
0.042788558
-0.01621955
-0.034829523
-0.087180346
-0.113883294
-0.1791677
-0.07094052
-0.1432092
0.009757445
-0.009554139
-0.13645335
0.066310525
-0.035366952
0.1051983
0.051769942
0.106653646
-0.0056200656
-0.15700044
0.07928452
-0.071354605
-0.1341076
-0.13146141
-0.03889052
0.0776866
-0.15994753
0.09070073
0.034066025
-0.11511163
-0.02320406
0.17306386
0.1439778
0.09535771
0.06826232
-0.0067458516
-0.052166004
-0.15544319
0.09127349
-0.04568169
0.1692747
0.07140173
-0.01774804
-0.16208257
0.007163655
-0.15137145
0.04275619
-0.10832095
0.02809383
-0.120423265
-0.108430125
0.07269171
-0.10896417
-0.06274587
-0.10970964
-0.0384872
0.07897898
-0.10125004
-0.23978142
-0.09370064
0.09515129
-0.07821812
-0.052907236
0.08076794
0.12997766
-0.06281869
-0.00301212
0.005504983
-0.06294556
0.078393415
0.098529205
-0.067336135
-0.078904346
0.117569126
-0.15657897
-0.29071283
-0.053229608
0.027259354
0.044885624
-0.12084357
0.05640741
0.08812221
0.036269438
-0.005413072
-0.116940275
-0.020234535
0.00015760722
-0.15367095
-0.10316325
-0.0353039
-0.022010637
0.017952638
-0.18032111
0.058983814
-0.04349264
-0.007724587
0.005630191
0.035947043
-0.037047863
-0.031947047
0.20722347
0.047321934
0.047444858
0.05098788
0.0046685883
-0.20491046
0.17095302
-0.13543166
0.06406418
-0.055150907
-0.18158607
-0.07630639
-0.10425085
0.090731926
-0.19161251
-0.12737769
0.057125766
-0.04081988
-0.019483924
-0.13160358
-0.13820973
0.0605883
0.03342376
0.14757995
0.07030947
-0.14223322
0.035958767
0.066995636
-0.021169843
0.0036927941
-0.100479946
0.029374454
0.3130952
0.113162875
0.2648865
0.038410436
0.25084397
-0.10683788
0.10289175
0.10277121
0.040487226
0.07554182
-0.055992898
-0.09424589
-0.10801714
-0.2053733
-0.039697558
-0.059524033
-0.31914937
-0.05949494
0.04601841
0.053807862
0.007743992
0.048917513
0.22036037
-0.08125194
-0.14334093
-0.07970394
0.05708934
-0.26687816
0.08875539
0.13063872
0.0982891
0.25978628
-0.062095903
0.0263212
-0.14858608
0.09847189
0.058276244
-0.06216115
-0.112106
0.0023241353
-0.0020350567
-0.107179336
-0.21154714
0.09835027
-0.0027987135
0.010911095
-0.11096172
0.109892555
0.23135722
-0.12302379
-0.055565488
0.16205564
-0.011350136
0.33751008
0.13155943
0.12151227
-0.06889037
0.14577785
0.15923795
-0.14281774
-0.059395168
0.15143834
0.04921665
0.12570654
0.06367332
-0.29485962
-0.03604767
0.021287264
-0.102630146
0.07902385
0.3133958
0.4616321
-0.0767331
0.14427495
-0.096857384
0.09629233
0.32423162
-0.13636467
-0.18973167
-0.24280189
-0.023703136
0.12978777
-0.265137
0.16623832
0.14039461
0.07972656
0.21462625
0.005045296
0.018466085
-0.12292124
0.043477233
-0.21521246
0.05328886
0.031557925
0.0691703
-0.24905811
0.24470802
-0.020136353
0.07168999
-0.2881956
0.32804835
0.41546488
-0.20074871
0.41012633
-0.14404799
-0.11826559
0.25451395
0.019772308
-0.092219114
-0.08605479
0.011731927
-0.06630428
-0.25168678
0.016485618
-0.0055786218
0.0119701605
0.14480741
0.047303014
-0.07069816
-0.09465319
-0.015165985
0.02888312
0.054948755
-0.078979366
0.07206245
-0.15415263
-0.0465031
-0.049606133
-0.011484191
0.08510584
0.022458782
-0.03780305
0.014879991
-0.0007407224
-0.04091176
0.084248014
0.022983072
0.07152829
-0.073575415
-0.016871067
0.032813586
0.07426343
0.10357119
0.029772233
0.1949704
-0.007981486
0.02960037
-0.06761779
0.051305994
0.0016230305
0.060442574
-0.05508602
-0.22410002
-0.027098294
-0.014474682
-0.020888425
0.13225114
0.005602922
-0.03758211
-0.04704829
-0.093546085
-0.057056904
-0.0044973786
-0.011162212
-0.04913725
0.08722125
0.11961944
0.057420813
0.061224256
0.020134194
0.1629961
-0.101320185
0.07782966
-0.13022974
0.060129385
0.053650152
-0.08958263
-0.023591483
-0.083282314
0.13955826
0.15006794
-0.0185482
0.030108057
0.026647795
0.077632494
0.070790485
-0.104890384
0.07831711
-0.109646596
-0.12243886
0.07295569
0.001091908
0.012512025
0.054946795
-0.022628434
-0.006944258
0.037949655
0.07612612
0.032468066
-0.14949343
-0.0741899
-0.009238771
0.11486529
0.012104432
-0.106049106
0.024204487
0.0012726985
0.14666298
-0.05533442
0.042673904
0.14301558
0.0095019555
-0.17065611
-0.049934253
0.030706223
0.013142378
0.08655421
0.15902534
-0.10801751
0.005464044
0.097327046
0.078902245
0.07298208
-0.016136607
-0.05576689
0.041825365
0.0021830706
-0.12897426
0.08719833
-0.08375473
0.13229173
-0.046011057
0.07166667
0.017922508
-0.1021382
-0.0077392277
-0.007288568
0.069697246
0.1576277
0.13251191
0.11644484
0.09082188
0.018831206
-0.1006877
-0.08010129
-0.06537332
0.04102022
-0.009330104
0.051162805
0.03209322
0.12495943
-0.007826449
-0.09014073
0.0050353054
0.004551952
0.013698267
0.24174769
-0.12879579
0.25903362
-0.11354437
-0.04877882
0.00651047
0.037335154
0.023273002
-0.10178672
-0.13314438
-0.12768441
-0.14172891
-0.012856294
0.08138163
0.012641917
0.060619507
-0.26061633
0.010201426
0.08455443
0.12746279
0.105443746
0.123473324
-0.0048852987
-0.10242601
-0.1968793
-0.07345871
-0.010654166
-0.15134808
0.13165382
0.11301431
0.091349594
0.16700342
0.02228582
-0.062450986
-0.22924966
0.12424457
0.01672856
0.046628244
0.043145288
0.030262163
0.09101017
-0.30175897
-0.13418597
0.1818911
0.11994375
0.089858994
-0.07922883
0.073340334
0.07727514
-0.23385051
-0.017229892
0.074969314
-0.17275475
-0.032958888
0.15436663
0.006479413
-0.013833232
0.056981772
0.3822761
0.09601678
0.049778834
0.06380625
0.2608795
0.07900164
-0.09243433
0.060989372
-0.0185889
-0.09493135
0.0223875
-0.024737716
-0.23790635
0.05027444
-0.19054285
0.012236713
-0.010915985
0.34397694
0.10411989
0.094859146
-0.07542143
-0.41018653
0.07742601
0.0062228157
-0.17830406
0.17512348
-0.12955551
0.038598444
0.17691614
-0.25077677
0.018755471
-0.123242915
0.065725885
-0.12828393
0.023604343
-0.055064075
-0.0076371715
0.0022679812
0.17877515
0.105843216
0.18993197
-0.03024858
0.19555973
0.14701664
0.17626728
0.30931884
-0.0054534446
-0.19478774
0.24329887
-0.09162142
-0.05639201
0.09383924
-0.03018914
-0.011807629
-0.18743257
0.14586711
-0.027454428
0.11474331
0.08703093
0.18151091
-0.20329678
-0.21785896
0.14083815
0.025639296
0.036987845
-0.12839517
0.098760165
-0.069778346
-0.089790344
-0.09925138
0.1895552
-0.12524736
0.1523226
0.04175829
-0.0069395225
0.08833538
-0.19090924
0.25394487
-0.004861892
0.062494915
-0.18138535
-0.21436308
-0.17125516
-0.11952958
-0.19461843
0.2103058
-0.15430774
-0.23018236
-0.017533638
0.19583754
0.06791805
0.040346
-0.016757827
-0.038257137
0.041507345
-0.0739851
0.27282655
0.035812747
0.20342612
0.251305
0.016381072
0.11957988
-0.05227261
-0.020934364
-0.0068583195
-0.0023584114
0.081844494
0.23036021
0.04558983
-0.072684266
0.19086592
-0.20721449
-0.108215295
0.13822746
0.069058925
0.07611849
-0.064793706
0.027515585
0.16041727
-0.03685276
-0.07494432
0.12452879
-0.1727429
0.19697405
0.22203006
0.13113803
0.06254137
-0.07040573
0.4038775
-0.36351964
0.0016916721
-0.07878579
0.20142604
0.016573375
0.12616563
0.082265854
-0.2702992
-0.20216928
0.10028378
0.040048823
0.32362336
0.29399344
-0.25313964
0.021154094
-0.03086371
0.14277922
0.061997883
0.05832793
-0.22108382
-0.31757432
0.035187878
-0.07005786
-0.18354173
0.23087731
-0.050470136
-0.016637174
0.32522237
-0.16850686
0.137402
-0.09583652
0.20686041
-0.2982923
0.09915295
0.0005410996
0.06174281
-0.10154135
0.143312
0.17396243
0.23786171
-0.21521133
0.14819553
0.21032491
-0.10468947
0.19558872
-0.16657934
-0.15588124
0.28663263
-0.020468935
-0.068417154
0.05396284
-0.16028717
-0.024410097
-0.10228478
0.098536074
-0.051226072
-0.19981587
0.19363621
0.15083653
-0.27609155
-0.044490788
0.08161311
0.03492337
0.14554772
0.015826805
0.34376818
-0.0638484
-0.07649463
-0.095675625
0.13432185
0.10578825
0.12715408
0.026730537
-0.0029728243
-0.10994624
0.00046568539
0.0033899525
0.11869624
0.050019998
-0.022585891
-0.011620383
-0.10328237
-0.16191958
0.09433785
0.030162312
0.02239145
-0.04001641
-0.09105664
0.047575567
-0.056082297
0.071287386
7.5031436e-05
-0.1653375
-0.15027872
-0.027168348
0.029873496
0.16452827
-0.02667442
0.031533256
-0.028600104
-0.04461787
-0.10899459
0.040198743
0.017463773
-0.020314177
0.12576303
0.0017095394
-0.09359721
0.0717597
0.116064124
-0.10001612
0.33237767
-0.034927897
-0.052516643
0.02399941
0.04497979
0.12023675
0.081203334
-0.092887476
-0.10526552
0.009962702
0.07667679
0.116037294
-0.12574378
0.122053675
0.08578291
-0.019512825
0.03838193
0.12264588
-0.032893606
0.05916293
-0.021048341
0.058932044
-0.10387641
-0.015203985
-0.03612302
0.08148892
-0.07087328
0.11116808
0.03508477
0.08534713
0.053386264
0.009860196
0.013061436
0.083370805
-0.028016813
-0.015343979
0.017566914
0.012719053
-0.052436687
-0.041181035
-0.11003481
-0.044039346
-0.10518736
0.093946315
0.07599927
-0.1182506
0.017519796
0.06175575
0.017722717
-0.096215315
0.05527807
-0.026748152
-0.025037495
0.09990373
0.05578773
-0.06628849
0.089662686
-0.06378717
0.12254614
0.008875862
0.06455308
0.050202407
0.009565536
-0.026586886
-0.0700703
-0.006020709
-0.011309041
0.12541103
0.0012657243
0.13475819
0.045966677
-0.032814473
-0.0574817
0.103929125
0.051716484
-0.06512383
-0.14566468
-0.053077184
0.010460595
0.030999817
-0.044868723
-0.0420449
-0.009529649
0.008762564
-0.097874865
0.06259812
-0.017061178
0.09377021
0.018118532
-0.046595883
-0.00062542694
0.008541187
-0.011798465
0.0060640923
0.116454236
0.107111685
0.037723888
0.08121302
-0.15945433
-0.08044355
0.09388681
-0.060378186
0.10009493
0.14796875
0.043791533
-0.05304818
0.018150926
-0.028381413
-0.032336302
-0.058377296
-0.07705149
0.0041476917
-0.0820071
1.0815625
-0.12352184
-0.033601172
-0.07785104
-0.06741044
0.15535735
0.07652211
-0.12536946
-0.06289664
-0.01630949
0.09055356
-0.0822868
-0.00553748
0.06774376
0.15561743
1.1719649
0.08470404
-0.07501864
0.09193699
-0.080245614
0.06613748
-0.14128333
-0.02501348
-0.084875375
-0.005712448
0.019350475
-0.16067201
-0.019663952
-0.1377263
-0.092905395
-0.045191318
0.03864735
0.23003861
-0.015080951
-0.060265858
-0.16514778
-0.090935096
0.073811576
0.018672014
0.08764061
0.014326184
0.13122715
-0.101101294
0.00028993408
-0.06781553
0.16344598
-0.03831485
-0.10757672
0.023650572
-0.011828398
0.10111604
0.07004524
0.14810723
-0.01665586
0.031153362
0.005858903
-0.09500467
0.07247662
-0.19846328
-0.11295344
-0.03047393
-0.014983876
-0.0214232
0.0402646
0.026088279
-0.005702661
-0.016154155
0.090424635
0.0041172006
-0.17627306
0.044172198
0.010326372
-0.11076143
-0.07375909
-0.20631586
-0.09875055
-0.12852792
-0.06290218
0.007154932
0.0024864075
-0.12061134
-0.024481839
-0.104156025
-0.06664124
0.108501546
0.010774367
-0.1408778
0.13612202
-0.045516178
0.06389311
-0.17680676
0.025329443
-0.012180017
0.0067266687
-0.06532063
0.010893992
0.026079666
-0.08835375
0.036735855
-0.041564014
-0.012180645
0.09624571
0.093781784
0.049219895
0.067629665
-0.084880516
-0.123540424
0.023017395
0.0963587
-0.011063631
-0.15521252
0.11100749
-0.10004056
-0.2018466
-0.032515384
-0.088081546
-0.04150148
-0.08548729
-0.10254615
0.11801233
-0.11063424
-0.11311318
-0.09165307
0.11976299
-0.17525166
0.025118904
0.027296856
-0.0992168
0.16380395
-0.005006712
-0.053083215
0.09384662
0.03944484
-0.06196705
-0.046879314
0.15373474
0.13817495
-0.07476425
-0.030447882
0.057875924
-0.014907212
0.08031945
-0.09232511
0.1614449
-0.1271599
0.01934849
-0.06862736
0.008335318
0.10356124
-0.054255757
0.038142826
0.026213298
-0.004272682
0.0036810571
0.21849352
0.09178468
0.07719731
0.08285525
0.040404353
-0.017592441
0.04833524
-0.060475986
-0.08811157
-0.077584304
0.04535218
0.058481228
-0.08413118
0.05530017
-0.09260877
-0.06587927
0.14625421
0.17878588
0.19855136
0.0416605
0.0059695183
-0.070863955
0.0443477
-0.016913565
-0.055912375
-0.094390474
-0.0018223928
-0.023747683
-0.079525635
-0.037966855
0.16644056
-0.019985138
-0.005061751
0.17190921
-0.16627389
-0.08882691
-0.087695114
-0.05584419
-0.09302729
-0.13337764
0.055259172
0.107750915
0.10191283
0.13046457
0.030203154
0.04364008
-0.036603164
0.17667297
0.15611316
-0.10133102
0.09012325
-0.09250171
0.078620255
0.10080723
-0.1113566
0.08852662
0.0710565
-0.0017139871
0.02401255
-0.10685044
0.1273716
-0.047441684
-0.055711955
0.024942152
0.025397709
-0.2221097
0.14935216
-0.011204485
0.11962527
0.068494834
0.0027987477
0.028936474
0.076986365
-0.019375583
-0.0058058407
-0.095349565
0.15266635
0.040843274
-0.11344758
0.13437684
-0.062031694
0.038282435
0.013212716
-0.05189175
0.083981566
-0.003287158
-0.09530637
0.0589557
0.11028507
-0.091384046
-0.014311528
0.025724726
0.15978861
0.039099958
-0.028617613
-0.14011654
0.053290516
0.0011816015
-0.1270397
-0.034011558
0.13497356
0.018069137
0.20023146
-0.13422114
-0.04907811
0.09753771
-0.10707885
0.1200104
0.0033340321
-0.07348254
0.12602752
0.019899499
-0.06868144
-0.055446886
-0.06639435
0.007138139
0.020039145
0.27920538
-0.05551521
0.07338825
-0.068188176
0.001975085
0.017795874
0.010538399
-0.08446454
-0.018547343
0.053449545
-0.03986809
0.016483523
0.054268133
-0.05675354
-0.09658008
-0.13790391
0.03323626
0.1808607
0.0067151682
0.07373808
0.047088776
0.046013035
-0.028224014
0.17712921
0.045651544
0.022995278
-0.025091635
0.019718444
0.028448982
-0.15064113
0.10987853
-0.006013638
0.09158778
0.016008183
-0.021785656
-0.007952571
-0.019261595
0.014025977
0.03636832
0.10348885
0.14375539
0.023798326
-0.12107304
0.003273585
-0.09458489
0.11417164
0.07598085
0.15584227
0.047199115
-0.055287763
0.083014265
-0.049960617
0.03193161
0.108706445
0.06556459
-0.0030361738
0.115921535
-0.12592728
-0.022320641
0.047147177
0.05126594
-0.063417315
0.050772622
-0.013155173
-0.12424676
0.116869725
0.030207744
0.023301726
-0.081788
0.013307653
0.1103176
0.09216407
-0.1003108
0.07688091
-0.09757767
-0.021891598
0.113945864
-0.0991001
0.05785376
-0.07322203
-0.06786133
0.0010272517
0.015360163
0.04036204
0.08007818
0.10074824
-0.37053147
0.35875514
-0.3895651
-0.2270258
0.11896064
0.061876345
0.17106137
-0.3118803
0.23299964
0.3356654
0.2988848
0.16608801
0.2761086
0.14753564
0.05092086
-0.061356835
0.247975
0.086509384
-0.15632695
-0.09522419
0.026834244
-0.17299838
0.12336965
-0.14344375
-0.024215639
0.27873868
-0.2254946
0.5478955
-0.60098785
-0.27015644
-0.12983231
-0.38273057
-0.07466305
-0.090396784
-0.0384496
-0.18094705
0.1972913
-0.052479617
-0.040164202
-0.24546401
-0.13014776
0.39881408
0.8816795
-0.10276465
-0.01911915
0.22034296
0.14886801
-0.2586737
-0.3555403
0.1741641
0.15792705
-0.14230482
0.18851306
-0.32247087
-0.1565303
-0.22090971
-0.18558212
-0.242413
-0.3892469
0.18369476
0.0010363755
0.12055345
-0.4397623
-0.2599747
0.13594697
0.2575094
-0.22485396
0.34356102
0.1924018
-0.0061372374
-0.3003749
-0.22630982
0.22682573
-0.1269493
0.60852665
-0.4141297
-0.49908775
-0.10654313
0.31970048
0.5943246
-0.15998921
0.005135264
0.09392196
-0.3002215
0.03331674
-0.12326617
-0.47668928
0.50675553
-0.040003866
0.28635183
0.2710171
0.75880915
0.65391684
0.008983774
0.07873839
0.42286143
-0.6297743
-0.15981825
-0.7352718
0.014926109
-0.5697313
-0.2054155
0.25382712
-0.5076635
0.43647233
0.54026407
-0.50786304
0.06490089
0.42560127
-0.06681428
0.5100305
0.2070151
0.24984731
-0.061279397
0.067281336
-0.06080102
-0.19588363
-0.25267002
0.59284574
0.103387356
0.008617815
-0.2382474
-0.38397378
0.40988967
-0.2554243
0.22350813
0.13746437
0.24942961
-0.005144076
0.27130702
0.017781
0.10106847
0.045477055
-0.044076685
-0.042967275
-0.09752528
0.02399203
0.02382852
-0.029643478
0.035488207
-0.040173516
-0.15195608
0.04999042
0.13610277
-0.019001652
-0.067282684
0.019574119
0.011411325
-0.012963176
-0.1527164
0.019093586
0.096836925
0.028351977
-0.07777134
-0.04344115
0.012059198
0.041789368
0.085010275
-0.10043561
-0.038247757
-0.014609069
-0.10093829
-0.013577478
-0.028717317
-0.05439467
-0.01123893
0.03323403
-0.059356928
0.008892553
0.088783406
-0.059079025
0.038245473
-0.05835171
-0.053099647
0.04234185
-0.0984586
-0.044839673
0.09810156
0.016291367
-0.03492498
-0.09906085
0.12821656
0.0316066
0.018567925
-0.0742605
0.1127486
-0.12420211
-0.077419475
0.038184095
-0.033549387
-0.0801586
0.057798162
0.011305641
-0.03416374
-0.078546785
0.020566763
-0.016320352
0.056744084
-0.044813164
0.109854296
0.012949583
-0.003842586
0.14511628
-0.059743654
-0.014029522
0.022278463
0.0123128
-0.058185954
0.019853419
-0.078539535
0.13285568
0.08360003
-0.12582517
-0.0016732122
0.012769651
0.02307361
0.034496535
0.102883905
-0.08569315
-0.070685685
0.1048703
-0.054074746
-0.07546385
-0.026605258
-0.03297978
-0.072802104
0.017369896
-0.070519924
0.06943153
0.12534215
0.1496357
0.092322886
-0.095430285
0.09442808
-0.042156167
0.067900166
0.03188422
-0.00032694804
-0.019704841
-0.010041337
-0.030555774
-0.026270092
0.017009852
0.10658716
0.024734788
0.0179494
-0.04207748
-0.056521907
0.06478906
0.08611491
-0.062806495
0.07588538
0.10466006
0.0040551205
0.106088884
-0.005719372
0.07925406
0.1004404
0.09602419
-0.062217616
-0.066756696
0.10750151
-0.08872046
-0.0049506547
-0.024795324
-0.10243793
-0.12676181
0.0791869
0.04191927
-0.0074709174
0.09156557
-0.10209317
0.13185374
0.098441474
-0.027227093
0.016797217
-0.021996701
-0.071054794
0.015078638
0.053403024
0.09015071
0.06203628
-0.061340474
-0.020926971
0.06957061
-0.044174295
0.09687554
0.05994829
0.013892479
0.10015476
0.06662764
-0.07292987
0.06612388
-0.045672715
0.1074206
0.07680122
-0.07428066
0.13048641
0.037360676
-0.03318787
-0.07718913
-0.050205816
-0.06617297
0.020234052
0.1300152
0.055352222
-0.0040784343
0.087833524
0.037733052
0.050336942
0.06619553
0.026226599
0.08283102
-0.059159335
0.034801997
0.037980955
-0.11347849
-0.010201285
-0.049082045
0.120896176
0.08427332
0.04894113
0.10165243
0.13989544
0.04670353
-0.071963705
0.029081443
0.0948461
0.026194265
-0.059899237
0.083731204
0.12999415
0.03455512
-0.008895825
-0.001243421
0.033694282
0.086139336
0.12668128
0.07315664
0.0039597657
-0.06575048
-0.052188184
-0.04611653
0.015424786
-0.030326057
-0.020019772
-0.08495798
0.09234572
0.059834596
0.05154582
0.11724556
0.06342291
-0.072693266
0.028762853
0.05601604
0.049292177
-0.059118617
-0.060155194
0.10393845
0.024245605
0.020578045
0.08198004
0.0449656
0.002513148
0.034389522
0.0014098356
-0.0090642795
-0.0048937774
-0.08352822
0.07982954
-0.085843675
-0.09127741
0.05923692
0.011551103
0.023770612
-0.05307779
-0.091744915
-0.058937658
0.07269731
-0.034216635
0.067476556
0.085943535
0.10024623
-0.0753187
-0.10298135
0.12652688
0.039059427
0.19848458
0.04930165
-0.08054895
-0.10236681
0.08674746
0.024057329
0.04173629
0.061497357
0.107390836
0.027426802
0.069454014
0.07636019
0.034205616
-0.015442685
0.084637076
-0.017549358
0.04700287
0.07226561
0.10299956
-0.022507068
-0.009427859
-0.004047527
0.09325591
-0.0015338635
-0.069934525
-0.055977553
-0.07829863
-0.0045639845
-0.14848967
0.048487663
-6.768952e-05
0.08866895
-0.008971921
-0.068395905
-0.103205495
-0.14807212
0.043585617
0.06970763
0.03287815
-0.045411035
-0.038352028
0.061666615
0.11575801
-0.11380931
0.09836554
-0.04398429
-0.016908221
0.03839412
-0.0009585376
0.17411979
-0.08244779
0.11838718
-0.07100508
-0.12564848
0.10880455
0.045480926
-0.10450151
0.15631062
-0.019995213
0.05055761
-0.060015038
0.01958666
-0.020497642
-0.114658125
0.121400416
0.002040754
-0.013038744
-0.026398294
0.081847504
-0.046593316
-0.086088024
-0.047779314
0.0673255
-0.06433836
0.11909694
-0.05044936
-0.012155061
0.058151003
0.063586436
0.07685722
0.09282057
0.12697846
0.09096739
0.1278489
0.018688438
-0.1602321
0.055469956
0.14480703
-0.06508151
-0.017039252
-0.08956959
-0.11667378
0.058945708
0.06568933
0.03709963
0.009602486
0.03983948
-0.032009024
-0.0757497
0.08254795
-0.009039639
0.014576909
-0.009938523
0.009305164
0.02134261
0.034499854
-0.10274974
-0.06066662
-0.05464291
0.072431765
-0.13774484
0.05814986
0.12140578
-0.04309602
-0.024319984
-0.10062252
0.03559455
-0.11892905
0.12785882
-0.120028906
-0.13043573
0.16508377
0.09090773
-0.042785738
0.09269439
-0.023947522
0.052259788
0.033912234
0.13960576
0.08631354
-0.032966223
0.064722925
-0.018803922
0.00859441
-0.013228296
-0.017759299
0.097850524
-0.05520317
0.021080723
-0.075703114
0.15519118
0.120007545
-0.020615075
0.0036871897
-0.07963028
-0.095568985
-0.077150375
-0.04612729
-0.034749333
-0.005378027
0.015627181
-0.07556737
-0.007844448
0.12427708
0.015240393
-0.07329805
0.09814942
-0.08788055
0.010520153
0.13454656
0.08914383
-0.090627246
-0.01942389
0.018614464
0.031945076
-0.09075668
-0.06238764
-0.03293578
0.08588679
0.12515432
0.027134445
0.119124606
-0.064273916
-0.024621278
0.020395383
0.037255064
-0.054450326
-0.13088684
0.118190125
-0.0145868985
-0.034875058
0.043777857
0.040074736
0.034375224
-0.011534951
0.050472677
-0.014605248
-0.05748624
-0.09008317
0.13193023
0.12313519
0.04005233
0.13386975
0.013204682
-0.043169465
0.15695694
0.062424734
-0.053876933
-0.032032046
-0.05770666
0.033598747
0.048905134
0.09709586
-0.023516428
0.07442508
0.049713425
0.073259324
0.025483869
0.10825478
0.114345975
0.033164788
-0.14367093
-0.07342913
-0.0318414
0.0038002043
-0.07741359
0.0019989267
-0.07279643
0.054849327
0.016931338
-0.04593362
-0.101819865
0.040317357
0.035316564
-0.11225686
-0.014004146
0.10352059
0.07531331
0.08326021
0.0029493372
-0.03367127
0.022508381
0.07008598
-0.015062115
-0.09565439
0.06371169
0.022781134
-0.05475702
-0.064303584
-0.08159056
0.03764351
0.062241897
0.037115537
0.078577206
0.10613596
-0.08665887
0.046627775
-0.09210764
-0.069037184
-0.07995186
-0.043436594
0.13859707
-0.0636215
-0.17195311
-0.030752352
0.007881626
0.09162035
-0.01634073
0.060159918
0.11908231
0.08511063
0.034527645
-0.06177112
0.07768687
0.06469486
0.049142532
0.05890661
0.0068038665
-0.13623784
0.07257758
0.06393485
0.022141306
0.16313784
-0.11406198
0.10224031
-0.01225556
0.028203905
0.091773
-0.061125185
0.062029354
-0.08118428
-0.044927053
0.21020806
0.00020806969
-0.005307619
0.034946617
0.12486308
-0.045820575
0.006073194
-0.010630021
-0.123878
-0.033355523
0.11904271
0.03995714
0.03812297
-0.13365251
-0.07204914
0.013576847
0.09191381
-0.12314411
0.009618186
0.011277621
-0.021099502
-0.026620232
-0.0332201
0.16159838
0.047970884
0.02099609
0.07776255
-0.12810278
0.047888327
0.16592321
-0.04334075
-0.1182806
-0.007887731
0.04853929
-0.06850179
-0.08852635
-0.08480771
0.06484671
-0.06356393
-0.14716053
-0.08584107
-0.13564022
-0.0017698321
0.02905567
0.013368459
-0.0054479367
0.111415245
-0.026444456
0.09570315
0.14091732
-0.09428067
-0.024182308
-0.1037445
0.025531178
0.042353664
0.049171086
-0.070453815
0.106314
-0.0016649492
0.06386923
-0.13539226
0.03144242
-0.14953566
-0.067267284
-0.019825254
0.02957802
0.09701812
0.025104025
-0.04249918
-0.07432875
-0.049518514
-0.027050974
-0.08823082
-0.03960536
0.017865144
0.07161931
0.06332884
-0.04369806
0.13059247
0.095243834
0.048199613
-0.038903415
-0.009979673
0.08286316
-0.1821674
-0.073851846
-0.0986756
-0.029319938
0.007651854
-0.07613032
0.12296256
0.077850364
-0.049777772
-0.079379305
-0.08733786
0.03907435
-0.029178804
-0.0007670263
0.22160237
-0.11127634
-0.0641206
0.05829173
-0.08880802
-0.102577016
0.037982985
-0.012937516
0.061809815
-0.09005537
0.038741212
-0.04413957
-0.061389375
-0.08155263
0.047262438
-0.072463125
0.0066808416
-0.02971041
-0.096484445
0.055201165
-0.08017599
0.079937465
-0.114635065
-0.12619933
-0.021629006
0.04347616
-0.055675253
-0.0044370517
0.010180791
-0.0926866
0.037211303
0.09618536
-0.01755954
0.07994455
-0.0073085027
0.08054796
-0.14512587
-0.056648448
-0.079161786
-0.023686681
0.01156195
-0.011841735
0.07392045
0.020437453
0.026740408
-0.06823063
-0.04231013
-0.03495532
0.022702083
0.07091682
0.0038029072
-0.0426224
-0.06992203
-0.04915498
-0.11510193
0.051364332
0.0423324
0.11251711
0.040979102
-0.117825985
0.066114925
-0.024374567
0.14475282
-0.08256043
-0.094635144
-0.06843016
0.01987146
-0.07762165
0.13314171
-0.08212057
0.015058092
0.058783654
0.09480672
-0.08276974
-0.06490959
-0.08206155
0.090907894
-0.11850671
0.04628095
0.041996818
0.10674041
-0.05997776
-0.038766854
0.08076674
0.08998786
-0.099915855
-0.033667378
0.120668806
0.10513383
-0.10440262
0.064497106
-0.036914982
-0.021959286
0.05852573
0.10237775
0.03410798
-0.08670194
-0.08567584
-0.06647988
0.05018063
0.15865542
-0.06775343
-0.055496737
0.03752025
0.06285413
-0.0815953
-0.010000437
0.07789577
-0.07234726
0.13303967
-0.07313245
0.058206834
0.037862856
0.06114308
-0.13070308
-0.012228419
0.051743798
-0.06996248
0.09891669
0.06791423
0.010371316
-0.008189035
0.031793207
0.00044655433
0.033160623
0.11068963
-0.07656913
-0.018687261
0.07835861
0.013615339
0.22215636
0.25729606
0.40030754
0.05260391
-0.19346529
0.06936757
0.01374234
-0.17766143
-0.08220793
-0.08624842
0.07546195
0.15273276
-0.13481285
-0.020197077
0.029373229
-0.08606984
0.1566964
-0.1785211
0.04482663
0.12837325
-0.12100048
0.06593597
0.10118612
0.18062207
-0.053822264
0.30248818
-0.18167168
0.008234748
0.07535935
0.2886637
-0.2549542
0.04525486
0.39580023
-0.22148383
-0.040684428
0.13514379
-0.20227693
-0.011462914
0.049460065
-0.01417982
0.01562113
-0.241085
-0.03854482
0.18161514
0.034821104
-0.043389767
-0.08270647
0.027547663
-0.12084044
0.07606622
0.18281177
0.16195422
0.1517198
-0.07300126
0.08654205
-0.10446266
-0.02420302
0.18630776
-0.04343975
0.15844111
-0.035286788
-0.026209919
0.020092823
0.11533136
-0.29616293
0.06017141
-0.028339133
0.14811246
-0.08428086
0.08463284
0.36716753
-0.11872022
-0.13467616
0.108469546
0.17285632
-0.0048923134
0.01969251
0.012838711
-0.11170838
-0.15684113
0.020016078
0.015310846
0.020998977
0.08189975
0.012908855
-0.028862283
-0.023936981
0.002530457
-0.13767433
-0.05483598
-0.22400136
0.19795592
-0.1439994
-0.06250408
-0.029945597
0.07335565
0.2086621
-0.15238222
0.07241143
-0.14797482
0.14920874
0.094240084
-0.0309508
0.18597355
0.025414815
0.019066025
0.23137765
0.12268375
-0.13456845
-0.26225764
0.12621509
0.07537687
-0.00040310025
-0.18720907
-0.0546798
-0.13748847
0.06606451
-0.22836767
-0.07018716
0.04048949
0.010362519
-0.039526552
-0.23096223
0.20207398
-0.020407163
-0.010868334
0.053085543
0.11234027
0.2113286
-0.017427454
0.005939063
-0.07269932
0.10063515
0.04530121
0.092106365
0.05297729
-0.25448763
-0.099041305
-0.07692217
0.10690208
-0.026519064
-0.04416054
-0.030842993
0.14904301
-0.13003337
0.14782731
0.03315787
-0.05607117
-0.09809816
0.042293977
-0.008414838
0.14751978
-0.20284128
-0.023673555
0.08308626
0.21954806
-0.2773409
-0.08078456
0.046581775
-0.04047423
0.004318498
-0.028705169
0.03779075
-0.13148
0.023660881
0.018091418
-0.0124947345
0.029986512
-0.011700177
0.1258822
0.16760732
0.13718307
-0.041897524
0.10382822
-0.0037407493
-0.04038413
0.07516971
0.19679807
-0.03146867
-0.22965567
0.13582674
-0.07706988
0.021064766
-0.052870087
0.18105131
-0.00082547625
-0.15894255
-0.0043409015
-0.14030233
0.026344111
-0.08873568
0.096491404
0.11057602
-0.050886862
0.16775331
0.1435958
-0.16800432
0.16645195
0.077765815
-0.002834028
0.07020887
-0.008446485
0.057757135
-0.06980517
-0.014794765
-0.019928183
-0.066818
0.25249705
0.049403764
0.02736402
0.18819879
-0.018263735
0.0026327788
-0.18510634
0.07776272
0.021608852
0.086779825
-0.14915982
-0.047165636
0.031799562
0.004483572
0.031217609
-0.048158575
0.011395145
0.12531856
-0.031016644
-0.30823135
0.053275287
0.06364987
-0.16859744
0.13865905
-0.015955897
-0.05517544
-0.103683285
0.04242931
0.14210479
-0.06612197
0.21341568
-0.02123586
0.04858697
0.009104817
0.00488246
-0.0022676473
0.12416835
0.02273031
-0.013151277
0.027485544
-0.06842288
0.11215522
0.11821109
0.057899553
-0.13859874
0.11942383
0.100237876
-0.059677195
-0.046544652
0.21264349
-0.23117302
0.122649044
-0.002636548
-0.07554329
0.1771218
0.158488
0.15517703
-0.08953465
-0.14496453
-0.23994301
0.042286314
-0.16647539
-0.0651929
-0.004305174
0.13113517
-0.17153688
-0.0053722253
-0.009376001
0.035495266
-0.059073098
0.010234424
0.1252465
0.1420837
-0.21294807
-0.17902416
-0.10872965
0.05432055
-0.29381055
0.0595795
0.14198245
-0.103735976
-0.3113177
-0.009207354
0.24288963
0.04227547
0.084997
-0.049321778
0.04150868
-0.32995096
0.06175005
0.18869922
0.33524853
0.1006775
-0.2506318
0.119016245
0.27513874
0.14607507
-0.13467163
0.072559394
0.010471485
-0.20806701
-0.016295869
0.094533674
0.0042619267
0.11422407
0.22355083
-0.1620761
0.028230421
-0.106986396
0.010217417
0.05535015
0.031640608
0.223706
0.28269202
-0.0764562
-0.020777786
0.19303681
-0.018830655
0.18932052
0.18324643
-0.021730857
-0.16126235
-0.2772512
-0.26121655
-0.010685569
0.07079481
-0.088039905
0.042878542
0.23634824
0.18023553
-0.24812064
0.1709712
0.013738784
-0.13227187
-0.26945832
0.008869925
0.021747291
-0.064634226
-0.22897534
0.13594648
0.04290125
0.2811931
0.03744934
0.0274885
-0.20673925
-0.052681375
0.055815157
-0.10643175
0.11247855
0.08170356
0.02569703
-0.1145879
-0.0941574
0.019381158
0.11236903
0.08505634
-0.09631973
0.024131406
0.079368874
0.09949665
-0.0027760812
0.3532397
0.07827075
0.20695654
0.28872025
-0.039117612
0.099525616
-0.05152442
0.03502423
-0.043524407
-0.041631944
0.33286807
-0.009072664
0.0458854
-0.05048229
-0.17575967
0.108089276
0.11742145
-0.030760504
0.001167766
0.16279405
-0.10887918
0.06513368
0.14326234
-0.018267028
-0.032073215
0.008385797
-0.042482488
-0.026989574
-0.02455526
-0.030531714
-0.08656408
0.13386026
-0.04080966
-0.0054663876
0.043689877
-0.05335529
0.005830455
0.06468078
0.032899436
-0.037138574
0.046306122
-0.056849554
0.08737521
-0.067388855
-0.04267697
0.12415727
0.007001576
0.09247316
0.07774293
-0.079691544
-0.050170902
-0.07642186
-0.03632878
0.10785286
0.059418067
-0.04905485
0.090311766
0.032025836
0.14463198
0.07657761
0.079218894
0.013133172
0.09469586
0.11799322
-0.09123722
0.08874916
0.025891969
-0.0582888
-0.04879697
-0.13238156
-0.08776133
0.12822038
-0.09443228
0.003743979
-0.08918956
0.069870435
0.14468342
-0.04653239
-0.0279758
-0.098679006
-0.03912658
0.0658789
-0.101037584
0.12595387
0.08160646
-0.10672612
-0.1258286
-0.042172767
0.07498079
-0.04003611
-0.038019072
0.024062172
-0.09403994
0.031648587
0.03989276
0.10538569
-0.014892194
0.03600579
-0.042656843
0.05600832
-0.090427466
-0.02703994
0.019425262
-0.06650978
0.08464133
0.05622037
0.08882653
0.08456344
0.05653133
0.019116955
-0.052431963
0.0634575
-0.04156156
0.054458044
-0.058991842
0.08484678
-0.09972501
0.021702081
-0.001236449
-0.0069887685
-0.081125885
0.023781482
-0.03429496
0.037977833
0.111264326
0.10840968
0.011753765
-0.031008381
-0.0042234883
-0.005350665
-0.08275133
0.040300388
0.07365861
-0.034071263
0.001398438
0.12434295
-0.07283616
-0.036801208
0.13441361
-0.045615587
0.050121307
0.025237612
-0.13985929
-0.06137655
-0.14595518
-0.29333985
-0.006337868
0.03593479
0.059537955
-0.032129396
-0.09585905
0.15051505
0.23556831
-0.10870646
0.030447371
-0.04337972
0.093988605
0.03195611
0.04589501
-0.024602538
-0.24884419
0.14957647
0.13338499
-0.020395355
-0.046810463
-0.09489842
-0.05205165
0.08232551
0.083885
-0.101807214
-0.06638065
-0.0062956135
-0.12372708
0.0719744
0.044728182
0.028914867
-0.33653858
-0.035707634
0.05399066
0.151581
0.023194147
-0.20723617
-0.30945328
-0.08590989
0.11294646
0.22477414
0.26428208
0.12400432
-0.12140209
0.09311202
0.06768205
-0.0071551334
-0.113253675
0.21608123
-0.12296192
-0.22217312
-0.021407159
-0.0042637927
-0.13407065
0.049201284
-0.06874474
-0.3028428
-0.038743388
0.15738527
-0.033035707
0.060900997
0.05930668
0.1274318
0.17660873
0.044774197
0.06478251
-0.1528334
0.0054981816
-0.24511288
0.05085078
0.0006079132
-0.21290056
-0.49067825
-0.08103827
0.0118543785
0.114690386
0.14749433
0.13049673
0.122619286
0.17201546
-0.33475733
-0.13008799
0.17022356
-0.30675668
-0.11419055
-0.0587193
-0.12593836
0.10527494
-0.09198915
0.024621489
0.0536661
0.16599108
0.15209498
0.097891554
-0.13823463
-0.03988345
0.20113356
0.006244418
-0.09354067
0.054809343
-0.10685292
-0.16621357
-0.28208065
0.03266278
0.0173065
-0.07012112
-0.1265078
0.021333275
0.044233177
0.09908608
-0.17423888
0.40115422
0.26036987
0.12856552
0.16899335
-0.08819122
0.1868806
0.07963368
0.052609257
-0.15173814
-0.05756094
0.22581194
-0.2201516
0.008064847
-0.028744236
-0.21693805
-0.037556566
-0.019777047
-0.3096801
-0.24788089
0.029040026
0.07194414
0.027612828
0.058947768
-0.08406643
0.15537725
-0.3000708
-0.21424603
-0.147021
-0.124764614
-0.07797261
0.08676024
-0.062457867
-0.2737396
0.17812924
0.09947393
-0.069482915
-0.0599532
-0.034220874
-0.08274638
-0.0788533
0.16211653
-0.17311461
0.15524083
0.20421728
-0.033879638
-0.018268738
0.2591327
-0.15416269
-0.22607847
0.066024266
-0.00025558018
-0.3816977
0.20549932
0.0080473535
-0.05022706
0.0068511222
0.06920047
0.28325474
-0.016835986
-0.03130853
-0.095597565
-0.007125882
0.015286187
-0.038152575
-0.009819358
0.068418615
-0.26540783
-0.32379004
-0.026488729
-0.034010224
-0.10531302
0.059412718
0.09166955
-0.32715166
0.13807032
-0.04122657
-0.13952368
-0.0077267
0.23570558
-0.30097583
0.14185207
-0.052397184
-0.018395506
0.07484037
-0.067193
0.0032266285
-0.040432554
0.06717511
-0.16012318
-0.24646597
-0.067458995
0.13794616
-0.0042878194
0.047939084
0.2346017
0.08668382
0.14794962
-0.23125343
0.15138061
0.114334084
-0.36175177
-0.07355031
0.044486552
0.05745842
0.04837348
-0.022529345
0.096599735
-0.23874159
0.122132756
-0.036622744
-0.01614519
-0.055226106
-0.13125072
0.024902908
0.038707368
0.027702633
-0.08423387
-0.011603467
-0.057777777
-0.19930525
0.014342448
0.21751693
-0.11680045
-0.06860512
-0.059551086
0.024405476
0.049668334
-0.067259975
0.2512321
0.16203527
0.105760396
0.092242524
-0.19404554
0.020183397
0.1759418
0.06303845
-0.18950108
0.0017358026
0.24728426
-0.21064408
0.09517725
-0.15556651
-0.06637507
-0.12657152
-0.07555431
0.006411526
0.022052994
0.0037416706
0.03796843
0.01210138
-0.008561901
0.017926699
-0.075026274
-0.12337761
-0.08030577
0.03597234
0.018297343
-0.10721262
-0.17153746
-0.08747973
-0.09047943
0.061933104
-0.07777197
-0.030724244
-0.16853495
-0.09505864
-0.11616
0.01421398
0.008395749
0.44023684
0.018758908
0.093467996
0.00020925958
0.0047061816
-0.08892336
0.10018734
0.23760697
0.014692006
-0.027676152
0.15999229
0.0038903814
0.051562984
-0.0633887
-0.100130245
-0.09444356
0.017578894
0.12052421
0.1446423
-0.0024873444
-0.12308191
0.13950393
0.098522566
-0.001437849
-0.04578564
0.050516035
-0.06579535
-0.0906788
0.082522936
-0.02436097
0.014181439
0.018630276
0.0013461638
0.07352515
0.14182118
-0.007760996
0.03828665
0.11240695
0.11495193
-0.051500138
-0.15259491
0.083809465
0.10831184
0.053061683
0.16207866
0.021458732
-0.0848183
-0.1534481
-0.0038661435
-0.09306168
-0.06398453
0.0070572654
0.048528884
0.14359654
-0.039536014
0.10594063
-0.023640074
0.049775597
-0.06798658
-0.04850978
-0.06153835
0.15085244
-0.176896
-0.04476701
0.013474232
0.13687195
-0.12980403
0.036840215
-0.010711093
-0.034559797
-0.13585435
0.13435747
-0.010091386
-0.0489662
0.07463664
0.003924332
-0.03763736
-0.06141342
-0.013043231
0.078042135
-0.016209459
0.015253339
-0.093405075
-0.057115696
0.064572535
0.05052744
-0.08358293
0.11477516
-0.026956249
0.058439467
-0.13379718
-0.022252169
-0.026341012
-0.01204364
0.0051774606
-0.059964
-0.10321845
-0.04057227
0.0399773
0.081624135
-0.017264334
-0.111904085
0.043715164
-0.033754587
-0.028432924
-0.006150577
0.07228839
0.10266633
0.029359061
-0.06654767
0.108298406
-0.1143564
0.028888892
0.09039289
0.036866665
0.13135584
-0.05128518
0.07438966
-0.04219338
0.09127288
-0.13901632
-0.036978416
0.019787155
0.082539596
0.0076618437
-0.11546407
-0.06741288
-0.031112405
1.8992689
-0.00084843667
-0.1576817
0.022825658
0.030239236
-0.13293982
0.115546845
0.6101064
0.026597494
0.105704404
0.22202902
-0.10156763
0.045342125
-0.122187875
-0.02779217
-0.0055124154
-0.0820733
-0.15714581
-0.11474662
-0.002545669
0.097534664
0.0030563718
-0.0024774857
0.08681473
0.03215773
-0.03626687
0.09407622
0.13186133
0.0022969106
0.060010757
-0.024112366
0.0332403
0.10599202
-0.077910185
-0.025742615
-0.118967675
0.03535648
0.02622468
0.0094679855
-0.12430755
0.113429345
0.10408338
-0.015865155
0.17336342
-0.087701775
0.08816469
-0.10869608
-0.13852035
-0.006026802
0.012164453
-0.07698372
-0.06908685
-0.08434273
-0.13507718
-0.10787803
-0.095947295
0.19776878
-0.15365635
0.042786986
0.1358987
-0.059366617
0.20817606
-0.18444502
-0.033401422
0.04085764
0.002540551
-0.04384541
-0.2093865
0.07317251
-0.044844043
0.05537277
0.023965003
-0.07772286
-0.08105389
-0.022656765
0.049304925
0.00074373704
-0.10273838
0.0791554
0.08047427
0.014329673
-0.090198636
-0.0671312
-0.08067952
-0.04534403
-0.008571277
-0.08866565
-0.11505938
0.01929956
-0.037306286
-0.095562615
0.031601157
-0.16026872
-0.1395932
0.09918947
0.048808593
-0.09586021
-0.15139125
0.007064599
-0.120656505
0.02186797
0.010428693
0.1322354
-0.084922925
0.0021437977
-0.00087448687
0.10848724
0.22333989
0.048059013
0.11066032
0.07735441
0.12533842
0.04100348
0.06952136
0.027061986
0.061188035
-0.049321994
-0.14939515
0.008468457
-0.0934278
0.027882632
-0.1145817
0.025850762
-0.11949454
0.03748564
-0.12281058
-0.027213579
-0.032026615
0.37882233
0.032200962
0.0021807533
0.056051183
0.047020324
0.04460567
-0.07757414
-0.03404396
0.10342479
-0.04710483
0.09466411
-0.0014777344
0.17095175
-0.02104548
-0.04601838
-0.06898333
0.19299044
0.136136
0.11829988
-0.18832631
-0.09011136
0.021635205
0.0976943
0.03810535
-0.017041357
-0.12900169
-0.110527724
-0.04467641
0.011237761
-0.14344786
0.021396551
-0.06073419
-0.014115699
-0.1059023
0.019786766
-0.027251562
-0.08937239
0.1140845
0.017228493
-0.009166922
-0.18027961
0.04513268
-0.10767476
-0.080106676
-0.00410511
-0.02269978
0.10074775
-0.06747237
-0.16340822
0.038301043
-0.08377442
-0.043377876
0.115869984
0.072424375
-0.047307033
0.01831689
-0.045579888
0.014705809
-0.10106092
-0.038120706
0.037777085
0.014341037
-0.08859575
-0.09255212
-0.144964
0.058455087
-0.12659745
0.091584705
-0.036328588
0.016662676
-0.055820968
0.031114034
0.07338721
0.0043506683
-0.010397282
-0.07752886
-0.17840067
-0.10752152
-0.016603177
0.0038591735
0.10750588
0.08389981
-0.100856826
0.11229285
0.03246921
0.08451625
-0.10011687
0.14015791
0.00031907923
0.1415175
0.09428633
0.028700572
0.078288674
-0.18632628
0.061127074
0.009829242
0.017242823
0.21916188
0.07542777
0.019637808
0.042930637
-0.08479521
0.043379433
-0.0705109
-0.07966224
0.047209263
0.11571367
0.022906834
-0.043925837
-0.0994825
-0.058083326
-0.018875312
-0.045193255
0.0011396381
0.053865515
-0.009601043
0.10918186
-0.0037812334
0.1355956
-0.07750894
-0.11186017
0.11344232
0.077079386
-0.017419802
-0.114481166
-0.13766786
0.054923613
0.020999106
0.23976345
-0.07690061
0.022915717
0.10700455
0.04817177
-0.09952124
-0.008075631
0.21059237
-0.10302822
-0.071012035
0.124918856
0.011851121
-0.014254147
-0.11181251
-0.014332247
0.063751616
-0.011777629
-0.07106558
0.045276094
0.056980595
-0.059446447
-0.0032437101
0.024501022
0.07211895
-0.09525515
0.09547547
0.012966162
0.03289918
-0.066461585
0.12790622
-0.142055
0.048426025
0.09212408
-0.007483852
-0.080500685
-0.12228541
-0.0049637454
0.025838707
-0.047472276
0.03229672
0.049731746
0.03888801
0.05660446
0.10974662
-0.102912456
-0.015617938
0.026915535
-0.18672588
-0.03171565
0.040803604
0.09429309
-0.0074048373
0.074023046
-0.12152496
-0.07751632
-0.070328675
0.18005861
0.10214182
-0.08540212
0.08936853
0.06949737
0.15473424
-0.14264013
-0.020566043
-0.023061939
-0.014250532
-0.102958046
-0.05115319
-0.042557288
0.03397148
-0.13130052
0.11736219
-0.043695614
0.006271691
-0.09978873
-0.07786898
0.08471313
-0.028300554
0.1325119
0.13321336
-0.0063485443
-0.104394615
0.0032944137
-0.009059054
-0.008303434
-0.10987947
0.035080414
-0.10432182
-0.081926234
-0.041012388
-0.13262966
-0.11902004
0.04133795
-0.05936591
-0.03863268
0.16495228
0.070348285
-0.029918447
0.16008623
0.059227873
0.14394419
0.0730777
-0.22776538
0.06121701
0.39989978
0.44015396
-0.08662081
-0.17976478
-0.2385447
-0.43879777
-0.29098988
-0.42456362
0.4424784
0.27466244
0.2186712
0.13512523
-0.095223784
-0.06953428
0.18720718
0.37379518
-0.36425313
0.2611399
-0.034909274
0.19048338
0.06990628
0.25442368
-0.35702953
0.020221747
0.75875413
0.07236914
-0.062552445
0.6398066
0.006925931
-0.21873154
-0.0650694
0.89238685
-0.21833754
-0.26429072
0.084393166
-0.10032643
0.2731006
0.087991305
0.19921464
-0.10069489
-0.39964283
-0.7970806
-0.023601547
0.31459835
0.071406454
-0.37301457
-0.49087298
-0.00912786
-0.2756343
0.24299353
0.39690796
0.22931701
-0.17650978
-0.13283692
-0.24850155
-0.28539932
0.5192165
-0.16713414
-0.1407301
-0.10666999
0.2850748
-0.43814385
0.035751034
-0.40348464
-0.012704388
-0.05232394
-0.042329833
-0.048005786
-0.23288287
0.14472936
0.075936854
0.085179746
0.5577049
0.24968639
-0.16002527
-0.0038951118
-0.28912616
-0.013788254
-0.21076924
-0.2833515
0.6997526
-0.22208759
-0.19400196
0.44005215
0.30819917
0.19549322
-0.047282405
-0.22558323
0.07766632
-0.14713615
0.08026404
-0.44175127
0.013189283
-0.142437
0.08274112
0.115531795
-0.12399844
-0.03255714
-0.029659355
0.114418
0.20212732
0.12809935
0.3961245
0.34648284
-0.24662393
-0.120345436
0.41547906
-0.3651735
-0.09342247
0.27528447
0.036017593
-0.6719545
-0.5069829
-0.4731684
-0.51426274
0.06312531
-0.23439649
0.08895925
0.14352362
0.45193413
0.16315347
-0.63884574
0.09549885
-0.1244035
0.16335474
0.54848206
-0.040700376
0.0053192177
0.0952138
-0.19645172
0.038669694
0.06395066
0.105884984
0.048133757
0.16849186
-0.05806514
-0.11312578
-0.09429372
0.046263393
0.17616129
0.20156407
-0.026540695
0.1499394
0.0749039
0.10577194
0.10089591
0.17159681
0.052835286
-0.067512006
-0.045036867
-0.13593012
-0.008777463
0.06865609
-0.061281975
-0.16098991
0.16497579
-0.071261585
-0.014382448
-0.073675774
0.12078415
0.11071757
-0.037749764
0.23524302
-0.07696192
-0.0648431
0.067397125
0.076913066
-0.058568005
0.115260795
0.05862711
-0.051184908
0.018442819
0.09162967
0.06561949
0.048412677
0.1159489
-0.10697728
-0.28364998
-0.03843535
-0.015448124
-0.077641964
0.092816606
-0.08559758
-0.15324044
0.09500746
0.01573558
0.07035496
-0.07272791
0.03903845
0.17383365
-0.029177042
0.12547831
-0.10628897
-0.17414534
0.028015671
0.080355935
-0.043249357
-0.06860164
0.012328487
0.08136497
0.023958303
-0.11090004
-0.07903037
-0.008287632
-0.042771608
-0.05347041
0.11203674
-0.071514584
-0.006032668
-0.04103866
-0.05776457
-0.0848433
0.15495268
0.048414413
0.1627061
0.16614859
0.00058718695
-0.045984756
-0.08643343
0.017350014
0.007916928
0.03319868
-0.05547129
-0.0023161718
-0.020603297
-0.03347464
0.03639564
-0.06593556
0.10912886
0.14494677
0.096101135
-0.0820465
0.03162973
-0.048095968
-0.025478566
0.03213138
-0.08176808
-0.08425724
0.09280788
0.052116174
0.07405357
0.10667706
0.06823072
-0.12898123
0.028565953
-0.00032582335
0.012804225
-0.14333415
0.06903345
-0.0060698274
0.09769326
-0.026440088
0.08788237
-0.09306582
0.043146487
-0.068006225
0.054462865
0.026891261
-0.04839846
-0.05912876
0.020351807
0.027651154
0.09148062
0.05850762
-0.03428165
0.10445791
-0.01657832
-0.07753665
-0.104785554
-0.11760304
0.05476099
0.027549714
0.1351264
0.14628582
0.029626561
0.040764425
-0.08991866
-0.036272593
0.09467695
-0.0034165948
0.06638462
0.104727685
0.10129171
0.070414044
0.073466316
-0.001686926
0.039518435
0.018613977
-0.12259165
0.08622654
-0.07056625
0.045886174
-0.09102667
-0.04368881
0.037290055
0.016344534
0.029736005
-0.0036887096
-0.038903013
-0.041675348
-0.095093414
0.10751506
-0.029473502
0.033011414
-0.083211154
-0.025057292
0.03999375
0.012049862
-0.109006576
-0.014134141
0.045228764
0.12430257
0.026591964
0.0727453
-0.010919921
0.068631165
0.0026716022
-0.09500848
-0.054972213
0.10893041
0.05154532
0.013127948
0.07015743
0.013654587
-0.100633025
-0.07753295
0.036618486
0.040962655
0.022521224
-0.017400682
0.06848223
-0.007605617
-0.0523275
0.08656321
0.107152306
0.10038038
0.145427
0.1122174
0.10912072
0.013764659
-0.074795276
-0.044883493
-0.05811163
0.027638128
0.07789235
-0.11500179
0.002561498
-0.09041711
0.14193659
0.1101958
0.04156288
0.13340929
-0.0031470296
-0.062136654
-0.03528071
0.066214584
0.012066463
0.06667282
0.017278733
0.0014439599
0.06667235
0.084273115
-0.04126948
-0.038279478
0.06762816
-0.032723624
-0.0767501
-0.08848819
-0.08707675
-0.07333451
-0.025342915
0.07635003
0.029170508
0.08195166
-0.09741047
-0.020943334
-0.12640308
-0.07215608
-0.074054725
-0.1001853
0.12136863
0.12824139
0.17790727
0.14112951
-0.102319345
-0.0019257041
0.0033736324
0.066507846
0.08182565
0.0967091
-0.012068902
0.028568275
-0.045412775
0.100252494
0.030444644
-0.06452099
0.03653948
-0.052606333
0.09484165
0.030241964
0.07018431
0.06707687
0.051994774
-0.10170866
-0.068208925
0.05066879
-0.093663804
0.03896895
-0.106310375
0.0326691
0.081846096
-0.049132694
0.007390321
-0.049676307
-0.0057469574
0.09213182
0.015207154
0.07771109
-0.06059123
0.034669366
-0.04329534
-0.022934448
-0.051245652
0.029911263
-0.106065676
-0.09822532
0.116950214
0.048838597
-0.14406069
0.045785762
-0.090870254
-0.040676948
0.16241153
-0.098482
-0.06910244
-0.08670337
0.0071736337
-0.09402271
0.1048494
0.06654924
-0.0008989166
-0.14653043
0.17828733
0.014529176
0.04152945
-0.017296897
0.05919291
-0.020949664
-0.096028686
0.07264566
0.10414529
0.025586816
-0.069583066
0.09990497
-0.044031687
0.12867707
0.011937572
-0.0776879
0.08894806
0.034807183
-0.012787432
-0.0586914
-0.044382807
0.0722167
0.027112698
0.18138203
-0.104837745
0.011015832
0.07731743
-0.087446816
-0.1766128
-0.008555045
0.11121394
0.019908307
0.08739165
-0.072270975
-0.044002812
0.10997695
-0.04026384
-0.042810105
-0.06825866
0.060486015
0.08358066
-0.066550724
-0.114252955
0.000792419
-0.09363186
-0.12038292
0.18122227
0.008800689
0.10748902
-0.047454298
0.073403805
-0.008061767
-0.025196023
0.089381136
-0.09944583
-0.003493831
-0.025651636
-0.15141416
-0.018714225
-0.11239271
-0.11645322
0.08803167
0.01025098
0.11513375
-0.10705282
0.017516997
-0.108446434
0.14813153
-0.07061033
-0.09739789
0.012969773
-0.0557144
-0.005343849
-0.12653244
-0.09255464
-0.086539306
0.07022655
0.120572105
-0.09773015
-0.019915042
0.056763027
-0.12663373
0.017803088
0.1601785
0.041903865
-0.07879133
-0.06797521
-0.0971463
0.012375917
-0.048319373
0.12176214
-0.072580665
0.077459455
0.018629177
0.06925338
0.11900175
0.017480697
-0.041492477
0.0107730385
0.030443767
-0.025167951
-0.13801844
0.107384115
-0.09792157
-0.021434022
0.036331847
-0.10244771
0.05265625
0.02181047
0.04482067
0.068843715
0.09507407
-0.091136746
-0.035406023
0.07978662
0.010960343
0.09550069
0.045697317
0.12984888
-0.037936803
0.06781373
0.010699665
-0.030205311
0.042671707
0.07431189
-0.07200253
0.053641044
0.02071449
-0.1404007
0.11236326
-0.036805496
0.024690658
-0.070165694
-0.0790617
-0.040018316
-0.050984018
-0.020798292
0.02649352
-0.0050118337
0.14400935
-0.07305425
0.09308721
0.023306808
-0.012067575
-0.09304921
0.036523994
0.12530637
-0.048263744
-0.040260598
0.06658067
0.045285136
0.033037055
0.1141165
0.08243975
0.026662305
-0.0818553
-0.08891372
-0.039732818
0.07621695
0.10368504
0.12626359
-0.05167107
-0.03982182
0.08611623
-0.08390283
0.08534727
-0.07753813
-0.08472972
0.008646929
-0.037559353
0.08177131
0.030224247
-0.002151031
-0.098003596
-0.08795238
-0.03653485
0.058387544
-0.06799921
-0.11257697
0.121779494
-0.018987108
0.13021454
0.098451555
0.0012340547
-0.014810058
0.026876535
0.035495892
0.14581925
0.045765966
-0.06735627
-0.06964141
-0.019938085
-0.071867354
0.0012063595
0.05203315
0.090500146
0.15672275
-0.14579682
0.05945029
-0.18303032
-0.06720051
0.09360763
-0.07509263
0.04814813
0.13913862
0.15712282
0.14591871
-0.004139855
0.13617444
0.1608049
-0.013876758
-0.014790385
0.031136164
0.109025046
0.0059162937
0.088158384
0.08327981
0.0059854235
-0.2259199
0.1338472
-0.009669285
0.06594964
-0.033481803
0.13137197
-0.073445834
0.06478508
-0.09986495
0.045184843
-0.14524493
-0.046706863
0.008653124
-0.105086744
-0.03215016
0.03388619
0.026633624
-0.055476904
0.16135801
-0.0068558617
0.058323827
-0.113014415
-0.07011561
0.1606219
-0.113640405
-0.019372046
-0.12213269
0.069525465
0.25675058
0.10701607
0.008580944
-0.13551131
-0.011271978
0.07190121
0.079846375
0.047852013
-0.120052986
0.1083071
0.06878977
0.056829534
0.18609332
-0.032406237
-0.027887888
0.038265146
0.0072954474
-0.05456553
0.08684108
0.16636197
-0.27386224
-0.076334804
-0.04848029
0.024357494
-0.10580538
-0.044804577
0.024920065
0.023802862
0.023780448
0.07932117
0.113567404
0.05991551
0.032872744
0.08790793
0.090934314
-0.10468861
0.009458525
-0.00055583054
-0.24463534
0.1429395
-0.112062
0.028559938
-0.115176216
-0.033382207
-0.1995102
-0.0025326193
-0.090146296
-0.15483323
0.09385417
0.16529311
-0.14942566
-0.15560926
-0.110369995
0.1098251
0.12902418
0.10816858
0.09543927
-0.1305128
-0.050955825
-0.107324615
-0.20181161
-0.057587247
0.011493245
0.020302964
-0.0760238
-0.07189052
-0.07532263
-0.1478316
0.055235524
0.015817711
-0.1679789
-0.08163017
-0.01398966
0.15793738
-0.01998522
-0.07027778
0.039104797
0.1424664
0.105970256
-0.05799366
-0.016183063
0.09446928
0.11840602
-0.10748163
0.040664602
-0.08403636
-0.040455278
0.13758233
-0.023609241
-0.0920597
-0.1320268
0.04356056
-0.03208153
-0.037502527
0.05998771
-0.022061478
0.0018532594
0.06902923
-0.09820793
0.086651385
-0.123447105
0.041627888
0.09430997
-0.03549488
0.023626989
-0.03822306
-0.07346196
-0.07370701
0.05787475
-0.05077197
-0.07892647
0.008805484
0.072858505
0.091756955
0.045205384
0.099439405
0.057588384
-0.06752046
0.00395504
0.025332244
-0.08250407
0.0031958178
0.049705368
0.06273252
-0.0028062486
0.028551886
0.10117827
0.012477703
0.11402522
-0.09723706
-0.012993071
-0.02153751
0.07477242
-0.07934157
0.06851333
-0.12141138
0.046971567
-0.08075376
0.021733643
-0.0001821343
0.06344834
-0.004598451
0.048639253
0.056783546
-0.08518815
0.14965996
0.020823603
0.03499002
-0.09615163
-0.035447247
-0.1042827
0.09298137
-0.0116701145
0.020454552
-0.12856567
-0.11787147
0.056842208
-0.07982972
-0.004993771
-0.0019328941
0.052174572
0.22815897
-0.030829884
0.023002312
0.035377946
0.14820023
0.07438453
0.093753554
-0.05049069
0.08886457
-0.113847375
-0.098215334
-0.11683098
-0.08490099
0.10611221
-0.037204385
0.14509128
-0.04265039
-0.003820982
0.09994246
-0.11464372
-0.07330951
-0.031665433
-0.0685066
0.041118342
0.14556703
-0.020412376
-0.119144864
0.0832398
-0.086239584
-0.0137987975
-0.02411638
-0.0069786734
-0.03103461
-0.0053460575
0.04382807
0.03755912
0.11624212
0.048156474
0.10753977
0.048515186
-0.027155913
0.00890893
-0.10161545
-0.045774292
0.10028151
0.27366865
0.22317107
0.054129716
0.09286492
-0.25368202
0.11630985
0.12593481
0.0972752
0.005054357
0.069587596
0.0883259
0.025873123
0.036177784
-0.08483748
0.03601544
-0.06438383
-0.17536375
0.090816446
0.12903762
-0.21165068
0.29968357
0.0010307215
0.008050569
0.075458795
0.12588933
0.09780047
-0.064205974
-0.07468717
0.07692107
0.043954354
-0.07957793
0.03384596
-0.1624879
0.054960664
0.050051183
-0.11064076
0.12414948
0.24698079
0.11525484
0.014452652
-0.0016905053
-0.044039685
0.031340502
0.09696791
0.2305763
-0.0692933
-0.040129587
0.10972644
-0.042706687
0.16027616
0.39320755
0.069085084
0.004770056
0.20330189
0.17092292
0.11012236
0.12538682
-0.050164714
-0.20988864
-0.13577856
-0.018486414
-0.11348171
0.23216487
-0.0054335636
0.088985115
-0.06666162
0.12737381
0.02492199
0.20456709
-0.058751673
0.06386007
0.08748757
-0.046775613
0.1702935
-0.14127298
0.1528553
-0.014166278
0.027402792
0.1298257
0.038428593
0.17747326
-0.26644298
0.039532103
0.27878526
-0.22565964
0.15943895
-0.049557462
-0.021953292
-0.04833398
0.1217602
0.023139376
0.019782916
0.15760827
-0.0010063496
0.18544014
0.069256805
-0.042343937
0.036500346
0.1345513
0.05317948
0.21478015
0.20921509
-0.14456455
0.14320074
-0.16059276
-0.041127004
0.14138831
-0.15585813
0.21307144
0.031308
0.102878764
0.18314402
-0.018572392
0.15963416
-0.16888826
0.014357854
-0.1051252
-0.24658756
-0.21316725
-0.12600073
-0.1841989
-0.096510515
0.07599886
0.10193688
-0.01452481
0.1426304
0.018055586
0.02915362
-0.08908633
0.21665345
-0.16572069
-0.27381572
-0.11826965
0.0019785103
0.045430526
0.022024885
0.11573724
-0.035789285
0.042997703
0.012208359
-0.105491735
0.08773016
0.10656899
0.13749087
0.10110481
-0.15431681
-0.11843697
-0.22923109
-0.10158629
0.15349446
0.27150023
-0.029254492
-0.035435144
0.07169884
-0.13925706
0.06702047
0.11010958
-0.11718572
0.08575742
0.09966676
-0.094160005
-0.069787234
-0.07974015
0.095607236
0.020509364
0.052541364
-0.031958435
0.08931661
0.16238993
0.23207231
0.10271462
0.0753885
0.1734386
-0.039905787
0.015248288
-0.09498739
0.15822588
-0.20023298
-0.103288345
0.055737026
-0.24059913
-0.12862039
-0.11472554
-0.024628699
0.015023815
0.22158518
0.061806604
-0.12868439
-0.06722197
0.07498159
0.22009674
0.044838708
-0.00069615897
-0.048048563
-0.056721147
-0.042549986
0.20378844
-0.10592855
0.114921086
-0.23848155
-0.04022983
0.017750213
-0.0784775
-0.105010696
0.20745918
-0.13627337
0.15100351
0.09206054
-0.030175062
0.00923399
0.049975585
-0.13657422
-0.17503452
-0.053842172
-0.13994424
0.0792347
-0.091349326
-0.11820998
0.11443505
-0.095444195
0.13733366
0.05014251
0.15772258
-0.14090264
-0.048630934
-0.04047254
-0.0003910516
-0.14479567
-0.1174544
-0.14931563
0.20374508
0.050411765
-0.19675112
0.009951167
-0.13643788
0.20041054
0.016408835
0.062065534
0.11943118
0.14684382
-0.10426078
0.04664459
-0.007298885
-0.08134109
0.090986215
-0.020404803
-0.0050236285
0.088412724
0.109868124
0.14016964
0.09054001
0.021940071
0.045183197
0.07047877
-0.11508926
0.04819198
-0.23026265
0.062261805
-0.092252314
0.17680563
0.35942137
-0.2966766
0.5152985
0.06632999
0.08276258
-0.12188329
-0.29425237
-0.46126777
-0.019114396
-0.017075978
0.16424194
-0.0021801658
0.22599679
-0.16614655
-0.32584873
0.15751176
-0.355
-0.09851584
0.4695647
0.0027458942
0.22702278
-0.14011098
0.083608046
-0.44178483
0.09754818
0.11294709
0.45188603
0.22022097
-0.22201227
0.0013126561
-0.29965538
0.26472014
-0.047413047
-0.24839723
-0.1853924
0.40269488
0.0028387704
0.00041238184
-0.082260184
0.21286158
-0.08700896
0.08500617
0.22018234
0.42291275
0.52530575
-0.44017744
-0.2979642
0.24665955
0.051681623
0.01794719
0.21341595
0.17484693
-0.24785623
0.29898793
0.04572173
0.13175344
-0.14621335
0.08358936
-0.20747858
0.15777211
0.04716937
0.091869235
-0.21560371
0.038507264
0.0047984547
-0.13227639
0.1108801
0.049122598
0.035976686
-0.25079823
0.0739125
-0.16497509
0.4787906
-0.09724641
-0.2025201
-0.16846193
-0.18565093
0.32908395
0.0016424936
0.0011077534
0.25315553
-0.034750585
-0.15035744
-0.018835386
0.027793106
-0.4814917
0.06637487
0.22612458
0.24863282
-0.20055635
-0.12757093
-0.31037265
0.077320725
-0.1822261
-0.042796466
0.04764308
-0.20793226
0.07602878
0.20706788
-0.20518064
-0.20642366
-0.38113692
-0.05229633
0.5301133
-0.41725487
0.09867195
0.04970695
-0.1454886
0.3424355
0.17005311
0.32009116
0.15404165
0.22522971
0.26622972
0.2563294
-0.017117139
0.311676
0.06439071
-0.2580913
-0.046113573
0.09492525
-0.2805247
-0.053147756
-0.39502266
-0.048938744
-0.041941505
0.12696724
-0.03208211
0.104134314
-0.1198769
0.06863835
0.10803447
-0.050763484
-0.020621607
0.097295865
-0.08700914
0.07779155
0.0053552836
-0.0467303
0.028982438
0.13092284
0.019878339
0.0099110035
-0.07331325
-0.052773457
0.04866229
0.10436242
0.123464555
0.09281612
0.10877024
-0.051821258
0.011164473
-0.027170112
0.0057491125
-0.088119626
0.0065573994
-0.10353677
0.075127564
0.08068824
-0.039194003
-0.10907082
0.015188507
-0.052391775
-0.03172495
0.14062825
-0.027242094
0.025106186
-0.049844753
-0.06863209
-0.097205944
0.12333694
0.009885869
0.026824502
0.057336047
-0.029032143
0.030287022
0.031516068
0.03057854
0.10623832
-0.05318093
0.15886804
0.051548664
-0.064308435
-0.20939937
0.026414935
0.117013454
0.1887575
0.102559395
-0.086396456
-0.049819924
0.108275406
-0.046081524
0.11960417
0.06615949
0.06743818
0.00632128
-0.1332611
0.12618653
0.03167253
0.1639632
-0.063444756
0.1136058
-0.026719442
0.08047618
-0.0012942515
0.055535495
-0.014288943
0.1332598
-0.06276113
0.10450685
-0.029828597
-0.09165283
-0.14310701
0.08856535
0.10082176
0.077734396
-0.11148218
-0.095372684
0.17014241
0.039822426
-0.019537427
0.049466524
-0.062670775
-0.038289085
0.0024108433
-0.019061124
0.10705551
0.083584905
0.054335147
0.050960414
-0.040599674
0.12550478
0.049726024
-0.10345723
0.028532185
0.057688724
0.034063343
0.10263692
0.071555324
-0.037378468
-0.093826585
0.057746537
-0.027126223
0.0028270613
0.016780578
0.024100345
0.14487681
-0.006475754
0.105909795
0.063275985
-0.004963237
-0.044904098
0.02657203
-0.17692089
0.014265013
-0.016616637
-0.013428399
-0.1799317
0.29737666
-0.04858904
0.090455465
-0.05400042
-0.05603968
-0.16456811
0.11042228
0.062991604
-0.06446933
-0.15042591
0.38250384
0.052021448
-0.33378202
0.04612311
-0.017119346
0.018178426
0.048518572
-0.015678419
-0.10188011
-0.037629075
0.15266606
-0.29071906
-0.18861987
0.1684249
0.2654751
-0.09536986
-0.21570776
0.11888609
-0.06471667
0.029158104
-0.010441489
0.024673106
0.12794796
0.35302597
0.0665436
-0.00729811
0.061550833
-0.083042674
-0.059605863
0.086259305
0.022465948
0.16465011
0.054830518
-0.10453524
-0.09576243
0.22318952
-0.049747374
0.04234381
-0.004849426
0.09977268
-0.14226706
0.07949571
-0.080681935
0.053371135
-0.061456766
-0.026591945
-0.06765222
-0.03517943
-0.17683467
-0.12568241
-0.0070272987
0.13965082
0.07752617
-0.0061708656
-0.037891123
-0.078008845
0.1113571
0.00958534
0.2689346
-0.1975507
0.19530937
-0.15942825
-0.14559427
0.06767836
-0.15753151
0.228983
0.12685303
-0.02646941
0.08526739
0.09009778
-0.046005476
-0.0752259
-0.16908701
-0.3079495
0.095247366
0.07981083
-0.14528014
-0.026415518
0.0048361295
-0.062395327
0.020338312
-0.07142632
-0.07077345
0.0555559
-0.041166514
-0.1531633
0.25217617
-0.083004385
-0.07292079
0.041634012
-0.18107603
0.20420074
-0.07219455
0.06947538
-0.0740114
-0.1358348
0.27692908
-0.046125174
0.078868
0.10175436
-0.04499452
0.05730151
0.25501224
-0.120950274
0.11542881
-0.0733464
-0.27919328
0.0063173077
0.013677374
-0.08891545
0.018408937
0.12743695
-0.066928826
-0.19010389
0.101557724
0.029984733
0.21147935
-0.1656309
0.2919241
-0.0790319
0.07460192
-0.18516861
0.014401018
-0.12998214
0.15869506
0.024795357
0.014445333
0.027344046
0.20704804
-0.05753131
-0.317094
0.1171657
-0.18813007
-0.055933326
0.1327688
0.19065511
0.0115657775
-0.0706053
-0.10917327
-0.17234255
-0.15956266
-0.022476599
0.0628844
-0.14070879
0.0010362021
0.073549874
-0.13921154
0.03579792
0.004199869
0.029394157
-0.09642102
0.11077044
0.17419589
0.17423828
-0.006210853
-0.21415444
-0.015959505
0.10476137
0.076093055
0.22096246
0.11827548
-0.11963404
-0.22267118
0.17357247
0.13173434
-0.040249765
-0.015327218
0.25787324
-0.09924048
0.30277303
-0.031393934
-0.044740144
0.06902985
0.061199248
-0.004272952
-0.14681944
0.036164824
-0.09296139
-0.15953158
-0.02308493
-0.1419748
-0.09421431
0.096362546
0.033217374
0.25364116
-0.021745704
0.11305245
-0.0037071605
0.099141635
-0.23352928
-0.12555692
-0.030680696
-0.13361812
0.019250508
0.17831935
-0.056517422
-0.06935565
0.20414016
-0.0606318
-0.19170877
-0.13902166
-0.2007063
-0.0919114
0.07789302
0.04706174
-0.12437254
0.013141039
-0.23266636
-0.040831946
-0.15429895
-0.033114966
-0.10362672
-0.2520934
-0.17008016
0.23396426
0.030148625
0.0649666
-0.09935589
-0.18086901
0.17177117
-0.09230148
0.16727841
0.011992162
-0.06574844
0.24025458
-0.032696534
0.11247543
0.007026136
0.14503959
0.031520225
0.10132809
0.07305222
0.07184762
-0.012146374
-0.15862483
-0.0037291837
-0.015264373
-0.08892629
-0.08726449
0.013733358
0.11198836
-0.014185287
-0.11870154
0.14132589
-0.1183916
0.09903871
-0.06253665
-0.0447944
-0.0711572
0.054837152
-0.1655095
-0.008743405
-0.010389202
0.010394133
-0.1364586
-0.038833227
-0.014648364
0.17155784
0.13818006
0.039046995
0.09046243
0.063267685
0.1205094
0.10561815
0.0066918298
-0.05590199
0.028342362
0.05687218
0.04317527
0.01939308
-0.03876556
0.03321513
0.11499376
-0.0016681913
0.1326607
0.07120396
-0.11348702
0.005624497
0.17038508
0.024516836
-0.12444342
0.09582698
-0.05192187
0.02904176
0.16897477
-0.054915674
-0.028105706
-0.103785105
0.07934987
-0.14336738
0.11584004
-0.057522718
-0.05695544
-0.062536016
0.12617503
-0.10615757
-0.03424466
-0.09061566
-0.10337488
0.00011751833
-0.12698074
0.0012274482
0.034672495
0.057368442
-0.0865003
0.036618955
-0.02409839
0.010194573
0.2814737
0.009283011
-0.04955026
0.07751141
-0.14110987
-0.14311908
0.00079328706
0.082278185
-0.034953184
0.06144312
0.0416314
-0.061847627
0.25357875
0.056252003
0.017002488
-0.06163178
0.033131026
0.0835001
0.077501275
0.01087137
0.06099519
-0.13995737
-0.037141494
0.030256273
0.0016335318
0.20358448
-0.11520087
0.0007847858
-0.050398927
0.083993286
-0.03270095
-0.06775375
-0.022423489
0.049309604
0.07693556
-0.047119927
-0.013486326
0.080958806
-0.101875335
0.009720106
-0.08152565
-0.0143405795
0.08757022
0.112228975
-0.061355483
0.039604284
-0.09483609
0.102133445
-0.0038155394
-0.004070864
-0.12013667
-0.04945845
0.01036786
0.07442205
-0.124722034
-0.14490283
-0.14766954
-0.05806583
0.12610167
0.05419762
0.09513418
0.013149428
-0.10713394
-0.05043924
-0.05100894
-0.08877339
0.16514212
0.055545002
0.088312335
-0.15917744
0.0036322833
0.091268376
-0.039910417
-0.16819274
-0.11275748
0.06829206
0.042619325
0.124363914
0.06361466
0.0029669623
0.09743419
0.14737207
0.04899816
0.15384011
0.14632398
0.08528625
0.04796513
-0.04239124
0.0034242542
0.1610905
0.0032905543
0.121932715
0.11484052
-0.050030332
-0.02343677
0.07354079
-0.1013682
0.15321149
0.2143316
-0.07146178
-0.028138075
0.11506581
0.15094596
0.04683713
0.84708023
-0.11858632
-0.09021436
0.06976398
0.08605169
-0.04293857
0.19587302
-0.00025440493
-0.12125984
0.02909151
0.12643972
-0.05772694
-0.06601124
0.05744566
-0.02609007
-0.012471482
-0.10486175
-0.085335985
-0.03132119
-0.05370597
-0.10708224
0.0026772153
-0.025195403
-0.08776069
0.5418078
-0.1871242
-0.08502415
-0.012015883
-0.052426655
-0.000862932
0.047330976
-0.07279454
-0.00480918
0.029753229
-0.13551924
0.009317754
0.1883521
-0.015242585
0.008274987
-0.04099058
0.12112182
0.015190559
0.05611962
-0.1265603
-0.046625715
-0.12563077
0.15757844
0.014807032
0.06129978
0.03552706
-0.11655452
0.05048146
0.06041933
0.025938546
-0.094554156
-0.05820919
-0.10921324
0.069292
-0.008620054
0.048793294
-0.042811852
-0.06629441
0.012202757
0.014820573
-0.010346794
-0.086426616
-0.0010556399
0.13364933
-0.07277812
-0.022909729
0.060719248
0.07061865
-0.095459044
-0.04942469
-0.019812876
-0.034571614
-0.08501003
0.07067031
-0.04993347
-0.038189158
-0.0952389
0.030937081
-0.0072182426
0.08128021
0.0666427
-0.04012526
0.0931084
-0.026692715
-0.05561803
-0.0846547
0.10174778
0.019609027
-0.10466735
-0.078688435
-0.12818605
-0.044808198
-0.10354637
-0.005158506
0.0982918
0.13320255
-0.015821358
0.1765218
0.09082058
0.15780804
-0.035375204
-0.0556448
0.066504136
0.16860346
-0.08524301
-0.046587016
0.1102881
-0.039199833
-0.11345986
0.08899504
0.10823333
0.004672417
0.0231576
0.0171626
0.0059240214
-0.099199764
0.009448649
0.10107078
0.03732499
-0.0971405
-0.027171476
0.13173826
-0.03895646
-0.015873408
0.2899554
0.02409036
-0.14504212
0.008564308
0.06720912
-0.1268442
0.01455518
0.1386998
0.054679994
-0.058098633
-0.075938836
0.074165024
0.11314766
-0.08761012
-0.03886093
0.07954672
0.04500262
-0.057935312
-0.060132295
-0.024313536
-0.08551442
-0.103293166
-0.036615778
0.050773617
0.27540156
-0.096863724
0.08279595
-0.096109554
-0.11698964
0.02024459
-0.06632447
-0.011667625
0.058834072
0.060448267
-0.11464114
0.14871259
0.25567496
0.025931401
-0.051278144
-0.037667774
0.10333306
-0.02569835
0.07372643
0.10118021
-0.024884041
-0.1732123
0.14330278
-0.04413369
0.055110082
0.06680706
0.055180762
-0.0026667344
-0.07199717
-0.087852135
-0.17405353
0.033714645
0.013529895
0.08468879
-0.0855997
0.0064801867
-0.03941282
0.09861139
-0.046577673
0.14284848
-0.0367748
0.044561364
-0.0010041952
0.015989244
0.12007977
0.021391382
-0.0156203965
-0.0055238553
0.06608057
0.047431037
-0.017536463
0.17878917
-0.011967483
-0.020541241
-0.109695025
0.044930037
-0.154225
-0.06989296
-0.040255584
0.0696972
-0.03524869
0.07342779
0.03126313
-0.009747529
0.0343427
-0.050544754
-0.03292346
0.052233018
-0.07027111
-0.15263179
-0.09513266
-0.0536714
-0.09271717
-0.10220379
-0.10691404
-0.02555672
0.05303115
0.072918884
0.024126245
-0.036411766
0.025794907
0.1435603
-0.12230586
0.026527068
-0.024729056
-0.010950449
0.0066863857
0.059619147
-0.10939236
-0.022077639
0.078206204
-0.05025113
0.1023802
0.0964933
-0.07922712
-0.018213943
-0.061235696
-0.06771411
0.022512196
0.0007408622
0.03307982
-0.017871648
-0.03377028
0.09182874
0.05155943
-0.0033652035
-0.094120875
0.106801294
-0.0762932
-0.1577741
0.097990215
0.040298443
-0.1131196
-0.09069779
0.0307455
0.01542501
0.12835899
-0.016385369
-0.033996876
-0.0054250173
0.01526332
-0.0007864723
0.051866807
-0.070641465
0.081031986
-0.04589234
-0.05968677
0.09397882
0.047844667
0.056004286
-0.082633734
-0.08865071
-0.083327085
0.05884515
0.0071137864
-0.025424454
-0.07504868
0.010663884
0.075375676
-0.074531354
0.07307041
-0.035285145
0.030761532
0.025683021
0.12880675
-0.004208959
-0.09581038
-0.079408534
-0.01110453
-0.021280183
-0.059419863
0.02001996
-0.07336629
0.04521022
0.013104503
-0.08032328
0.01816075
0.0752145
0.024315706
0.08717118
-0.039519705
-0.019854942
-0.013972127
-0.03341591
0.07877951
0.08393839
0.019853529
-0.086485036
0.12138485
0.08147599
-0.101545185
0.116542645
-0.096096985
-0.017366437
0.0547207
-0.06992438
-0.078143805
0.0019947249
0.077124335
-0.020057023
-0.062715486
-0.024635501
0.026964894
-0.018563313
0.0004337018
0.12216777
-0.04705725
0.07360372
1.4163699
0.22383913
-0.041405395
-0.081469186
-0.49097592
0.5298043
-1.4225831
0.068398185
0.30063692
-0.029137926
0.39297998
0.43897676
0.05458476
0.15637833
-0.1377052
-0.14549682
-0.80616134
0.5920902
0.35691562
-0.2948774
0.41793418
0.27624258
-0.7845681
0.03342066
-0.33549294
0.4398847
0.06221845
0.5757734
0.13104592
-0.02661271
-0.63056576
-0.15721917
0.2007025
-0.31811807
0.6267414
-0.3525401
0.11641767
1.0290895
0.45626697
-0.6501642
-0.30674583
-0.2897094
0.35368052
-0.23470584
0.9146288
-0.09127443
-0.19733456
-1.0593106
-0.7904322
0.5551052
1.4009187
-0.4496624
-0.14500278
-0.12852344
-0.15747245
-0.21741867
0.5453918
-0.68961126
0.022338988
-0.046537977
0.023681505
-0.15660101
1.5144694
-0.07337903
0.11377419
0.045742128
0.371136
0.17728247
0.25899532
0.01863669
0.11449423
-0.14947364
-0.19268532
0.75642866
-0.291113
0.44475964
-0.68992835
0.10702048
0.27066693
0.25701335
0.73676986
-0.7841861
-0.06591918
0.742646
-0.100965455
-0.09537818
0.24480858
0.25171533
-0.19258572
0.7736004
-0.17126751
-0.29789802
-0.5634028
0.12820426
0.13129283
0.18576385
-0.08899776
0.66309094
0.31933516
-0.0152798
0.4245292
0.216036
-0.40477052
0.3293072
-0.10709394
0.44545123
0.29524377
-0.90345794
0.72431755
-0.3000311
0.39608502
1.3078814
-0.6798069
-0.25727144
-0.41298267
-0.19109957
-0.24878497
-0.24597304
-0.3233974
-0.03171708
-0.40147787
-0.0037072334
0.24231018
0.17706098
0.08161217
0.18992116
0.28888205
1.0124604
0.12692484
0.0067103216
-0.051087633
0.06732633
-0.05641399
-0.14231764
0.09172277
-0.11262847
-0.07516699
-0.1292214
-0.04068194
-0.015857197
0.005247931
0.10307968
-0.07027933
-0.016746717
0.094576135
0.07726294
0.20483522
0.12034237
-0.15244457
0.06268979
-0.021801416
0.06162097
0.00019440318
-0.12524922
0.04262513
-0.024397127
0.022991925
0.12448375
-0.1126177
-0.004584293
-0.059524875
-0.096962035
-0.031893156
0.07408392
-0.053974934
-0.012110097
-0.019362634
-0.079728454
0.121074006
0.0297802
0.04359852
-0.059971128
0.16593556
0.103925735
0.08269102
0.05735789
0.050326284
-0.10721465
0.03901544
0.03035096
0.117599696
0.077847
-0.056373395
0.06657006
-0.0917757
0.07443676
0.0236064
-0.0030595348
0.020102682
0.012306584
0.092339925
0.11031103
-0.10599251
0.13162285
0.032595973
0.043757867
0.040564373
-0.010886048
0.06404034
0.090413734
0.085273504
-0.080136515
-0.09025021
0.024488285
-0.022552598
0.009707257
-0.10290895
0.10167806
-0.029668635
0.029715497
0.108417355
-0.03690378
0.105116755
0.15519142
0.08647005
0.03999447
-0.047223188
0.16669364
0.010090817
0.12053457
0.022219907
-0.029282521
-0.06394613
-0.15318088
0.0030817476
0.09839535
-0.052360438
-0.029372998
0.027224587
-0.16291954
0.02588323
-0.00402244
0.12729575
0.08732994
0.014992558
-0.10626636
0.017909238
0.038948428
-0.025053445
0.002088424
-0.11446022
-0.055541806
0.2209391
0.09380928
0.084076256
0.04764036
-0.028035812
0.09823228
0.0072571016
0.0069488646
0.084532075
0.01733188
0.029594967
0.022084555
-0.017461766
0.067004815
0.11184688
-0.12649913
0.1190547
-0.0847426
0.02690386
0.026042316
-0.09893474
-0.0047034943
0.045696177
-0.06696464
-0.09853719
0.08246019
0.011316338
0.022855695
-0.13962041
0.027251082
-0.026166389
0.08707888
-0.023298655
-0.106908634
-0.020555226
-0.07421474
-0.045835726
0.0009620313
0.040846292
0.03146383
0.049889624
0.06716
0.07758496
0.117746934
-0.013617042
0.028263966
0.041444723
-0.10318117
-0.009492202
-0.09334716
-0.08676276
-0.117902145
0.13247915
0.068346195
0.0054286956
-0.14721268
0.038092487
-0.08051165
0.022563254
0.06736391
-0.088892326
-0.04688353
-0.053903386
0.10005332
-0.121049635
0.120045
-0.0007044764
0.11323641
0.055932473
0.009061084
-0.012868953
-0.024605917
-0.080237575
0.03281899
-0.07627758
-0.059884433
0.09228613
0.01819903
-0.065379895
-0.0122071
0.013412894
0.08258891
-0.053510774
-0.10035531
0.0014204492
-0.045497335
0.061947994
0.019070666
-0.009220026
-0.030962113
0.082712
-0.096696645
-0.09830987
-0.15499844
-0.06490834
0.10012995
-0.1720731
-0.00752102
0.045740597
0.042469278
-0.05317807
-0.10913667
-0.043911375
0.056738112
-0.020343903
0.05269159
-0.1234332
0.08231359
-0.16211897
-0.030038001
-0.036165018
-0.0016289076
0.04733289
0.08471142
-0.06440867
0.11022536
-0.07583202
0.06186793
-0.11420926
-0.0803832
0.043494705
-0.08140848
-0.10290005
-0.15770167
0.039393548
-0.068824686
-0.045489654
-0.05787123
-0.03830433
-0.040342487
0.027556699
0.13777241
0.08763675
-0.07173712
-0.09361465
0.043735396
0.03224322
-0.1001071
0.034980915
0.013024169
0.14064698
0.007219468
-0.0020532177
-0.08558047
-0.0037456725
0.015169355
0.021116963
0.030042488
-0.03358399
0.09573624
0.12132142
0.09750205
0.034863595
0.12414557
-0.05705187
-0.09609252
-0.07673372
0.026462764
0.0051885345
0.025491107
-0.12828964
-0.003932786
-0.09178984
0.09958519
0.03498694
0.09773423
0.047801174
-0.09015776
-0.021791209
-0.02843008
-0.11332419
-0.050683375
-0.03076369
-0.067295074
-0.020160424
-0.06798093
-0.027799526
-0.023019448
0.06890885
-0.07941951
0.07043174
-0.022831831
0.03649822
0.07417104
0.06387056
0.07685666
-0.02574039
0.087870724
0.042422477
0.08485662
-0.09913898
-0.111381836
0.13194536
-0.042748254
-0.035124544
-0.080137596
0.063039616
-0.008605584
0.12167466
-0.08907431
-0.06214164
-0.07084738
0.0090610655
0.06329092
-0.065599695
0.027217895
-0.038242664
0.0052189897
0.09609508
-0.020362822
-0.10849425
0.08277821
0.061694525
-0.07939
-0.06714712
0.105531484
0.083011195
0.03141709
-0.04229982
-0.016942756
0.0047459872
0.045293413
0.0018511981
0.11072867
-0.01343502
0.04215007
-0.045108736
-0.033506583
-0.04970772
-0.12281785
-0.008091492
-0.060231496
-0.029890575
0.029544877
-0.0702345
0.03270156
-0.16177677
0.008141738
0.02745231
0.08588661
0.026480662
0.054111715
-0.10206953
-0.050874952
-0.078142755
0.08778555
-0.07923161
0.050570708
-0.02398737
0.06716248
0.03663018
0.06439581
0.00084902754
0.03854121
-0.023629239
-0.08064122
0.106631674
-0.10514652
0.080755435
-0.08476313
0.068239346
-0.102200985
-0.11369066
0.07152678
0.03515314
0.047096245
0.0022598994
0.12816691
0.021666816
-0.04942001
-0.0851847
0.056699555
-0.07247964
-0.10792159
-0.069726765
0.111897014
-0.03143693
0.060324725
-0.030760793
-0.0242473
-0.0487834
0.051716138
-0.124464266
-0.022913039
0.01672715
0.13576287
-0.004425525
-7.226456e-05
-0.09523684
-0.10726246
0.07449536
-0.0747662
-0.081698164
-0.024532752
-0.06522002
-0.0062878216
0.0237454
-0.04677872
-0.11408391
0.00827596
0.014979989
-0.11459397
-0.005006561
-0.13376129
-0.060110096
-0.07608288
0.07479943
-0.094336994
-0.0413699
0.12202479
0.046805974
0.10635649
0.10496748
0.07711011
-0.11733521
0.064042434
0.08439619
-0.104447305
0.122523844
-0.0741098
0.046878297
0.05241486
0.09403672
-0.117590114
0.053745016
-0.014090616
-0.026358241
-0.021297228
-0.03026684
0.10376399
-0.08048877
0.049278572
-0.13678092
-0.016611
0.012741745
0.07536768
0.11183122
0.018973034
0.07063916
0.034429554
-0.07401742
0.053261478
0.14887604
-0.021667086
-0.020578891
0.09675984
0.046186287
-0.08746705
0.08668352
0.011697204
0.049412787
-0.06762384
-0.042092025
-0.06459954
-0.07484867
0.06735399
-0.037959546
-0.05590341
-0.09964435
0.10985991
-0.06866829
-0.006598094
0.09758123
-0.09702747
-0.046901535
-0.014352321
-0.14741416
-0.022932045
-0.062475666
0.0055452567
-0.03240169
0.078990586
0.00071724824
0.009331751
0.07011661
-0.044010136
0.009486837
-0.10410431
0.09394888
0.0117049925
0.05241603
-0.11172576
0.012349286
-0.073851466
0.038030505
0.14181551
-0.04334865
0.03253649
-6.0998995e-05
-0.037665863
-0.06666064
-0.07160234
0.06189929
-0.040506095
0.015650593
0.16645639
-0.092900336
0.048335806
0.013747725
0.032977637
0.10412961
-0.11748813
0.0020811683
-0.03356206
-0.09722145
-0.11406223
0.037424162
-0.06990945
0.02415089
0.11974883
-0.023504786
-0.07190217
-0.021892441
0.13782974
0.03946585
0.002607756
-0.11252446
0.12775661
0.024927985
-0.0059259157
-0.14156874
0.07002091
-0.023132704
-0.07864525
-0.042138416
0.024899017
-0.1281985
0.08577192
0.025934894
-0.0011107358
-0.04362118
-0.09699366
-0.09260131
-0.04675456
0.019805595
0.032876384
0.023895666
0.057706784
-0.028970648
0.030715937
-0.021515379
-0.016582835
-0.024657125
-0.11278099
0.1154169
-0.12765595
-0.10334562
-0.027444838
-0.01794943
-0.03619901
0.08393617
0.084013134
0.06601265
-0.08732885
0.10066011
0.06709607
-0.050672464
0.06437083
0.11760424
-0.12229193
-0.039463066
-0.025620319
-0.035017066
0.03147275
0.00037963258
-0.07132099
0.056335576
0.12821306
0.057359233
-0.0845537
0.0626997
0.045710694
0.09193808
-0.0044379304
-0.10041441
0.029128844
-0.02277879
-0.104070745
-0.08672661
-0.10201038
0.07070955
0.117372744
0.111610286
-0.012215607
-0.0021043157
-0.044284355
0.06385719
0.04552971
0.026033599
-0.011302844
0.015349549
0.01055692
0.029849896
0.12139096
-0.013808093
-0.004388538
0.06898711
-0.05317933
-0.09349539
-0.110023044
-0.081752695
0.05548035
-0.0771294
-0.088437535
0.06010867
-0.031294826
0.050959386
0.0560022
-0.10135404
0.06336799
0.037683185
-0.0005967269
-0.0631662
0.021401286
-0.060828313
-0.0152377905
-0.026267584
-0.0013285658
-0.015082059
-0.069535784
0.098429486
0.031857457
-0.022314932
0.009916911
-0.123682424
-0.07953483
-0.05053038
0.027574025
0.051530894
-0.06444309
-0.039127383
0.029914744
0.087416284
0.06819649
-0.09137646
-0.062448025
-0.044171266
0.05643456
-0.11756578
-0.08170653
-0.038566325
-0.07249224
0.036032714
0.024940923
0.027532903
0.089833654
0.067110606
-0.056264583
0.007319802
-0.015681963
-0.0152013935
-0.023966111
-0.015286179
0.026402105
0.06971979
-0.06511635
0.020931983
0.04352818
-0.06901969
-0.09957018
-0.0389441
0.08293402
0.0039427653
-0.10626796
0.03910453
-0.01649686
0.056581616
0.09900326
0.07220438
0.028561898
0.021501277
-0.021817021
-0.012547238
0.06948205
0.11002169
0.08730311
0.015025642
0.06066208
-0.0928949
-0.07743386
-0.03361737
0.080558926
0.065727875
0.0087287305
0.019562319
0.14793411
-0.0813079
-0.08642124
-0.0761794
-0.08727681
0.07538791
-0.05193947
-0.031046739
0.10961572
-0.002158538
0.07527635
-0.13545011
-0.054581363
-0.008948891
0.03919038
-0.07841762
-0.06953863
-0.048140194
0.093266256
0.087293185
-0.08778642
0.039806634
0.005413787
-0.14190099
-0.09654371
0.11974771
0.043833084
-0.035787124
-0.005081589
-0.07763322
0.025719317
0.06661145
0.082577534
-0.09346325
0.029465942
0.0079929065
-0.047362957
-0.06901729
0.087961376
-0.04696805
0.05521008
0.10529781
0.11569553
0.050104044
-0.008144804
-0.124194324
-0.033646435
-0.003668442
-0.10186068
-0.10607174
0.0775716
0.0043143774
0.018559463
-0.04748388
-0.03666739
-0.050845448
-0.03776473
0.09345649
-0.011652898
0.08203182
-0.056841888
0.103999555
-0.029572412
0.02551577
-0.023469348
0.009513019
0.060214486
0.0063387128
0.06761564
0.030397246
0.07444632
-0.008365861
-0.14923906
0.088103175
0.119705506
-0.11260965
-0.03159595
0.047515057
-0.01334658
0.056191508
-0.04567947
-0.12188763
0.17091848
-0.07954827
0.06763926
-0.03742209
0.121670865
-0.006847547
-0.120302044
0.0042522973
-0.0041272864
0.039892282
-0.0059329467
-0.05942819
0.01959802
0.1194403
-0.030715594
-0.0012821464
0.05396403
-0.054470778
0.05727773
0.08810254
0.022336831
0.09706571
-0.013612481
-0.10448172
-0.020199439
0.12236628
0.1298566
-0.01432721
0.09058738
0.04321739
-0.0014558578
0.06123402
-0.007395303
0.00040282428
0.038230583
0.13432884
-0.07780432
-0.049153037
0.106992945
0.059052125
0.047818437
-0.13279834
0.0013723552
0.021798588
0.038246877
0.1088789
0.014171578
-0.008152638
-0.023210503
0.11527666
0.01654329
0.00069914997
-0.15191294
-0.053533927
0.12870143
0.031207213
-0.058523916
0.07527681
0.11647197
0.076353416
-0.06427664
0.026708884
0.10068952
0.00013471143
-0.11073818
0.043827858
0.043289293
0.033399977
0.038885735
-0.008140836
0.037770905
0.011690496
0.09101905
-0.08956662
0.058831766
0.012234296
0.040879104
0.10280503
-0.030798199
-0.075612895
-0.12224287
-0.0887149
0.12841685
-0.041630786
0.111848876
-0.05266405
-0.031569775
-0.07033046
0.13644218
0.02144262
-0.06065886
0.1060361
-0.10346206
0.03708666
-0.020603396
0.048840538
-0.044065192
0.088758774
-0.00080996717
-0.058517143
-0.0055075865
0.015342882
-0.013526968
0.07336157
0.1192007
-0.011360368
-0.08110649
0.10302703
0.0147744985
0.050870903
0.030583179
-0.032565802
0.011240353
-0.06271195
0.031939533
-0.021441495
-0.01375453
-0.15397114
-0.07418517
-0.033591002
0.07274679
-0.063540295
0.06864994
-0.120691225
0.043016735
0.14062148
-0.01760481
0.011194189
0.046816126
-0.08882195
0.09216211
0.046330813
-0.060866807
0.041959353
-0.1358538
-0.15093414
0.03278885
0.09287852
-0.001763396
-0.0013383839
-0.13747439
-0.047733653
-0.029214114
0.122027725
0.02097744
0.043369867
0.049510494
0.04497031
0.0053262673
-0.032846164
0.10123479
-0.031219753
-0.056560356
0.08395433
0.033875618
-0.084742084
-0.029876834
-0.0063580154
-0.049366392
-0.04219487
0.021538882
-0.020608466
-0.11706134
-0.057533257
0.08051661
-0.03401096
-0.07936381
0.030076528
-0.078517176
0.03851868
-0.017378088
-0.1087048
0.018307423
-0.15372416
-0.081349164
-0.0016954329
-0.08016823
-0.038624577
-0.15425915
-0.0063984953
-0.054040343
-0.031312928
-0.07946244
0.044309236
-0.111890934
-0.1382694
0.017370163
0.07113052
-0.07898226
0.0065462766
-0.02096424
0.09099029
-0.072719105
0.08691204
0.092714496
0.044248328
0.14603852
-0.023277545
0.028582517
-0.12324015
-0.1056717
-0.02382753
0.06082242
0.0705468
-0.089998364
0.045172103
0.15088148
0.09358169
-0.035437953
-0.11257721
0.075353354
0.11572376
-0.15025868
0.0053271265
0.007007891
-0.056192365
-0.05451496
-0.05945314
-0.10200684
-0.16938904
-0.050606597
-0.016961109
0.030743148
0.071622565
-0.07889427
-0.00039617677
-0.06088807
0.1917129
-0.012491717
-0.010675756
0.039600305
-0.022831773
0.009855355
-0.0017626804
-0.021388499
0.003910853
-0.09598932
-0.07898133
-0.00574253
0.08581008
0.034398112
-0.114013724
-0.030138498
-0.016412143
-0.12471419
0.089644216
-0.11130751
-0.02699601
0.026917288
0.08067524
0.016829666
-0.11050566
0.05377492
-0.07759552
-0.07331851
-0.06737762
0.03954237
-0.094800405
-0.04430197
-0.01562679
0.111163296
-0.091025546
0.08942263
-0.046446506
-0.0072100945
0.023610706
-0.0997931
-0.02439879
0.013182534
-0.022077493
0.024889702
0.017018495
0.13825534
-0.029801099
0.10262385
0.046648677
0.05430178
0.08635872
-0.12201473
-0.08829434
-0.04155049
-0.009583295
0.118600145
-0.0014192212
0.0013582424
-0.11982433
-0.109547265
0.028246103
-0.0687189
0.1266672
0.046253856
0.08826821
0.059792146
-0.08946176
-0.093373254
-0.022759516
0.10983345
-0.11702597
0.07546744
-0.06586861
-0.08319761
-0.03242585
0.13906641
-0.032104783
0.011275138
0.08813221
0.06182698
-0.10538083
-0.027082244
3.9683047e-05
-0.022775207
0.039319925
-0.008847721
-0.10291395
0.013362679
-0.06911197
-0.030950619
-0.063795574
-0.065931894
-0.032087322
-0.022483354
-0.08477571
0.082259096
0.007763213
0.03742094
-0.012442936
-0.10325893
-0.04384447
0.09945103
-0.06419594
-0.09761391
-0.0331364
-0.07249041
-0.046214547
0.028907096
-0.06423323
0.10953319
-0.08019196
-0.092018165
-0.08611605
-0.029481357
0.09334185
0.15249296
-0.063480705
-0.0021532727
-0.014551408
0.09918568
0.017455708
-0.08703789
0.09154924
0.043829925
0.019680098
0.061172344
0.088984385
0.06157925
0.079161726
0.016841512
-0.06762188
-0.09788499
-0.034258507
0.024108427
-0.051657602
-0.029620336
0.039776597
0.06725703
0.0561405
-0.039000828
0.08493539
0.1456044
-0.013385919
-0.049447957
0.07377854
-0.01318593
0.1538366
0.05531172
-0.030327935
0.12915011
0.06918374
0.08096603
-0.17100152
0.0215251
-0.06411798
0.07354811
-0.040089212
-0.09683314
-0.008914639
0.04798762
0.040277347
0.17371206
0.0981942
-0.00969517
-0.024169192
-0.019222928
0.013049896
-0.087329626
-0.06528177
-0.021226292
0.05819923
0.04016748
-0.0941238
-0.028793415
-0.06702756
0.06312056
-0.033208765
0.018831303
0.097292
-0.03004563
0.040726464
-0.05515761
-0.034295622
0.10762519
0.08654822
0.037339408
-0.087194994
-0.09911924
0.017896933
0.056374583
-0.09596972
-0.13389564
0.025391154
-0.09937719
0.016884698
-0.059434935
-0.05124614
0.12852983
-0.037900344
-0.043410156
0.025824828
-0.087013625
0.17950033
0.12614974
0.014865028
0.008002732
0.04144723
-0.06679096
0.0070587373
-0.06390754
-0.11547737
0.058031827
-0.06584618
-0.115178406
-0.073251106
-0.06778259
0.051264223
-0.06870036
0.08990351
0.06577289
0.0885091
-0.084631115
-0.041078523
-0.076016165
0.040059876
0.034808565
0.04772134
-0.030499022
0.11239848
-0.049320236
0.14094801
0.027803725
0.10294584
-0.037163343
0.06387496
-0.04558046
-0.023571737
-0.014886701
-0.0010856966
-0.017215656
0.017503029
0.112154074
0.010885642
0.02626611
-0.05771983
0.03508943
-0.13110676
0.056409158
0.08954134
0.054679282
-0.04046248
0.06886053
0.0022145046
-0.14397292
-0.029331934
-0.061476618
-0.07248767
0.027834402
-0.12335918
-0.14427401
-0.06707001
0.027715972
0.06008694
-0.12962802
-0.075167894
0.09649755
-0.040262256
0.03821844
-0.03876347
-0.0023458798
-0.0071108504
-0.09024347
0.016251778
-0.031844474
0.0932739
0.0034837676
0.025289975
-0.07571263
-0.12595525
0.041854654
-0.016252529
0.0025497673
0.034297395
0.10629491
0.06335869
0.01923439
-0.07618855
0.10523315
0.021439806
0.06868065
-0.01833801
-0.078930624
0.058261402
0.030433087
-0.070772775
-0.14644086
-0.11660661
0.01848803
0.07106304
0.021341534
-0.09921205
0.14464447
0.15277433
0.009126665
0.039170112
-0.04517746
-0.0048720543
-0.061608378
0.045865458
0.11587389
0.010962416
0.023499627
-0.08248123
-0.021837583
-0.0048244344
0.037358098
0.11813213
-0.09790453
0.10015713
0.025510743
-0.022985801
0.05925133
-0.12800695
-0.019465871
0.08784163
-0.04853879
0.083850086
-0.021582894
-0.10985488
0.09468919
0.11079587
0.040475287
0.058455095
0.035548564
0.018937586
-0.022935513
0.0015076959
-0.008769749
-0.07200277
0.06831468
-0.09790809
0.020387257
0.0067846114
0.075744554
0.086338595
0.102882236
0.03114092
0.07077156
0.04178606
0.037159305
0.03917675
0.05895703
-0.004395918
0.09772109
-0.12297074
0.07259463
0.10312301
0.113969155
-0.048038233
-0.02264168
0.014908385
0.06868572
0.15807293
-0.05672174
0.09235857
0.08961416
0.069329344
-0.10686809
0.14917186
-0.055652767
0.03443089
0.09812806
0.03411876
0.09555522
0.06290862
0.06368215
0.06291772
-0.09222348
0.07756195
-0.0030284242
0.11391885
-0.07294928
0.024056926
-0.100142784
-0.054559693
0.017904932
-0.096375905
-0.14651722
-0.036706366
0.04660679
0.049651753
0.11159489
-0.101883054
-0.05770817
0.022614092
0.11721421
0.18157521
-0.0522131
-0.04478655
-0.04724141
-0.04103944
-0.103841834
0.10905611
-0.054103673
-0.03359296
0.1115417
-0.09403576
-0.062452164
-0.03237438
0.0431742
0.118564606
0.06668569
-0.0010500331
0.02562999
0.10817596
0.039334174
0.15002562
-0.07608544
-0.065923914
0.007916865
0.1064692
0.10283965
0.04684365
-0.039838582
-0.122016355
0.118132435
-0.018823806
-0.038746905
-0.01044583
0.084522024
-0.08169647
-0.03558398
-0.071414255
-0.08370159
0.01622289
0.02835463
-0.052414086
0.08773023
0.02776847
-0.004218176
-0.034807142
-0.10832324
-0.12455657
0.05832603
-0.110853955
0.039975684
0.080154486
-0.07538073
-0.03067565
0.12790392
-0.07981334
0.056948487
-0.041217707
-0.14123699
0.12931035
-0.07128275
0.017825332
0.05851604
0.088489376
-0.008976064
0.081269614
-0.06619835
-0.0297406
-0.012299064
-0.08538373
0.102716
-0.0074250693
0.07109905
-0.018152276
0.088701576
0.0966475
-0.1072378
0.025553955
0.00010550382
-0.036843095
0.09998952
-0.08233508
0.06699115
0.12346341
0.06735244
-0.07385398
-0.10473673
0.026831072
-0.08980736
0.054136608
0.13710976
0.092471935
0.008041181
-0.015123151
-0.047743484
-0.042006817
-0.0071108495
0.10478975
-0.008665649
0.116180554
-0.027350612
-0.06658756
0.12873928
0.09112349
-0.031521603
0.1246369
0.09558586
0.11452185
-0.09978233
0.15352692
-0.007869985
-0.099528015
-0.082725845
0.09276041
0.14292681
-0.01452669
0.0035913936
-0.045800686
-0.06411359
0.04806372
-0.07038872
0.081354685
0.1125816
0.07448098
0.033087995
-0.014085613
-0.044418864
0.02937969
0.0075502256
0.11742639
0.11045726
0.03774877
0.0050781127
-0.002171012
-0.012187988
0.09215353
0.10466111
0.06036646
0.011847006
0.037838183
0.03884597
0.029936096
-0.00486154
-0.037545867
0.0006119746
-0.069850154
-0.025470639
0.024735808
-0.034408905
-0.027316505
-0.009581149
0.018016363
-0.110461436
-0.08524146
0.006757918
-0.0563084
-0.14844626
0.12094792
0.120700516
0.11053083
-0.004517531
-0.11591528
0.087745756
-0.030813795
0.03580132
-0.05483022
-0.04325967
0.060365546
-0.004732852
-0.078706
-0.020069815
-0.013932809
0.014538269
0.05495003
0.1437162
0.093476966
0.11678222
0.0059467996
-0.06709867
0.07388107
-0.047508046
-0.09246418
0.008061885
0.09863882
0.021363005
-0.024868757
-0.06646481
0.020022247
0.07742035
0.01929971
0.019801911
-0.029165316
0.0906353
0.066865094
0.012635179
0.07455022
0.010797506
-0.030636765
0.1327921
-0.04383887
-0.08662553
-0.10644917
-0.060822055
-0.015896404
-0.085678115
-0.040706553
0.11015058
0.055278033
0.075413994
-0.00013455679
-0.13341752
0.088401176
0.06309122
0.06532801
0.035084043
0.103973374
-0.022379553
0.10289023
-0.045672696
-0.037079327
-0.08676741
-0.028208781
-0.034846395
-0.047903035
0.038753442
-0.07509281
-0.030851318
-0.10017873
0.045656677
-0.04204816
0.12501639
-0.03618688
0.10298848
0.013350974
0.037442658
-0.036545258
-0.107994325
-0.057567168
0.028214522
0.059779234
0.033155568
0.017801503
-0.10653606
0.11523722
-0.09965067
0.06250787
0.13221247
0.09021129
0.03894544
-0.00774434
0.031227222
-0.078725874
0.08313942
-0.056683637
0.043513883
0.05044366
0.13756864
-0.06081534
-0.0019208618
-0.020772986
0.119591616
-0.060792673
-0.01814851
-0.083335966
0.057922672
-0.13198529
0.07804048
-0.050401907
0.10510861
0.08928235
-0.11681377
0.040512867
0.09063549
0.04463053
0.04140321
0.005529397
-0.013094036
0.01312887
-0.06582374
0.12171553
0.13601357
0.05398733
0.080530554
0.06436708
-0.05194674
-0.049712475
0.039013855
0.04513785
-0.051078517
0.03416997
0.06964594
-0.11787849
0.048986245
0.15145017
-0.03211462
0.113648996
-0.101214975
-0.023161469
0.10249338
-0.115568005
0.015970273
-0.0999749
0.063674316
0.05524504
-0.17825992
0.046312265
-0.006819706
0.01096857
0.055169035
-0.15233482
0.10756124
0.054500464
-0.12426572
0.06578375
0.012761199
-0.0039605745
-0.09661483
0.07212543
-0.04822911
0.11836331
0.102274135
-0.0024823744
0.09100302
-0.12962602
-0.008745331
-0.080080524
0.13216515
-0.0015824423
-0.07228537
-0.16256778
0.031595044
-0.009041192
-0.109469175
0.12032458
-0.13020201
0.16416979
-0.12479443
-0.06551911
0.05167584
0.013698919
-0.03931862
0.081160784
0.10288805
0.043287683
0.023107523
0.052230287
-0.041038275
0.077550255
0.012788332
0.07068338
0.09085578
-0.075022615
0.09296249
-0.062312443
0.032258138
0.061879966
-0.03784094
0.07165299
-0.06267064
0.08092808
-0.005483351
-0.020913549
-0.027271027
-0.036222275
-0.13877423
0.114122994
-0.030249042
-0.039173193
-0.02285481
0.10407284
0.034544185
0.0031773546
-0.09927235
-0.07046559
-9.3321214e-05
0.08623917
0.092760496
-0.15611477
-0.06741075
0.016485894
0.13267261
-0.061445672
0.07895446
0.105399735
0.048784886
-0.05382257
0.01738089
-0.038116124
0.03373206
-0.054121938
-0.056217283
0.024072466
0.056915153
-0.0034762223
0.027990773
0.027837714
-0.04131529
0.12111381
0.08635284
-0.049083762
0.076376
0.0024424074
-0.023484837
-0.0785458
0.10289995
-0.085826516
-0.006064856
-0.010377309
-0.12310218
0.08605924
0.0121208755
0.1272538
0.044455767
-0.057009526
-0.021473877
0.059682887
0.11170555
-0.061647758
0.055628236
0.028388625
-0.008349881
-0.034576666
-0.12109891
0.028127695
0.037918102
0.08572984
-0.07569039
-0.114127874
0.08112485
0.06522392
0.10175625
-0.05101431
-0.06960997
-0.013041677
0.06578885
-0.02034312
-0.08305183
0.10587745
0.08723057
0.077148534
0.036298145
0.00036841314
-0.021851458
0.109669454
0.052151088
-0.102126144
0.053400055
0.0869256
-0.10111712
0.08011563
0.13149826
-0.023807274
-0.013677346
0.061174124
-0.06285158
-0.033756297
-0.039130855
-0.076135114
0.05112928
0.024953136
-0.020288674
-0.09724436
-0.06615322
0.065342076
0.09961551
-0.09737569
-0.13085376
-0.025948903
-0.04890755
0.10361781
0.005537883
-0.12761708
-0.07163092
3.690292e-05
0.01821377
-0.034321062
-0.06372963
0.0022651472
0.0110098375
-0.06281995
-0.033447094
0.07286254
-0.044864755
0.07281589
-0.074190766
0.06947521
0.048149783
-0.019324487
0.034996904
0.12552923
0.03893964
0.02880224
0.08587796
0.11533937
0.08430596
0.111969694
0.0054034474
0.15211406
0.011753231
0.06721639
0.079141
-0.08134925
0.074189655
0.095696196
-0.014464651
0.05135438
0.11684545
0.12926328
-0.058312133
0.03816409
-0.10941572
0.0470432
0.059606206
0.047444355
-0.050884623
0.074906796
0.03112378
-0.11955447
0.058224197
0.012121169
0.09507243
-0.011286256
0.06455337
0.019588526
0.08138705
0.036460016
-0.030105753
-0.072432056
-0.11382937
-0.06314014
0.08550363
0.04623704
-0.09434874
-0.11778629
-0.042168915
-0.06601681
0.091096684
0.047850903
-0.02918779
-0.018966354
-0.07371732
0.022061603
-0.023792269
0.0385352
0.08961237
0.04993185
-0.070802234
0.15015265
0.09489962
-0.0340387
-0.007564072
0.03741951
0.048401944
-0.03687747
0.08572409
-0.034439426
0.07061831
-0.16890651
0.0019731482
0.031029364
0.04755837
-0.03444456
0.11809107
0.07017985
0.040336438
0.06488217
-0.010074047
-0.0042357505
-0.07709982
-0.021209206
-0.007840928
0.014015773
0.02806805
-0.06842123
0.09735964
-0.0067236847
0.04813921
0.017137542
-0.03435319
-0.13235532
-0.0791065
-0.0042582517
-0.14311802
0.07699123
-0.12325215
0.10020732
-0.14358778
0.04611556
0.03522437
0.121683866
0.110130206
0.045029953
0.075836
-0.069593035
-0.13273661
-0.03783793
0.077623695
0.037001982
-0.047179032
0.054501727
-0.029870447
-0.0054939953
-0.036655497
-0.071974926
0.028083777
-0.10405737
-0.08419083
-0.059598327
0.007401415
-0.036744934
0.17488816
-0.0016101642
-0.009666737
-0.112841725
0.0385928
-0.13411973
0.1357362
-0.003389061
-0.08161286
-0.008218175
0.008156787
0.1612009
-0.040461585
0.051684283
0.12565307
0.07939834
-0.07310141
-0.1623337
-0.0998974
0.1079086
0.008259468
0.02760494
0.059369385
-0.08358658
0.12514926
-0.0987719
0.15090747
0.01717854
0.07907301
0.059606023
0.019081272
-0.028121311
-0.032392446
0.100897245
-0.064441
0.10983878
0.13011459
-0.17224935
-0.1409082
0.06814717
0.18680927
0.04866272
-0.09889885
0.041537937
-0.068395495
0.12667689
0.18453948
0.15144368
-0.030184796
-0.09522905
0.041067176
-0.030773953
0.13285969
0.0003825648
-0.096286856
0.13066486
0.062137995
0.13473062
-0.08639356
0.044296995
-0.13094383
-0.090338685
-0.04150273
-0.0012757472
-0.20721333
-0.017719146
0.009314693
-0.1803294
-0.018789006
-0.094761334
-0.020343827
-0.04649559
0.12104812
0.011150092
-0.029813737
-0.0148779545
0.021708334
0.15040132
0.09651498
0.013667734
-0.1414335
0.086220674
-0.0672853
0.027306557
-0.06819088
0.03387222
-0.022229057
0.006621737
-0.085607655
-0.13346569
-0.06491978
0.101609506
-0.03256138
-0.05159944
-0.15237558
0.034726746
0.032180764
-0.0536352
0.083351366
-0.054337084
0.22827885
0.088948146
-0.023947429
0.13592081
0.054619435
0.053834863
0.0026686115
-0.020054162
-0.0066133034
-0.12059534
-0.14312257
-0.023283174
-0.019414434
0.12793139
-0.08463111
0.07703719
0.115203336
-0.02945906
-0.0036992293
0.06679974
-0.030124633
-0.05466723
0.020719185
0.052345153
0.04407893
0.05059992
0.12936391
0.04371145
0.16817947
0.05918725
0.1115738
-0.042873625
-0.08646943
0.0080438005
-0.17145145
0.19651596
-0.22071841
-0.055439137
-0.017862396
0.01796973
-0.075290926
-0.17223649
0.016914818
0.08412711
0.047409173
0.060192443
-0.08266754
-0.16440329
0.023479328
0.03246336
0.04533526
-0.048499584
-0.072344586
-0.01030015
-0.025810335
0.04997841
0.03911839
0.099534735
0.0007738112
-0.12082683
0.08828406
-0.0629555
-0.021241603
0.060490407
-0.09894848
0.06094004
0.07711912
0.032729704
0.07548914
0.0021897152
0.026704572
-0.13907148
-0.19321005
0.016353793
0.036908533
0.07335134
0.1356687
-0.06779336
-0.0029938454
0.021689529
0.12541516
-0.03868653
0.09090034
-0.121398985
-0.059022635
-0.0616298
-0.15450385
-0.015722599
0.09372506
0.011924842
0.007561343
0.03418653
0.051988848
0.032841343
0.07850065
0.055001907
0.025972182
-0.050212678
-0.12942344
-0.058818165
-0.08839034
-0.0031296557
0.07105685
0.048115686
-0.07801419
0.0083961375
0.08450024
-0.049467746
-0.027787194
0.04807092
-0.05710818
0.044605467
-0.007175351
-0.088629715
0.045443464
-0.065670036
0.05293703
-0.07658089
0.035161078
-0.0040343055
0.05627556
-0.03807425
0.06273189
-0.010282427
0.08461271
0.080116004
-0.09407296
0.11304167
0.121124245
0.014431061
0.05224786
-0.03881355
-0.16148223
-0.07650377
0.05505904
0.059827752
0.06382258
-0.008469552
-0.035862707
0.12662849
0.032284256
0.111463666
-0.05089603
-0.028484834
-0.0031073776
0.021577848
0.024723249
-0.078521855
0.16496752
0.04262476
0.08282903
-0.101112716
-0.042404525
0.015606308
0.10341847
0.02032224
0.08176243
-0.00629253
0.057300646
0.08479592
0.003005066
-0.11105445
0.024235668
0.011068576
-0.06115456
-0.00802467
-0.01607524
0.09339416
-0.013930446
0.00624567
0.06254863
-0.05842778
-0.029141568
0.05092671
-0.11211405
-0.030510299
-0.046967186
0.11899235
0.0344453
-0.078807116
-0.07760673
0.10092474
0.05250527
-0.10186307
0.06453904
-0.022384422
-0.06995453
0.03338432
-0.054682206
-0.052908164
0.042744167
0.14735714
0.013349252
0.036145344
-0.07086867
-0.09075893
-0.043469734
0.06452109
-0.062155697
-0.04894415
0.049635485
0.08271962
-0.019482931
0.034325477
0.0065783286
0.020140082
0.053599205
0.117003344
0.0070044436
0.1396208
-0.06603972
-0.052568126
-0.058555376
-0.0027863842
-0.14644119
0.02295051
0.061946865
-0.038915474
-0.056593087
-0.11579511
-0.15912658
0.059974086
0.15609461
-0.03596268
-0.055099715
-0.0529662
-0.0029522467
-0.065387726
-0.028626217
-0.14358887
0.09374464
-0.17666449
0.003266861
0.079849094
0.055888735
-0.10689232
0.011013424
0.07647569
0.07791775
0.04259115
-0.1177512
-0.08113783
-0.030599749
0.022659529
0.09100089
0.0078002405
-0.114061385
-0.0123416325
0.0066777756
0.034067966
-0.08516284
0.116691865
0.007117267
0.07832957
0.048544616
-0.0067207087
-0.03414858
-0.10667943
0.117735915
-0.01684454
0.046600703
0.13069206
0.078947924
-0.037586015
-0.022774937
0.03821299
0.021984544
-0.0027889076
-0.11740963
-0.076428376
-0.08949465
0.030740224
0.13867772
-0.034879886
-0.07269234
-0.050295617
0.048515078
-0.033437997
0.060404647
-0.06908305
0.12795651
-0.036254425
0.049291804
-0.031681105
0.09066725
0.056250434
0.078185305
0.11910353
-0.04104233
-0.07583967
-0.07752906
0.11470271
0.002200304
-0.009342193
0.06923666
-0.032615326
-0.08306627
0.11161127
0.044025313
-0.07694797
0.14670967
0.041721366
0.0033997116
-0.07992694
-0.042816415
0.09685593
-0.03865041
-0.06343946
0.06245585
-0.036594156
0.07151777
-0.009426814
0.03544814
0.09282455
0.088136666
-0.0090077305
-0.07207744
-0.03874065
-0.052238192
0.04079463
0.08288354
-0.059617072
-0.11292083
0.11345406
-0.01629406
-0.06692457
-0.024215251
0.06816544
0.07148141
0.016831921
-0.07424663
-0.023765644
-0.08274943
-0.059956122
-0.09912167
0.0648247
0.03532776
-0.06558289
-0.08971592
0.04182264
0.17355798
0.10358745
-0.015879985
0.020815922
0.07585631
0.1364963
-0.08632653
0.15920249
0.014402127
0.10727911
0.17306575
0.031089405
-0.080582984
-0.08302607
-0.056155145
-0.007921317
0.0528552
-0.012389884
0.06209328
-0.1321486
-0.091886096
-0.13321005
-0.025748454
-0.030003084
-0.06902644
-0.11419512
0.0125101805
0.066786766
-0.047921117
0.05950069
0.07929136
0.077066265
0.15184268
0.173865
-0.034698073
0.13126606
0.066539384
0.04399949
-0.040161937
0.06576485
0.06463897
-0.04920871
0.09703308
0.066794105
0.10996299
-0.09807052
-0.036128398
-0.05077532
0.121242985
0.03490674
-0.046076592
0.14151388
-0.070471756
-0.052013554
-0.0032391332
-0.017300222
-0.07847477
-0.11835112
-0.042096242
0.09174263
-0.026675273
0.077544086
-0.110360846
0.0648448
0.12557188
0.10948147
-0.13009901
0.0030964427
-0.029345151
0.09922254
0.055282976
0.10380688
0.14182018
0.03864972
-0.051575854
-0.051825315
-0.03196513
-0.03172174
0.14650996
-0.0035573435
0.009834401
0.089663245
0.063261755
0.05573292
0.054728672
-0.030706583
-0.078888446
0.13340339
-0.0061430563
0.0896866
-0.025189597
-0.034838032
-0.08652478
-0.06941928
0.116599046
0.06490982
-0.053666115
-0.13648492
0.017047038
-0.022108482
-0.1039031
0.09731363
0.09373505
0.093952455
-0.04948295
0.09954512
-0.072872564
-0.13248655
-0.0027366627
0.10748936
-0.051529557
0.09011545
0.10558015
0.049373064
-0.030350756
-0.042111397
0.10594145
0.002496395
-0.037590876
0.10604148
0.0677589
-0.040444203
-0.04011517
-0.028987136
-0.03431893
0.09734219
0.08361244
0.062777676
-0.015285258
-0.059040762
0.08543067
-0.020796428
0.09802551
0.063566275
0.042275812
-0.043230925
-0.07311677
0.09938457
0.11481511
-0.051553518
0.060014673
-0.08964196
0.048860382
0.004569167
-0.022390043
0.1032093
-0.06799925
0.073734164
-0.05841823
0.07683156
0.007912088
-0.10442137
0.10311294
-0.024193585
-0.08415261
-0.03436248
0.08393655
0.0461858
-0.10216465
0.032244306
-0.10203417
0.10553788
-0.100364774
0.056523893
-0.09447813
-0.0028651755
-0.007023625
-0.019286884
0.12108427
0.052856408
-0.053999428
0.055167638
0.022872854
0.0753627
0.06484241
-0.073569514
0.105277
0.08605804
-0.015023197
0.12245926
-0.10016389
-0.012062874
0.1150344
-0.027831957
0.059684306
0.047967575
0.16136451
-0.04995347
0.07168809
0.022358997
0.016696868
0.112429656
0.113127336
-0.06569572
0.021180453
0.049419694
-0.0034326203
-0.012031216
-0.086790696
0.022938251
0.012653121
0.030292843
0.049981628
0.033481743
0.04262032
0.04498605
-0.06609126
0.08873884
0.04708887
0.10710978
0.121572025
-0.007470353
0.068274744
0.0051824525
0.095072
0.07034459
-0.07674544
-0.0086388495
0.087381534
0.031013701
-0.036658883
-0.12738457
-0.04957335
-0.017004726
-0.06498692
-0.121562056
-0.12874836
0.05134757
-0.048661955
-0.04835902
-0.057326138
-0.030909928
0.108109
0.11831841
0.08787939
-0.13320427
-0.032695565
-0.06780358
0.00919617
0.080029584
-0.030934503
-0.042199634
0.07451109
0.06286302
0.05447811
-0.1103805
-0.032065373
-0.037500493
-0.11913341
-0.06852534
0.06772857
0.070628
0.0004243673
-0.09338877
0.055072136
0.13193414
-0.022452941
-0.02868918
0.08613938
-0.008393869
0.030676225
-0.030224496
0.10527185
-0.0497555
-0.06576551
-0.072449856
-0.09169087
0.12369197
-0.05159461
0.04400909
0.11006905
0.064616546
-0.027995147
0.08658194
-0.010739398
-0.11447102
0.12483958
-0.089108914
0.024585148
-0.09202673
-0.017335704
0.07914308
0.13699873
0.115318865
-0.067459054
0.11123877
0.031548303
-0.09791012
0.014474816
0.09365847
-0.06365389
0.020068135
-0.07376345
-0.041720476
-0.15362193
0.07366676
0.10844306
-0.041587513
0.12033889
-0.018953938
-0.02028769
-0.105056405
-0.077358715
0.008702946
0.07842333
-0.04995965
-0.0074641327
-0.06752611
0.082697235
-0.10722935
0.011951416
-0.01911768
-0.056652203
0.13449147
0.20003119
-0.08423047
0.088184364
0.052898556
0.09699947
0.030537318
0.08913074
-0.056829955
0.055888467
0.042684704
-0.08505027
0.1095691
0.09845655
-0.041977253
0.05374253
-0.09226315
-0.055988703
-0.015697472
-0.1397066
-0.02221305
0.022288743
-0.019602008
-0.059872102
0.08437492
0.026148021
0.026284054
-0.05835623
-0.03980838
0.08826937
-0.011442015
0.07414295
0.073534325
0.040573306
0.028670596
-0.060565762
0.11930827
0.11090127
-0.016231962
0.015432707
-0.028629614
0.03242577
0.023275184
0.07172459
0.019746525
-0.0679657
-0.10525461
0.053232398
-0.045824762
0.031990714
0.024746161
0.023622818
-0.0017739687
-0.117919795
0.009674441
-0.06669514
-0.11032332
0.03640528
0.025970258
0.007896849
-0.03626277
-0.032296456
0.12260268
0.0857406
0.066354066
-0.006845307
-0.064645916
0.19887312
0.08635188
0.14215642
-0.0327934
-0.06955616
-0.060200382
-0.0022651327
-0.038084738
-0.006392187
-0.054148894
-0.010990207
0.07549892
0.23472846
0.05648207
-0.024646519
0.121191114
0.053125642
-0.039481327
-0.080938
-0.09425001
-0.03376311
-0.002559977
-0.0011706721
0.11024885
-0.16120045
-0.03199932
0.018154468
-0.008308451
-0.07354922
-0.109448776
0.1795996
-0.10545162
0.06324378
0.11364923
0.04403979
-0.13171884
0.06907638
-0.023410251
-0.01904569
-0.04515706
0.039351247
0.002985644
0.029299527
0.14311981
0.14347127
0.19434461
-0.053646065
0.14273329
-0.0052798754
-0.085336134
-0.1753078
-0.02643341
0.110411026
0.029454608
0.096747115
0.10616285
0.0008947496
-0.061113387
-0.06774456
0.13105486
0.0040449095
0.07977482
0.0939875
0.1076417
-0.0019808398
-0.06307172
0.041687056
-0.010263221
0.0851314
0.04476112
0.011031691
0.056732688
-0.0017742994
0.18027803
-0.10633147
-0.00242466
0.10207542
-0.009136921
-0.071988836
0.034112114
0.081960216
-0.0124761015
0.01986314
-0.02830506
0.05694065
0.1365616
0.0016298365
0.16709107
0.104791984
0.115504295
-0.0878428
-0.036708303
0.088228054
0.054387845
0.054795574
-0.11094523
0.066645816
-0.10125326
-0.0047166306
-0.08887927
-0.016014557
-0.017686952
-0.15177026
0.08995102
-0.08053289
0.0016239147
0.06332124
0.049071416
-0.025686271
0.03663624
-0.05996249
-0.005391189
0.012910415
0.09744135
0.10651288
-0.030739708
-0.0627473
0.10011638
0.03066218
-0.07133094
-0.11770831
-0.0083917305
0.05149246
0.0655068
-0.0011880519
-0.055747602
0.08932905
0.078478694
0.056921463
-0.012147365
-0.04571503
0.14412546
0.022852093
-0.06667422
-0.055397734
0.11373505
0.054547265
-0.030079814
-0.07954454
0.037542727
0.1375825
0.07597487
-0.06710213
0.18378557
-0.0759964
-0.12142241
-0.023855275
-0.013713507
-0.08400555
-0.04116475
-0.022445586
-0.020156655
-0.015822163
-0.01700332
0.06782728
-0.14240603
-0.11179934
-0.010531048
0.05368779
0.022348443
0.04208281
0.11363062
-0.014488047
0.013848612
-0.12957951
-0.020140775
-0.015598397
0.034659453
-0.053224105
0.11685179
-0.14684954
-0.022621997
-0.06585586
0.08304512
0.05954705
0.0664055
-0.11550206
0.026128536
-0.047132008
-0.07614815
0.099554345
-0.08494972
0.076939315
0.022375645
0.11709871
0.0075491457
-0.106547184
0.0036714636
-0.08245309
-0.10225924
0.16661441
-0.055351
-0.031123217
-0.05724854
-0.093174174
0.05569682
-0.07945916
0.014917634
-0.04401235
0.012447554
0.013172228
0.10118047
0.044806864
0.15442888
0.039145187
-0.039870586
-0.053344343
0.0868152
0.007545715
-0.07486471
0.029257981
-0.157805
-0.029184535
0.036093462
0.022601651
0.013660521
0.010368137
-0.082874745
0.04736036
0.12821615
0.01455066
-0.13905475
0.032492403
0.03191196
0.052104753
-0.0041370164
-0.12393077
-0.049494106
0.09369718
-0.0655181
0.15753649
-0.01677567
0.0131952595
0.036606934
-0.11472447
0.0036603892
0.042118102
0.021114336
-0.12517926
-0.0148616005
-0.00022697344
0.06846605
-0.06383926
-0.053116474
0.037225418
0.07958227
0.11181484
0.09153851
-0.08612637
0.019696206
-0.1382557
-0.12538153
0.13966545
0.061668195
-0.0956542
0.11494623
-0.03239393
-0.044496927
-0.029908037
-0.06425878
0.007959681
0.105970204
0.052127622
0.09384816
-0.018096594
-0.045256186
-0.017780967
-0.06435931
0.0104078455
0.10166855
-0.025603592
0.0012115989
-0.0914664
0.12857905
0.13078874
0.069654934
0.09299774
0.06943624
0.1601782
0.0071634795
-0.051783666
0.023803083
-0.10130101
0.0051798862
-0.071578145
-0.013200175
0.11591755
-0.03559288
-0.0026457573
0.028518103
0.10957673
-0.0047619212
0.0615625
0.06431639
0.095657684
0.033230186
-0.046537638
0.038789216
0.059861697
-0.16035023
-0.16639943
0.07648348
0.0013616352
0.27307847
0.069313884
-0.038568366
-0.1091233
0.016375074
0.10024374
-0.12000259
0.05722204
0.15877433
0.14666358
0.110618204
0.12276679
0.04005639
0.040615574
-0.03306445
0.2430673
0.04027723
-0.031063544
0.10979149
-0.12844671
0.09760151
-0.032940917
-0.15200609
0.078192435
0.030122466
-0.0122929085
0.03582862
0.08761539
0.03330503
0.009575554
-0.017539717
-0.022561299
-0.118341774
-0.057787348
0.071951255
0.14095494
0.13757655
0.0626427
0.048735436
-0.08604212
0.09689946
-0.018386994
-0.05565354
-0.064120404
0.1164458
0.036791068
0.07328172
0.12640774
0.015843177
0.038286265
0.009466748
0.12876084
0.015638674
0.027418325
-0.071732156
-0.0057346476
0.072773054
-0.08469368
-0.08385546
-0.11269657
0.038186643
0.0410201
0.14483638
0.023159845
-0.00089439633
0.07524605
-0.18667904
-0.0948845
-0.028778223
-0.03009557
0.050183482
-0.112042576
0.0033800427
0.027886033
-0.009046281
-0.05718738
0.032434907
0.06324087
-0.028514216
0.10034952
0.008744997
0.13956827
-0.10954707
-0.06246634
0.070129625
0.05267817
0.18154664
-0.04305781
0.0771158
-0.15188584
0.0466048
0.0824322
0.14788792
0.041468676
-0.094425455
-0.028548874
-0.048478235
-0.08306741
0.032779742
0.045364928
-0.03251977
-0.025542198
0.03663182
-0.011764516
-0.041479886
-0.057250332
0.00070069596
0.09527756
-0.11472521
-0.16754527
0.06803819
0.0074084387
0.10999316
-0.07915693
0.025633248
-0.06467076
-0.07916012
-0.09559681
-0.013488511
-0.1418603
-0.14202975
-0.06878006
-0.111573085
-0.14764564
-0.11896731
-0.06439167
-0.10809366
0.050438274
0.19022577
0.0052041584
0.017126435
0.07097997
-0.0076521207
-0.08253196
-0.013791818
-0.15352994
0.10227258
0.09052329
0.077816
-0.02428105
0.10357999
0.07099867
-0.06431091
0.22337414
0.11316981
-0.036551297
-0.11098101
-0.13552134
-0.0057083894
0.05827095
-0.09318176
-0.12228563
-0.102667086
0.081410125
-0.02037509
-0.09747556
0.21187273
-0.008626154
-0.082403526
-0.019666106
0.029382609
0.03209886
0.13064869
-0.09139565
0.0917247
-0.18986905
-0.07630562
-0.05647939
-0.103333585
-0.16228075
-0.140423
0.04107739
-0.008057706
0.073655285
0.26319617
0.00866143
0.04140775
0.01646948
0.04834376
-0.073331654
0.0107210055
-0.16727029
0.051233802
0.07065556
0.10787345
-0.023890525
-0.032765895
0.017441805
-0.1684372
-0.022781676
-0.06967695
0.0839497
0.03626161
0.123044096
-0.01366739
-0.026322188
0.09818505
0.011122792
0.054986563
0.07742655
0.08886419
-0.10942751
-0.12124166
0.046254408
0.07186765
0.023443846
0.08930393
-0.09102111
-0.08363992
0.09715146
-0.031504825
-0.014131738
-0.021394532
-0.026162818
-0.06870647
0.047034036
0.0014888052
0.055861726
-0.044509582
0.03443069
0.08317449
0.10531816
0.16195399
-0.0061740205
0.15726121
-0.05791136
-0.0028659415
0.06071973
-0.02178955
-0.036406763
-0.024698893
0.057115927
0.14781559
-0.04165638
-0.07873214
-0.09958223
-0.0070333607
0.012236555
-0.068089955
-0.027656458
-0.054715015
-0.0461958
-0.029245315
0.021872446
-0.09503185
0.14579815
0.060614426
-0.07217582
-0.10018361
-0.031342883
0.13800137
-0.00740252
-0.025925586
0.046510886
-0.039345372
0.015863366
0.04577837
0.05362084
-0.026767584
-0.16382973
-0.026107376
0.12948394
-0.026602669
0.19791469
-0.047908355
0.059215907
0.0691485
0.15929133
0.0659515
-0.09844241
0.006402035
0.14643456
0.07227692
-0.10663508
0.052453812
-0.076292865
-0.055794053
0.09645334
0.038100477
-0.01569109
0.048184868
-0.0766078
0.11530033
-0.099714324
-0.07263238
0.080702834
-0.08972479
-0.19585086
-0.061741114
0.062463332
0.0011886741
0.03538031
0.094729796
0.12175653
0.026811589
0.03227226
0.08898367
0.07497849
0.08271777
-0.051619336
0.111878484
0.07224796
-0.08916736
-0.08144084
-0.15561424
-0.008261666
-0.12277932
0.059550665
-0.023083659
-0.011595068
-0.059499606
0.04885976
0.056294188
-0.012607953
-0.0025552958
-0.0074125384
-0.024614131
-0.06739822
0.04259969
0.070681326
0.13139209
-0.059037894
-0.022011548
0.05740628
-0.008189773
-0.06638817
0.04587453
0.024653543
0.052027937
-0.07972802
0.09219775
-0.03706836
-0.0005430003
0.032290008
-0.020624474
0.114238076
0.059079852
-0.08250546
-0.017104829
-0.019079221
0.096790195
0.036627196
0.09568652
-0.059220828
0.14906842
-0.028444901
-0.05476719
0.063940845
0.021196783
0.08185929
0.055861134
-0.072280176
0.029272318
0.03814301
-0.032971673
0.01521692
-0.12668163
0.15377836
0.14061224
0.099690564
-0.054726794
-0.11187327
0.08184939
-0.113195516
0.060492873
-0.042670015
0.04892976
0.09977629
-0.08526703
0.10731709
0.06119868
-0.110574484
0.08204533
-0.16440815
0.044811007
0.018049572
0.023232816
0.041215807
0.09246086
0.012333409
-0.10190885
-0.08063313
0.08483893
-0.027617967
0.010257965
0.026212417
0.101719975
0.11308079
0.07277637
0.1077371
-0.023085829
-0.13277306
-0.08764587
-0.101971835
0.08433263
-0.07839644
-0.014212809
-0.029282391
-0.004092915
0.018173084
0.10712179
0.086199544
-0.023555314
0.066192985
0.071061574
-0.021224916
-0.10181505
-3.4711542e-05
-0.07315376
0.05166412
-0.019549469
-0.034788657
0.09599133
0.030305484
-0.04291394
0.016247705
-0.09436586
-0.041474074
0.1048745
-0.016993444
-0.015929017
0.014315815
0.054983553
0.059829175
0.06163264
0.12467948
0.03429601
0.084076956
0.045378916
-0.07870606
0.003989438
0.113158695
-0.005432357
-0.08166858
-0.0013379201
0.02451382
0.022985127
-0.075520225
-0.11091861
-0.06381303
0.10361973
-0.038733467
0.03722249
0.011271336
-0.1291079
-0.042453382
0.026941953
0.14038263
-0.06201205
-0.08461099
-0.02677994
0.096652605
0.02335337
0.08183556
-0.09411392
-0.011157531
-0.047030374
0.05397703
-0.105590686
0.084065326
0.0805992
0.15432523
0.045299917
-0.08872464
0.1079769
-0.11229384
-0.024101004
-0.08831064
0.0060068658
0.107807904
-0.03952045
-0.07880825
0.060989846
-0.030966152
0.058382504
0.020990659
0.09791591
0.064967655
-0.04802705
-0.102089375
0.046043098
-0.09306606
-0.047290456
0.06974634
0.06928595
-0.022702172
-0.021083955
0.10060546
0.0066109146
0.10020502
-0.100368045
0.054547153
0.09255949
0.038811058
0.01570427
-0.053244278
0.12955864
-0.07230816
0.09612195
-0.04176278
0.023294298
0.040740658
-0.093851276
-0.033499118
-0.07096013
0.045634024
-0.080728665
-0.018783916
0.08189503
0.04439026
0.09204273
-0.035690125
0.094051324
0.0482056
0.09960081
-0.07981366
0.085965246
0.0679843
-0.023876555
-0.022856511
0.073141225
-0.05560717
0.0030805867
0.07388635
-0.027063997
-0.08537917
0.095094875
-0.1064791
0.1027238
0.027188744
-0.039644446
-0.064069085
-0.009308894
-0.04165438
-0.02767717
-0.091523014
0.09876619
-0.03928628
-0.1521715
-0.13490543
0.029555153
0.06877728
-0.118035026
-0.063216515
-0.04930553
-0.09746911
0.037279338
0.0261364
0.036016136
-0.029182423
0.014359619
0.12685798
0.11245723
-0.0545559
0.056839447
0.006318904
-0.088017315
0.12045633
0.05445954
0.08772727
0.07236978
0.00705226
-0.00830602
0.08920397
-0.0106886495
-0.142831
-0.1418331
0.06767229
0.0006366209
0.13519298
-0.061387464
-0.009628297
0.057163693
-0.010235017
-0.10288607
-0.043518037
0.017430538
-0.02218207
-0.011187993
0.1387931
-0.047099993
0.030707115
0.09773576
-0.10185889
0.11496613
-0.0016099351
0.074756935
0.048919722
-0.0138263805
-0.034055248
-0.06618872
0.027773248
0.045384668
-0.06215976
0.11276874
0.090472594
0.052207492
-0.07192156
-0.101110324
0.019074297
-0.11147591
-0.08652979
0.06707701
-0.08943928
0.09771093
0.017896092
-0.016381258
-0.041000016
-0.05739523
-0.08062743
-0.04396357
0.05167345
0.011904765
-0.044186454
0.07590407
0.087555766
0.025394633
0.0984044
0.027431674
-0.037518933
-0.063941695
-0.049856436
-0.010247228
-0.012359685
-0.06630866
-0.0026436506
0.014956063
0.011567585
-0.10290811
-0.059155166
0.09845923
-0.12596257
-0.1313099
-0.012199053
0.12354305
0.12593491
-0.02102095
0.14036533
-0.053207036
0.008565272
-0.120537624
-0.031504635
0.11133712
-0.05268265
0.066624135
-0.06638216
-0.09099618
0.0794502
-0.0057886476
-0.030670611
0.035008006
0.056588717
-0.08456127
0.03509152
-0.06046832
-0.10902406
0.080057085
0.044627048
-0.11360918
-0.0870206
0.0055150175
0.06862096
0.033010703
0.10767215
0.022867959
0.062429048
0.013952869
0.040965624
0.10047807
-0.034446917
-0.123006925
0.06043592
0.00882579
-0.09480439
-0.10013924
0.09180366
0.10053622
0.0021342277
-0.092309415
-0.023620825
-0.119555034
-0.10005845
0.050488066
-0.0677802
-0.08805059
0.10328606
-0.17492099
0.030031491
0.12412432
0.14587961
0.067008846
0.10810429
0.20113733
0.1105835
0.03271691
0.09116887
0.062206782
-0.011301672
0.043239605
0.14527546
0.03605568
-0.010711789
0.109799996
-0.01119802
0.045698877
0.12860279
-0.045421984
0.07737906
-0.029811228
-0.010571142
0.008243583
-0.07066693
0.05121252
-0.09809826
0.060298573
-0.08101776
-0.013763026
-0.07752375
0.11783588
-0.020823354
-0.055450182
0.08236704
-0.00961936
0.002127223
0.046725772
0.0140199065
-0.10007547
-0.055203687
0.056769874
-0.09482702
-0.010603694
0.07696287
0.0048486185
-0.072129376
-0.089130685
0.05486706
0.009861026
0.064198986
0.109202884
-0.08478515
-0.064464614
0.018098444
-0.07660978
0.00012720999
-0.014321866
-0.07567829
0.019940998
0.06470093
0.039806414
0.07988932
-0.06408844
0.06987115
0.03319193
0.082979
-0.054400142
-0.0905323
0.048078164
0.13186413
0.060139626
-0.016581208
-0.038635552
-0.061304685
-0.03436651
0.08948868
0.08389704
0.12069492
-0.05747699
0.07686456
-0.016895777
0.10961753
-0.04383442
0.06650868
-0.021606414
-0.06123189
-0.045803435
0.08956749
-0.06274761
0.10697482
-0.029609751
-0.08919224
-0.097388126
-0.09711628
-0.06544512
-0.07120952
-0.031224476
0.12679727
0.04989006
0.11102287
0.055040907
-0.05100863
-0.06802216
-0.045036323
0.033377554
-0.0130198365
0.022732776
0.057410963
0.06715169
0.093666874
-0.014283061
0.10475622
-0.08971229
0.035911214
0.06813135
-0.11113765
0.10961856
-0.0019030374
-0.049869508
-0.08806517
-0.11905973
0.052737102
-0.08123846
0.075909495
0.122628495
-0.035080474
-0.10038836
-0.07442008
0.028219357
0.142946
0.070911616
-0.058451504
0.15278488
-0.057943933
-0.0980269
-0.08214029
-0.10276975
0.055976048
-0.07595276
0.13112308
-0.02902671
0.092405975
0.06121645
-0.0407165
-0.00073400745
-0.16571376
-0.043398492
-0.0014305224
-0.07191132
-0.0037918603
0.042473942
-0.1163696
0.07988244
-0.10502728
0.1562418
0.040486384
0.08698159
-0.13305065
-0.045765847
0.06922508
0.12492143
-0.07550322
-0.061162625
0.11081355
-0.093214855
0.027096795
0.075284734
0.04424853
-0.057045855
-0.056663796
0.05796072
-0.11821171
-0.039476074
0.052549284
-0.017076345
-0.21501487
0.10818438
0.029265348
0.0018443826
0.045004483
0.05603789
0.089751445
-0.030761464
-0.035376184
-0.067189634
0.11812143
-0.1815496
0.06987016
-0.13658439
-0.06932974
-0.10274093
-0.012276764
-0.027221357
0.06594263
-0.06503089
-0.025642568
-0.045665532
-0.087263785
0.045483574
-0.007032518
-0.16643602
-0.057617623
0.09772385
-0.012700512
-0.011516494
-0.06876871
-0.06629786
-0.10885667
0.0016158356
-0.062239688
0.09591915
-0.011301442
-0.024381628
-0.15074196
0.051299363
-0.05117225
0.042520143
0.11964328
0.15029363
0.05329984
0.00055693666
-0.08762242
0.0061818385
0.0067688907
-0.034961518
0.014052893
0.14691395
-0.03567594
-0.1322775
0.15223047
-0.026487207
-0.050827306
-0.0607763
0.03392008
-0.0789589
-0.14957744
0.047451477
-0.18112296
0.07462877
0.03018998
0.009161423
0.017334132
-0.008767935
0.0043064756
-0.108282275
0.04243422
0.09893877
-0.0009877508
0.19334194
0.1098467
0.04019116
-0.04506976
0.037034705
-0.1478679
-0.098464854
0.08915001
0.1001098
0.08255109
-0.04553387
-0.015518802
-0.025466383
-0.15365696
-0.12987125
0.040980116
0.01622275
0.05145369
0.126142
0.09876687
0.01965937
-0.02362545
-0.026862856
0.063918725
-0.002305925
0.005116611
0.09336757
-0.15573905
0.071598135
-0.01318891
0.079593584
-0.009619012
0.09066441
0.004799663
-0.09212414
0.119422406
-0.053931247
-0.020533094
-0.062070996
0.0046703774
0.14297342
0.067657486
0.12720299
-0.0054860217
0.1187405
0.12298711
0.06392786
-0.11682879
0.042385023
0.098269336
0.010450009
-0.05234945
0.0024830753
-0.0030282247
0.07726871
-0.090520255
-0.091488115
-0.038710516
-0.07833471
-0.02475853
-0.003606684
0.016074732
0.10926766
-0.059084147
-0.09941028
0.042405304
0.040851876
-0.067368925
0.06700861
0.0043741
0.09197364
-0.11695238
0.008887813
-0.052780055
-0.07665924
0.05733942
-0.08206908
0.03388477
0.034320474
-0.013058346
-0.017592754
-0.017633611
0.10306366
-0.09422754
-0.08148557
0.092305
0.041022588
0.00809347
0.02121491
-0.0014950089
-0.064084806
-0.035872564
0.0019256717
0.040094133
-0.12313272
0.010700877
-0.0037658005
0.066874415
0.017575808
0.03600152
-0.04457613
-0.06578782
0.12666133
0.09263857
0.10868098
0.090830356
0.07643527
0.04652944
0.0703754
0.12329322
0.14045197
0.040868293
0.05049723
0.02456878
-0.06904613
-0.0153309675
0.056081794
-0.09380199
0.062054034
0.118811086
0.114878826
-0.11770175
-0.10291775
0.07411412
-0.042744383
-0.0029594507
0.050819118
-0.013351699
0.09360914
0.078466244
-0.011864916
-0.09190146
0.14401127
-0.08313219
0.017724074
-0.061184384
-0.022403635
-0.08028582
-0.09807535
-0.021483852
0.04360255
-0.041143868
-0.116213046
-0.009734494
0.07489532
0.09226796
0.15231755
-0.04310573
-0.0875031
-0.106377736
0.027165815
-0.05354696
-0.015410112
-0.07574347
-0.07696824
0.040689316
-0.110696726
0.0826122
-0.11085982
0.044870865
0.15299146
0.1334596
-0.011282122
-0.122462265
-0.15777041
0.12309668
-0.028776411
-0.051657878
-0.11624782
0.13560559
-0.06913536
-0.16226614
-0.0772589
0.12675956
0.076273836
0.12775433
-0.083535515
-0.21995959
-0.021501875
0.037223
0.05668017
-0.22191422
0.09711152
-0.19022076
0.019489286
-0.04021333
0.089715615
0.01882849
-0.011603138
-0.08299575
0.07815033
-0.13206774
-0.025642756
0.15311632
0.064949766
0.04903179
0.046126146
-0.116823554
-0.036276978
-0.039312873
-0.06629459
-0.07175482
0.12882307
-0.035679292
-0.21613519
0.14903931
-0.094113715
-0.13205448
-0.07780677
0.053229727
0.092843495
0.22448936
-0.06171577
0.070833765
-0.22581214
0.13384572
0.0064942483
0.0065445676
0.04357189
0.05849713
0.1328032
-0.03435082
0.07607401
0.076454766
-0.11621567
0.10095007
-0.0010138887
0.053362247
0.04037355
-0.054786272
-0.043497518
-0.043491676
-0.14117688
-0.017443843
-0.24533466
0.0020771332
0.28548577
-0.18395512
-0.14130484
-0.014848412
0.0485365
-0.058872256
-0.13675623
-0.02773761
0.108151086
9.7152326e-05
0.07744711
0.0057365336
-0.12606934
0.02819805
0.0681699
0.18587935
0.105367325
-0.09404369
-0.2085288
-0.10488872
-0.14830574
0.04009287
-0.14253902
0.14045441
-0.06489836
-0.024338957
-0.097656466
-0.13966419
-0.0068587055
0.1320539
0.08585961
0.12240113
0.19560342
0.036778707
-0.06128748
-0.01961099
0.02499507
0.013781935
-0.27476668
0.039289363
0.016740799
0.005701683
-0.03295474
-0.050824314
-0.027839506
-0.07106265
-0.06221251
-0.10975199
0.086286455
0.10533735
-0.09098265
-0.07964623
0.12194099
-0.17287247
-0.0012546304
0.092302375
0.083794445
-0.050946087
-0.13270755
-0.08090966
0.016528042
0.06375845
-0.037822224
-0.06025462
-0.1675071
-0.11305239
-0.04983454
-0.12391795
0.0053129382
-0.099732645
0.13139679
-0.1255947
0.08925661
-0.09727431
-0.029750885
0.0892923
-0.16705638
-0.0027350262
0.0040799496
-0.082184464
0.07974306
0.009637416
-0.079896614
0.09478402
0.0562919
0.10683623
-0.048927575
-0.018137882
0.050035667
-0.030144174
0.12474517
0.0369905
0.089570105
0.028205987
-0.06466643
-0.04292714
-0.009918356
-0.061624013
0.01676259
-0.11541089
0.106642224
0.088358
0.042198025
-0.025713783
0.014109025
-0.12342594
-0.036142025
-0.08423251
0.04595655
0.10730105
-0.05796998
0.07061448
0.061186355
-0.10749271
0.034229174
-0.11109766
0.042709667
-0.07741507
-0.079554826
-0.11820616
0.100501716
-0.07910657
0.0060690525
0.031060368
0.06780369
0.031013712
-0.066497445
0.039235175
-0.04985912
0.06830437
-0.0055684512
-0.046483416
-0.0393389
0.0419759
0.027378483
-0.016836783
0.1396538
-0.0006016622
0.056633085
-0.07784631
0.079532586
-0.123826124
-0.0681998
-0.113770016
-0.05322966
-0.0750933
0.021908881
0.087674454
0.003265481
0.04787659
-0.1783304
0.06368268
-0.1019015
-0.001892986
0.16189343
0.04556737
-0.05315337
0.209761
-0.06112981
0.048487313
0.1076586
-0.098477684
0.039112512
-0.08346728
0.051303335
-0.064441
0.04666105
-0.032864757
-0.0952758
0.02891129
-0.055023972
0.06630863
0.027154183
0.1303968
0.06648584
0.0030229883
-0.1056985
0.054904155
-0.14941241
-0.04662558
0.068014525
-0.044304185
0.07192551
0.028313618
-0.06002382
0.08240784
-0.067786306
-0.08636684
0.04464151
0.15364389
0.050927505
0.0559416
0.054236233
-0.017061777
0.03145376
-0.08751629
-0.008074989
-0.09049608
0.13510437
-0.0068096346
-0.06829061
0.018375972
0.017308686
-0.15470916
-0.079682775
-0.089372076
0.05591692
0.02180996
0.11884749
0.04937109
-0.06471661
-0.044435196
0.11793943
-0.105715305
0.14338419
-0.097108215
-0.030789383
-0.024434235
-0.036755316
0.0055214553
0.021938646
-0.03923878
0.16805966
-0.118661426
0.046109106
-0.041949324
-0.074315324
-0.028684191
0.027820492
-0.038436674
0.08560271
-0.17607002
-0.0038305307
-0.10345022
-0.033340875
-0.15490223
-0.112573996
0.11402916
-0.03712545
-0.046497606
-0.024379866
0.07003059
0.012892884
-0.102393955
0.028749118
0.011808403
-0.05812118
-0.07298419
0.10071432
-0.09657728
0.13897848
0.15506761
0.018543435
-0.09745007
0.049457084
0.08741718
-0.14128543
-0.089048706
-0.049155254
0.074109524
-0.012892048
-0.046063695
-0.14662097
0.03975039
0.04665139
0.08757505
0.060912173
0.07962723
0.10984768
-0.010110193
-0.026214743
-0.038402926
0.14835213
-0.12942964
0.05232019
-0.01335621
-0.15030272
0.11275235
0.07284335
-0.0211498
0.19802731
0.033649266
-0.05302022
0.078756705
0.046739418
0.12870283
-0.1952411
-0.01884161
-0.16078703
-0.052199893
0.08904604
0.055413682
-0.09741069
-0.033770505
0.056746833
-0.010140783
-0.117935024
0.10278528
0.09496964
0.083629094
0.004200409
-0.0191868
0.094564036
0.052594017
-0.029317971
-0.068497
-0.09453496
-0.05965319
0.07542541
0.07076099
-0.060608618
0.055084243
0.07050155
-0.034733307
-0.016878648
0.031962708
0.02867117
-0.053570896
0.015960075
0.12432667
-0.08960263
-0.037048392
-0.023745518
-0.17613919
-0.14987364
-0.04720199
-0.058988065
0.025954282
0.03289771
0.048573457
0.1461044
0.058616236
-0.07233811
0.077660196
-0.12394544
0.09686795
0.08440739
0.09983633
0.016835606
-0.08059732
-0.13517657
-0.050726783
0.028365208
0.047500957
-0.06660374
-0.10445773
0.09337226
-0.075633846
-0.054264758
0.0038523495
-0.043453906
0.032252144
0.054027677
-0.033783685
-0.00571063
0.14082445
-0.12841864
-0.046504073
0.079198696
-0.06023246
-0.04740049
0.11004549
0.11607192
-0.054983962
-0.06789513
0.08348336
-0.15608029
0.029929437
-0.14914897
0.09811329
0.050846685
0.0013096897
0.11312413
-0.08851479
0.07430885
0.057230115
-0.04215696
-0.052353065
-0.044250693
-0.086708516
0.055797048
-0.00980743
0.09502711
0.052229807
-0.07797478
0.04542836
0.06653976
0.005954107
-0.10133781
0.10915247
0.076447845
-0.045992162
0.08195669
0.075145185
-0.11627503
0.061686736
0.1623449
0.09473894
0.065649234
-0.10197223
-0.0041276724
-0.11655
0.14013611
0.010931665
-0.056999773
-0.07029807
0.052495148
0.025828753
-0.124497645
-0.009522357
0.020490408
0.065099575
0.1548742
0.12568538
0.1366568
0.023016201
-0.104665115
-0.07175209
0.09009136
-0.10973952
-0.025765628
-0.009160469
-0.07677415
0.024814555
0.03678692
-0.091892295
0.10994297
0.07048263
-0.05983985
0.06570078
-0.06645641
0.04345101
0.05895924
-0.054030392
0.106166795
-0.02130469
0.007854855
0.044078648
0.010455847
0.11118757
0.045143753
-0.12702785
0.07220358
-0.09947926
0.07383636
0.09233614
-0.00712219
0.023805749
0.08044636
0.010425903
0.066254385
-0.098146826
0.12073604
0.020445783
0.047825277
-0.059108216
0.01364642
-0.014314366
-0.016407412
0.06747889
0.051506124
-0.019742731
0.041819785
-0.013909571
0.050872434
0.071559064
-0.07283209
-0.04247284
0.027100673
0.13058837
-0.040827494
-0.078410484
-0.10288048
0.01271289
0.0011090613
-0.05013135
0.06793267
-0.017755177
0.026368532
0.05132416
0.08179295
-0.01722042
-0.004807736
0.09953836
-0.117085546
0.015405972
-0.046825755
0.084041156
0.020812398
-0.093925945
0.04110115
-0.1271916
-0.033095837
-0.13720456
0.1032176
0.054258287
-0.04498357
0.0003197192
0.03799323
-0.0050959345
0.008686277
0.062217742
0.09023203
0.1391372
0.02295817
-0.016613973
-0.022386918
0.046433512
-0.06926587
-0.011495399
0.1304007
0.00676303
0.046659376
0.035351798
0.0611481
-0.020137964
-0.09251377
-0.056152046
-0.04634451
0.029100223
-0.077498145
-0.061648525
-0.08824881
0.09708498
0.08330197
-0.08003514
-0.044953343
-0.07726655
0.075813346
-0.072124995
0.09437602
0.118671596
0.09848622
-0.09581446
-0.0064671827
0.011090353
-0.07123025
-0.0718907
0.071220286
0.0028217472
-0.08182722
0.06674734
-0.039403357
-0.08704924
0.082070105
0.108409256
0.063292004
-0.01805827
0.09409734
-0.05575046
-0.05216478
0.06777729
-0.015135179
-0.054798335
0.011997339
-0.088129185
0.061514895
0.035327595
0.10452809
-0.098399915
-0.08177022
0.07894276
-0.041553587
-0.041099325
0.049703687
0.016257303
0.05797032
-0.055603605
-0.01719626
0.05299479
-0.059677344
-0.049488425
0.0964054
-0.086002566
0.017743673
0.069424555
-0.026968975
0.07527493
0.057493117
0.12868756
0.081785336
-0.049758837
0.06262247
-0.09837141
0.09070706
0.021206712
0.023396987
0.10515079
0.06335974
-0.09628014
0.035164732
0.034874678
0.022734635
-0.003666253
0.08923762
-0.046246238
-0.03918976
0.11615625
-0.13848788
0.094809264
0.028739864
0.02454397
-0.08623596
0.087646976
-0.053459562
-0.0080968775
0.07329213
0.004467339
-0.07079796
0.109185256
0.118084654
-0.062265884
0.0069297478
0.068188205
0.119299516
0.12842861
0.010606638
0.050657794
0.11092238
-0.08098097
0.0052863876
0.10075191
-0.009422366
0.015366946
-0.09803286
0.043147467
0.06393931
0.032049336
-0.117464975
0.11024851
-0.009778121
0.038819835
-0.07734289
0.012975425
0.05852476
-0.01625375
0.047246415
-0.08872666
0.0526259
-0.00061678456
-0.09520527
0.0025891531
0.047256943
-0.023710184
-0.07003789
0.05305879
0.043665223
-0.03084281
0.117306724
-0.032633815
-0.05021212
0.0012354805
0.10602106
-0.09151111
0.07176757
0.050854996
0.079708315
0.0025431006
0.06945802
0.121445276
0.012828668
0.016375734
-0.07773246
0.016456457
-0.06314879
-0.06044648
-0.060574558
-0.08373528
0.079110496
-0.012259566
0.041250844
0.023377666
-0.045132395
0.12925957
-0.11582483
-0.07847925
0.023974983
0.032866623
-0.033201464
0.08751803
-0.07715111
-0.08398319
0.080180794
-0.05866464
0.008318875
-0.011682205
-0.10636932
-0.14421193
-0.033221535
-0.09688141
-0.05179369
-0.077389635
0.058490336
0.08589124
0.15370996
0.13721028
0.06879893
-0.1323721
0.06974239
0.05137555
0.015420859
0.06386991
-0.081821404
-0.10926471
0.0319326
-0.10049195
-0.024798049
0.0013622955
0.14548971
0.07006501
0.0068789716
-0.0712973
-0.13144775
0.005600865
-0.12012814
-0.07089707
0.12717588
0.04152886
-0.07965783
0.011203149
0.12031728
0.12174373
0.049427047
0.039786115
0.03330438
-0.01103535
0.064255185
-0.10743391
-0.010132441
0.1252921
-0.023634516
0.087086596
0.053410232
0.06694469
0.077381834
0.04225202
-0.08639396
-0.035959963
0.047640637
-0.01261736
0.11063701
0.060833726
0.04916354
0.09577457
-0.03246478
-0.085242674
0.048930425
-0.05446131
-0.0128861
-0.004491656
-0.021202259
-0.013768033
0.04331947
-0.015764605
-0.16261171
-0.09440329
-0.07100837
-0.15727417
-0.022236878
-0.1042179
0.043966096
0.03645772
0.074769825
0.043580946
-0.0906578
0.056700293
0.046632342
0.098100714
-0.08377786
-0.02865883
0.014844568
0.0005634675
-0.05971808
-0.044134837
-0.031228287
-0.095523976
-0.059574567
-0.02410814
-0.030297562
0.11578106
-0.18932234
-0.004467688
-0.08790304
-0.08553842
-0.032582637
-0.03904514
0.004110274
-0.0639291
0.12506896
-0.09126377
-0.04644953
-0.016113063
0.04777452
-0.044549346
0.025793973
0.079168834
0.114018105
-0.15935154
0.07076162
0.039874967
-0.018648634
0.005576256
0.06502978
-0.06933403
0.034829214
0.117968574
0.13640128
0.12511846
-0.037101746
0.15093113
0.03836834
-0.003758653
0.08101123
0.02032535
-0.073436424
-0.093749985
-0.03368938
0.03177862
-0.035442587
-0.008847917
-0.11314997
0.016907644
-0.06085013
0.0004326181
-0.07022509
-0.129473
-0.06261353
-0.013730988
0.06676625
0.15091036
-0.024104746
-0.04544462
-0.015357927
-0.09596954
0.14139408
0.09563116
0.031749647
0.1901787
-0.059079334
0.024489341
-0.07028801
-0.062922396
-0.014346736
0.15348522
0.13723281
0.15808262
0.03269107
0.08906341
-0.12542225
-0.12144913
0.07245436
-0.078740254
0.059252914
0.11632477
0.06619088
0.011485839
0.09821368
-0.07396973
-0.08811956
-0.08777133
-0.011295945
-0.14147626
-0.006399501
0.013066783
0.018644515
-0.09591863
-0.11161481
-0.014241903
-0.11258522
0.10069439
-0.14213704
0.017737925
-0.013508712
0.04306564
0.092163876
-0.03590757
0.13511935
-0.08398896
-0.07780549
-0.077199325
0.11351645
0.060550403
0.110245615
-0.054029133
-0.10295197
0.06410473
0.15275522
-0.008098971
0.06280598
-0.123633675
0.060047224
0.065795064
-0.02985343
-0.024317032
-0.040345795
0.05976851
-0.041308805
0.022381265
0.100910775
-0.08687954
-0.16272031
0.09033889
-0.05427377
0.10723026
-0.06473176
0.064301535
-0.019987918
0.11540022
-0.055812694
0.07443126
-0.004022463
-0.06547337
-0.03043134
-0.08883829
-0.007830773
-0.0537827
0.024669956
0.0913156
-0.023409713
0.1018673
-0.030255571
-0.020498823
0.09205418
-0.031625148
0.090395585
0.041935936
-0.06366034
0.02150055
0.025060123
-0.074991606
0.1651943
-0.041168522
0.10949709
-0.02047222
-0.11687033
0.101031885
0.069483906
0.073269114
-0.052820906
-0.057302017
-0.06641024
-0.10406523
0.07765714
0.019236756
0.10561219
0.021955814
-0.07785961
0.06814793
-0.041642394
0.059651706
-0.10973252
0.06397474
0.07507785
0.018018674
-0.030059563
-0.06421694
0.06738706
0.04477922
-0.054383483
0.04353972
-0.04394661
-0.0007601161
0.060768418
-0.008061353
-0.023169186
0.03138365
-0.04142687
0.07106155
-0.11122744
0.0021520704
-0.08339266
0.026064225
-0.0833136
0.06701008
0.09042803
0.105621964
0.12986141
-0.0966412
0.0031794277
-0.11842005
-0.047569383
0.0043847864
-0.029363336
0.058741916
0.015705366
-0.12667039
-0.018390242
-0.010518245
0.0162084
-0.08663212
-0.07339923
-0.09150724
-0.011146585
-0.016675364
0.14777584
-0.073768444
0.110821515
0.071561694
0.105253495
0.16515343
0.007239214
-0.04023382
-0.06300297
-0.032934893
0.03968789
0.07473092
0.0011019519
0.090120845
0.13367157
-0.047905084
-0.016736666
0.06152016
-0.15490575
-0.10949931
-0.07946158
-0.0430698
0.04186681
-0.15825474
-0.08798753
0.11932863
0.062518746
0.045190215
-0.16035013
0.03373367
0.08659655
0.07222096
-0.05345629
0.082342595
-0.14798622
0.110745125
0.031617317
-0.104233086
0.01767498
-0.11619399
-0.008805729
-0.078902006
0.012729486
0.06555865
-0.026854446
0.05383986
-0.10977223
-0.06350699
0.026945379
-0.0012771119
-0.0481629
-0.013626177
-0.084695086
0.07722138
-0.019740043
-0.10308236
-0.07321961
0.012132315
-0.04856026
0.00056995585
0.05954357
-0.06012787
-0.025462301
0.12182385
0.046095412
0.096307404
-0.01926633
0.032675207
-0.10772956
-0.0075750537
0.19517009
-0.13320577
0.094556905
-0.11628968
0.1479398
-0.17235623
-0.049590927
0.13421185
-0.04639544
0.009346994
-0.1126514
-0.062028207
-0.02389909
-0.0008142765
-0.05020918
-0.009795761
-0.055887073
0.008709394
0.028494097
0.036791716
-0.11875808
0.04661543
-0.03428321
-0.062228862
-0.1390073
0.017993702
-0.033253886
0.059541102
0.12877162
0.029345118
-0.056575526
-0.123400524
0.023750152
-0.08154739
-0.10057763
0.16526698
-0.07897928
-0.08519071
0.072810516
0.016681962
0.088721335
-0.10113648
0.008251045
0.035055634
0.009474412
0.06348403
-0.15117668
-0.009170524
0.07988863
-0.040881015
-0.10570393
0.032373838
-0.020671574
-0.01733036
-0.24204494
0.074042134
0.059328556
0.06412227
0.019776221
0.09837253
-0.03713101
-0.0616504
-0.033471465
0.2269606
-0.0987542
-0.14484777
-0.059416495
0.121392936
-0.03757669
-0.0725715
0.01287749
-0.1620051
0.008892294
0.13025294
-0.07864759
0.123963736
-0.040342383
-0.1139243
0.0044579743
0.016787343
0.17500901
-0.1975715
-0.08688077
0.04925418
0.08906341
-0.023031749
-0.053851657
0.05752996
-0.06346397
0.06155844
-0.042753145
0.024212725
-0.096196
-0.14608869
-0.039488263
0.111728474
-0.059178468
0.029210744
-0.07383841
0.028188149
0.01662609
-0.08393922
0.01776978
0.04260529
0.07137615
0.17963883
-0.24037558
0.20596123
-0.12874892
-0.04538245
0.06264084
-0.11241722
-0.039250888
-0.014462974
-0.054213848
-0.016889533
-0.20241265
0.11761261
0.02806472
-0.052668728
0.057037424
0.07133008
0.0035885905
-0.019338593
-0.037323967
0.16573577
-0.07192729
-0.04597268
0.15565129
-0.05676849
-0.024602275
-0.025975674
-0.04505354
0.06848627
-0.09040513
-0.033831436
-0.056589235
-0.006627656
-0.012622592
-0.06619965
-0.10617543
0.01973422
0.006378226
-0.041955594
-0.044592995
0.030321283
-0.08512114
-0.12606163
-0.11421126
0.0066180653
-0.06349086
0.062745966
0.036557324
-0.11380366
-0.01878323
0.073927246
0.0036199226
-0.13945018
0.0035544536
-0.1277654
-0.074634016
0.090403974
0.0631944
-0.04033854
-0.06286445
0.051129088
-0.071339734
-0.02002206
0.058557164
-0.013509791
-0.119958766
-0.01573604
-0.044425745
0.014003951
-0.084926404
-0.13245484
0.020901373
-0.14556585
-0.07526144
-0.12606598
0.045946803
0.0072324355
0.040886145
0.034203712
-0.054406304
-0.040383313
-0.13954492
-0.045806885
-0.10585978
-0.09497901
-0.07153695
-0.117864266
0.057449173
0.070005484
0.049752597
-0.050695784
-0.12615006
0.058658544
-0.039201703
-0.04356658
0.056178674
-0.0042426656
-0.13425438
-0.0941304
-0.02824223
0.060712673
-0.017939882
-0.13695669
0.052407976
0.08834443
0.051441103
-0.08468071
0.11135922
-0.029061563
-0.078989595
-0.048954785
-0.0019765599
-0.14759709
0.049599532
0.15286884
-0.109109946
-0.02784847
0.0513167
-0.11891356
0.18623216
-0.09539368
-0.052812707
0.009256512
-0.0642282
0.0005641038
0.04230627
-0.06578169
-0.01130761
-0.01558478
-0.014947705
0.021919625
-0.015950263
-0.112489775
-0.1801981
-0.10215519
-0.03439746
-0.15672597
-0.115140475
-0.112591416
-0.0059083654
0.081534475
0.020914128
-0.05410588
0.05674004
0.034924105
0.06747681
0.0630237
-0.00019957621
-0.07152043
-0.020747816
0.04477298
-0.11370773
-0.1175361
0.053489354
0.0164776
0.0045221513
-0.15312846
0.0968077
0.039307903
0.12699835
0.14731087
0.050773263
-0.008784222
-0.12095412
0.027972607
-0.019648533
-0.0037538651
0.052445427
-0.059202615
-0.065198824
0.100032605
-0.13588698
0.0090525765
0.095562994
-0.13118683
-0.07772612
0.061918702
-0.15870757
0.038061894
-0.00889108
0.2634118
-0.018751318
0.0293579
-0.03145454
0.08366849
0.028324638
-0.029994939
0.1580524
-0.09589169
-0.002328038
-0.0369737
0.03614823
-0.058379885
-0.044914253
-0.14189456
-0.077054165
-0.020074088
0.07672387
0.010659418
0.042497814
0.054887433
-0.07227196
0.055838767
-0.15202701
0.017005168
-0.03550049
-0.14264542
0.11319492
-0.005561389
0.06536464
-0.03162023
0.07109544
-0.12545514
-0.09353314
0.104259565
0.08627913
0.052217603
0.0896193
0.09577166
0.15827778
-0.113385975
-0.12064547
-0.031574205
-0.082954295
0.13214253
-0.1176003
-0.16928644
-0.0193885
0.12160414
-0.065090925
0.15020713
0.09179494
-0.11529658
-0.06438548
0.18690726
-0.005227121
0.06270442
-0.03088057
0.05958888
0.008955086
0.11043707
0.027208813
-0.055854995
-0.053732865
0.0074829813
-0.12412749
0.1201933
0.029924426
-0.07624306
-0.1428769
0.03163128
0.05390696
-0.13039418
0.08295051
0.12638277
-0.098698266
-0.076389164
0.019309368
-0.03881718
-0.007999352
0.14794002
0.08873369
-0.08126949
0.13497204
-0.07605575
0.036679193
0.084439084
0.021114612
-0.096338674
-0.039118372
-0.018332688
-0.059822623
-0.05482895
0.016827298
-0.07350238
0.11147605
-0.09114496
-0.05662488
0.04784746
0.0540751
-0.018936504
-0.05095049
-0.03157325
0.14850648
0.0006011065
0.046266958
0.022190077
-0.03351803
0.07924468
0.025188982
0.040188946
-0.016768785
0.02998616
-0.077630065
-0.1003102
0.026833372
-0.05895481
-0.07677777
-0.031185212
0.03559439
0.17153071
0.031469226
-0.07188285
0.059687782
-0.11852599
-0.013859617
0.0275654
-0.033456393
0.04616249
-0.038396224
0.027283497
-0.15498385
0.08572003
-0.09779841
-0.01113179
0.12944952
-0.04745982
0.0660727
-0.017957957
0.0011451999
-0.042983357
-0.012558428
-0.007896313
-0.11403451
0.012005251
-0.016434792
-0.112381056
-0.019436534
0.12469285
0.021103224
0.02967426
0.07055908
-0.002431878
0.03641735
-0.047213864
0.1836634
0.05843098
0.034901015
-0.087930806
0.035065293
0.13867363
-0.042696685
0.082292125
-0.07632725
0.100290336
0.10324484
0.1260019
0.044722844
0.094587386
-0.07035766
0.11273672
-0.02151639
0.010014984
0.04857158
0.02919106
0.053217042
0.07531798
-0.09146522
0.115612
0.028548298
-0.12172027
0.063994564
-0.03911349
0.047618683
-0.011574909
-0.005694821
-0.1142423
-0.04565044
0.13161324
0.1134979
-0.045056336
-0.054924812
0.086237535
0.13613
0.07011566
-0.034036938
-0.03962669
0.036978923
0.09120753
0.09582775
-0.056568448
0.051570557
0.046072725
0.005121701
0.1228503
-0.0359378
0.17402884
0.11014716
-0.0021763593
-0.12676692
0.0095164785
-0.023842953
-0.016805362
-0.03711189
0.015421318
0.10271908
-0.11476815
0.00536576
0.013424349
0.061879873
-0.03739189
0.0013484472
-0.017434852
-0.09951058
-0.00036273498
0.024058294
0.052170873
-0.011326545
0.032364864
-0.04783697
0.069468446
0.025312085
-0.0811941
-0.060352348
-0.0050379005
0.10253989
-0.006464196
-0.10775624
0.083178714
-0.050481617
-0.0022652957
0.0015130106
0.08885519
-0.09087216
-0.05247637
0.023429165
-0.07492674
0.11575357
-0.042995255
0.032790415
0.01010894
-0.077265
0.018959653
-0.042784818
-0.113524966
0.09235413
-0.079943866
0.05631227
0.0016383642
-0.02966385
-0.0011736477
0.0752756
0.033722945
-0.059701823
-0.036322914
-0.015404687
0.10107521
0.027928531
-0.13609017
-0.009341523
-0.04661014
0.07503665
0.0801147
-0.093712576
-0.08319828
0.055956535
0.058845043
-0.011947397
-0.00083055627
-0.066844866
0.07624577
-0.057095245
-0.014142312
0.06516158
0.038605474
0.035394043
-0.06848343
-0.08720574
0.13391964
0.007916282
0.041522715
-0.09692501
0.10941495
0.06987771
0.076172784
-0.04683082
0.08488675
0.06272688
-0.10164861
0.06456269
0.15081076
0.10314047
-0.08703729
0.055520426
0.06294378
0.09945386
0.10353904
-0.053970378
-0.07728994
0.03918303
0.08217027
0.09410648
-0.030508474
0.13252127
0.08234255
-0.010185343
-0.056137823
-0.07822897
0.050434396
-0.060700458
-0.040545497
-0.07848912
0.0029197226
0.0020155152
-0.08205248
-0.14798048
-0.098850265
0.053284388
0.10691068
-0.022256535
0.10130878
0.116409436
-0.038742788
-0.023312656
-0.065175205
0.057233922
-0.03971058
-0.11311337
-0.05846084
-0.012250399
0.0667485
-0.08434546
-0.0033612486
0.026206091
0.0839919
-0.0019255977
0.011549761
0.082293265
-0.08445459
-0.051437363
0.06529177
0.0699017
-0.052449446
-0.071631044
0.04581374
-0.06958883
-0.04026606
0.06683736
-0.048361205
0.012277954
0.05513946
0.030414073
0.043217454
-0.040840235
0.0060057375
-0.115197025
0.12862013
-0.0060819886
0.1261644
0.04976648
0.05646754
-0.012491023
0.10957387
-0.015067908
0.11458347
0.046569314
0.08651248
0.008370093
0.08720471
0.023399362
0.08712606
-0.08361414
-0.07816753
0.01643646
-0.010953999
0.097043894
-0.077316634
-0.013682729
-0.005940208
0.054526195
0.10599021
0.037660867
0.09264849
-0.091830224
-0.058196526
-0.14502278
0.13795005
-0.06120796
-0.017340487
-0.0052831005
-0.08166359
-0.06328066
-0.07483822
0.060468554
0.0795112
0.047075413
0.10908102
0.054608215
0.023909708
0.021585723
-0.12638149
0.056408945
-0.10346672
0.11178138
-0.040095966
0.037732698
-0.053516265
0.06215773
-0.0695709
-0.028945047
0.07142264
0.11656035
0.08606467
0.073682085
0.015377942
-0.033875626
0.1045553
0.067612104
-0.06193647
-0.122678526
0.013841045
0.021566896
0.06663106
-0.116328225
-0.041338522
0.07901068
-0.07720621
0.119157076
0.04789068
-0.0008316787
0.10584959
0.110172145
-0.052844014
0.0008804346
0.104621485
-0.028624346
0.05258488
-0.016562723
0.090834364
0.11943652
0.038007915
-0.071400225
0.1328792
-0.039056063
-0.031823844
0.08699701
-0.035271455
-0.035321057
-0.027388599
-0.036071472
0.036440536
-0.09420341
0.009609936
-0.03553686
0.13726625
-0.074465215
0.057107314
-0.04670138
0.05810796
-0.13610347
-0.017964967
0.12362642
-0.083275646
0.018056672
-0.032925084
0.025907815
-0.10767143
-0.0055727833
0.05867775
0.09995822
0.04340224
-0.043459058
0.15003191
0.10978388
0.12243489
0.056228492
0.03684954
0.100946754
-0.071281955
0.041940592
0.03988372
0.04131195
0.060831293
0.066284984
0.020462621
0.13943836
0.038003318
-0.10622063
0.070307165
0.11482234
0.03206677
0.067366414
-0.03893704
0.09788986
-0.09997303
-0.027569009
0.08548786
-0.05451567
0.040653244
-0.1684144
-0.056911603
0.060537905
0.09245477
0.11371474
0.0764302
0.014076437
-0.058720563
-0.15246567
0.06402035
0.023300242
-0.09449505
-0.02661575
-0.086287044
-0.007891228
0.054932907
-0.027706085
-0.054270647
0.15156713
-0.0479785
0.08525014
0.08858199
0.009015769
-0.026478192
-0.0700144
0.013372051
-0.10231368
-0.015455946
0.10675653
-0.03675464
0.03729897
0.09730354
0.02704089
0.06978774
0.009250497
0.07114324
0.05173302
-0.05440627
-0.10409055
-0.040391494
-0.1215522
0.037604347
0.09077395
-0.035576943
0.036116876
0.05497853
-0.013129552
-0.046044193
-0.028344339
0.12837239
0.034067772
0.07112575
-0.08238776
-0.033377178
0.05655832
0.094241336
0.11408459
-0.06578973
-0.031795654
0.013086783
0.070378885
-0.06363905
0.07199702
0.015878275
0.105876595
-0.075863235
0.007917433
0.07554895
-0.015183903
-0.13044158
-0.1147192
-0.0033381132
-0.102074966
-0.051614717
0.036730614
0.12635596
-0.0037443223
-0.07984899
0.083094254
0.114935964
-0.021230564
-0.09205886
0.13602632
0.064579286
-0.025123458
-0.02330911
0.076245025
-0.09271729
0.09620814
0.09664267
0.109885104
0.072118744
0.11257962
0.08523713
0.0234668
0.083472386
-0.001549307
0.047578048
-0.023315474
-0.07783548
-0.10027298
0.011870015
0.014207831
0.14595237
0.089452334
0.10106889
-0.12090168
-0.3022997
0.01593108
-0.007144106
-0.002330548
-0.16012746
0.024575464
0.2496148
-0.028747693
0.0948565
-0.15861902
-0.17449081
-0.102035105
0.10652276
0.19297826
0.17654957
0.13650706
-0.014280377
-0.0772887
0.15080856
-0.136122
-0.052726794
0.13049462
-0.057914402
-0.11347688
-0.09152256
-0.08941086
-0.004732379
0.11743796
0.062222365
-0.014861961
0.20733649
0.12259651
0.06592797
-0.05056845
0.05239636
-0.019988721
-0.099201545
0.03656923
0.22142732
0.14982618
0.075987354
-0.048089154
0.11832672
0.02441464
0.019973492
-0.059504833
0.20973621
0.011915502
-0.059280973
0.093802445
0.13439356
-0.03811897
-0.01962639
0.12470976
0.16795605
-0.010972846
0.12102984
-0.16620004
0.031613488
0.044422306
0.13559969
-0.036355987
-0.12731868
-0.14789844
0.07627567
0.068715505
-0.1712468
-0.21462908
0.056652933
-0.09185943
-0.0041121743
0.06588315
-0.01664954
0.016396878
0.0003285223
0.022611603
0.018567782
-0.11872487
0.12901053
0.010976942
0.18160382
0.059382018
0.018754963
0.17145395
0.10682777
-0.049709436
-0.05312952
-0.026688974
-0.03261426
0.0935092
0.11183501
-0.030640528
0.02915218
-0.17611575
0.076366015
-0.00078683096
-0.038374726
0.01717626
-0.021162866
-0.13169298
-0.0045181764
0.014828914
-0.030726917
0.06518079
-0.03264355
0.11056124
0.20025265
-0.16848835
0.1116523
-0.19017552
0.036058802
0.08106587
-0.043497592
0.16963321
0.13185208
0.054709762
-0.05838353
0.06752098
0.0562168
0.011840525
0.016686905
-0.09632944
0.107676186
-0.023439784
-0.05435016
0.06184495
-0.103447355
0.060904212
-0.06914001
0.00784259
0.013737244
-0.019419622
-0.09228282
0.0001562371
-0.040921997
-0.11738225
-0.14137055
-0.095784284
-0.04619754
-0.03780696
0.06457359
-0.030696612
0.09074259
0.062231366
0.015495899
-0.0025539747
0.050895832
-0.012307949
-0.025637638
0.100895755
-0.03620259
0.104137376
0.08438919
-0.057999223
-0.06853893
0.041369487
0.08009637
-0.053066872
0.10387766
0.052935936
0.025395716
0.0018154879
-0.030134417
0.09351601
-0.124953344
0.009000224
0.062793866
0.12628359
0.03340143
0.060415883
-0.04328539
0.07336232
-0.009783154
0.01958273
0.13490632
0.06269466
-0.046887476
0.08510249
-0.017087268
0.032554474
0.091167375
-0.011978555
-0.05677019
0.04396142
0.04068113
0.06468017
-0.13654868
0.0969497
0.0016476719
-0.08207249
-0.0018223518
0.0414268
-0.030826632
0.12868094
-0.028215209
0.06101235
0.04356321
-0.1379237
0.005605351
0.01961773
-0.12965038
0.09744821
0.07035449
-0.052248016
0.025468227
0.035968844
-0.060709983
0.11223927
0.10897645
0.045864586
0.1329228
0.01270085
0.05088813
0.10967981
-0.03616395
-0.04891784
-0.07381059
0.044364486
-0.04285026
-0.13547286
-0.047507066
-0.14438333
-0.15337257
-0.022954281
0.011335414
-0.043277457
0.026880499
0.1292369
-0.034051612
0.020094855
0.09053759
-0.0072391653
0.049016565
0.019572925
0.051329453
-0.101252854
0.0504677
0.09041256
0.11069915
0.03927472
0.083927795
-0.055842966
0.09690274
-0.059453182
0.0391615
-0.01868652
-0.03443641
0.06972486
0.014116097
-0.09333884
0.092551336
0.03899725
-0.040691443
0.04670867
0.09841112
-0.08009402
-0.036736254
0.0048520914
-0.15208308
-0.11760046
-0.06907927
0.035528436
-0.0018847719
0.030183095
0.15057223
-0.010280666
-0.14401886
-0.12828468
0.19097279
0.04788249
-0.108339444
-0.038811773
-0.0035794938
0.14789954
-0.08276047
0.03985231
0.15134622
-0.017764147
-0.047915865
-0.02610503
0.003026551
-0.057435676
-0.06221528
-0.056215342
0.024889268
0.03131158
0.08825559
-0.0690346
-0.04076684
0.01179118
0.08694784
-0.07761625
-0.11154822
0.049820635
0.10447656
0.011215699
-0.06873496
-0.024310024
0.07913603
0.004751565
-0.17494032
-0.084755406
-0.00506725
0.18385987
0.08646118
0.112792864
-0.04004996
-0.019020448
0.1276874
-0.014433281
0.020319955
0.062340327
0.10436774
-0.1676716
-0.04133932
-0.1595098
-0.05035087
-0.010325798
-0.020605167
0.0008060393
-0.056577906
0.05540118
-0.07923873
-0.15417287
0.017365307
-0.07906393
0.038979854
-0.012416853
-0.0089817485
-0.0904373
0.09974153
0.00029331358
-0.042202797
-0.028578501
-0.021604702
0.13844329
-0.09106612
-0.055185977
0.0670821
-0.040736794
-0.014830129
-0.09752823
0.09737299
0.060424127
-0.040097963
-0.018937778
-0.1313281
-0.049336627
-0.0071464432
-0.063648485
-0.04648801
-0.023254322
0.112175755
-0.016783884
0.1981833
0.15545833
0.09285631
-0.06962109
-0.019884504
-0.15602401
0.11635068
0.0876817
0.06386213
0.034107283
-0.02281185
-0.012293337
-0.049240977
-0.044300683
0.04579076
0.1143333
0.1101678
0.0109747
0.17630212
-0.010171944
0.17774694
0.12959081
-0.024271518
0.07335627
0.1344063
0.033631444
-0.024724891
-0.06229414
-0.12535743
-0.05801789
-0.07207596
-0.09968918
-0.12273501
-0.104950055
-0.093802676
0.04032965
0.026170319
0.07269325
-0.059020955
0.14125966
0.04698392
0.011256832
0.031661335
-0.08840199
0.023475733
-0.08712862
-0.01570688
0.040134113
-0.05688653
-0.014983013
-0.06120686
-0.13056332
0.046430007
-0.061361887
-0.16083342
0.14188094
-0.087191336
0.11242301
-0.18994164
-0.062364038
-0.025395751
-0.21593171
-0.03937821
-0.08642274
0.10482689
0.08215361
-0.085416965
-0.09298318
0.005177065
0.09123549
0.067352034
-0.08993192
-0.12740216
-0.051136173
-0.009000451
-0.03743868
-0.1593338
0.042325012
0.08036994
-0.114960395
0.1092339
-0.06325975
0.04133732
-0.14611629
-0.08582207
-0.00948535
0.032968592
-0.008240901
-0.15750043
-0.058142032
0.02510222
0.1466667
-0.027868293
0.034247402
0.13413776
0.09368203
-0.074626215
0.053504363
-0.066294245
-0.12445971
-0.18382518
-0.01856035
0.10800353
0.087480605
0.076243006
0.044920024
0.004224141
0.10207727
0.02199576
0.05035403
-0.0011949731
-0.03929633
-0.047710735
0.125185
-0.1463771
-0.15222183
0.11965439
0.0075435466
-0.1147914
0.056897547
-0.08710831
0.057003062
0.0717929
-0.14116335
0.0401364
0.0013187769
0.17159362
0.03924532
-0.05716904
0.045609754
-0.016270362
0.026691677
0.021240037
0.10895775
0.09061687
-0.16218118
-0.031245818
0.0938961
-0.090557046
0.12736401
0.09001911
0.054144986
0.06776165
-0.09778339
0.02253152
0.05891212
0.15165256
-0.030290795
0.15359515
0.06243419
0.043598495
-0.074980594
-0.12386838
-0.07957648
0.12166773
0.07275932
0.07600826
-0.075745374
-0.18241422
-0.037715886
-0.08465621
-0.07723477
-0.09742338
-0.06388237
0.16009808
0.012257094
-0.06538151
-0.056372505
0.05928698
-0.0019425866
0.14273958
0.14206895
-0.08478949
0.121235944
0.07043638
0.13014059
0.0419049
0.028558098
0.16890961
0.016575968
-0.055499543
0.006477878
0.05072708
0.03938431
0.0055193906
-0.087339096
0.024333572
-0.13667034
0.067796685
-0.009383776
-0.045712177
0.090601295
0.07452031
-0.18442257
0.061843365
-0.054660127
0.044391423
0.0037456013
0.07171533
-0.023647409
-0.051281895
0.10075609
0.09351568
-0.018358251
-0.1223855
-0.06869956
0.13231029
-0.035811838
-0.01847158
0.10785387
-0.09781117
-0.08403892
0.0042293873
-0.0029529196
-0.14753115
-0.122809246
0.105989404
-0.054153662
-0.045687653
0.13218343
0.001086546
0.06794974
-0.047065448
0.09891108
-0.04796362
-0.14055802
0.057245407
-0.24182501
0.017819159
-0.041291956
0.13023996
-0.03441138
-0.011533391
0.032233544
0.09208933
0.009610758
0.00856241
0.01896631
0.003402945
0.062261134
0.03805488
0.051465157
-0.059989672
0.01288719
0.15622954
0.078746445
0.079729445
-0.08245135
-0.0071723163
-0.016117925
0.049380742
-0.15064736
-0.12475415
-0.099616304
-0.028762879
0.03336962
0.26740858
0.010973298
0.03232042
-0.04148676
-0.0064000213
0.016859954
0.17617214
0.086314656
-0.06895364
-0.008250386
0.00948106
0.04852985
0.057706337
-0.05613118
0.050064623
-0.10065254
-0.07610206
0.045010418
0.13775384
-0.12730837
0.15628363
0.112859465
-0.0015466735
0.1434377
-0.065624654
0.092745274
0.15829836
0.025194772
0.042315383
0.012170994
0.11218644
-0.0947048
0.013317905
-0.07693778
-0.03846051
0.0011781153
0.07326785
-0.0025894556
-0.054353964
-0.03430576
-0.013277551
-0.08133949
-0.023044206
-0.033881124
-0.037234567
0.13084757
0.060434032
0.011143636
-0.11085251
0.027324326
-0.09966193
-0.08182201
-0.12479275
0.00084435265
-0.08278886
-0.033637647
0.13829097
-0.02614642
-0.099647686
0.0769173
0.06063118
-0.051950585
-0.04773602
0.036643308
-0.021511298
0.030748786
0.0072447923
0.065140285
0.07274934
-0.016630374
0.112565316
0.1211597
0.065410115
0.05945375
0.06471884
-0.004734254
0.050669897
-0.08251756
-0.042738937
-0.028368568
0.013775707
-0.030925142
-0.042605437
0.1345784
-0.051275156
0.059077796
-0.08630927
-0.14641188
0.10333119
-0.002892667
0.07277826
-0.0065893074
-0.005709199
-0.04240735
0.05167385
0.007312716
-0.05133698
0.03878241
0.059557192
-0.13012859
0.07340221
-0.049585994
0.09705003
0.09050432
-0.052671563
0.06223194
0.09883528
0.015453466
-0.07343356
-0.03169643
0.00085884356
0.066640645
0.04910167
0.107519336
0.0123223
-0.07379777
-0.024520354
0.026471028
0.01222174
-0.039412968
-0.06852058
-0.083156615
0.1236192
-0.069149636
-0.046708066
0.042278044
-0.10590864
0.13046327
0.014046979
0.08212267
-0.14393379
-0.012108613
-0.111726776
-0.08541031
-0.060883913
-0.028064774
-0.030266581
0.0050955247
-0.035110112
0.20446903
0.11369836
0.022074549
-0.037871454
-0.07335036
0.11168549
-0.08050902
-0.088370144
0.13367385
0.0016266551
-0.07092548
-0.042245768
-0.061804064
-0.06481104
0.08632807
0.0459732
-0.0067271306
-0.002858101
0.11870688
0.0046638073
-0.06755376
-0.019273149
-0.013546933
0.101903625
0.09779161
-0.11711009
-0.08981692
-0.002441019
0.027475737
0.0896571
0.13648388
-0.07059321
0.0398666
0.12140537
0.07072398
-0.056860644
-0.031678826
-0.1024032
0.055515584
0.10039809
0.04988784
-0.08830349
-0.06346981
0.09368673
0.04108325
-0.009041853
-0.0006158191
-0.09180979
0.03691305
-0.06257791
-0.077754445
-0.046084933
-0.034568634
-0.07244432
0.016145658
-0.10713987
0.060052767
-0.035653297
0.08479414
0.018743394
0.097347446
-0.07488333
0.005627696
-0.02429061
0.091924794
-0.06549491
0.027107393
0.039584387
0.056871835
0.020332199
0.11407732
0.02413087
-0.11694147
-0.058685664
0.038683306
-0.001425405
0.10753913
-0.03677326
-0.016147424
-0.05339749
-0.0065217195
0.047539886
-0.1510203
0.095413744
-0.039001197
0.020157114
-0.05897943
0.09005624
0.0044316323
0.08672753
-0.015193519
0.017602846
0.039005592
0.079269476
0.04629772
0.12489665
0.12814873
-0.06344149
0.005662568
-0.053821273
-0.069430366
-0.05997673
-0.027530644
-0.09888884
0.04894982
0.11532108
-0.06609693
0.09381953
0.0850447
0.107840024
-0.08591712
-0.007464159
-0.022105435
-0.047917087
-0.056206763
0.067921184
0.0024789642
0.12341332
-0.09039411
0.073727325
0.10473279
0.11165641
0.019054445
-0.08277963
0.024129158
0.075016126
0.045426063
-0.014212423
-0.042717807
-0.0317826
-0.027551519
-0.0831467
0.04231436
0.003189184
0.068843655
-0.04305279
0.07507277
0.0114539
-0.03782003
-0.07267647
0.038592428
-0.039888527
0.015855012
0.009632613
-0.11714273
0.10842904
-0.03434425
-0.109210365
0.045822244
0.013518835
0.12556241
0.066496946
-0.08030093
0.030230239
-0.10163288
0.11486891
0.10626406
0.07167364
-0.07215335
-0.08840556
-0.035958357
-0.028615963
0.09781949
-0.0015099335
0.1200344
-0.00020634776
-0.082376026
-0.043418076
0.117173135
0.09540481
-0.10655931
-0.09707476
-0.018271873
-0.0640893
0.009923928
0.05469263
-0.08638495
0.09383149
-0.09593559
0.102706335
0.042030614
0.0031881563
-0.07412286
-0.012806046
0.019522611
-0.0030785366
0.103062734
-0.035925567
-0.09079123
-0.026860459
0.1363139
-0.05644632
0.002543842
0.12116721
-0.07323008
0.10782206
0.101731665
-0.07710111
0.08767551
-0.01907467
0.14937091
0.14945506
0.066140875
0.06126968
-0.057373423
0.0752543
0.042824958
0.074732885
-0.059519563
-0.06398568
-0.2024848
0.1596931
0.10941457
-0.040464252
0.036145374
-0.070819825
-0.1296785
-0.0181548
0.029900331
-0.010796391
0.11382994
0.111218095
0.11001025
-0.015383193
0.037760276
0.084229164
0.03660452
0.04445182
0.034499567
0.13016859
0.010321481
0.11202127
0.038769685
0.042638358
0.033085585
-0.07292519
-0.04390977
0.031398673
-0.06687451
0.055974
-0.060156398
0.06479968
-0.09489335
-0.042502075
0.011401477
0.08478249
0.08082214
-0.091433235
0.06633919
0.019512374
0.026882969
-0.0844231
-0.016367067
-0.07453883
0.03676425
0.06612396
0.02545883
-0.053791843
0.1593293
0.09784484
-0.008406517
-0.01145239
0.00028032533
0.10715261
0.13449393
-0.05529493
-0.026581485
-0.053024057
-0.022841804
-0.09374133
0.06824051
-0.037132487
-0.11159933
0.020187218
-0.011438601
-0.13519907
-0.011213658
0.02590643
0.085492924
0.06740952
0.006741965
-0.07384699
0.05881369
-0.045874108
0.016464297
0.06329243
0.043037985
0.07990982
-0.032094147
0.04748593
-0.04348401
0.11697892
0.14194748
0.1121003
0.027419109
-0.0712768
-0.07506598
0.1296964
0.041778047
-0.08081592
0.05740781
0.053815216
-0.0749041
0.07269218
-0.1287108
0.047559917
0.09501877
-0.025115006
-0.09111207
0.046816852
-0.08604364
-0.051522665
0.10801089
0.027750975
0.11844563
0.033346903
0.121127136
0.043474074
0.07894444
0.011871514
0.02352753
0.044428114
-0.012092223
0.019255243
0.039634146
0.13069943
-0.070811816
0.010962961
-0.058768447
0.08656253
0.10168019
-0.04262939
0.13894242
-0.005516683
-0.07535242
0.016685747
0.10093118
0.015501555
-0.0646129
0.045178473
-0.13953298
0.06130855
0.071731746
0.05666942
0.07010303
0.08254325
-0.020044122
0.08657871
0.03927264
0.07057291
0.0053202882
0.113924086
0.02418286
-0.04552572
0.033421587
0.091803536
0.050155304
-0.022900011
-0.026216174
0.03936581
-0.0072501525
0.102199726
0.057625692
0.025676375
-0.042396184
-0.08801621
0.067058496
0.11708386
0.07296915
0.06051191
0.05925162
0.034998637
-0.032014582
-0.017759722
0.104121745
-0.08217103
-0.05226238
-0.025612071
0.01306627
0.0905374
0.111235075
-0.03651636
0.035699245
-0.044344533
-0.053382788
0.09679826
0.048528537
0.103980474
0.11757592
0.14501785
0.14567916
0.031039516
-0.050652176
-0.09175625
0.041638136
0.10642088
-0.06816505
0.099004865
0.0024805113
0.019238511
0.0860198
0.092219055
-0.0387704
0.00341719
0.06881009
-0.18111081
0.09984626
0.075235404
-0.07169164
0.006165232
0.11598687
0.12881435
0.17120236
0.003590727
-0.12925728
-0.16620766
0.09596501
0.025161572
-0.078842
0.102787316
-0.081769414
0.22395287
0.10574335
0.007198829
-0.026629295
-0.08506212
0.0363628
-0.12770785
-0.061626926
0.06727393
0.035596706
0.02969943
-0.020431204
0.14077055
-0.05282333
0.13061368
0.1282931
-0.06339045
0.0604281
0.027677337
0.05409412
0.15795714
-0.017991599
-0.11237906
-0.018059665
0.12574866
0.111996755
0.046356715
-0.049052283
0.040904023
0.016482234
0.07080992
0.21184407
-0.0002472711
-0.12324607
-0.006424039
0.042894483
0.1858413
0.084347725
0.021527937
0.07836093
0.062848456
0.020232346
-0.023198139
0.16417722
0.05658579
-0.0047027566
-0.114849135
-0.029315
-0.075723454
-0.009766207
0.11971773
0.012875894
0.11543467
-0.060428318
0.096039824
0.026573459
0.015510108
-0.16664545
0.11344674
0.004765454
0.061572652
-0.023575408
0.0048724217
0.10588507
0.08563831
0.1143308
-0.057735965
0.16263972
-0.14744699
0.048089754
0.048119944
-0.0547068
-0.033088952
0.00046687873
0.1199205
-0.11620801
-0.06323091
-0.050444473
-0.07956639
-0.032569237
-0.051099926
0.07261094
0.031245975
0.023247814
0.09434035
0.11017506
0.047458835
-0.0017844544
0.005388426
0.024744976
-0.11804042
-0.05023775
0.08423312
-0.09314303
0.024024434
0.06654488
0.10866008
0.0573193
-0.08143922
-0.0363818
-0.15462188
-0.049483053
-0.014394953
0.060972445
0.11318991
0.06550726
-0.053022116
-0.09744169
0.09859622
-0.07922622
-0.02712656
0.11020993
-0.057270065
0.066799544
-0.09832231
0.046429995
-0.08289298
-0.017121129
0.1267348
0.103858985
0.09905825
0.015347931
0.035424467
-0.02348895
0.03385355
0.09840012
0.0492922
0.03638833
-0.047182903
0.06887873
-0.020804457
-0.119728714
0.09384753
-0.028491909
0.05741084
0.021081803
-0.068225965
-0.16623905
-0.09842681
0.048775967
-0.056608878
0.10712616
-0.0051182476
0.11156248
-0.013554546
-0.11807619
0.0070343297
-0.07235573
0.08720329
-0.063343674
-0.056830455
0.064072266
0.06155468
-0.016509395
0.0077784597
-0.07187831
0.01020984
0.009520784
-0.019038139
-0.03467381
-0.030708937
-0.04335021
0.044937205
0.012945006
0.11679967
0.15111445
0.061574824
-0.061952807
-0.07153033
0.099487215
0.019946227
0.009175751
-0.024557108
-0.13970964
-0.053451303
-0.10846389
-0.082372725
0.18640599
0.09327002
0.10694066
-0.06184266
0.14348547
-0.042906813
-0.056851633
-0.030655786
-0.070147455
-0.040865887
0.048562422
0.08462802
-0.031775896
0.08987583
0.077729315
0.101413116
-0.041968286
-0.11492628
-0.09090161
0.086581804
0.09740493
-0.07753722
0.05809664
-0.05525005
-0.13087855
0.06933208
-0.03578055
0.12305625
0.027891576
-0.02238576
0.048315518
-0.13783377
0.14288566
0.07056832
0.04850273
0.04552266
-0.09077925
-0.030018318
-0.059930496
-0.0891499
0.06869858
0.018591069
-0.04891189
0.015643982
0.123603605
0.06066821
0.08455405
0.026767181
-0.0016139854
0.12392589
-0.0900212
0.022229731
0.09755817
0.0082564885
0.037841365
-0.12835734
0.007879182
-0.052039824
-0.004153902
-0.0111239515
0.020500466
0.106372446
0.1075351
-0.09246223
-0.0756366
0.15552463
0.106787294
0.025756072
-0.15354098
-0.09826139
0.045693856
-0.06283009
-0.12583177
0.15014875
-0.10540138
-0.2507803
-0.102330595
-0.055775896
0.13980387
0.01906497
-0.21200347
-0.1315201
-0.024915945
-0.09589287
0.015798658
0.06939501
-0.095949225
-0.2847252
-0.038531963
0.04265012
-0.027816493
-0.019300206
-0.030169005
0.0045202714
0.0060990015
0.00929077
-0.07107112
-0.10180633
0.20843522
0.33820602
-0.062384173
0.18553773
-0.012047913
-0.06522966
0.24941078
-0.033818334
0.064204216
-0.006442237
0.09217419
0.33486807
-0.009496983
0.08667206
-0.26271534
-0.03382083
0.06634075
0.19298798
-0.16071054
0.09237181
-0.28248903
0.2609214
0.30493635
0.059669286
-0.110914625
0.041756194
-0.079687536
-0.0117278015
-0.053093795
-0.0680617
0.058263298
-0.0647257
-0.14211093
0.039594524
0.3346195
0.12861903
0.046442576
0.045239583
-0.089533396
0.025770513
-0.012443913
0.12406321
0.048481762
0.077437185
-0.000227869
0.08562857
-0.08576649
-0.16832867
0.004668861
-0.015686953
0.15981022
0.019292742
0.074793406
-0.13153918
0.13389695
0.077808104
0.040763102
0.039938632
-0.10277087
0.1732559
-0.050943058
0.015609426
0.11751121
0.02215813
-0.1416745
0.079769105
-0.062048152
-0.022724722
0.18211131
0.14361078
-0.087508745
0.08564585
0.034838997
0.026372999
0.21979617
0.038736574
0.23112561
0.07409782
0.1881004
0.14927243
-0.052779723
0.23498896
-0.15211444
-0.11773485
-0.20115472
-0.0028302225
-0.2770661
-0.027598703
-0.09166814
-0.1324027
0.12768517
-0.17168222
-0.07535513
-0.24157602
0.06355044
0.04265896
-0.053026583
-0.04119967
-0.09774254
-0.065434076
0.11188405
0.0343747
-0.039579365
-0.10752627
0.048855968
0.11207562
0.11260447
0.055387374
0.037518553
-0.028760139
-0.17529757
-0.18111612
0.13221322
-0.05619906
-0.02842105
-0.31142676
0.039798792
0.0045775315
0.19592707
0.029359093
-0.027503347
0.07913285
-0.11232263
-0.23798504
0.11236595
0.140514
0.015000078
-0.09690468
-0.07530134
0.15534846
0.10348651
-0.10645712
0.17378281
0.06497519
0.1779644
0.04040797
-0.04298526
0.057374552
0.13878314
0.2886551
0.017211908
-0.021855084
-0.21308278
-0.29325593
-0.09409296
0.014576522
-0.018005498
0.23100537
0.15408175
0.2688187
0.08754283
-0.0394268
0.04746571
-0.046883903
-0.18399024
0.26272893
0.027663352
-0.070552714
0.048230153
0.016540503
-0.13607469
-0.36583978
-0.15453742
0.05783724
-0.13169275
-0.06275059
0.09631274
0.02723199
-0.13041703
0.048747066
0.044333957
-0.08057724
-0.06416812
0.023514811
0.09225085
-0.13310431
-0.16859797
0.066668116
-0.05018932
-0.099296525
0.16621953
0.059374586
-0.07075635
-0.064860195
-0.16075549
0.0030349628
0.016278332
0.06952578
0.02773267
-0.22615132
0.1187954
-0.17319535
-0.06572197
-0.046246056
0.0032423562
-0.09247938
-0.005917485
0.06272353
0.031451598
-0.13389416
0.03822408
-0.08434396
-0.04232572
-0.14316213
0.12474733
-0.026110547
-0.11697975
0.09138754
0.13852158
-0.00308929
0.034123797
-0.07601346
-0.013934271
-0.098867774
-0.06564615
0.102632694
-0.1411711
0.0022858316
0.011087719
-0.064514995
0.0049922564
0.11292689
-0.07694023
0.13641343
-0.05154102
-0.0031012702
-0.15140097
0.07872534
0.3065952
0.028798895
-0.06268203
0.20873976
-0.0787252
-0.1275678
0.11187603
0.12137371
0.14712872
0.0027935142
-0.030022256
0.064125374
0.02130449
0.06756222
-0.038746413
0.07045858
-0.009925868
0.13694774
-0.0639797
0.21012002
-0.11008234
-0.08446501
-0.0041929893
-0.00056111877
0.038978443
-0.10186385
-0.018524677
0.05691995
0.111818485
-0.045154102
0.36797893
0.11143471
0.009647715
-0.16183612
0.19223253
0.060126513
0.003074726
-0.111479774
-0.2781248
0.34974018
-0.034337282
-0.0050884504
0.089303814
-0.1751357
-0.16076459
-0.023861488
-0.00013451166
-0.11375075
-0.14110082
-0.025336549
0.22264254
0.012705506
-0.022997536
-0.12855494
-0.2184407
0.04575547
-0.084935434
0.05264241
-0.15503144
0.054278366
-0.10461068
-0.272346
0.16337204
0.20745477
0.1107908
0.024130268
-0.080137186
0.02532364
0.08917422
0.13060415
-0.008631117
-0.029940428
0.08424177
-0.14853208
-0.23823117
0.18946949
-0.0015138009
0.31983638
0.11496602
0.016989453
0.12226514
-0.005661177
-0.08103329
0.0582995
0.123620205
0.052694395
-0.15271415
0.2870526
0.21909885
-0.058522318
-0.03450969
-0.06090504
-0.0065886113
0.042993203
0.20050353
0.1321145
0.0048691495
0.029724218
0.114916876
0.11389502
-0.06835945
-0.037502095
0.17413831
-0.1785436
0.009167461
-0.22788578
-0.18751556
-0.12965876
0.077964395
0.081291646
-0.046793457
0.09569986
-0.00912376
-0.0017694683
-0.17156771
0.13493173
-0.027032936
0.051862307
0.16198376
0.110528365
0.0044085667
-0.0452249
0.12832342
-0.14704297
0.03398004
0.09312959
-0.064566284
-0.073766895
0.031263355
-0.02512341
0.14090621
-0.0386651
0.039208956
0.080172576
0.12682481
-0.0693905
0.031502787
-0.06606986
-0.07211814
0.048613023
-0.09453748
-0.14166707
-0.054375965
-0.1402634
-0.0392441
-0.0037657134
-0.0057622744
0.01206207
-0.14146623
0.08809077
0.084100075
0.124379024
0.11186044
-0.0723469
0.077177875
0.06310474
-0.011168871
0.1248145
0.0021773214
0.02490136
0.045129593
0.0764133
-0.084661216
-0.065154955
-0.07056203
0.07857605
-0.050778016
0.010257074
-0.015393696
0.0423724
-0.049638435
-0.103290275
0.03746579
0.0853979
0.073445104
-0.013904269
0.09949562
0.07777185
0.054161854
-0.05953148
0.027917722
-0.027487846
-0.12050673
0.11823692
0.019505693
0.06015548
0.05194565
-0.049249943
0.09712196
-0.102956064
-0.040880065
-0.10533814
-0.013034685
0.07510464
0.03692759
0.09909232
-0.17211062
-0.16035968
0.10251047
0.13826782
-0.03220221
-0.071695365
-0.029234244
0.15886542
0.009401789
-0.008789371
0.06269135
-0.045245074
-0.02536218
-0.034837294
-0.1536734
0.098039374
-0.03426022
-0.059270535
0.16503452
-0.039244693
0.08986446
-0.075726084
-0.09444712
0.09925884
0.11417575
0.071974546
0.013373122
0.1000724
0.06905589
0.044186145
-0.084171
-0.0754849
0.16405237
0.018313734
0.046095014
-0.11632928
0.04818196
-0.11131592
-0.02037345
0.12034826
-0.0236584
-0.15407296
0.05961587
0.104138784
-0.118866555
-0.10482159
-0.072395876
0.02598095
-0.026759407
-0.065726615
-0.03826158
0.13910693
0.1014441
0.083391525
-0.010768881
-0.007908823
0.051159475
-0.11924483
0.07157591
-0.03838029
-0.10187153
0.042575162
0.06367811
-0.06358634
0.09785785
-0.07890128
0.17179021
-0.07970612
-0.055792905
-0.012218482
0.050351065
0.08341806
-0.046686556
-0.0002913636
-0.059794415
0.1247694
-0.019319218
0.06954956
-0.067914054
-0.08688764
-0.085125305
0.07969464
0.107056834
0.052210864
0.08617715
0.016553096
0.024532601
0.023281045
-0.012352894
0.041698568
0.0744579
0.013563035
0.09402227
0.12202907
-0.03788549
-0.007367764
-0.09950788
0.03345696
-0.056242153
-0.0742316
0.105150945
-0.011534897
-0.036865752
-0.06905855
0.08431203
0.043358374
-0.015546366
0.091616355
0.015888626
0.02463584
0.016489737
-0.026452238
-0.032778334
0.022167863
0.003141558
0.08285805
0.01888633
0.072324336
-0.00952659
0.089202665
0.09025061
0.1083814
-0.045934
-0.012612368
0.11455244
0.027007388
0.027332708
0.11581807
-0.009819618
0.07760539
0.029658986
0.073762126
-0.09488796
-0.08231947
-0.025764573
0.0557236
0.11751251
-0.0026482812
0.05092395
0.02118844
0.07346277
-0.032616254
0.09167632
0.1140907
-0.09821701
0.09245409
-0.0007648853
0.10863957
0.03493333
-0.019600356
-0.06854008
0.021014435
-0.021669008
0.0075709834
0.0033709109
-0.09177156
0.030459743
0.06408976
0.08290753
-0.05999831
0.03694235
-0.049729142
-0.03413307
0.09719263
-0.024779418
-0.010393347
-0.09106022
0.048788387
0.043005932
0.01612317
0.012743395
-0.06655007
-0.039094195
-0.05524504
-0.043465927
-0.003508136
0.058334183
0.014691589
0.023689391
0.038408812
-0.020854717
-0.07676509
0.00042223616
-0.08549119
-0.0044627027
-0.06847231
0.12611331
0.04030232
0.033177294
0.06828108
0.029808296
-0.037193246
0.024000863
0.019326381
0.118140444
-0.040744197
-0.024763009
0.17098889
-0.022143189
-0.014548297
0.067468226
0.11203196
-0.13156356
-0.00039742785
-0.026042838
0.05840445
-0.088314906
0.026525293
0.09555089
-0.04109341
0.07424515
-0.047562893
-0.010262938
-0.015711617
-0.042265028
0.012453007
0.098820716
0.16517042
-0.051823735
-0.019370923
-0.07516654
-0.042571694
-0.07459246
0.11070925
0.11565422
-0.08072904
0.08962129
-0.015243537
0.13021971
-0.11235836
-0.05658657
0.07777046
0.050206117
0.14213797
0.028661693
-0.027345343
0.025232332
-0.03256872
0.17807677
0.09468923
0.11893053
-0.07719838
-0.047861516
0.029944073
0.036964845
0.015945407
0.0346883
0.11068705
-0.025143383
-0.052785885
-0.07453719
-0.10277893
0.025587687
-0.052517526
0.06937281
0.09855337
-0.086132646
-0.05719208
-0.008605676
0.07586699
-0.0809608
0.052796707
0.07889229
-0.059562944
0.09556251
-0.004010071
0.02918278
-0.044312995
0.11043163
0.057108905
0.09379963
0.0056516794
-0.018510768
0.085437596
-0.05850682
0.0012269506
0.05616663
-0.07808687
-0.012093773
0.042541534
0.02166772
-0.039746802
-0.034402873
-0.08019714
-0.051815346
-0.034122076
0.03466049
0.042058438
-0.10490745
-0.018293532
0.060213692
0.055159073
-0.021250956
-0.09326336
-0.08630164
-0.113856755
0.02679412
0.11209073
-0.09921959
0.100366816
0.09288116
0.037135683
0.09165392
0.13824344
-0.0014568298
-0.03647583
-0.075582765
0.09196596
0.008417878
-0.036325943
-0.0096602
0.032100905
-0.03578242
-0.014236189
0.13989028
0.13010383
0.065376855
-0.0026136239
-0.0289084
-0.108608134
0.06857288
0.09593247
0.10945526
-0.013072722
0.1604564
0.09507122
0.10483095
0.043548513
0.034613095
0.061544493
-0.09989037
-0.032141168
-0.03335716
-0.11382749
0.058850616
-0.09634327
-0.02741869
-0.07799596
-0.013055262
0.06681167
-0.042205982
0.055529583
-0.012520136
-0.07928501
-0.100962214
-0.063277215
-0.046710182
0.1759443
0.039236404
0.038753886
0.046355233
-0.037016995
0.041100804
0.055133164
0.08731064
-0.022093028
0.10469316
0.0872878
-0.02806206
0.10714326
0.07581502
0.16782883
0.08529401
0.1358762
-0.026748788
-0.15185043
-0.022559706
-0.063681826
-0.059985686
-0.049481448
0.09401459
0.13123225
0.012311664
0.11968541
-0.12335407
0.093782805
-0.080945544
-0.036823753
-0.08576793
0.04559842
0.06863708
-0.061758976
-0.051896553
0.08435695
0.046270967
0.009223704
-0.048117965
0.053031772
-0.026574334
0.031910248
0.010034442
-0.06465444
-0.06475373
-0.05868327
0.09870632
0.12785362
-0.049146358
-0.086652346
0.040068578
0.02325126
-0.16290894
0.07489464
0.017427465
-0.011917303
-0.06229596
-0.021511804
-0.042505007
0.054060724
0.09824356
-0.0066329516
0.011555475
0.059357274
-0.0520044
0.10976133
0.11515807
-0.0016000804
0.011047195
-0.14080302
-0.0041203294
-0.039522056
0.10250211
-0.08064646
0.13991855
0.08634504
-0.03875146
0.03291561
0.09240203
0.09748773
0.15843894
-0.050437804
0.050914668
-0.030252265
0.040155854
-0.019622274
0.06097658
-0.023282172
-0.021327674
-0.08138449
0.06002673
0.044191357
-0.042779453
0.05550837
0.0532744
-0.00094814296
0.07944127
-0.08159157
0.05484277
-0.08206562
-0.10044295
-0.14535199
0.0828208
-0.08773549
0.050945878
0.034111958
0.0061384053
-0.037449624
0.028766535
-0.0826465
0.018116023
0.113642395
0.0937883
-0.041397676
0.078287415
0.24662656
0.061172295
-0.031671565
-0.027396036
0.04934995
-0.08206452
0.14516023
-0.0408271
0.022511749
0.22906953
-0.014140038
0.10224921
-0.03984829
-0.04779197
0.11669164
0.018143179
-0.0026195715
0.0072040516
0.025664547
-0.07986084
0.11840158
0.13711394
0.028735146
0.053929124
0.10394792
0.02947506
0.13150047
0.07374247
0.034460135
-0.01995172
-0.03348297
-0.032882094
0.043580063
0.019704202
-0.046553828
-0.07258147
0.043900125
0.14343666
-0.036570907
-0.0018497022
0.028716762
0.21435508
0.0011514999
-0.011731057
0.031652685
0.011068564
-0.06895511
0.03096997
0.17778207
0.023461832
-0.13303229
0.01545451
0.05109827
0.034528114
0.031212997
-0.02389523
-0.05440242
0.11355631
-0.06429276
0.09261098
-0.1559771
0.12526812
-0.123295665
0.06600829
0.111100875
-0.060964745
-0.16658315
0.063530065
0.00047580095
0.041947264
-0.07094709
0.12959634
0.011345266
0.11939225
0.18484564
0.003929939
0.007438
0.1584444
0.080033794
-0.121604584
-0.02656153
0.00050532044
0.12286774
-0.05393357
0.029852642
-0.01680008
0.031200688
0.10092161
-0.09320303
0.037318822
-0.21579418
-0.07277875
0.10670428
0.08218181
-0.021677978
0.021570696
-0.106615156
0.084703535
-0.010396009
0.092225835
0.19324054
0.03265234
-0.10165773
-0.07934938
0.007201141
-0.007213624
0.077246554
0.119071096
0.08220082
-0.018679991
0.022659594
-0.05042244
-0.07362424
0.032135043
0.05221006
0.009868612
0.06473596
-0.048124753
0.053008344
-0.09507991
0.021828251
-0.03533879
0.020707138
0.018867154
-0.069873616
0.06394564
0.062386766
0.027741112
0.14024478
-0.10284104
-0.026297541
0.05739219
0.00032030145
-0.048949633
0.18073407
0.074609146
0.033137776
-0.11249498
-0.053036075
-0.13779348
0.08162301
-0.0668796
-0.04513226
0.065151855
0.0037314899
-0.040970135
-0.03589845
0.09223405
0.15632048
-0.018341724
0.11571189
0.04781473
0.13477427
-0.06126986
0.11431789
0.13346988
-0.07663167
-0.1340178
-0.019157238
0.11284536
-0.002603959
-0.101883575
-0.029971018
0.15346205
-0.06198936
0.064124584
-0.06769239
-0.06080991
-0.015875086
-0.03235517
-0.06322985
-0.010448434
0.08786081
0.021998169
-0.090365216
-0.036456127
-0.049615216
-0.1103492
0.053100646
-0.005799453
-0.02768837
-0.057522807
-0.103493065
0.0028249177
-0.044405546
-0.04193045
0.077459835
-0.04361672
0.056401707
-0.14951867
-0.037743438
-0.08343925
0.042525776
-0.15241247
0.042352356
0.122549735
0.03940077
-0.007885534
0.14179786
0.041148502
-0.0012909542
-0.17341073
-0.021017343
-0.11841995
-0.029558815
-0.057888817
0.09161303
-0.015767066
-0.03131041
0.08498197
-0.07939388
0.051614784
0.098418355
-0.11908085
0.10617324
0.065733
-0.060992118
-0.071410455
0.18406413
0.022706658
0.10515899
0.11281
-0.1529441
0.059704386
-0.12429852
-0.09739827
-0.12344588
0.15467402
-0.32703528
-0.19106206
0.04227546
-0.17283933
-0.08018351
0.13021946
0.1223168
0.28697398
0.111588486
-0.028181976
-0.06575511
-0.14850022
0.0637883
0.07573374
0.02040485
-0.09006187
-0.027944373
-0.07421679
-0.049081475
-0.18091893
0.20461044
0.04428841
-0.004340925
0.03223613
-0.1360391
-0.0053746114
-0.08261251
-0.024222108
-0.2736915
0.03323153
-0.028401045
0.05193151
-0.00032092404
-0.017058631
1.9525805e-06
-0.07613885
0.048411023
0.19624884
0.30207175
0.04457119
0.068242736
0.008945335
-0.20973721
0.29592207
0.020122755
0.32028306
0.06455652
0.25380442
0.21912365
-0.2668303
0.22282685
-0.22025406
-0.033684794
-0.21513787
0.117181554
-0.016941952
0.22080243
0.035239864
-0.19871593
-0.11617433
-0.0057202326
0.22897376
-0.10470295
-0.046502862
-0.004035631
0.23341537
-0.2366032
-0.08570953
-0.11208069
-0.19337094
0.088890344
-0.06409286
0.015322943
0.13622285
0.088317364
0.0660691
-0.04552193
-0.21458444
0.03249606
0.08415068
0.08418758
-0.03134912
0.042590752
0.055720437
0.0054437174
0.004339591
-0.135075
0.06664589
-0.16070333
0.18136539
0.025451835
0.27864137
0.11184608
-0.0065964307
0.20838185
-0.07840933
-0.016095133
0.078103386
0.2535001
0.17899948
0.14023425
-0.18946643
0.085297056
-0.16977537
-0.13054743
0.11126971
-0.0007592091
-0.029768668
-0.046833474
-0.21664768
-0.0009290183
0.03289222
-0.08091234
0.07380882
-0.04619091
0.095735595
0.11955255
-0.2528303
0.15955566
-0.014219822
0.26776165
-0.022690248
0.06408634
0.0033062098
0.04133616
-0.07358423
-0.17380969
0.02294591
0.11456993
-0.13474709
-0.046640642
0.044893466
-0.007081292
0.0954055
0.08669148
0.008742798
0.12076695
0.021862574
0.0071781534
0.12333762
0.024856038
-0.22409488
-0.023275428
0.09602823
0.034986146
-0.07046253
-0.070792906
-0.051082004
-0.12360052
-0.07054993
-0.12866706
-0.110043064
-0.17339414
-0.031166947
-0.108871296
0.14338349
0.025296008
-0.07437938
0.17821483
-0.17065777
-0.084613465
-0.0250811
0.079220645
-0.10952617
-0.022598986
-0.023610704
0.017642755
-0.120412745
-0.068974264
0.097315915
-0.05269835
-0.026174778
0.059458204
-0.17133054
-0.069413066
0.06299155
-0.030410519
0.0796018
-0.06406703
0.014257309
-0.0927661
-0.10017144
-0.043467224
0.03772553
0.19500682
-0.029535202
-0.19716392
0.10933042
-0.07269075
0.006624101
-0.08522862
0.03854465
0.08435022
-0.17334326
0.13536131
0.064799406
-0.014999646
-0.046668295
-0.15164761
0.0034040092
0.0042330115
0.09069956
0.02341255
-0.06651159
0.017540423
0.058162574
0.003510094
0.015471495
0.11356618
-0.05644646
-0.038375292
0.03747581
-0.18993624
-0.008362747
-0.0869256
-0.05094983
-0.09792447
-0.092114165
0.068785675
0.15619957
0.04466508
-0.22680114
0.17564115
-0.033988193
-0.01076406
-0.04678648
-0.17947222
-0.013295254
-0.18581896
0.053093378
-0.027860723
-0.040461533
-0.116963215
-0.2038986
0.024946766
-0.007085538
-0.14544305
0.1345895
0.03137277
-0.11202054
-0.018751249
-0.09887608
-0.034902565
-0.12291875
0.08069063
0.025601229
0.24881549
0.02512384
0.041269396
0.09173991
-0.08470862
-0.16829649
-0.09089256
0.0058181817
0.0443566
0.01855246
-0.11652209
0.05809701
0.19173676
-0.023226716
-0.036106903
0.062498048
0.024931788
0.07744483
-0.03553114
-0.04410647
-0.01311579
-0.14505842
0.22353202
-0.03109074
-0.054641556
-0.033704076
0.1711533
0.0848767
0.055212572
-0.14704598
-0.090997055
-0.06854688
0.043252204
-0.2606706
-0.028871479
-0.1168523
0.049452875
-0.1764031
0.14841785
0.08617042
-0.05104969
0.0016028277
-0.050338384
-0.017634477
-0.16498113
-0.09152474
-0.049884178
0.24144626
0.11602091
0.06114273
-0.052767873
-0.011016355
0.006167915
0.08803754
0.16183089
0.06290647
-0.06943963
-0.100101165
0.03693551
-0.058710836
-0.028781038
0.09403272
-0.16861726
-0.24514793
0.124311715
0.04754334
0.02379661
-0.047242593
0.016121441
-0.049638625
0.15134783
0.089971796
-0.08731045
0.0048048375
0.052204266
0.007680755
0.030933475
-0.05762824
-0.12582976
-0.20702504
-0.18949072
0.11507095
-0.08221527
-0.032969825
0.12534681
0.058459237
-0.033725906
0.06562495
0.114993855
-0.024598239
-0.0055896644
0.10230388
0.10550221
-0.15944469
0.17701557
0.17334622
0.021707272
0.042908892
0.002027238
0.10796887
0.08077148
0.08116389
0.12103506
-0.0669197
0.15771948
-0.10973513
0.1906053
0.1470679
0.17227805
0.10459567
-0.11493039
-0.05761903
0.08732575
-0.08320372
0.059525672
-0.044725306
-0.1657747
-0.040279116
0.0040642885
-0.15966809
0.03226426
0.02807098
-0.10824018
0.053499512
-0.057441503
-0.14225155
0.024885468
0.05700681
0.08104707
0.0098774135
0.025689846
0.15734161
0.17261489
-0.055509318
0.029538408
0.16526292
-0.015396478
0.09043763
-0.11163731
-0.04711239
-0.008097699
-0.001796353
0.08557498
-0.058039527
0.06233073
0.14732732
0.033170916
0.06303507
-0.068509474
0.11762073
0.12923951
0.07882264
0.05580475
0.13488431
0.101577364
0.1319953
-0.005437106
-0.016944828
0.025289878
-0.12426567
-0.053350985
0.059447385
-0.17490709
0.11018579
-0.11941111
-0.037428934
-0.060416255
-0.07632009
0.02463516
-0.02166232
-0.10107717
-0.01850935
-0.038823403
-0.08071245
-0.07752302
-0.010807403
0.074466035
-0.029927848
-0.016615326
-0.030245468
-0.16419318
0.0818037
-0.01878013
-0.053081494
0.07320727
-0.028310893
0.10528696
-0.07426888
0.04104572
0.04315362
0.053106617
-0.050590623
-0.045243442
0.10414455
0.027205046
-0.09018443
0.03999043
0.017987326
-0.028698618
0.11667961
-0.03954788
0.14183192
0.09253668
0.05373955
-0.063292496
0.04163573
-0.0050418666
-0.08975346
-0.12218011
0.0934518
-0.10656365
0.07419759
0.0034983207
-0.026846804
0.06827699
0.12803765
0.0692117
0.008177957
0.03932723
0.10393823
-0.111690596
-0.0073703253
0.04219172
0.04595595
-0.07125562
0.16280761
-0.048661955
-0.008253687
0.07391119
-0.036666483
-0.09524402
-0.050606452
0.0027940706
-0.008769955
0.065490656
0.15398926
-0.0440521
0.03267316
-0.0005223042
-0.08327689
0.123813435
0.106042705
0.101556756
-0.066182226
0.004806313
-0.020873806
0.097246565
0.114846714
-0.0968015
-0.12598114
0.11421769
-0.012874892
-0.04621725
0.025074031
-0.020145983
0.035550706
-0.001222088
0.068030335
0.015048652
0.026785942
0.028040677
-0.0037386827
-0.062420286
0.08868043
-0.021297323
-0.12583333
-0.04808228
-0.069294624
0.080301605
-0.08178565
0.0750641
-0.06500026
-0.07753567
-0.07923121
0.10749091
-0.055157866
-0.059854746
0.09658336
0.07331861
-0.010280359
-0.06060947
0.09370266
0.0086683845
-0.0957878
0.075441085
0.06820919
0.117721215
-0.021516342
-0.03365808
0.078049995
-0.020594196
0.1006413
-0.11108524
0.06856948
0.0862203
-0.025412193
-0.0054029357
0.08547074
-0.030545121
0.062025458
-0.12332266
-0.019402787
0.045675255
0.05464957
0.14031877
0.1257079
-0.0061045256
0.008549378
0.12756148
-0.033173855
0.032560464
0.030253798
0.07464402
0.020037891
0.023631178
0.052339453
-0.040230513
0.09092987
0.058330502
-0.061701488
0.10185969
0.035214704
-0.051181074
-0.08169132
0.070355386
-0.029467298
-0.0902906
0.06160461
0.042263802
0.09629195
0.012726185
0.05529783
0.053869024
-0.12119555
0.09904143
-0.05476961
0.04377582
0.054617316
-0.07051146
0.015160625
0.11595304
-0.028525598
0.034234077
0.09278344
0.10720903
0.086413145
0.09727553
0.010884355
0.056756575
0.07148957
0.06892807
-0.03274728
-0.07187483
0.03921823
0.12633719
-0.048804544
0.088331364
0.032295283
-0.07273882
0.051940445
0.040707532
0.09390317
-0.08128896
0.03190961
0.07958864
0.11659063
0.08200573
-0.013576985
-0.010182731
0.06797036
-0.033503514
0.022841241
0.09441832
0.04394996
-0.060705554
-0.033931002
0.15745245
-0.04437782
0.02436907
0.09116086
0.037814207
0.047914732
-0.00850783
-0.0986878
0.002122846
0.11506355
0.13311596
-0.0071439757
0.008921916
0.08374963
-0.1290592
-0.09853398
-0.030830506
0.10737432
0.116231695
0.062567554
-0.021365125
-0.08802167
-0.052604742
0.16141403
0.02940931
-0.036818657
0.0046953154
0.02401737
0.02489486
0.07536455
-0.003657651
0.09087107
0.0182695
-0.054762404
0.041338477
-0.095272705
0.1228699
-0.100091875
0.07751424
-0.041037984
-0.00064886664
0.043507252
0.11544882
0.051934857
0.07678721
0.008664982
-0.040741503
-0.07907418
0.08254719
0.051524214
0.04162522
0.027316168
0.035390485
0.079652466
-0.06316838
-0.03968976
0.028587481
-0.014948165
-0.026631266
-0.019638946
0.06500972
0.13762926
0.081027575
-0.025331551
-0.10683666
0.07313576
-0.098772354
-0.05707095
0.017051794
-0.07372156
0.0327174
0.0487535
0.12809114
-0.104385674
0.04745894
-0.038969707
-0.06719523
-0.028698722
0.0704419
0.03255742
0.12019203
-0.02219209
0.04672373
0.056235526
-0.0848845
-0.010971572
-0.1328787
0.016594507
-0.017522333
0.15349907
0.040234953
0.029187493
0.04842598
0.06990679
0.12468633
0.08171632
0.11715015
-0.023195112
0.07334551
-0.105858974
-0.009532716
0.010377275
0.052448854
-0.08550473
0.026732592
-0.06975898
0.03398603
-0.049261246
-0.13028915
0.10642222
0.06834632
-0.08323357
-0.0015149255
-0.043515857
-0.057705946
0.03323463
0.08293816
-0.01718502
-0.100448154
-0.03240359
0.058968138
-0.023881823
-0.06424714
0.015594105
0.12911029
0.080674864
0.115786865
0.011523405
-0.1104841
-0.03380397
-0.024499105
-0.07711234
-0.04253392
0.042023763
-0.07011817
-0.05538246
0.04910545
-0.050452176
0.0015162269
-0.10194829
0.12927465
0.0054712137
0.0107842265
0.11774043
0.12142694
0.006978778
0.14871958
0.091593705
0.042496864
0.016874103
0.059126727
-0.039301462
-0.033091355
0.13191801
-0.054049127
-0.058833297
-0.105164506
0.07199562
0.023601154
0.10235036
-0.088987954
-0.087465145
-0.05855646
0.077887855
-0.03174743
0.12106163
0.0998146
0.07941599
-0.013120291
0.024981359
-0.029693507
0.10059969
-0.027734226
0.0012034182
0.10284412
0.08100041
-0.020232605
0.0023598296
-0.08945767
-0.112330385
-0.060101274
-0.014660558
-0.11172799
0.051787704
0.068341374
-0.083939105
-0.012466819
-0.046399873
0.03956249
-0.045640863
-0.04202515
-0.0046207556
0.07845564
-0.0720144
0.15895623
0.13918667
0.034724113
-0.048624177
0.040875833
-0.0652846
0.07235594
0.07976232
0.090734065
-0.08498066
0.0344572
-0.029484298
-0.08536222
-0.05945138
0.10667406
0.0049753576
-0.022635458
-0.003360838
-0.05337283
0.03824637
0.04658189
-0.016537102
-0.05098071
0.13806453
0.124309875
-0.1196184
-0.07002884
-0.02980985
0.11206578
-0.008640267
-0.0059699616
-0.061350007
-0.039564457
-0.09671027
0.10822882
0.05339956
-0.02247905
0.0051663835
0.019574799
-0.032664295
0.12025013
-0.036643226
0.11460024
-0.074960716
-0.014873048
0.039402574
0.07271907
-0.09089573
-0.0051757116
-0.029844614
-0.022308186
0.016895575
0.11108863
0.03773826
0.028225359
0.0954688
0.08150626
0.09696639
-0.018219601
0.07321616
-0.12346841
-0.042095404
-0.086890854
0.047712497
-0.060353078
0.09271399
0.07852281
0.08760529
-0.0005552497
-0.08525949
0.024856206
0.018817
0.017987134
-0.102900475
0.10229541
0.13458669
-0.054843
0.012481889
0.06782043
-0.12988758
-0.07525095
0.020793207
-0.022161
0.08340594
0.13475122
0.11433554
0.014905351
0.055963796
0.089440905
0.072025225
-0.0007774396
0.10470013
0.023333415
-0.15553838
-0.055197623
-0.0011380038
0.02751841
0.09417533
0.18564825
0.009028457
0.060137484
-0.1352784
-0.0063536437
-0.027703546
0.12682402
-0.15368094
-0.12796
0.11916387
0.1725339
-0.05652674
0.07787222
-0.113488056
0.18901306
0.06695257
-0.04292616
0.16674864
0.042754058
-0.038040765
0.011461522
0.17323317
0.17902382
0.037522808
-0.007893888
-0.13483173
0.18031356
-0.039561655
0.058773343
-0.03126225
0.218096
0.1994636
0.12315443
0.14135978
-0.017531589
0.01897135
-0.021319414
0.11848833
-0.07227475
-0.10036779
-0.11942403
0.10097087
-0.006745935
-0.011865244
-0.10464116
0.15223859
-0.12915295
0.067127466
-0.05152488
-0.12791304
-0.14311795
-0.0459843
0.037947893
0.0031215139
0.13880482
0.09745186
-0.023684854
0.0030472607
0.13467582
-0.021927653
0.035545066
-0.05158142
-0.13837747
0.050914902
0.15062676
-0.08595084
0.15259147
0.062379837
0.060642768
0.20036854
0.043648202
-0.00021988021
0.060067218
0.10282367
0.06403397
-0.20184842
-0.005402496
0.009000702
0.025472553
0.028123956
0.014862502
-0.022362703
-0.057362333
0.1714302
-0.0042194524
0.009228722
0.05806017
0.10301838
-0.08353868
0.031895157
-0.15331052
-0.14574246
0.0801834
-0.044367965
0.12897915
0.089889936
-0.08648443
-0.05888398
-0.12395948
-0.1273152
0.0071416213
0.079558186
0.05870145
0.041102566
0.013343196
-0.13039161
0.08058633
-0.09457068
0.056016795
-0.0071685365
0.12746926
-0.04249112
0.0062683583
0.04776661
0.13254263
0.01629767
-0.043606304
0.051696256
-0.0010828163
0.052514214
0.032097857
-0.045320384
-0.0013614993
-0.0049975715
0.06310224
-0.036010876
0.007528178
0.08544314
-0.13075978
-0.13903898
0.021008343
0.01693709
0.0670038
-0.02986717
0.0453337
-0.011615103
0.1105661
-0.009405128
0.014855142
0.12206367
-0.10726067
-0.08606137
-0.057597563
0.06419656
-1.6167263e-05
0.03819172
0.00046754893
-0.061002616
0.03034833
-0.05563639
0.19180898
-0.111242175
-0.05792629
-0.08740057
-0.055703904
-0.100148626
0.014188578
-0.06312307
0.0399694
0.059929043
0.08377144
-0.053457938
-0.033286706
-0.04464049
0.038651515
-0.0011028546
-0.028264029
0.08506061
-0.069672175
-0.06884738
0.011464143
-0.009773649
0.021671494
0.019564848
0.050618753
0.036313526
-0.034511436
-0.1098417
0.080400705
-0.010425316
0.1182725
-0.08151095
0.0008246112
-0.05399776
0.18267138
0.17444488
0.04326728
-0.06982192
0.066108294
0.04638976
0.038705315
0.14559789
0.01604811
0.07362125
0.08160948
-0.022616906
0.083963364
-0.0010147523
-0.07109894
0.008327548
-0.045435395
0.052238747
-0.04407436
-0.12754706
-0.02881092
0.0461941
0.03621202
0.05217158
-0.035946347
0.02012695
0.110729784
0.09106969
0.105538644
0.0781022
-0.060321856
-0.043570027
0.01552256
0.016675731
0.0779282
-0.022015901
0.15797971
0.014044361
0.043393753
0.11770276
0.13171436
-0.0317479
0.029176101
-0.015691733
0.09365315
-0.020939372
0.12131379
-0.087702915
0.08553921
-0.043945644
-0.0014848015
-0.08108973
0.03985895
-0.041377876
0.14791834
-0.041009925
0.16194618
-0.28832915
0.20080969
0.31526014
-0.15075235
-0.11574874
-0.010973184
-0.036340587
-0.07837606
-0.03766088
0.16429564
0.19662324
0.01941633
0.0357188
0.12265025
-0.12398811
-0.089093894
-0.09785741
-0.12543492
-0.118324645
0.13481203
0.08594583
-0.021943402
-0.06258047
-0.027441693
-0.03451768
-0.2572021
0.27174228
-0.0586673
0.03082952
-0.05018927
-0.220815
-0.09111797
0.075264685
-0.18524428
0.24647108
0.3348842
-0.24197309
0.06946309
0.09371494
0.25507253
0.06805839
0.17357625
0.0010208867
-0.058183182
0.21441554
-0.009786789
0.10478749
0.04314519
-0.1194581
0.038995482
0.015912134
0.00066009985
-0.08885306
0.1246172
-0.01465508
-0.1310741
0.20211941
0.013842567
-0.18023658
0.14364612
0.18756597
-0.089006834
-0.09318889
-0.05230175
0.10597768
-0.103542365
-0.17146502
0.06770244
0.22229125
0.12460813
0.041465756
0.124372505
0.12139666
0.06383355
-0.25836527
0.058410354
-0.096349455
-0.1472919
-0.12678407
0.045321815
0.0067528724
-0.20385316
-0.17135088
-0.11480872
0.13357998
-0.08303598
-0.2442103
-0.12248729
0.39698622
-0.053735133
0.083573334
0.13784432
-0.21324193
0.26141116
-0.39307916
-0.06159015
0.07774515
0.03227473
-0.2481397
0.11774067
0.20780405
-0.122859545
-0.19957684
-0.004571587
0.0032683432
-0.10131236
0.08102306
-0.08758524
-0.16802825
0.038124606
0.088155456
0.31132644
0.30927312
0.21671617
-0.10268541
0.25387836
-0.08248294
0.21153077
-0.24935722
0.28235626
0.3543275
0.015025998
0.2828324
0.029024659
-0.10553176
0.02566413
-0.024564011
-0.063046426
0.07465752
-0.006863357
-0.055462983
-0.10731428
-0.034962267
-0.08794249
0.0765073
-0.0537372
0.09764887
0.07676822
-0.041977227
-0.0753858
-0.064207576
0.00036650355
-0.08507626
0.024134994
-0.064987846
0.061595723
-0.067096576
-0.1686539
-0.006750412
-0.012604641
0.032018576
-0.09252297
0.15838486
-0.14919284
0.024129769
0.11066054
-0.0062351837
-0.16496183
0.016418554
0.115312554
-0.034970626
-0.07093337
-0.004061652
-0.00025403674
0.089174636
-0.00062625116
-0.046479777
-0.013014607
-0.052025225
-0.12671626
0.044154897
0.020543078
0.01584973
0.09299406
-0.101421855
0.09545408
-0.04562673
-0.14852382
-0.0943378
-0.0021669795
0.061833445
-0.059810128
-0.15730537
-0.13821062
0.072669856
-0.045610275
-0.08969482
0.034495454
0.12635064
0.06476477
-0.08131355
-0.07917144
-0.030413194
-0.01215056
-0.027654365
-0.07967272
0.000387005
0.12024771
-0.2334281
-0.077252604
0.12655072
0.1615945
0.03723994
-0.007961479
-0.05846486
0.07500034
-0.10474448
-0.003840667
0.008453417
0.006728166
-0.0014256423
0.098116964
-0.06498197
0.13658193
-0.12201367
-0.061732467
-0.08705132
0.024988005
-0.08190799
0.09537549
0.07416137
0.021482363
0.13073803
-0.15143064
0.08904349
0.017011289
-0.014414252
-0.058463164
0.05074085
-0.14299206
-0.050857812
0.12794277
-0.08421376
-0.113320425
0.018756628
0.029696217
0.09635696
0.18025476
-0.040500112
0.008628334
-0.027606081
0.06347124
0.06941892
0.05239264
-0.043919448
-0.17312986
0.090633735
0.12348799
-0.020823866
-0.057543885
0.04907232
0.12800266
-0.060346503
0.1299759
-0.109245084
-0.12028773
-0.0020002823
0.118650705
0.06714172
0.07751071
0.009406087
-0.057089176
0.15410942
0.07491578
0.07947227
0.08265626
-0.027816754
0.008244262
0.13156803
-0.050863724
0.021746458
0.07810118
-0.09181387
-0.2713343
0.010936019
-0.087631315
-0.074295625
0.18231402
0.01861114
-0.02064766
0.06354476
0.11548881
-0.023019321
-0.05642609
-0.11531582
-0.044109244
0.035380904
-0.073156714
-0.0269129
-0.06586715
0.050501384
0.12921606
0.10464345
0.13363333
-0.06714731
-0.20160119
0.16149342
-0.034227327
-0.03194952
0.036250316
-0.10756704
0.2720038
0.08337558
-0.041215833
0.059284512
-0.108274005
-0.020069806
-0.14462274
0.09513682
-0.20956732
-0.2901966
-0.084947236
0.13563171
-0.021804344
-0.009022047
-0.080012046
-0.052140065
-0.0753984
-0.09213081
0.045629185
-0.16226535
-0.1360889
-0.10968841
-0.087294616
0.2950006
0.13928178
0.022105878
-0.014702822
-0.052881785
-0.05735223
0.11083472
0.1907335
-0.0269527
-0.08684079
0.13200752
-0.038198594
-0.32553312
0.22187157
-0.037774436
0.0391406
0.12544242
0.039743617
-0.13247254
0.10235957
0.028329607
0.18407395
-0.16053027
0.04920882
0.07195506
0.082843825
-0.016163534
0.112744674
0.0018577324
-0.053908594
0.12522505
-0.014414375
0.13628073
-0.04173531
0.11335336
0.025129417
0.023389252
-0.03980987
0.046409115
0.014366524
0.19484991
-0.06009692
0.0383506
0.012360567
-0.21252117
-0.15418833
0.14455841
0.12204053
0.010577959
0.01894397
0.017118989
0.1792008
-0.24496426
0.13667944
-0.11847478
0.111144766
-0.054906435
0.061292723
0.08640818
-0.08534751
0.01846354
0.027819723
-0.018476076
-0.10008214
0.030980038
-0.10641249
-0.08465382
0.08738303
0.07738854
-0.04313887
-0.103186846
0.10691031
-0.00814227
0.009895073
-0.04644653
0.19855988
-0.005000689
-0.115282774
0.07271892
-0.15249915
0.011770419
0.100221425
-0.07175072
0.0778863
-0.056097746
-0.070619725
-0.036174104
0.045162454
-0.10642831
-0.121287994
-0.026888564
0.05338979
-0.022415204
-0.07376674
-0.12901103
-0.052161034
-0.12547445
0.053547956
-0.023410691
0.10097282
0.0700077
-0.01057484
0.110363305
-0.052846726
0.057890166
-0.032132413
0.021797698
-0.013714332
-0.02143231
0.03582734
-0.0634795
-0.07088399
0.08583507
-0.057718523
-0.12919241
0.041585445
-0.06939807
0.0587445
-0.04365699
-0.053520396
0.042185694
0.101027116
0.20815295
0.015402883
0.07679785
0.08203502
0.05550361
-0.014004333
0.12539323
0.08239192
0.03324707
0.053280495
0.04201393
0.0009441854
-0.09596001
0.049435474
-0.095652886
-0.0515329
0.17553584
-0.06621749
-0.05200593
0.16840504
0.07328876
0.115321584
-0.04417046
-0.043688137
-0.033029124
-0.08113598
0.06197201
-0.020828506
-0.014739743
-0.094303325
0.18286845
-0.035364363
-0.03403922
-0.09047748
-0.017053839
-0.029807234
0.15675005
0.021695722
0.04090259
-0.09112163
-0.042493
0.023621127
0.075331934
-0.02321606
-0.049317427
0.009096703
0.12485405
0.19213344
-0.047870643
-0.00884775
0.022659183
0.06595736
0.17172271
0.0038610937
-0.066684484
0.06484848
-0.0074390145
0.08934178
-0.054989938
0.033585593
-0.00021436975
-0.017471375
-0.103019774
0.043740276
0.0394654
0.040280122
-0.04704813
0.06637161
0.09726178
-0.009555031
-0.095882826
-0.045751017
-0.0019793978
-0.07334386
0.021363046
-0.017857
0.057562217
0.0050178627
0.119647056
-0.023596467
0.011432498
0.0076551572
-0.07345214
0.036608122
0.016301926
-0.0056846137
-0.0010309996
0.07733828
-0.044311486
-0.06641571
0.050396517
0.12043323
-0.05186251
0.04349979
0.004528829
0.06580542
0.06257415
0.011298172
-0.13057233
-0.039134137
0.0694799
-0.02830224
0.08859881
0.03721477
-0.124015525
-0.05848959
-0.093041286
0.07597993
0.11434691
-0.11309773
0.06457145
-0.059182275
-0.027211025
0.11005552
-0.08080295
0.051009536
0.08809392
-0.043669097
0.041655913
0.053309865
0.12157153
-0.0766062
0.0054992004
-0.07701766
0.02316571
0.09928848
0.13499507
-0.01845914
0.09266949
-0.06702088
-0.061089337
-0.054071225
-0.06551559
-0.051015858
0.12318097
-0.081491604
-0.09957337
0.03131473
-0.011781948
-0.033962958
-0.008908862
0.028040046
-0.01859486
-0.096962
0.061158806
-0.07636992
0.006236181
-0.0063458206
0.0023819627
0.11081645
-0.05078163
0.13805304
-0.07570924
-0.068114266
-0.077140346
0.030579468
-0.09769943
-0.0559454
-0.03664576
-0.038099416
0.0032736307
0.033045474
-0.071893744
-0.05674782
0.10774139
-0.04302527
0.04180298
0.021568455
0.12686773
-0.0022465752
-0.037900865
-0.040535912
-0.0001596745
0.09882663
0.047862086
-0.0027782514
0.060149368
0.052297443
0.020096615
-0.042166006
-0.041788474
-0.09669232
0.025581295
-0.01432794
-0.06339555
-0.022275973
0.07632766
-0.083468236
0.13160196
-0.04269185
-0.017974189
-0.017437408
-0.033436973
-0.0064723515
-0.05009427
0.12597126
-0.051650982
0.032595254
0.14190407
0.00879036
0.029435577
0.033559732
-0.029298358
-0.101250105
-0.019000936
0.06560147
-0.0143996645
-0.08103599
0.074309826
0.13492048
0.10984948
0.021991508
-0.042221427
-0.0897377
0.050641038
-0.09151986
-0.10222912
0.0023162554
0.086092435
0.07308522
-0.059435267
0.11663764
0.14885908
0.00059710845
0.04375889
0.10575117
-0.04777904
0.071859986
-0.023209605
0.0193232
0.12455964
0.00083552883
0.004953143
-0.10787605
-0.001155131
-0.09029283
0.103986
0.09252129
-0.099190705
-0.063453704
0.020954225
0.026590921
0.11702069
0.091281444
0.019620372
0.047574688
0.10721264
0.03738717
-0.07147468
0.055411424
0.17060211
0.099723496
-0.05168252
0.08390441
-0.08845746
-0.046134
0.071010955
0.01753914
-0.02625257
0.05301617
6.249073e-05
0.105626285
0.012387867
-0.054606043
-0.038641732
-0.09333817
0.08268594
-0.10787198
0.03275263
-0.012921148
0.16368403
-0.059940685
0.07227862
0.0013424861
-0.06111515
0.032936536
0.11888776
-0.07119566
-0.25396788
0.0145718865
-0.08752695
0.12460286
0.07695675
0.049704164
-0.10602247
-0.0007241428
0.102596976
-0.101493105
0.017273657
-0.076450974
0.0033157517
0.043790616
-0.053349268
0.028984629
0.012187948
-0.12191077
0.1232925
0.12231794
-0.013933222
0.05838642
-0.0972567
0.04583838
0.053652726
-0.041778546
0.07384985
-0.014621886
0.08805577
0.04988755
0.04127012
-0.06655172
-0.00070004165
0.093614
0.13302912
0.005704225
0.05381107
0.05464357
0.012540453
0.051234953
-0.13934338
-0.07158323
0.026742551
0.01087795
0.026533825
0.13392098
0.054340534
0.09166008
0.15718465
-0.029094158
0.015322688
0.07560407
-0.15266438
-0.18627106
0.13320306
0.09449315
0.09660945
0.02197057
0.043463916
0.06909881
0.074425444
-0.048741423
-0.094416045
0.02160047
0.13857606
-0.0016451769
0.061473344
-0.115139596
-0.036751203
0.10985355
0.025644967
0.010547856
-0.04538152
0.07465474
0.008942453
-0.1202274
0.057481702
-0.09208851
-0.001874686
-0.056773886
0.062804
0.1142171
0.06144194
-0.050012898
-0.08922702
-0.09162691
0.07911907
0.028576015
-0.025014492
0.031471983
0.021771375
0.034665167
0.09891235
-0.055747047
0.03835505
0.13818792
0.02511313
0.102843486
0.121667325
0.07528071
0.12788121
0.09140402
-0.081348956
-0.022876661
-0.0018463316
0.1078191
-0.1432046
0.0024543265
0.0034501401
-0.083702445
-0.12677188
0.06409403
0.022805054
-0.07263017
-0.016683774
0.0534282
-0.18685193
-0.02794818
0.016887344
0.16971795
-0.110888615
-0.012416676
-0.11604346
-0.12765391
0.008061893
0.030207023
-0.010642868
0.09722669
-0.12955417
0.100079164
0.04165021
-0.014967113
-0.11322519
-0.0024798515
-0.17696477
-0.0070120073
-0.124513365
-0.007681055
-0.020641444
0.0036352426
0.0069122487
0.15870346
-0.030745346
-0.0440219
0.06978362
0.15938099
-0.05429395
0.065729275
0.0785252
-0.098589115
-0.10886161
-0.07993907
-0.054353
0.12718534
0.060051423
0.022885842
0.120778695
-0.12400999
-0.036033504
-0.11289088
0.021894798
0.048566397
0.111393996
0.12472381
0.049565636
-0.06698828
0.006546279
-0.06179076
-0.09299487
0.03144613
-0.015195866
-0.056346428
-0.12309184
0.02303638
0.059641976
0.121929355
0.0035202727
0.061120745
-0.03357862
0.12085893
0.004511328
0.2178774
0.041072052
-0.08331821
0.107339054
-0.005203496
-0.016252194
0.15627155
0.06411774
0.04803801
0.14395742
-0.07898236
-0.23181109
0.0032982123
-0.060328364
0.13173988
0.14937165
0.095506
-0.09457232
0.07412971
0.13684124
0.12859285
-0.029925205
-0.10052066
0.0003295099
-0.13141568
0.14403088
0.10643398
0.11653192
0.05630388
-0.024649171
-0.0975204
-0.08191772
0.002657815
0.050582793
0.04370871
-0.02951171
0.10563751
0.16393699
0.07080668
0.020911543
-0.012774769
0.07286315
-0.100178465
0.06219128
0.022020878
-0.11032654
-0.037011646
0.11028062
-0.056760695
-0.08767336
-0.09256158
0.019826176
-0.044424973
0.15122366
-0.069114015
0.04163586
0.039361615
0.02228455
0.04770429
-0.008418787
-0.0012779086
-0.018240225
0.04441782
0.039136738
0.043852314
0.11938364
0.08735919
0.10571121
-0.099925645
-0.014417758
0.08527359
-0.07970773
-0.031312037
-0.016871346
0.08469544
-0.07965246
0.038394783
-0.011411543
0.023709422
0.038468406
0.013737868
-0.07417682
0.058650333
-0.058897223
0.06748334
0.07388998
0.16875668
-0.0675149
-0.04528314
0.0019376876
0.001905654
0.30212685
-0.020199426
0.14673916
-0.13530746
0.067403704
0.027496979
-0.03181248
0.037108608
0.1092578
0.09197012
-0.0599815
0.086394735
-0.005145018
-0.17845513
0.066800214
-0.053436816
0.04664994
0.16587885
-0.03461374
0.14366361
-0.13384593
0.16785362
0.1164394
0.028269565
-0.16130221
-0.07537733
-0.0016921838
-0.114994824
0.07595692
-0.016926415
-0.0029947048
-0.014940897
-0.07870528
-0.0598321
-0.0060094534
0.030952446
0.100073166
0.007690471
0.015009144
-0.034990665
0.03381342
-0.010696636
-0.093131684
0.010917672
0.07706687
0.037659366
0.044966303
0.15148014
-0.01965965
-0.14249605
0.0046208673
0.07000196
0.10705691
0.0053286366
-0.121247545
-0.036741294
-0.09964005
-0.04733389
0.0626169
-0.09373574
0.045917552
0.032845836
-0.16164227
0.07143764
-0.0021218704
-0.013595591
0.12410946
-0.082285844
-0.042794634
-0.053916186
-0.054309655
0.012968855
0.0060192533
-0.08428781
0.043299478
0.031681404
0.04037345
0.016147435
-0.120531365
0.0747759
-0.006041797
0.018424513
0.07380297
0.12288302
0.024899155
-0.015798517
0.02358757
0.008451436
-0.09045022
0.15054388
-0.10296223
0.03228074
-0.020748794
0.034170665
0.04137439
0.07476697
-0.033600252
0.049458597
-0.016093684
0.09076985
0.01648777
0.08499919
-0.05424154
-0.011133517
0.10138982
0.09711181
-0.034539893
-0.04551555
0.11948664
0.0083061475
-0.10542871
0.06875853
-0.16106927
-0.1619368
0.017325949
-0.018308634
-0.082114585
0.09319412
-0.004686522
-0.058757212
-0.09053174
0.07241993
0.15940091
-0.12029847
-0.028002936
0.04168131
-0.10846118
0.032541636
-0.033140216
0.13476504
-0.011640894
-0.012817763
-0.12776098
-0.017506871
-0.13362812
0.08652748
0.007812982
0.045074906
0.119961984
-0.018369075
-0.004405398
0.05266583
0.061288472
0.13172801
-0.026067149
-0.02536866
0.008180187
-0.0834221
-0.06886459
-0.0067781587
0.022881402
0.11505928
0.107986085
-0.12986068
0.0339787
0.04014235
0.09344437
0.027742287
-0.06971348
0.061586604
0.1444438
0.11379354
0.076202266
0.006101597
-0.24794173
0.0647797
-0.24922729
-0.17329825
0.030272756
-0.23371798
-0.082673155
-0.111087516
-0.11536333
0.12708218
0.26392117
0.09743872
0.085559726
-0.21977718
0.029548703
0.017585602
-0.09551294
-0.022551473
0.062338214
0.07005314
0.17686772
0.034016397
0.03178616
0.2606703
-0.09685939
-0.082447916
-0.052537702
0.06830525
-0.11538637
0.13661028
-0.014757587
0.05585561
0.093343325
-0.24515821
0.07938146
0.16854025
0.22305177
-0.029972946
-0.28184813
-0.06664941
-0.15641807
0.14539109
-0.10996456
-0.0801428
-0.022567332
-0.04932376
-0.22342208
-0.1408201
-0.016585255
-0.24149796
0.2661601
-0.10738037
-0.08059647
-0.11524388
0.16671589
-0.12631613
-0.0076138517
0.1049184
0.22203244
0.2214987
-0.2403284
-0.14570805
-0.08866722
-0.029981555
0.09496014
-0.23472787
0.02380395
0.12231821
0.20398717
0.028591389
-0.20196277
-0.1421535
-0.1824427
-0.032967392
-0.13992153
-0.031153012
-0.25411054
-0.13458617
-0.19104363
0.18358713
0.07559557
0.2150141
-0.026991183
-0.08387001
0.2565509
-0.18333535
0.3769355
0.3561802
0.48763838
0.18392457
-0.43198124
0.22453883
-0.2901035
-0.15706408
0.13151094
0.10586703
-0.06886676
-0.044077978
-0.15159877
0.01864359
-0.25214598
0.25033405
0.005228232
-0.05585133
0.07146336
0.29806054
-0.08806616
0.16878906
0.12560691
-0.065818764
-0.040070232
-0.38377443
-0.12957928
-0.04388183
-0.036196172
-0.15029347
-0.0034143643
0.0674
-0.039413363
0.0035704442
0.08722759
-0.02170136
0.06455882
0.097539194
0.02875682
0.069362976
-0.081459835
0.14037722
0.11111073
-0.0089012375
-0.068753265
-0.13244964
0.09155632
0.049381875
-0.073660135
0.09209411
0.07309871
-0.06794462
0.05706714
0.008886762
0.031352643
-0.1490262
-0.015539988
0.041112382
-0.19879183
-0.07557472
0.014829901
0.010168071
-0.09414953
0.08956675
0.08034619
0.00034247892
0.044930883
-0.06445542
-0.06762557
-0.0035570757
-0.09614626
-0.03242191
-0.09890162
-0.082521126
0.049410302
-0.025499128
-0.072577424
0.050732236
-0.082192674
0.08517175
0.071230076
-0.11128372
-0.116603166
-0.11690803
-0.11162567
0.13466166
-0.09797655
-0.00045817878
-0.01402813
0.00042002485
-0.026081355
-0.021086939
-0.05446494
0.05179402
0.015680298
-0.025720071
-0.03894124
-0.065177634
0.1757993
-0.09024984
-0.09015251
-0.091180496
0.0055571045
0.13649024
0.03084327
-0.038607106
-0.15607308
0.04420782
-0.01651429
0.099696696
-0.09565205
-0.11075453
0.04867138
-0.22651392
0.06762155
-0.13537356
-0.1506971
-0.057106692
-0.101597056
-0.03868585
0.08450878
0.023831798
0.0036281836
0.031952336
-0.121475756
0.011797629
-0.032894503
-0.056238454
-0.11366964
-0.20162891
0.014095231
-0.053273242
0.10681863
0.035352096
-0.079042
-0.06699736
-0.17760646
0.16413525
-0.011494227
0.07357495
-0.05598535
0.047708776
-0.0069456655
-0.045363475
-0.11062753
-0.019060975
-0.04468855
-0.17534818
0.11589075
0.059770282
-0.04594534
-0.030799523
0.15619446
0.07701863
-0.08358399
0.081160575
0.092784174
-0.0010945981
0.09773751
-0.16276778
-0.052689657
0.14686352
-0.099118374
0.119210854
0.13564053
0.22854263
0.027462563
0.13548943
0.082963705
0.015470482
-0.08465253
0.12871908
0.17437434
0.019724863
0.07234156
-0.047593843
0.06647223
0.05132113
0.076921135
-0.057161983
-0.23090212
0.17781474
-0.17939624
-0.08211215
-0.08260855
0.115654185
-0.13084047
0.059841327
-0.04392493
-0.11035154
-0.018648144
0.026273353
0.027150325
-0.054410566
-0.15158948
-0.03730972
-0.04491219
0.11931407
0.17060438
-0.026388718
0.021592297
-0.03020306
0.056042586
0.2363256
0.08338408
0.14321142
-0.021681229
-0.059553184
0.03173644
-0.042933658
0.019131051
-0.10931959
-0.06820904
-0.07840419
0.04562959
-0.1586082
-0.026908552
-0.09644182
-0.086911
0.14400272
0.0073431935
0.044164922
0.14246455
0.12308942
-0.1377438
0.060648482
0.046105105
0.075311154
0.1009385
0.05534966
0.012680239
-0.06546029
0.10443834
-0.10031152
0.017075827
-0.17299387
0.052112676
0.13917224
-0.10909976
-0.040614735
0.033653922
0.020712603
0.10737487
0.020254087
0.021930799
-0.0029494741
-0.18079144
-0.05349409
0.14109297
0.025831329
0.053010795
-0.0058784303
-0.19225948
0.02938274
-0.13507852
-0.119077034
0.014119901
0.18340383
0.011824257
-0.09927115
-0.063019566
0.023758654
0.24919969
0.05620894
0.11223754
-0.14461827
0.13004556
-0.006216788
-0.057384536
0.021464078
0.034627825
0.027830034
-0.13787293
0.11362441
-0.06958184
0.10447997
-0.08518254
0.24567379
-0.12699728
0.0709932
0.0017822614
0.007622049
-0.14006418
0.08052045
0.22517803
-0.13465141
-0.022314914
-0.034524072
0.09079542
0.124879956
0.024983194
0.0064550694
0.04136032
0.10960805
-0.026477564
-0.04685008
0.13840234
0.05340092
0.047966473
0.009926501
-0.111941144
-0.06301833
0.008565593
0.014602848
0.08613125
0.048810262
0.007811718
-0.040715158
0.05644391
0.14796671
-0.052697834
-0.14610828
0.037445992
-0.07140167
-0.049070984
0.14073081
-0.09955562
-0.04379929
0.046797574
0.02465482
0.082860574
0.07105614
0.06187754
0.05748121
0.11960149
0.16995545
-1.4542009e-05
0.086997986
0.05949385
-0.15822668
0.003662836
-0.04674542
0.060198247
0.099065214
0.017494088
0.13647527
-0.091576315
-0.0860805
0.037584536
-0.09647339
-0.069042616
0.25654984
0.050968822
-0.02287568
-0.027156629
-0.054123305
0.039460883
-0.13174672
0.15336172
-0.13670592
-0.054923218
-0.0292042
0.008332083
-0.075539425
-0.019153694
0.10496731
-0.13187917
0.06493874
0.046628643
-0.14679906
0.06324656
-0.053117827
-0.114764884
-0.06868421
0.024288839
0.15771845
0.06837738
0.13393542
-0.027997946
0.015481437
-0.064022966
0.12089879
0.07316571
-0.03567496
-0.13789853
0.061223354
0.09338831
0.0775235
0.068680696
0.11776695
-0.1324245
-0.0011987166
-0.03513901
-0.10372246
0.16954285
0.08885279
0.01375839
0.10408162
-0.1124284
0.08591432
-0.14050841
0.0056960955
-0.067279086
-0.11465357
0.026644697
0.057791293
-0.09332957
-0.0252379
-0.04971671
-0.036618453
0.019892333
-0.0071340264
-0.017661959
0.077255405
-0.07734573
0.11146474
-0.053038068
-0.036563728
0.055666286
0.06902499
-0.006478734
0.05662167
0.051130492
0.055194717
-0.03390473
0.14807512
0.11301623
-0.002278033
0.023339767
-0.039825894
-0.07043376
-0.07127316
0.061142758
0.02394236
-0.12272613
-0.043250453
0.11150183
-0.08835247
-0.048854347
0.08392977
0.08984428
-0.04978787
0.04002391
0.050312947
-0.06298627
-0.08189722
0.03899656
0.008602816
-0.10054231
0.06112757
-0.08860504
0.08087721
0.026041634
-0.07820593
0.052927677
-0.060805865
-0.08890172
0.11640155
0.08737675
-0.03137604
-0.12713538
0.08664277
0.08131091
0.035084873
0.091041476
-0.05021842
0.079710044
0.10339164
0.04920701
0.12827688
-0.08007829
0.07730849
-0.008958613
-0.07521345
-0.06255685
0.11148193
0.03447301
0.08479024
0.033069924
0.13730216
0.112724885
0.11519968
0.1285074
0.04585128
0.037592795
-0.030935692
-0.047132146
-0.0892121
-0.059459712
-0.12111
-0.06436824
0.09037631
-0.1048764
0.07739468
-0.08697236
-0.094220445
0.07015516
0.027161252
0.12576218
-0.0044650068
0.049852096
-0.042676583
0.10833331
-0.014559352
0.00068473985
-0.066531256
-0.043020464
-0.049420696
-0.07420246
-0.009170945
0.14173912
0.0085563725
-0.106518194
0.12495193
0.020295298
-0.07472415
-0.09954982
-0.06306392
0.060492333
0.018211216
0.057581525
0.021882825
0.124169685
-0.021224642
-0.010241309
0.10621433
0.016094185
0.1296371
0.07205228
0.07201359
0.07527256
0.12896088
0.008049863
0.0825252
0.11830275
-0.038919464
-0.06768145
-0.027911361
0.02607546
0.062787674
0.119216084
0.04527537
0.063515015
0.022530505
0.05778012
0.10374148
-0.05566612
0.08540897
0.00407678
-0.09271216
0.11262159
0.10335369
0.024395471
0.0032867226
0.074407145
0.20777552
0.015443671
0.025230315
-0.028558666
-0.049008824
-0.0050677005
0.14302354
0.036244903
-0.03439919
0.16383475
-0.085628904
0.088636644
-0.024871904
0.12190087
-0.005592207
0.1432208
-0.11892737
0.03548951
-0.068531916
0.026382467
-0.058659643
-0.04306019
-0.052098148
-0.021859055
-0.027221898
0.09253947
-0.04577269
0.038988624
-0.0023019384
0.017338071
0.11467917
-0.08709924
0.030847322
-0.032279022
-0.02290506
-0.014310299
-0.073902026
0.077709354
-0.024278361
0.10810732
-0.028513106
-0.009831044
0.0368859
-0.05979259
-0.098118335
0.0836157
-0.07479012
-0.10669952
-0.009421824
0.03953031
0.11353419
0.07261096
0.089118876
-0.01255732
-0.034978103
-0.012574294
0.03932306
0.099322915
0.01802534
-0.022070073
0.12407368
-0.026181486
0.11857842
0.10633723
0.05377137
-0.1285368
0.10790659
-0.07992851
-0.05788931
0.040735237
0.07958411
0.11771505
-0.08232129
0.08980764
-0.09783776
-0.06616849
-0.05381879
0.079948604
-0.0069454336
0.05824786
-0.05516163
0.04475423
0.12423018
0.10159161
-0.02600317
0.06419442
-0.020846553
0.05576728
0.02025229
-0.0809598
-0.038872678
-0.013414082
-0.11708377
0.017932415
0.019514807
-0.056893982
-0.09388339
-0.08577619
-0.06481833
0.09662552
-0.021256873
0.03343993
0.09906877
-0.08735587
0.12761877
0.07928367
0.028668627
-0.09001463
0.052143987
-0.039266344
0.0942138
-0.028901318
-0.018851273
-0.047791727
-0.06399943
0.03143135
0.13801031
-0.0017420524
-0.010348411
-0.08978821
0.05144682
-0.08405222
-0.07844882
0.056735236
0.0798249
0.13283893
-0.12765945
-0.0028686118
-0.015544341
-0.07449127
0.02657501
0.004419759
-0.0312043
0.19781838
-0.062931195
-0.05470406
-0.013548824
0.11130819
-0.14051208
0.117685474
0.12400462
0.057811428
0.082448915
-0.09906965
-0.13635537
-0.01854281
-0.043089714
-0.12483276
0.04568606
-0.02703397
-0.0294044
0.09877799
0.053342924
-0.0003728246
-0.02177152
-0.035894383
-0.0023414635
0.020108895
-0.11352291
0.07739764
0.08500067
-0.07841434
-0.02673274
-0.12614557
0.0344371
-0.05208183
0.14863655
0.02252941
-0.07881398
0.06636674
0.12694797
0.045322463
-0.06683524
0.05423801
0.11732318
0.09693685
0.04786994
0.07375126
-0.052546326
0.105000235
0.1571322
-0.062378496
-0.04575704
-0.006951138
0.023394473
0.07164629
0.03172864
0.06949043
0.08351562
-0.04961749
-0.022595316
-0.02048798
-0.017200612
-0.030917665
-0.026410023
-0.14238337
-0.03059534
0.0236491
-0.012198547
0.05475282
-0.074255474
-0.113255315
-0.16113132
-0.09358019
0.12906799
-0.029132156
0.0045589893
-0.02938607
-0.04002064
-0.049662802
-0.021686818
0.12654428
0.09099344
-0.034976706
0.106506705
-0.004223985
0.13721897
-0.15884168
-0.0927646
0.0076201623
-0.028205529
-0.025798943
-0.081990875
-0.049420435
-0.02705593
-0.04384427
-0.08728539
-0.09392151
-0.00986026
0.031468395
0.13451989
0.001990324
0.03410678
-0.063402034
0.12013474
-0.011459678
0.063282035
0.020431597
-0.067731656
0.13598156
-0.057717625
-0.052105542
0.034655962
-0.092068486
0.046947315
0.14485641
0.011072223
0.114118665
-0.13240944
0.080731325
0.043641426
0.0014697245
-0.0077135414
0.03709405
0.058428377
0.024250988
-0.14178978
-0.06336217
0.18693486
-0.062986456
-0.008984197
-0.03206373
0.06136887
-0.045741994
-0.12113263
-0.058487937
-0.07148819
-0.09240544
0.10271661
-0.028385947
0.14446354
0.09878202
-0.028543675
-0.04317548
0.15125257
0.016602812
0.072232164
-0.010547692
0.1818496
-0.06923184
0.03191449
0.12574609
-0.009575165
0.0052285404
0.13699557
0.076526135
0.081315584
0.18393688
0.028530512
0.12970209
-0.0011521878
0.22391671
-0.03632858
0.0034108467
0.040191818
0.09779575
0.22559828
0.010400653
0.1655693
-0.0033664447
-0.061888866
0.024724614
0.051191352
0.17931627
-0.022260744
0.023222633
-0.03596728
0.06451916
0.07009747
0.16504163
-0.1392556
-0.07526828
-0.041904315
-0.044502985
-0.017926056
-0.052780706
-0.024537096
0.15478222
0.064437576
-0.0022407533
-0.19930391
0.09003624
-0.025075544
-0.019182982
0.0426474
-0.124239855
0.102710746
-0.15891908
-0.0077221966
0.06773787
-0.05329271
-0.09919575
0.07334832
0.11404362
0.054301903
-0.091224454
-0.031669613
0.04595824
0.01671702
-0.0040338975
0.16017124
-0.03873463
0.12314764
0.13520183
-0.03546314
-0.13806352
-0.08759155
-0.09411033
-0.0833951
0.048450045
0.069521986
0.02105211
-0.084364526
0.121944174
0.13377689
-0.03560473
-0.02620032
0.23251843
0.076281294
0.09109966
-0.04492525
-0.06633371
-0.029497264
-0.062265355
0.11903181
0.023980409
-0.051154643
-0.08725695
-0.058386292
-0.06749753
-0.19754228
0.03479703
-0.09114908
-0.004860064
-0.06634562
-0.101766214
0.025360378
0.09377299
0.14285776
-0.0018636347
-0.04925896
-0.09365773
-0.028751465
-0.07781387
-0.09383535
0.0438055
0.06223075
-0.078904256
0.05523446
0.1199421
0.111418635
-0.045202475
0.0669411
0.019202407
-0.08405392
0.024656503
0.107340105
0.049632028
-0.08853543
0.20499855
0.071277454
0.057506315
-0.025151888
-0.037570506
-0.07532638
0.032097757
0.15920171
0.07211782
-0.07504092
-0.09946503
0.0873619
-0.07682672
0.047928516
-0.00094731
0.14401467
0.1310994
0.033890404
0.034488693
0.11377124
0.033274803
-0.09017881
0.08056335
0.12378687
-0.062538594
-0.105611406
-0.13036399
-0.020256069
-0.07764032
-0.021765066
-0.0040713954
-0.101782665
-0.051371302
0.033838548
-0.0060835457
-0.13679275
0.075726494
0.020655064
-0.121488765
0.031957164
0.0005318748
-0.011133185
-0.014127352
-0.06275592
-0.026394844
0.11599795
0.10433942
0.052270576
0.10902568
0.0015843608
0.17188956
0.04061174
0.10535941
-0.07642389
0.1873644
-0.15902714
0.025081042
0.043857537
-0.056132544
-0.20717074
0.060776252
-0.04548101
0.08964254
-0.07966871
0.09738962
0.0943883
-0.06499162
0.15356447
-0.021189138
0.0922721
-0.13150844
-0.07109558
0.06476097
0.088831715
-0.056324143
-0.09669103
0.04631056
0.007314917
-0.083463795
-0.12177031
-0.0058873254
0.09216131
0.11576224
0.08460425
-0.023945069
-0.018503506
0.039627362
0.083682254
0.13939594
0.07616403
0.060217794
-0.14388227
0.048011303
-0.1004287
-0.014282108
-0.025454478
0.018178184
0.0107723335
-0.049963452
-0.0354566
-0.11929713
-0.032394566
-0.04317004
0.006841597
-0.072942756
-0.04880556
0.0043097967
-0.033340544
-0.08451058
0.089502454
-0.022603657
0.046501905
-0.035488725
0.38350013
0.11186927
-0.082802735
0.11141927
-0.18161482
0.07592224
0.058541924
-0.2725724
-0.033784714
0.14939159
0.004670724
-0.14688948
-0.1188329
-0.0055372724
0.15149486
0.098481104
-0.3159242
-0.28899884
-0.12949601
0.10085209
0.28194174
0.20268488
-0.36403763
-0.074575625
0.03126785
0.09008662
-0.16759877
0.29821724
0.1513485
-0.060389534
-0.1700586
0.03480506
-0.046645317
-0.20190626
-0.14329647
0.0077106366
0.036219858
-0.22533865
-0.10698631
-0.015922738
0.10241706
0.17273444
-0.112839155
0.17613119
0.011121825
0.24343036
-0.23939215
-0.10409425
0.16399378
0.0932172
0.25414816
-0.015709156
0.07469563
-0.0645244
0.049834266
0.0040887743
-0.16302283
-0.09178476
-0.1509589
-0.02351676
0.008311044
-0.019344369
0.064099096
-0.015118293
0.02841461
0.020234061
-0.16063233
-0.178353
0.24747324
-0.07652354
0.14580475
0.015961798
-0.043651573
0.1466755
-0.11680426
0.049752433
-0.028269114
-0.07610623
-0.07904674
-0.33440548
-0.120338574
0.15448193
-0.110712476
-0.19752267
-0.22367795
0.025617935
0.028764442
-0.19480497
-0.0026398571
0.09291445
-0.1051863
0.2444857
0.008486305
0.038137857
-0.113477916
0.0008707008
-0.12168031
0.24305606
0.05509607
-0.14391336
-0.1936069
-0.21913125
0.046793528
-0.07335388
0.13136044
-0.1852195
-0.027113957
0.18782638
0.20497808
0.16432182
0.31509966
0.02892854
0.054288607
-0.02671926
0.35390705
0.09064159
0.50888336
0.32256472
-0.069271475
-0.285911
-0.24502765
0.013636188
-0.2633131
-0.10983413
-0.22864209
0.18125722
0.0538084
-0.08395498
-0.050308775
0.13303392
-0.1288443
0.07857368
0.07665036
0.25236496
-0.22261845
-0.03951812
-0.11794483
0.20438516
-0.17098314
0.0054685567
-0.061744843
0.071450785
0.04193776
-0.1092927
0.07255181
-0.08948392
-0.22043468
0.053873066
-0.0063193804
-0.03703632
-0.34543312
-0.056110885
-0.030020474
-0.055610273
-0.039578017
-0.045040272
0.2794797
-0.14290792
-0.033168696
0.30383122
0.24807177
0.03699574
0.0002325276
-0.025285138
0.06347326
-0.18838936
-0.0010286926
0.10305316
-0.119864784
0.15648174
-0.043331597
0.05371622
0.04661595
0.12854986
0.11427503
-0.06554031
-0.030308634
-0.060353708
-0.024614237
-0.08464869
0.021322872
0.033640143
-0.017285291
-0.088932015
-0.020381764
0.0030065132
-0.2622285
0.1510336
-0.029143881
-0.109303705
0.022887677
0.09058891
0.05966774
-0.056890596
0.11743808
0.028817164
-0.1204233
-0.17802048
-0.11833738
-0.1503818
-0.038137883
-0.009671221
-0.014805764
-0.13493572
0.030474411
0.07564096
0.06725969
-0.10985622
-0.0484649
-0.09932107
0.03065743
0.11656786
0.016932046
0.034707297
0.07591012
-0.14727987
0.2645398
-0.1400731
-0.14922093
0.093285374
-0.07783202
0.18899404
-0.091850765
0.32603645
-0.11810314
0.028730769
-0.1940864
0.018962147
0.05744577
-0.068565756
-0.09479623
-0.11546794
-0.027323097
0.19220707
0.03251438
0.29533204
0.105398744
0.11933607
0.19328147
0.16083871
-0.003960538
-0.114921756
-0.06403083
-0.023119414
0.34169525
0.22534157
0.1714182
-0.010178006
-0.145028
-0.23318763
0.15269132
0.055210598
-0.10961568
-0.059299327
-0.110533655
-0.060382523
-0.013452459
0.08171769
0.10779135
0.07174207
0.09470845
0.04661727
-0.013903939
-0.005568931
0.0016827447
0.12727785
-0.013154207
0.03080527
-0.053379353
-0.068975545
0.029916631
0.07852727
-0.015994385
-0.1211203
-0.025824461
-0.24249251
0.13115452
-0.16473782
0.07678507
-0.10955241
0.049989525
-0.045158368
0.20389141
0.14067227
-0.15863597
-0.0002870059
0.09776379
0.0048601655
-0.21380894
-0.047359318
0.20282464
0.14042513
-0.08981904
0.07114762
-0.0017920092
0.10608176
-0.17172587
0.06610131
0.24998282
-0.047944758
0.0054862653
-0.14412887
0.105855234
0.15044735
-0.1908489
0.072418004
-0.28810522
0.09361081
0.056772828
-0.059209224
-0.1005398
0.10833141
-0.113491945
0.16382529
0.11950331
0.07097173
0.036820687
0.028954275
-0.051510077
-0.0032850686
0.041777052
-0.067281775
-0.09127475
-0.1034563
-0.07774366
-0.089147106
0.03934405
0.12677689
0.09726042
-0.000535645
-0.033931654
-0.05174569
0.21448724
-0.009264695
-0.12157433
0.015625218
-0.044961657
0.034173425
-0.002587826
0.080969796
0.12307768
-0.006308976
0.12846875
0.014988761
-0.023167768
-0.11480603
0.010221263
0.03637678
0.10753829
0.051130198
0.03734601
0.098683186
-0.04462377
-0.025743168
-0.0032356882
-0.023878153
-0.15133005
0.12734234
0.056697898
-0.09239711
-0.16099006
0.15638179
0.04650686
-0.16713996
0.07164297
0.22151116
-0.12101737
-0.0038212847
-0.0919545
-0.15142393
-0.031098248
-0.011330505
0.1449335
-0.104244836
0.083842315
-0.12360477
0.06541658
0.017657833
0.120195776
-0.033568066
-0.088081874
0.12850818
0.17969924
-0.034751635
-0.0644788
0.02829751
-0.061581217
0.055629876
-0.095337614
-0.04269904
-0.20401384
0.070783205
-0.13405065
0.06643514
-0.065311305
0.014921206
-0.010115089
0.07571417
-0.09900414
0.04037501
0.08421163
-0.046751596
-0.17888914
-0.101308145
-0.016864229
0.034546882
0.014396905
0.10237566
-0.15224895
0.047500618
0.122488804
-0.040006198
0.085022174
-0.04364289
-0.09814759
0.046290744
0.093155816
0.14529733
0.137832
-0.039001543
0.062512316
-0.18829153
0.07281281
-0.052185655
0.025260748
-0.031023195
-0.11698932
0.12349202
0.07203182
0.020523038
-0.022791224
-0.119320296
0.10507085
-0.029768514
0.009078422
0.008607852
0.08456061
0.019404115
-0.1899756
0.027764883
-0.004278625
0.13259768
-0.03754521
-0.048840076
0.015901174
0.06892715
0.00543475
0.063071266
0.004788949
-0.078275934
0.084874295
0.20250753
0.109412074
0.100238875
-0.17817837
0.046560936
-0.14965697
-0.10487498
-0.1655169
0.109284826
-0.03253865
0.02923933
0.017086523
-0.049208153
0.115416534
-0.124648616
0.108863235
-0.06086902
0.0744677
0.026825653
0.13538592
-0.1195096
0.08127487
-0.09623755
0.044761103
0.003450218
-0.1314505
0.16875613
-0.071975715
0.11814104
0.19440305
0.14017773
-0.01982427
0.052325483
-0.08601637
-0.13658516
0.089247465
-0.06634583
-0.028527023
0.04066389
-0.02154986
0.1509254
0.15194438
0.022268992
0.23045734
-0.035654385
-0.05217179
-0.15857308
-0.13221008
-0.016499572
-0.07468754
0.1302892
-0.068217225
0.09637343
-0.06435841
-0.04965438
-0.10391684
0.077673025
0.05008257
# B
0.007573208
0.04791245
0.023233427
-0.0020958618
0.009691011
0.0072972393
0.012329446
-0.0032937955
0.011877843
0.007387382
0.0016472437
0.0017231606
0.014083084
0.016098807
0.004982204
-0.008215136
0.060269803
0.01170882
0.023296637
0.028468529
0.012508959
0.026156208
0.008294496
-0.0010590624
-0.013453787
0.02663138
0.02165301
-0.0014915152
0.0154919205
0.006731328
0.020440074
0.015937237
0.0075830296
0.015698917
-0.0003068059
0.00017447426
-0.019678997
0.0062650903
0.009125636
0.035395782
0.027892364
0.0044663395
-0.01763035
0.00989586
-0.017572232
0.011693168
0.014495635
-0.0022384056
0.021960171
0.0148106795
0.02050943
0.0028203458
0.0231707
0.017213605
-0.00031413007
0.019173512
0.014120683
0.020587869
0.016625475
0.0138278
0.015711328
0.024387876
0.0056043942
0.015961932
-0.0034381107
0.00024853976
-0.0045957323
0.025861748
-0.0057769874
0.014982477
0.0030848081
0.008251543
0.02372954
0.013430435
0.01524028
0.03854146
0.0193301
0.017593417
0.014378063
0.009951749
0.0097431
0.0061895517
0.02905919
0.014904405
0.002770322
0.0139138885
0.022364592
0.012599487
0.010199359
0.014883506
0.011685986
-0.00022211464
0.02231065
-0.00088804273
0.017994065
0.018651348
0.020378815
0.018159429
0.0108164465
0.01714538
0.0059299325
0.011190207
0.026645336
0.024113523
0.032083932
0.026307222
0.016401364
0.017542457
0.01306396
0.032660723
0.001175956
0.018980468
0.011222587
0.017491292
-0.009161094
0.01763502
-0.008286638
0.0069732373
0.017386505
0.020023663
0.0007623653
0.012674852
-0.0069336435
-0.0050974414
0.01490842
0.0037766243
-0.000112891896
0.015529753
# Layer Number: 1
relu
64 128
# W
-0.24842946
-0.11828704
0.030715868
0.050035205
-0.029855859
-0.097858734
0.024405437
0.0076913624
0.08217561
-0.17013203
-0.061382156
0.16753714
-0.08901823
0.10444561
0.021943785
0.07222772
0.012867275
0.010369572
0.13832976
0.03599966
0.169116
-0.0027620508
-0.083662406
0.12137134
0.1017617
-0.23898377
-0.017606188
0.11468043
0.09312067
-0.11019716
0.039481815
-0.1846755
-0.25877538
0.050926883
-0.13300647
-0.012384181
0.16897362
-0.03988045
-0.11823839
0.09883078
0.13649492
-0.041705485
-0.033205513
-0.03810365
-0.08350258
0.0039956304
0.21851604
0.04576517
0.28698403
-0.027598253
-0.001308527
-0.23728077
-0.0396582
-0.038215898
0.060137074
-0.11832398
-0.031790026
-0.09322091
-0.11193007
-0.11500069
0.15211901
0.04513869
-0.00059838913
-0.2378997
0.106789574
-0.0660322
0.036639284
-0.106423005
0.09936615
-0.16507342
-0.120907985
0.1551611
0.11432644
-0.23548532
-0.045497805
0.017017255
-0.33093685
0.19284047
-0.05751924
0.085274994
0.17950922
-0.11697108
0.1468142
-0.10315856
-0.2102612
-0.10009395
-0.1624686
0.07118321
0.22448142
0.14497328
0.115566365
-0.083695486
0.122671135
-0.05546141
-0.004611086
-0.14028601
-0.16390277
0.24861869
-0.167229
-0.0354186
-0.13887604
0.20646004
0.07646526
0.16998367
-0.025676316
-0.0069893063
-0.015003001
-0.09883376
0.14717986
-0.18295127
-0.041887976
-0.022292357
0.07014269
-0.14189066
0.115350865
-0.06919998
0.17513336
-0.17331521
0.20139264
0.0014946741
0.021247786
0.02090366
-0.33180052
-0.00565356
0.02839041
0.044386644
-0.05471064
-0.041481756
0.09954293
0.03546122
-0.014262507
-0.01773624
0.12924859
0.12145835
0.005766484
0.11980305
0.21318427
0.009322949
0.020426966
-0.05420045
-0.1660988
-0.10281691
0.14754787
0.026765976
-0.10022604
0.03564772
0.15881881
-0.1764065
0.2107549
-0.16296771
-0.00614821
-0.11153532
0.15433453
0.12195315
-0.18397689
-0.24336003
-0.028273797
-0.026970461
0.13275158
0.17285334
-0.10274244
0.034735296
0.11076538
-0.2020888
0.13011275
-0.14209276
-0.17311369
-0.10307272
0.078449026
0.073300235
0.18180332
-0.015678966
0.0352102
0.16179079
0.17949842
0.1181156
-0.18293507
0.12605366
0.022036714
0.052334435
0.18992092
-0.1848061
-0.06904678
0.12666301
0.061861698
-0.02626958
-0.030244103
0.18302606
0.06515702
-0.0711547
0.090614945
-0.07028251
0.20158415
-0.10291691
-0.087340966
0.23413299
0.34262633
-0.015295668
0.050174136
0.1661663
-0.017679138
-0.022928178
-0.18980142
-0.10548451
0.15133007
-0.13857529
0.06958503
-0.13506712
0.32346
-0.20487882
-0.14258248
0.19556479
0.036191598
0.11001335
-0.01594739
-0.036696747
-0.19820102
0.25553185
-0.008005979
-0.13148843
-0.13513193
-0.06571261
-0.21765596
0.1083429
-0.19145122
0.10752393
0.11395148
0.2364521
0.00016125664
-0.0074622086
-0.020277172
0.18565907
0.30004522
0.24537347
-0.19711398
0.1806159
0.17306486
-0.008047633
0.33398753
0.06820492
-0.19475181
-0.0453999
-0.044286214
0.18651024
0.06997743
0.033805124
0.06714902
0.0047317115
-0.30594504
0.1768775
-0.041090738
0.17714131
0.16894995
-0.21767037
-0.03886959
-0.17726119
0.03288114
-0.10759652
0.20933509
0.1805187
0.07446971
0.13536803
-0.02856362
0.10669477
-0.051913552
0.07305448
-0.13827215
0.1185334
-0.0736635
0.11803238
0.1608577
-0.19693749
0.25851712
0.17438495
0.04264001
-0.15927628
0.010119407
0.17640352
-0.1766538
-0.1349159
-0.035680376
0.0374989
-0.11160671
-0.17261766
-0.17000875
-0.13706644
-0.11224437
0.012466595
0.09287865
0.20011759
-0.0948715
0.18806969
-0.08029491
-0.06930304
0.08760561
-0.10730043
0.104238085
0.11195293
0.12592714
-0.024732297
0.020863838
-0.03536452
0.21111135
0.049060307
-0.20288013
-0.1884423
0.13294113
0.16983466
0.00035700185
0.065413944
0.088464625
-0.02549202
0.14724705
0.11642271
0.120259225
-0.13937482
-0.0052999933
0.0053960755
-0.07368167
-0.038814686
-0.10289661
0.07881647
-0.00507212
-0.099015065
-0.048421234
-0.2369752
0.16438565
-0.15139209
-0.055860903
-0.13181004
-0.0058717
0.20740792
-0.34098873
0.17168093
-0.1245947
-0.060918096
0.056176946
-0.018086903
0.081056006
-0.025876986
0.12412233
-0.1706514
0.15969943
0.14190102
-0.032777205
0.008795799
0.04621343
-0.07994194
0.09492706
-0.10051976
0.22265472
-0.23324633
0.006066148
0.14106786
0.055803165
-0.14804323
-0.07860629
0.059353877
0.17714778
0.041346293
-0.2419792
-0.12919247
0.10119292
-0.020702038
0.10159728
-0.054141045
0.03813391
-0.09785013
0.1282348
-0.05128728
0.15542568
0.08863932
0.09792921
0.116677314
0.10812487
-0.08812929
-0.01627075
-0.14180402
0.034649592
0.0027034522
-0.10264897
-0.006565719
-0.09943794
0.06086926
0.017696757
-0.32996732
0.12391913
0.36243662
0.07552599
0.26229593
-0.17955774
0.13721682
0.14277877
-0.112582155
-0.043971438
0.18029736
-0.15374574
0.14993575
-0.17830044
0.011351254
-0.13706207
-0.05275736
-0.066502854
0.09973194
-0.069909565
0.15691683
0.13159393
0.049992476
-0.17939207
0.2559042
-0.00220183
0.03549641
-0.18446697
-0.14082372
0.008712482
-0.0068325214
0.09613904
-0.23255406
0.09201091
0.17722858
-0.18382615
0.16263883
0.0104590915
0.17740715
0.057622515
0.06484901
-0.16826916
-0.2605721
0.052170932
0.078396946
-0.1225821
0.096204944
0.04790504
0.2184093
-0.13916013
0.18217655
0.08772372
-0.028927581
-0.123620205
-0.024883935
0.22392605
-0.08561341
-0.12699926
-0.036077864
0.140357
-0.13491099
0.103121266
-0.15529172
-0.15417401
-0.011938699
0.03744465
-0.06035543
-0.12566133
-0.15520965
-0.20516957
-0.18943651
0.19710894
-0.0146566825
0.22817609
0.21477266
-0.24857023
0.016152052
0.07767989
-0.050342083
-0.30913022
0.13739125
-0.1847284
0.17306226
-0.13951896
-0.05255581
0.16551684
-0.053077582
0.17143871
-0.051916577
0.035283946
0.1195617
0.04046576
-0.22733876
-0.1702794
0.005394481
0.10382565
-0.18873037
-0.012111379
0.16165754
0.115618646
-0.13815498
0.042525087
0.15838777
0.094708875
-0.026907925
0.25369096
-0.18173446
-0.10315314
0.027979914
0.07335374
0.009365779
0.072508685
0.06505303
0.07049248
0.008387083
-0.08982653
0.15985088
-0.20096587
-0.076954834
0.0040613743
-0.201907
-0.02843293
-0.02794834
0.06610342
0.12568766
0.13775986
0.08593602
0.030776339
0.061099872
-0.05437043
0.13682567
-0.113404706
-0.0998748
-0.026100375
0.013434523
0.056907397
0.16048564
-0.04152517
-0.077325016
0.1535838
0.024085835
0.20290309
-0.03032398
0.070421115
0.19765277
0.11581756
0.15312289
0.02291466
0.032160208
-0.0125929965
0.17767489
-0.1818234
-0.13342106
-0.1411979
0.10212805
0.18261214
0.039983414
0.021636514
-0.020130008
0.09019139
-0.04059255
-0.11455125
-0.115819566
0.06300277
-0.12163235
0.14808385
-0.085279085
0.18411428
0.11294155
-0.16659372
-0.1177176
0.07002249
-0.057202555
-0.043240182
0.0069389446
0.07857633
-0.07833942
0.1385897
-0.05002944
0.23827532
0.13373214
0.08826111
-0.12895134
0.21802127
0.008785014
-0.05771344
0.1632953
0.047982886
-0.11400038
0.15548842
-0.17657699
-0.079078235
0.23714349
0.24626043
-0.26709428
0.046276283
-0.232584
-0.21203697
-0.1491091
0.042000603
0.018835688
-0.11767279
0.071441546
0.08302336
0.16281593
-0.08281983
-0.113063775
0.113980465
0.09977225
0.0108078495
-0.13145624
-0.110085644
0.050679166
-0.22170652
0.009414346
0.16456757
-0.2570002
0.3134951
0.023702038
-0.02858918
-0.16217047
0.24418303
-0.087196216
-0.03514187
-0.024742408
0.06129746
0.17914008
0.08774362
0.11978009
0.11419193
-0.2096238
0.07269255
0.029947734
-0.05589188
0.13913263
0.097145006
0.20456082
-0.05907816
-0.050460976
-0.1882085
0.026385713
-0.031348262
0.03635437
0.0045553385
0.32388484
-0.15051307
0.120470144
0.16056344
0.18501967
0.08989924
0.0036706403
-0.038591027
0.08365566
-0.15042244
0.05296237
0.046660885
-0.07879654
-0.07965358
-0.051091045
0.15321182
0.0015555151
-0.0047554406
0.08451109
0.046657808
0.12518485
-0.009439301
-0.039688807
0.059212733
0.039069913
0.12657052
0.1529982
0.013375263
-0.14168037
-0.24447857
0.16860296
0.2796
0.0879436
0.026821155
0.17626956
0.051475048
-0.20173542
0.11675626
0.035943314
-0.024817936
-0.186582
-0.0007881952
-0.08310297
0.0067159
-0.022608357
-0.054227494
0.13841897
0.0012596167
-0.26558858
0.17400949
-0.14501484
-0.17823468
-0.082567096
-0.025836186
0.09130771
0.11182399
-0.016440801
0.19731677
0.14480728
0.2309837
-0.21583958
0.14144425
0.044603877
0.0646273
-0.05448589
-0.07427551
0.13532348
0.019726431
-0.10984917
-0.100816205
0.03688297
-0.29695106
-0.10410126
0.030648278
0.11351414
0.05396241
0.21481746
-0.013434969
-0.074883685
0.035676643
-0.011946239
0.0756817
-0.18572564
-0.10937264
-0.16102861
-0.070015416
-0.019545294
0.04965434
0.08032276
0.047425114
0.19198596
0.11995244
-0.13906254
-0.03459056
-0.14229704
0.076172136
-0.12234934
-0.11307203
0.08179369
-0.07459632
0.07646653
-0.24717431
0.12821192
0.19035006
-0.027119895
0.055157404
0.109241895
0.1683247
0.112102374
-0.08651955
0.01837468
0.027896142
0.059669167
-0.17296535
-0.15691872
0.062491957
0.052028142
0.0893253
0.09393932
-0.1119763
-0.075868905
0.20930314
0.18909189
-0.19179653
-0.17333816
-0.07273632
-0.078387015
-0.1423531
-0.032949183
-0.12860243
-0.005513227
-0.09803357
0.16955228
-0.14695014
-0.0014403962
-0.115316816
-0.010820648
-0.013579944
0.19626698
-0.10952279
0.15016818
0.19540739
0.033672225
0.08358667
0.09206669
0.08487262
0.07628853
-0.23056696
-0.07694163
0.090137616
-0.053719815
-0.03920393
0.07084239
0.06231956
-0.20240887
-0.009460224
-0.15089862
0.10765631
-0.076295026
0.034573913
-0.16486402
0.06589792
0.14428958
0.1654052
0.027193654
-0.083307154
-0.03357312
0.15314868
0.039838076
0.22630328
-0.09417907
0.10493469
-0.10304083
-0.16908087
0.10570129
-0.056407876
-0.08062252
0.022559525
-0.11507646
-0.14085165
0.119432196
-0.16463564
0.1810724
-0.15393877
-0.05578099
0.057937764
0.16503015
-0.12722737
-0.053301543
-0.080007285
0.15957521
0.099743895
-0.18310164
0.12827513
-0.11751701
0.071430035
0.16209999
0.12285007
-0.06697832
0.2111497
0.0036682026
-0.20968407
0.09432576
0.019518785
0.08520531
0.016267704
-0.050953835
-0.12951909
-0.08356311
0.023852518
0.2678305
0.13675891
-0.13359848
-0.1168575
-0.2739713
0.046720665
0.09825537
-0.20170647
0.0024676616
-0.087319724
-0.19253999
-0.05656049
-0.07924341
0.27275166
-0.22347903
0.18092665
0.3167877
-0.122056544
-0.16046979
0.11160574
-0.22536822
0.21321365
0.10656405
0.16327083
0.16627598
-0.13644508
0.0769603
0.073406614
-0.10776475
-0.0051598027
0.052460577
-0.14699589
0.046622563
-0.19474594
-0.12965609
-0.03188025
0.17944352
0.22934733
0.18318772
0.053438816
0.028685816
-0.10120473
-0.15709165
0.12467395
0.17442146
0.005403158
-0.07699514
0.04572559
-0.12838748
0.18389162
0.19485904
-0.0076522375
0.23557518
-0.26394874
0.09363415
-0.071276344
0.16072072
-0.010103614
-0.16276702
-0.21040176
0.088950254
0.06520333
0.25250572
0.14018019
-0.24014692
-0.13558814
-0.023515815
0.04148877
0.12790266
0.20611036
0.05739154
-0.114903316
0.11940507
-0.0034169557
-0.09029547
-0.10470011
0.09646301
0.05456587
0.07417569
0.22003962
-0.057243675
-0.053250793
-0.19230524
0.04705782
-0.040487006
0.12179883
-0.13671745
0.21721776
0.0022004137
-0.052490257
0.101549596
-0.17826144
-0.06987768
-0.061764505
-0.3008698
0.22583607
-0.07422031
0.1354286
-0.031108448
-0.02622538
-0.1962911
0.028556589
-0.10308579
-0.14292508
-0.060722638
0.18539974
0.18156783
-0.08152843
0.026876137
0.20855358
0.13385408
0.08575745
-0.11253664
-0.106534444
-0.009065235
0.06032306
0.018105613
-0.073227696
-0.0069722105
0.103751905
0.14712544
-0.18809828
0.07834081
0.02665851
0.010710604
0.150017
0.03497596
-0.05746045
-0.021673836
-0.07044779
-0.052673623
0.14762305
0.14183396
-0.07558299
-0.18667677
-0.18525094
-0.03716098
-0.17432524
-0.076087184
0.11901207
0.12808879
-0.12025806
0.03747645
-0.13867094
-0.12808429
-0.19212784
0.09591856
-0.23235567
0.22313496
0.11780463
0.12526087
0.14443772
-0.05538249
0.009079193
-0.14419207
-0.10588604
-0.10126639
-0.14092542
-0.0383712
0.020798922
0.15788986
0.22209923
-0.12121472
0.042378534
-0.11167594
-0.18325293
-0.16443357
0.035581805
-0.006409073
-0.036271807
0.05258737
-0.040104747
0.11877317
-0.05517369
0.14650445
-0.023618178
0.0030438607
-0.1191007
0.1401628
-0.09387689
-0.16485617
0.1628517
-0.09344426
-0.036056012
-0.17937005
0.13343677
-0.08656939
0.17527741
-0.043497276
0.06282803
0.14034605
-0.04658139
-0.12296307
0.016548218
-0.116193146
0.04144908
0.076453716
-0.16045326
0.13344297
0.054451607
-0.021754669
0.10096838
-0.13470371
-0.17545484
0.054443147
0.01645308
-0.05222775
0.046772428
0.18503058
0.028833698
0.18748195
-0.013385696
0.075457215
0.085694656
-0.11299126
0.2419951
0.12417894
0.18856685
0.0183609
-0.05934261
0.17786326
0.013743051
0.059655752
0.13644698
0.041935712
-0.058930274
0.024443043
-0.13824506
0.041512474
0.046849396
-0.0013759602
-0.014876958
0.11628422
0.05619839
0.11597071
-0.0640719
0.18422113
0.19995506
-0.07499378
-0.14333422
-0.088924
0.06699391
-0.004983489
-0.07125592
0.16143845
-0.15257053
-0.06491823
0.10170136
0.09189686
-0.0114426855
0.10674577
-0.17864083
0.07247227
0.1248938
-0.119136795
-0.009684217
-0.15885451
-0.022275256
0.24388812
-0.12287253
0.0039834627
-0.080899976
-0.02952711
-0.22512591
-0.022941522
-0.095525764
-0.1040924
-0.028413037
0.05202539
-0.08916899
-0.22229779
0.074891895
0.15654473
0.13190742
0.010396843
-0.025192771
-0.077097476
0.13059036
0.048695076
0.22383538
-0.15393332
-0.036323924
0.23452908
0.048083648
-0.16547099
0.04468724
0.10281908
0.0007724902
-0.13238229
0.05955076
0.05422983
-0.08109617
0.16968116
-0.14041707
0.16465719
0.26140755
0.2715225
-0.14834644
-0.10621069
0.05784508
0.047463384
0.11450237
0.0040936745
0.103765264
-0.054866314
-0.108317085
-0.049404997
-0.21844736
0.03958616
-0.05375049
0.20109135
-0.022713346
0.23956047
0.04291821
0.12886825
0.16177431
-0.2493524
-0.023897745
-0.11252046
-0.11840868
0.1947314
-0.02987072
0.1032228
0.22011548
0.004789423
-0.13424757
-0.099549666
0.002885992
0.12214476
-0.09221462
0.18611991
-0.10529527
-0.18024224
-0.075622395
0.17049362
0.054169834
-0.21893531
0.2520311
0.13747458
-0.027898869
0.15320988
-0.004897598
0.10288086
0.2847212
-0.018843003
-0.19670287
0.08351031
0.126116
-0.13127549
0.211796
0.0014030362
-0.09862013
0.10679334
-0.19987817
0.11469221
0.01808945
-0.045958146
0.057355773
-0.018330978
-0.07751906
-0.018697819
-0.17485219
-0.011370648
0.16026415
-0.09663922
-0.040495895
0.170116
-0.069534875
0.11593015
0.25687158
-0.16641182
0.094058685
0.14748481
-0.05352556
-0.17356598
-0.13312732
0.11831969
-0.085262
-0.047511254
0.17392094
0.18249635
-0.12317805
0.07935713
-0.06694056
0.10619408
-0.23600699
0.14020832
-0.06827527
0.16044669
-0.121084146
-0.111648716
0.2583011
0.0176713
-0.14935656
-0.20338155
0.06642304
-0.22637913
-0.0135507835
-0.05536013
0.28179595
0.10736485
0.048228223
-0.059171636
-0.08108426
-0.11956285
0.07336066
0.09651586
0.11256172
0.07605647
0.014372222
-0.12829924
0.017993266
-0.0523935
-0.09198797
0.0563809
-0.050476275
0.14208211
-0.051407415
-0.24458545
0.21828087
0.1291293
0.18453489
-0.11254207
-0.19613181
-0.04106899
0.017057972
-0.09904547
0.09882649
-0.18288016
-0.043060064
0.037152078
0.09517853
-0.085940376
-0.18882914
0.1335839
0.16350481
0.1270157
0.05953296
0.08743581
0.14324988
0.049583074
-0.2457696
-0.00041636743
-0.20216104
0.1584863
0.16562536
-0.033317856
0.019430466
-0.28715122
0.26382697
0.083152115
0.14783013
-0.16526257
-0.14327417
-0.03970834
0.15845853
0.18961145
0.022720166
0.054119244
0.20613159
-0.19456036
-0.0029812362
0.17203571
0.11409235
0.09120162
-0.042638216
-0.1800535
0.0090917405
0.13257578
0.13373426
0.022593567
0.045350272
0.04129245
-0.14193372
0.13393135
-0.07993727
0.06652036
-0.15332095
0.009134603
0.08114754
-0.017578002
-0.11977539
0.035444416
0.025144788
0.015001104
-0.02928357
0.15424748
0.06656775
0.15540239
0.0055336147
0.05881575
-0.039231718
-0.1880471
-0.008080471
0.13531297
-0.109551206
0.009697413
-0.020795278
0.16202033
0.13567719
0.079177015
0.04934225
0.0791203
-0.1489434
-0.079998456
0.06627491
0.07045898
-0.0021703998
0.18307896
0.1311305
-0.046999432
0.049384322
0.0022077342
-0.03945356
0.081939615
-0.036329493
-0.24344665
-0.08727387
-0.14567553
0.03677604
0.19462818
-0.21333265
-0.041520726
-0.0498644
0.02818284
-0.07796951
-0.13483398
0.087780215
-0.019209754
-0.24409622
-0.130849
-0.091974676
0.07513067
0.100817315
0.039497897
0.047000714
0.047383916
-0.23627302
0.21128917
0.015065449
-0.055874046
-0.23648717
0.18817186
0.17764507
0.10238428
0.07381882
0.09170557
-0.23857269
0.2194775
0.020375362
0.19467029
0.15486166
0.13685021
0.20019934
-0.23642826
-0.0013301335
0.19229022
0.18493326
0.07354775
-0.033371955
-0.2470715
-0.10615671
-0.023849148
-0.15449652
0.10701148
-0.14320846
-0.050148007
-0.0645242
-0.06360053
-0.0740496
-0.315607
0.31936663
-0.058020655
-0.24688078
0.106894664
0.053059682
0.0732911
-0.070220314
-0.13560347
0.16930464
0.017419245
-0.083855934
0.1200777
-0.15688331
-0.14351295
-0.09147234
-0.03249825
0.10612387
0.13414495
-0.17726092
-0.11223271
0.03901464
-0.22294578
-0.22665265
0.16919959
0.07108349
-0.10460635
-0.12364946
0.044704027
0.06738376
-0.009517473
0.23469631
-0.122208945
0.101354815
0.12714511
-0.07839901
0.087327026
0.19664095
-0.1542217
0.14055759
0.11177992
-0.20513111
0.04444071
-0.11304163
0.11377897
-0.1955276
-0.0067604184
-0.025097515
0.12605394
-0.07696953
0.036971286
0.03213987
-0.124985136
0.08621787
-0.1252309
-0.101121984
0.18925035
-0.050825097
-0.093472555
-0.35432026
-0.1401762
0.19691563
-0.25768074
0.05948722
0.02464024
-0.0678704
-0.08060091
-0.094740495
-0.1418491
-0.11474509
0.10113974
0.09280088
0.19739397
-0.19937016
0.03533172
-0.064448446
-0.107619695
0.005366924
0.020680828
-0.022272466
0.007613074
-0.093540765
0.0030866885
-0.06016932
-0.19991125
-0.07618319
0.15659535
0.012700295
0.21481785
0.23169993
0.053883795
0.19111294
-0.033490915
0.18417546
-0.17705551
-0.09209581
-0.072207265
0.1320324
-0.04090819
0.07038922
0.16271225
0.09551063
-0.040556252
0.034385122
-0.092511736
-0.07121774
0.061377957
-0.17364559
0.09787006
-0.12902892
0.29210925
-0.24535628
-0.22191079
0.14248508
0.006299963
0.021701228
-0.038098164
0.23741697
0.20493335
0.22444713
0.07072341
0.10624761
-0.044636436
-0.043223493
-0.21452907
-0.053255744
0.28320542
-0.013053812
-0.2601627
0.11179643
0.095015705
-0.2836896
0.16195497
-0.043080006
0.08310445
-0.03404136
-0.17778991
-0.024795653
-0.14865111
-0.01438135
0.38795933
0.18852727
0.16400467
-0.11433051
0.07343676
0.035618372
-0.028526625
-0.008183335
0.022751164
-0.17641628
-0.19829279
0.03723595
0.14947763
0.05984314
-0.025980499
0.064170524
0.010689461
0.09929021
0.20705393
0.10699785
-0.10325383
-0.09131401
0.10347379
-0.04382261
0.11528452
-0.13811113
-0.025364464
-0.04731826
0.017634504
0.01578726
0.009473755
-0.09484275
-0.20949231
-0.26035213
0.0062471675
-0.095200494
0.15417613
-0.012788086
0.07411859
-0.016541548
-0.03132797
-0.12136295
0.07181578
0.20361264
0.12369368
0.14058499
-0.21124697
-0.12614685
0.1512346
-0.009083163
-0.25029755
0.044491816
0.045302894
-0.10159271
-0.038580723
0.15152778
0.009109128
0.19730157
-0.15887098
0.14502047
-0.15234616
-0.0089990795
-0.045676865
0.10559817
-0.039723516
-0.031182164
0.1108534
-0.011522152
-0.029725483
0.24095537
-0.061855536
-0.008178906
0.16277571
0.13075627
0.054080065
-0.092051335
-0.12512754
0.13883907
0.16948958
0.09413045
-0.04344042
0.1554898
0.1877825
0.2063262
-0.112588935
-0.011825295
-0.03299919
-0.028863125
0.023987466
-0.15904552
0.06392961
-0.15002726
-0.10263296
-0.07683089
-0.1960058
0.06392324
-0.13699937
-0.05170637
0.086834475
-0.029474618
0.05600197
0.009199445
-0.13925858
0.20977728
0.088628925
0.09157306
-0.063117355
-0.006595197
-0.12513416
0.035711303
0.14566843
-0.037517883
-0.027536511
0.17136596
0.27866453
-0.01090528
0.14795789
-0.020778297
0.14931716
0.3327156
0.21565312
-0.21658443
-0.006642843
-0.065654494
-0.036473446
-0.12205871
0.048228823
-0.11509787
-0.23433118
0.23768568
-0.21037836
-0.04440351
-0.35124975
0.03827602
-0.24100168
0.19097485
-0.26137018
0.27934197
0.12594624
-0.06595327
-0.0853876
-0.19077991
-0.0825132
-0.01930789
0.12639551
-0.03843843
0.114254236
0.00026813068
-0.11728845
0.16811799
-0.34358314
0.26693848
-0.21717453
0.04875837
-0.09422817
0.17530546
-0.014043147
0.14871255
0.17668323
0.13900715
-0.12853499
0.17159666
0.25427938
-0.25634268
0.12265981
0.06816134
-0.19280425
0.019866671
-0.32752466
0.14126776
0.2136705
0.03284024
0.07427792
-0.18712863
0.40049946
0.023907688
-0.15022185
-0.14465906
0.26083183
-0.11124394
0.012082361
-0.19945605
-0.20580709
0.059802186
0.0021866923
-0.073157996
-0.0062695583
0.12521678
0.14936762
0.14665066
-0.35356668
-7.195471e-05
0.14577341
-0.22688971
0.26261872
-0.16941683
-0.17469402
-0.22934419
0.066338114
-0.12371798
-0.2425438
0.033323247
0.26907668
-0.116781585
-0.17479019
-0.022485534
0.18440636
0.34550303
0.16053627
0.37022576
0.1704786
0.07996696
0.1311259
0.09923053
0.044388432
-0.14572929
0.13023946
0.025714634
-0.37480146
-0.2663593
0.0063412106
-0.29628438
-0.1079012
0.12086697
0.031458758
0.10507785
0.1812012
0.07415165
-0.14153956
-0.16791138
0.07020276
-0.042543266
0.2326249
0.23270142
-0.31669194
0.2053818
0.09531626
-0.14142185
-0.14899382
-0.23151183
0.033560567
-0.21547222
-0.06300666
-0.25540134
-0.012176542
0.094626546
-0.18199486
-0.21011062
-0.024554934
0.27751857
0.037118163
0.10309106
0.118789546
0.005622731
0.3339252
-0.08380566
-0.10430809
0.17554837
0.08042947
0.13411017
0.2896845
0.23679191
0.14609253
0.10214938
-0.10538086
0.10199711
-0.15268739
0.21742731
0.17263414
0.22491908
-0.13492383
0.0006718367
-0.048697855
-0.010879185
-0.04222493
-0.18045533
-0.22999609
-0.03677839
-0.071539156
0.0038197285
0.21302113
-0.07830039
0.34616026
-0.00456941
0.17178573
0.23246887
-0.19032131
0.06852423
0.07601257
0.025738632
-0.285428
-0.10311265
0.08168975
-0.24569838
0.09663325
-0.15749402
0.031677354
0.1618309
0.24450539
-0.25210828
-0.27611536
-0.022378402
-0.042964697
-0.3598643
0.04578026
0.039614584
0.063209124
0.06817559
-0.055127945
0.043452483
0.014965239
0.20491658
0.11628395
-0.13085516
-0.001901206
0.13023835
0.022037707
0.091855705
-0.0022393535
0.0185549
-0.15230459
0.18346389
0.009598067
-0.04465501
-0.14624907
0.110845014
-0.105570965
0.25224152
-0.069373325
-0.031782657
-0.096330866
0.1127465
0.15732029
0.13714676
-0.12299486
0.116069384
0.058706477
-0.00879084
0.087930106
0.06989946
0.051776905
0.03992294
-0.1659244
-0.050086208
-0.17711076
-0.01936489
0.19571358
-0.14112045
0.0027668064
0.22550601
0.19789441
0.113064535
-0.032485973
-0.07784585
0.033762805
-0.18417136
0.0067599057
0.20655146
-0.124110535
-0.0513491
0.11790363
-0.037781052
0.14695413
-0.21046437
-0.033659354
0.17081082
-0.011643374
0.094797775
-0.16143702
0.035435222
0.22927368
0.076553084
-0.16863304
0.12493936
0.14785716
0.119171165
-0.16017218
0.20137279
0.15657946
0.007323985
-0.049204152
0.04549558
0.17035198
-0.092424475
0.12387469
-0.10892381
-0.16521275
-0.042320672
0.11913128
0.099538155
-0.0050657173
-0.09251388
-0.18508539
-0.11825172
-0.21986155
0.060883332
0.08878543
0.11563437
-0.28651202
-0.17610742
-0.17541786
-0.08430411
-0.08314899
0.17901966
0.05231763
0.086178765
-0.14039242
0.06787534
0.0415162
0.057456985
0.016445125
-0.063160926
0.19983555
-0.058604434
0.0142833255
-0.069440484
0.11120317
0.015061755
-0.1051463
-0.083272606
0.01766825
-0.20815493
0.25600487
0.2574413
0.0022158558
-0.088903114
0.26491526
0.06484987
-0.12527597
0.057127073
0.15478352
0.18350956
-0.11147103
-0.048518304
0.0877058
0.026244272
-0.077069975
0.20166633
-0.10157309
-0.22336283
-0.08493784
-0.11795385
-0.028498465
-0.059774015
-0.12414459
-0.0765449
0.11180397
-0.17771883
0.18838672
0.15463056
-0.11281991
0.058694992
0.03482337
-0.13739614
0.054447137
-0.22683303
0.1514821
0.022161117
-0.06975824
-0.035387065
0.005994089
0.105444215
0.081327796
0.14023691
0.13389213
0.3038787
-0.166502
-0.023944285
0.112520255
-0.025529811
-0.07574081
0.08059905
0.19987899
-0.009387165
0.0010662453
0.21313167
0.023128692
0.061583757
0.20262074
0.012162342
-0.13685161
-0.12061143
-0.10578047
-0.18227948
-0.02392193
-0.011864435
-0.21000403
-0.04997971
-0.102466874
-0.12154259
-0.13272628
-0.08736163
-0.13775198
-0.12412627
0.15926066
-0.010668028
0.0734844
-0.21131246
-0.1014342
0.014121041
0.05677644
-0.21790583
0.069934934
-0.06570644
0.097004674
0.020930083
0.24297404
0.032317407
0.07026622
0.06291411
-0.12899168
0.10571962
-0.036609776
0.15337834
0.24858558
0.19536169
-0.046626218
-0.17950238
-0.021479908
0.19106613
0.18716714
-0.11641414
-0.10319668
-0.19215797
-0.08944748
0.03406749
0.22626889
0.22316569
0.10254649
-0.056770384
0.06561479
-0.043058217
0.122146636
0.20666888
0.12486811
0.07118109
-0.30498224
0.05380311
-0.107343055
-0.11726523
0.015975691
0.1675454
0.034995962
-0.11674468
-0.0088460855
-0.04439994
-0.10381966
0.3234081
0.14656575
-0.19840477
-0.023385584
0.16768922
0.10750275
0.33941853
-0.18263963
-0.07566491
0.2053562
-0.25069955
-0.22786652
-0.25588545
0.023469323
0.03949705
0.15721734
0.18869017
-0.07633828
-0.10863454
0.22154114
0.047493625
-0.059404176
-0.21549074
-0.18698855
-0.0020403964
-0.20348038
-0.22462963
0.14264566
-0.08798497
0.050460264
-0.07227162
-0.07071042
-0.07795841
0.03428251
-0.062047493
0.06250623
0.21589404
-0.07478009
-0.009107
0.2074558
0.06180208
0.08003882
-0.04473774
-0.0153257605
-0.20556785
-0.1592095
0.0596412
-0.15419628
0.10545845
-0.11304902
-0.04045896
-0.13784944
-0.06579888
0.12979113
0.062438212
-0.033456463
0.1755302
-0.11912085
0.2360949
0.13593087
0.22670361
-0.05169925
0.07090887
0.23559596
-0.23391235
-0.033413835
0.12374281
-0.03342828
0.09250918
-0.05072643
-0.13706695
-0.08679172
0.02209837
0.053343985
-0.22457033
0.06542146
0.03687664
0.16683558
0.16666055
0.11601431
-0.11749876
0.07695977
0.13852805
-0.19161235
0.13425833
0.005390155
0.15785775
-0.11396775
0.16343546
-0.17964086
-0.14736399
-0.17190844
0.11903862
-0.019426418
0.047866896
-0.017438743
-0.08453359
0.13461985
0.0041277525
0.031194901
0.13569559
0.13672185
-0.094224624
0.06458054
0.02198011
-0.076239854
-0.021894805
0.23426367
0.26233664
0.12077073
0.07310729
-0.073440075
-0.053846095
-0.035349138
-0.079757415
0.08863931
0.06369124
0.013003643
0.16774388
-0.1785571
0.04421349
-0.22259097
-0.15526865
0.15872872
-0.11634199
-0.02359979
0.027230062
0.08587715
0.21088259
0.1338434
0.17274933
-0.24353415
-0.07233119
0.010346303
-0.11222604
-0.2259621
0.08875844
0.11851895
-0.19159989
-0.16347718
0.13853237
-0.10916768
-0.05816559
-0.19116762
-0.052666385
-0.19218543
0.0063856193
-0.024351627
0.03109137
0.19616927
0.18984945
-0.087503895
-0.23517151
0.07619765
0.020066528
-0.21602486
-0.0048360233
0.00048353468
0.16557528
-0.11059959
0.18953644
0.04859203
0.028536402
0.04642788
-0.26577127
-0.03753283
-0.09346031
-0.14071693
0.015569887
0.2389707
0.0656111
-0.10931534
0.05725603
-0.072829306
-0.042172603
-0.16505226
0.020914858
0.108440235
0.043448385
0.3665579
-0.19317392
0.05775303
-0.14679348
0.0046554687
0.13109489
0.3081599
-0.11677832
0.105080985
-0.11168946
-0.08288276
0.20627068
-0.20315552
0.13385911
-0.00027828623
-0.14157824
-0.09641126
0.05188995
-0.14617787
0.07024057
0.028973123
-0.14510629
-0.14237002
0.16912995
-0.1661817
0.12754555
-0.19723967
0.24750446
-0.26595512
-0.10693855
0.06359079
-0.29154447
0.12677419
0.03791133
-0.009421928
0.027136134
0.005955127
0.21164578
0.16153616
-0.31929624
-0.17375778
-0.07560517
-0.07210688
-0.19026688
-0.06801929
0.109084934
-0.15088674
0.022657948
0.2164333
0.020400936
-0.1463391
-0.3076512
0.18662266
0.0834167
0.099645406
0.14433691
0.14099158
-0.13169727
0.06641606
0.046566244
-0.105365604
-0.17401679
-0.045962825
-0.17966741
-0.006631172
-0.2292401
-0.07681296
-0.0709324
0.029110134
0.19150251
-0.30182827
-0.004569363
0.24873145
-0.1187223
0.021813625
-0.0550955
0.2857481
-0.16091676
-0.11953725
-0.09530187
-0.006876115
0.20843711
-0.1886455
-0.052947063
-0.13674667
0.043418564
-0.034978423
-0.0068488335
0.22031389
0.11821777
-0.053846195
-0.0132250665
0.25681287
-0.025028309
0.00458378
0.14357218
-0.09035482
0.042942163
-0.10633086
0.20200089
0.045422595
0.07448374
-0.034510974
0.051251784
0.13366564
0.06806509
0.08257696
-0.027593045
-0.04727569
0.12945035
-0.025107136
0.08250952
0.061968975
0.16934519
-0.06196607
0.114496395
0.08702833
-0.09428956
-0.12659705
-0.07598783
0.21911953
0.17750157
0.25180987
0.1281455
-0.09827097
0.041022718
0.040442444
0.10974909
-0.06582539
0.16284868
-0.23345765
-0.13381624
-0.07693289
-0.15675695
-0.08863269
0.20745482
-0.148391
-0.13109425
-0.13378173
-0.10405524
0.1407277
0.25784972
0.08051554
-0.2137088
-0.10834727
-0.13038059
0.051074307
-0.18132031
0.16095436
-0.22196102
0.14492409
-0.13734564
-0.23256703
-0.14511354
0.20601022
0.05072975
-0.14249253
-0.14341207
-0.08556467
-0.05731022
-0.092510216
0.1788944
-0.09065983
-0.0012896565
-0.08371593
-0.031466387
0.018568993
0.02747134
0.12882501
0.12961864
-0.23555583
0.15710993
-0.16815336
-0.18513474
-0.11857562
-0.17336185
-0.05858959
-0.094203435
-0.06332429
-0.06327433
0.17452694
0.10979323
-0.1182721
0.0961139
0.016253004
0.0999382
-0.002028058
0.16984785
0.1020673
0.06439778
0.10566712
0.27082926
0.22512949
-0.08564926
-0.033039305
-0.1793722
0.08309324
0.14561683
-0.09078885
0.23860992
-0.20204557
-0.006795894
0.024286894
0.12882587
0.13906589
0.0051351
-0.19357859
-0.12698527
0.20440075
0.04182936
-0.09740379
-0.0141849555
0.15119939
-0.23750935
-0.14821012
0.09768728
-0.15568914
0.15854093
0.006630653
0.043768916
-0.07359087
-0.08466823
0.019850887
0.069210894
0.06888109
-0.116989166
-0.013006086
-0.051241845
0.0016064498
-0.09851276
-0.1262949
-0.1411524
0.07553351
-0.03744204
0.087352835
0.09027389
-0.13894118
0.010424042
-0.113143794
-0.12358551
-0.013883003
0.21624802
0.094304785
0.012345718
-0.11257554
0.11796148
-0.0648558
0.16497988
-0.17250092
0.012179377
0.010992368
-0.115639545
0.13850878
0.21446522
-0.012957799
0.027847461
-0.023668354
-0.18932329
0.023052122
0.18975131
0.014800929
0.03377357
0.13914832
0.063795775
-0.08552063
-0.03352987
0.07197348
0.060385447
-0.0067222784
0.22114855
0.20436321
-0.1361729
-0.06837328
0.26637653
-0.21216631
-0.13992801
0.1593785
0.15654294
-0.08024386
0.02967603
-0.036855336
0.14486238
-0.08759399
-0.064251594
0.021135634
-0.0909986
0.15093838
-0.19532406
-0.09664117
-0.10195773
0.21269116
0.02700116
-0.23193015
-0.08529988
-0.057795115
0.05217787
0.1179535
-0.24243458
-0.042625986
0.023836192
-0.040667918
-0.16648842
-0.018831266
-0.039757494
0.13899714
-0.058060482
-0.1464991
0.021924386
-0.07129735
0.030168882
0.017024588
-0.17264262
-0.08354382
0.14171785
-0.01322861
-0.15375033
-0.012685515
0.18863228
-0.024807274
0.083152205
0.062392645
0.06280295
0.14004892
0.17019758
0.13085164
0.020779388
-0.033965982
0.17958617
0.0801452
0.06050907
0.1651326
0.2204226
0.18819255
-0.047725074
0.09879077
0.023653973
-0.031940714
-0.020510772
0.13100767
0.13067158
0.16078442
-0.15418886
-0.0701648
-0.055480447
0.18623842
-0.11482606
-0.13233675
0.08096017
0.016937787
0.16539237
-0.014665977
-0.09766189
0.16084084
0.01868526
-0.15844356
-0.1355667
0.06623774
0.023428246
-0.019423923
-0.1407231
-0.13313377
0.028696705
0.098975085
0.0054151695
-0.014515237
-0.17026295
-0.12203885
0.18243496
0.17009081
-0.106905974
0.18690486
0.08618887
-0.06192563
-0.12872128
-0.10370491
-0.120691255
-0.11396019
-0.04604113
-0.04079124
0.1963466
-0.09603184
0.22178167
-0.15367937
-0.12085218
0.21993603
0.12222746
-0.1787829
0.016562326
0.1517417
0.06909393
0.1354578
0.020828081
-0.17289835
0.020221516
-0.13076328
-0.016877567
0.12729383
0.12257123
-0.072456524
0.08047899
0.09474174
0.047929432
-0.033361346
-0.063923076
0.06952037
0.18315223
-0.10350466
-0.15019129
-0.20006189
-0.17688523
-0.11941733
0.21591489
0.16066393
0.10321464
0.07906408
-0.08951328
-0.188226
-0.30425692
-0.00067359424
0.08916083
0.057022307
-0.10779985
0.15445063
-0.09252674
-0.24744712
0.18840648
0.122602515
-0.20830938
-0.14784248
0.010657193
0.025787003
-0.20498443
-0.10648175
0.018154237
0.010392852
-0.17821261
0.05410897
0.12886061
-0.08054466
0.078246035
0.19370581
-0.0056052883
0.09721407
0.2733188
0.06958814
0.19484305
0.09662798
0.060822926
0.10631745
0.0009967915
0.095534965
0.15446128
-0.14417021
0.076082945
0.13550295
-0.14476743
-0.23880085
0.020249154
0.10699879
-0.06979929
0.065487005
-0.04020543
-0.17424467
-0.061193008
-0.18711169
0.12956311
0.23141086
0.27943456
-0.2266439
-0.010015985
0.07039806
0.04603461
-0.13423215
-0.09035723
-0.112659425
0.038864534
0.040227808
-0.019955413
0.19757241
0.26295546
-0.24090344
-0.13437551
-0.23380743
0.090134054
0.066537604
-0.08352463
0.18708768
-0.054173715
0.008638725
0.031705238
-0.06631282
-0.012747567
0.09774091
-0.05203627
0.1930829
0.08857935
0.09113038
-0.28193972
0.06079835
-0.16003117
-0.043640528
-0.011630321
0.22755828
-0.0734361
-0.090933114
0.046636138
-0.043106686
0.20882198
-0.066385746
-0.07620265
-0.1441441
0.1846075
-0.0058647357
-0.012941885
0.040676378
0.04381393
0.2406334
0.112078145
0.2607272
-0.060348786
-0.08337177
-0.056463595
-0.03313852
0.083800316
-0.1850672
-0.19734995
-0.11267611
0.1117315
-0.06381355
0.1078189
0.027822038
-0.09419469
-0.16965592
-0.09672343
0.014812779
0.033028033
-0.1236523
0.012053801
0.084712364
-0.14160413
0.04703851
-0.14267649
0.25028074
-0.10759661
0.00049965177
-0.19287372
0.06647927
-0.22090426
0.14346915
0.13546832
-0.1463533
0.123962104
0.34916002
0.055694472
0.11723204
0.11076647
0.229764
-0.014379593
0.3060931
0.014998249
0.11518832
0.16645353
-0.08671264
0.23160765
-0.050867934
-0.09243536
-0.32113075
0.06276271
0.29866117
-0.08791533
0.27066562
-0.10678925
0.16833799
0.044553738
-0.14902446
-0.04946456
-0.16588353
0.1663012
0.061281897
-0.018738065
0.04126983
-0.27503154
-0.15479825
0.30886275
-0.038522337
0.08036631
-0.073262475
-0.10497066
0.07440017
0.29327315
0.026228607
-0.3237247
-0.09750098
-0.19404173
-0.19401266
0.07591985
0.1701832
-0.027275352
-0.19227605
0.064341694
-0.12599698
-0.08592985
-0.15113176
0.19437408
0.1753986
0.014713504
0.16414456
-0.18471748
0.033280905
0.079984285
-0.14115508
0.048326053
0.05718968
0.055667937
0.17753455
0.16600814
0.16898334
-0.11260558
-0.014596326
-0.03701125
-0.088084504
-0.2515059
0.082149744
-0.08993535
-0.120559
0.13583392
0.08306218
-0.12723055
0.17253582
-0.14069813
0.21321769
0.07176811
0.049585674
-0.08272349
-0.19561224
0.024866678
0.12779488
0.0065514613
-0.06325072
0.121686794
-0.09032339
0.023811035
0.13876931
0.18780085
0.12261861
0.103328384
0.12076985
0.14696534
-0.009812591
-0.00015015193
0.1573287
0.17902082
0.2032006
0.18563478
-0.10407999
-0.057570267
0.20114279
0.27169052
0.14797018
0.11745373
-0.066823125
-0.112216964
0.029482057
0.24318467
-0.09616316
0.16297717
-0.0089460835
-0.1404994
0.08943608
0.08519205
-0.061966788
-0.09404735
0.15521905
-0.07488467
0.22663015
0.1975484
0.15748285
-0.18780005
0.022396097
-0.065933116
-0.16348606
0.040910393
-0.14836346
0.10982759
-0.09914746
0.12784956
-0.07710143
0.0033374692
0.04591092
-0.06368223
0.18306457
-0.010901736
-0.07340784
-0.16518682
-0.09571055
0.065325744
0.12603177
0.0002521489
0.13152884
0.2122116
0.1034853
-0.08998636
-0.15216717
-0.1046785
-0.037606575
0.013141124
-0.040109556
0.19493207
0.13358366
-0.009157057
0.12040895
-0.04928348
-0.12468371
0.13149412
-0.048843578
-0.12997697
0.16604029
-0.09831199
-0.036170136
-0.16388878
-0.07394659
0.23722719
-0.16731375
0.17256962
0.1019218
-0.04602206
0.056541022
0.07190793
0.007804008
0.033925347
0.006766607
0.16357422
-0.20159525
-0.022759309
-0.18476751
0.25464162
-0.029279241
-0.15555592
0.08745273
0.020176593
0.13184735
-0.119796626
-0.06243118
0.16587362
0.2204626
0.024299972
-0.0642048
0.05132962
-0.17946185
-0.23255198
0.18815927
0.13294762
0.19725263
0.13980162
0.27824333
0.14493223
-0.17656817
-0.05224538
0.19378185
-0.14897108
-0.052840956
-0.109450206
-0.18515866
-0.14731744
0.07378259
0.19219829
-0.17335698
0.15797846
0.14151728
-0.07650729
-0.10767822
0.105666175
0.20716204
-0.14124848
-0.08551456
0.17563272
0.018499078
-0.0023520528
-0.12730424
-0.13617828
-0.03328765
-0.12752695
0.20589663
0.025262993
-0.03852627
0.05808735
-0.06386378
-0.036018867
-0.20103762
-0.15174088
0.059955444
0.045692366
-0.11975667
-0.011052728
0.0690194
0.23799081
-0.14954868
0.08389172
0.02881135
0.32156476
-0.07139694
-0.14337124
-0.03479519
0.16787754
0.11066298
0.22356534
0.14099255
-0.11187924
0.040289894
-0.006613188
0.12892051
0.079458416
0.039859638
-0.15426071
0.056125086
0.016608661
-0.20727906
-0.13227576
-0.070099674
0.017419938
-0.08632844
-0.21322644
0.16712947
-0.07216548
-0.184596
-0.13315816
0.077624194
-0.0041189976
-0.14344011
0.08564381
0.025113793
-0.028733015
0.027555453
0.05229872
0.19044688
0.12951374
-0.17529622
0.19322778
0.12847999
-0.022484597
-0.12297166
-0.16622372
0.08269876
-0.089187995
-0.29032362
0.030504337
0.31145692
-0.07971031
-0.21016648
-0.049180556
-0.13230452
-0.26267105
0.02975818
0.014186407
0.02848096
0.077908106
0.060095537
0.25523973
0.08192342
-0.03328306
-0.30628842
0.02451751
-0.09228073
-0.20488383
0.060625657
0.15003121
0.040340956
0.14548066
0.036886603
0.12664388
-0.18589608
-0.0656281
0.13721207
0.0528961
0.18443061
0.20355494
0.129301
-0.06765434
-0.090094596
0.08274408
0.031176463
0.27435136
0.07771916
0.01695333
0.15115318
0.028609378
-0.22833966
0.02615495
0.052359637
0.2278292
0.15627345
0.034430254
-0.10780237
-0.108865984
0.005462933
-0.19345918
-0.1744369
0.038914368
-0.23228727
-0.07241677
0.11501223
-0.24246694
-0.07141987
-0.037071325
0.008299162
-0.20884497
-0.11208751
-0.0140222665
0.111037016
0.35846016
0.07208419
-0.16668181
0.038253605
0.061986364
0.048731696
0.18492429
0.045983177
0.07408032
-0.052190695
-0.07809801
-0.15227342
-0.11167377
0.1681957
0.19962555
0.23897304
-0.20495209
-0.005830285
-0.16224697
-0.18122937
-0.08836342
-0.1873971
-0.07552431
0.011937277
-0.14021802
0.07782323
-0.023694118
0.23540123
-0.18094854
-0.05214685
0.10640564
-0.02554051
-0.021375468
0.020174064
0.084171
0.30177853
0.093611725
0.20077966
-0.104111254
-0.18979451
0.27350625
-0.19317329
0.022535922
0.19006118
0.04939087
-0.095926754
0.22612964
-0.16829868
-0.110516086
0.08416025
-0.115171656
-0.09541284
0.23258978
0.05462012
0.15489557
0.20078506
-0.2514549
0.08018143
-0.062538974
-0.21463773
-0.18188885
0.09996498
0.06526344
0.1906086
0.27217248
-0.21144162
0.13977015
0.15172623
0.14510651
0.07112169
0.017057337
-0.022509785
0.11203498
0.12523074
0.16940601
-0.04397637
0.043356806
0.14458294
-0.09863179
0.21333638
0.06629642
-0.14898168
0.2371004
0.09790019
0.025976129
-0.07814179
-0.04162468
-0.041372087
-0.124768466
0.04583166
-0.21524613
-0.14292389
0.07988653
-0.20500238
-0.21768282
0.05461326
-0.08553562
-0.12480862
-0.15137166
0.2283591
0.05089298
0.020086883
-0.11103717
0.09377922
-8.752274e-05
0.21990547
-0.17873672
-0.09661823
-0.12812196
0.071007274
-0.039929084
-0.081116095
-0.1388604
0.03329228
0.0004911809
0.009519269
-0.041771494
0.15184498
0.03478124
0.12491148
0.21024458
-0.10178725
-0.1320066
0.23815644
0.1722864
0.08942968
-0.041804317
-0.00066194404
0.09458476
0.08505657
0.09765583
-0.06936747
0.20824642
-0.12030192
-0.11800399
0.041975457
0.030209795
-0.11001409
0.16618292
-0.05342363
0.121450506
0.1618438
0.06533869
0.008280209
0.011212485
-0.020058127
-0.15668644
0.18278302
0.13551107
0.084281385
0.16683331
0.11582136
0.067884915
0.051365286
-0.058550444
-0.11320495
-0.077684775
0.036780164
-0.22097269
0.07643364
0.23908426
-0.12729189
-0.015181867
-0.2189772
0.03567305
-0.1314925
-0.023672337
0.10706867
0.026507286
0.119143575
0.07603617
-0.13665359
-0.014977018
-0.21929687
-0.12704587
-0.234358
0.15381834
0.04410352
-0.20551644
0.21608134
-0.026240326
0.11027752
-0.18810777
0.055065125
-0.15621433
-0.011564691
0.078145295
0.14263251
-0.17353325
0.17643543
0.086481236
0.19831991
-0.15467456
-0.11682511
0.15259516
0.1155856
-0.0041842237
0.058681644
0.107108824
-0.040473726
-0.06864495
0.07386624
0.13580775
-0.113241285
0.11536206
0.07181704
-0.044035897
0.06239066
-0.100275844
-0.13214086
0.23682499
-0.08428318
0.15493907
-0.049369488
-0.08090868
0.1684767
-0.2810204
-0.088002
-0.37232882
0.19489981
0.018734429
0.07157821
0.10125748
-0.04263915
0.0660559
-0.10683654
0.12702386
-0.26209083
-0.09208318
0.18460703
-0.16520314
-0.06690759
-0.19783159
-0.058428314
0.0866158
-0.2040452
0.05228978
0.07842013
-0.032515056
0.033798613
-0.14690198
0.055428695
-0.082816966
-0.085731216
0.1660502
-0.018473817
0.08367176
-0.13228711
0.0386449
0.1822375
-0.051755697
0.17074604
0.1617706
0.17665239
0.15579268
0.026698597
-0.066477135
-0.13486813
0.13254872
-0.026025834
0.11723708
-0.15854417
-0.015196932
0.12759016
0.056781325
0.085110985
-0.13253827
0.2105741
0.26343474
-0.07873447
-0.12511957
-0.08112271
0.14850059
0.078081824
0.088054925
-0.102391005
0.08111798
-0.008485576
0.023817414
-0.1165889
0.051968306
0.00028794297
-0.19142032
0.13080533
0.12940481
-0.19561146
-0.1740664
0.13355657
0.07690067
0.13055559
0.2034584
-0.025441082
0.053442843
0.17317809
0.0024132025
-0.1694372
-0.17890501
0.13321182
-0.08644594
-0.15607247
-0.13326217
0.01350172
0.18081282
-0.069915995
-0.1098048
-0.064574696
-0.14171147
-0.15893562
0.04402027
0.07031805
-0.03712193
0.20335445
-0.08234192
-0.0022810367
-0.11083649
-0.0014128572
0.17183018
-0.003596319
-0.1596371
-0.016146965
0.073377304
0.011132795
0.051625986
-0.1141105
0.22474651
0.039980207
0.023347419
-0.12300812
-0.0173852
-0.09723801
0.005174217
0.08465228
0.025053537
-0.012941839
0.10184742
0.12655818
0.12725322
0.13506986
0.026563417
0.21306288
0.11086068
-0.068858914
-0.01947739
0.00400572
-0.0055355113
-0.12770149
-0.08366498
0.08600824
0.13440348
0.16419403
0.06898528
-0.11432633
-0.020608524
0.1533024
0.049137253
0.12642366
0.09097656
0.19960247
0.121353246
0.15058115
0.16455969
-0.13774641
0.044409018
0.14513995
0.017992325
-0.20362976
0.11803749
0.08387139
-0.04079976
-0.17040676
0.14110073
0.19831334
-0.1499973
-0.04659852
0.13534388
-0.017738573
0.21332437
0.20371674
0.08801506
-0.04829429
-0.031097883
-0.026445547
0.08508815
-0.08018982
-0.023092918
0.06834959
0.007045894
-0.00975964
0.12739529
0.016456557
-0.11821154
0.10866302
0.062941566
-0.14559114
-0.09847702
0.028401718
0.10558228
-0.082212575
0.005407041
0.05135992
0.0016000563
0.05393683
0.21922454
-0.19722897
-0.030785609
0.054397147
-0.08401106
-0.013815571
-0.1286653
-0.1516342
-0.03108488
-0.03065515
-0.07334116
0.20864107
0.10919893
0.16164617
-0.09763658
0.21335024
-0.07905175
-0.16018876
-0.16017409
-0.07603771
-0.1430356
-0.048121605
0.021490594
-0.18765905
0.18172093
0.07045245
0.059071105
0.092487
0.2682591
0.08949694
-0.024671726
0.17661643
-0.0122638475
-0.15428528
-0.001497358
0.006376694
-0.08694749
0.100075446
0.057609994
-0.21572842
-0.07774594
0.17963932
-0.17373732
0.009911095
0.03436654
0.18123445
-0.18596172
0.0621141
-0.059374508
-0.020605596
0.1523652
0.12727498
-0.13653612
0.06608634
-0.006876706
0.12374725
-0.1028988
0.09591292
0.15327655
-0.1367199
-0.13184924
0.03848742
0.08137949
0.075430565
0.23516384
0.16771683
-0.21727644
-0.14677331
-0.15136838
0.00955972
0.13990901
-0.05823917
-0.11755294
0.16549532
-0.19534221
0.034945425
0.08401468
-0.07193247
-0.17027599
0.1743507
-0.03953076
0.123419516
-0.09664751
-0.080833025
0.20097919
-0.09934472
0.022180004
0.13570161
-0.025181238
0.077401765
-0.034813166
0.080907665
-0.050219443
-0.057750814
-0.001126823
-0.15528773
0.09373149
0.06995197
-0.022270853
0.11689485
0.2425861
0.01650063
0.17048152
0.16877154
-0.13020588
0.04903
0.15120576
-0.07536759
0.046046607
-0.05131897
0.0005124439
0.091623776
0.104600914
-0.11231436
0.04563984
-0.23250656
0.07457235
0.17190447
-0.018729893
0.13156946
0.1732245
0.21907465
-0.07897811
0.11120487
-0.10619654
-0.054158483
-0.09868908
0.14388888
-0.24582513
0.1199711
0.19197151
-0.041595183
-0.038097583
-0.049344968
0.13892312
0.11403266
0.07547579
0.25780678
0.10373215
-0.26508224
-0.041057598
0.17879531
0.16656438
0.11431484
0.12627825
-0.18668579
0.0100639155
-0.20061049
0.14051002
0.1759925
-0.23293631
0.014161162
-0.28214687
-0.115671046
-0.113389105
0.044283006
0.06508769
-0.1369404
-0.13513336
-0.19291683
-0.141932
-0.16614479
0.034761675
-0.0065820124
-0.008604929
0.18946113
0.2728801
-0.019987777
-0.057464663
0.1481738
-0.067403115
0.20194799
0.18723704
-0.067084655
0.038392786
0.13564959
-0.02575006
-0.1308086
0.053637754
0.023625903
-0.26364893
0.02457669
0.046458222
0.049778428
0.019656172
0.1717043
-0.2275336
0.07043832
0.024240822
-0.11913471
-0.025479434
-0.07927415
-0.012978989
-0.046777226
-0.22690554
0.20603456
-0.15239045
0.028089544
-0.12921324
0.20624302
0.11292456
0.024847487
0.022264306
0.07015882
-0.12277974
0.09572443
0.29119465
-0.18482625
0.06491482
0.017527336
-0.06373869
0.004765121
-0.17598563
-0.1559909
-0.22831763
-0.06392213
0.21479766
-0.060245063
-0.09166289
-0.07968432
-0.15270332
0.11419526
0.1228391
-0.053922173
0.25123003
0.2304475
-0.20402959
0.08364167
0.27751273
0.1172095
-0.20667301
-0.1983496
-0.15027767
-0.060083047
-0.16587374
-0.03131196
-0.3517666
0.09893139
-0.15459704
0.15777172
-0.2629789
-0.16879992
0.02500884
-0.014160365
0.056574985
0.04530853
-0.11287162
0.20913689
0.14117013
-0.08391257
0.07246195
-0.035900254
0.070330985
-0.019023154
0.110098824
-0.0077866544
0.05761529
0.10760014
0.085188374
-0.14439133
0.20864964
-0.037357327
0.09224112
-0.1262455
0.060365357
0.14019437
0.15353748
0.11871862
-0.09717912
0.06948594
0.051580083
0.1678726
0.11154809
-0.13427578
0.16255704
0.017736362
0.09607923
-0.19107519
0.06048819
0.07533937
-0.06223565
0.1701266
0.051610872
-0.039086502
-0.051561337
0.09004532
-0.0020261852
0.062346313
-0.18211891
0.066730864
0.024260571
-0.16195738
-0.22995031
0.13845854
-0.20446397
0.0063188183
0.19843532
0.02448348
-0.08753851
-0.20842989
0.09498992
0.014616278
-0.13405941
-0.01099569
-0.039393157
-0.18320091
0.005331421
-0.12243847
0.0241306
-0.1057316
-0.15407287
-0.13735346
-0.037276503
0.111674875
-0.23263174
-0.16771545
0.11336494
0.19054319
0.099047504
0.08684924
0.14796253
0.13992299
-0.10817701
-0.0596886
-0.090606295
-0.23797444
-0.097284466
0.1684274
0.1706195
0.15931877
0.046974383
0.15168144
-0.11858061
0.12691998
-0.12358881
-0.0043180576
0.15953927
0.07837643
0.046042692
0.0016467493
-0.16847818
0.007136167
0.03291794
0.028668886
-0.11940844
-0.13191907
-0.03970801
-0.0074324626
-0.09468544
0.07354873
-0.07974633
0.15520096
0.13056907
0.20435037
0.08996324
-0.05524376
0.018474884
0.1553417
0.03305398
0.031077677
0.042238954
0.11378887
-0.16374023
-0.10142035
0.16555977
0.20990603
0.0957716
0.065716185
-0.03950365
-0.042632222
0.20412481
0.111092284
-0.007558155
0.04507881
0.045014996
0.03938162
0.14425172
0.11597487
-0.036774598
-0.19069125
0.20102894
0.17074862
0.024591219
0.19668368
0.0058977953
-0.1999251
-0.04210719
-0.038187075
-0.10664865
0.11804843
0.0028118442
0.044869244
0.009548942
0.042378683
0.10317748
0.047644503
0.42447367
0.2025549
0.014540305
0.12280293
-0.18901347
0.008126174
0.20087102
0.08987448
0.19177395
0.0972411
-0.15383203
-0.22360791
0.11940378
-0.122116536
0.16207042
0.013856537
0.057370562
0.17412093
-0.15130158
0.2676854
0.11156962
-0.24214534
0.07095719
-0.050502572
-0.16357037
-0.14552543
0.18682592
-0.15271401
0.10711774
0.08199233
0.003808699
-0.117705114
0.1383573
0.11344944
0.20343539
0.03914276
0.0033422187
-0.29785454
-0.16752791
-0.13319646
-0.032398596
-0.06892165
-0.2771429
-0.10075756
-0.1172371
0.085762896
-0.21552143
0.25263533
0.1407926
-0.28530374
-0.05370715
0.0896734
0.2060545
0.023734564
-0.040953003
-0.11713232
0.18987533
0.08405516
0.01635924
0.14902034
-0.18635172
-0.102923214
0.06638236
0.013621774
0.040851377
-0.13829666
0.11810663
0.11364335
0.19912077
-0.09999739
-0.088062026
-0.043723095
-0.21801417
-0.16864084
0.19589952
0.08184726
0.07475043
-0.118530944
-0.13794492
-0.0022296447
0.15637751
-0.1899024
0.06312423
0.080536395
0.18949968
0.15769501
0.038791627
-0.18758523
-0.19861428
0.18459868
0.030391222
0.14979617
0.06974447
0.12136811
0.062740155
0.09876174
0.22650369
-0.1222652
0.03627653
-0.18526904
-0.080861636
0.15726191
0.11764804
0.16678053
-0.038653597
0.203052
-0.008368396
0.0045864806
0.0010490597
-0.015583159
0.1759639
0.027289247
0.034863614
0.0981279
0.14205523
-0.25524226
-0.11866863
-0.18630321
-0.26466975
-0.12531249
0.106486715
-0.03479191
-0.031912822
-0.24847642
-0.1173086
-0.09520282
0.0013984335
0.30099475
0.08543765
0.033318274
0.044600196
-0.11260779
0.18231443
0.17466517
0.05024902
-0.008465626
0.053621788
-0.038743816
-0.12942055
-0.23758985
0.10469968
0.15524139
-0.15614206
-0.023197696
0.03732902
0.20982668
-0.041610815
0.19395128
-0.10339093
0.10376094
-0.03443226
-0.00016879656
-0.023496408
-0.12641191
-0.16028027
-0.13041383
0.13412313
-0.022342049
-0.11059691
-0.02089232
-0.023455948
0.16339147
0.11751595
-0.09282729
-0.19245657
0.20462942
-0.04540199
0.14222789
0.069196746
-0.005003484
0.2083051
-0.10341753
-0.10410675
-0.20488423
-0.08649563
0.10836634
0.15251493
-0.00020079789
0.19122757
0.088580005
0.09421876
-0.12664661
-0.14000303
0.11463653
0.2330884
0.052401744
0.11852413
0.18671723
0.06444778
-0.04781349
-0.08075021
-0.14519264
-0.112996146
0.00949494
0.0098597035
0.14659056
-0.17161663
-0.116143286
0.02501257
-0.03487028
-0.013784002
-0.021658124
0.05414355
0.16104425
-0.17236555
0.07830877
0.21790369
-0.0470858
0.09658344
-0.040569413
0.03324322
0.017788509
0.08690794
0.10532307
-0.069860466
-0.113776855
-0.06736111
0.06504442
0.062017217
-0.12362324
0.013805623
-0.017097577
-0.024496004
0.026762072
0.02486454
-0.08751392
-0.07820186
0.020487906
-0.04317565
0.1364859
-0.07031208
0.026169136
0.048620947
-0.053146124
0.09952272
0.10947436
0.03243723
-0.22300847
-0.20341231
0.09491104
0.12301412
-0.10011884
-0.24695803
-0.1575273
-0.16418305
0.14544488
-0.009339064
0.21706675
0.088057265
0.065297164
-0.30704647
-0.16757019
-0.16260092
-0.28426233
0.21758077
0.15343851
0.20914975
0.16202524
-0.04456666
-0.17016907
0.16199808
0.18958104
0.20849037
0.1714253
-0.07133499
0.26889092
0.10981053
0.11644461
-0.06430031
-0.014176059
-0.014388524
0.27688095
-0.09734167
-0.052061677
-0.1031888
0.14498761
-0.2661743
-0.19124721
-0.23660444
0.042283334
0.03741823
-0.13568379
-0.0070303762
0.04762214
0.0698668
0.18340261
-0.07859683
-0.13144042
-0.13588025
-0.051699307
0.156846
-0.057126604
0.27399272
0.03445262
0.18114212
0.064202726
-0.025589637
-0.11161532
0.07700399
-0.066458054
-0.01477868
-0.045225833
-0.14096181
-0.025818627
0.011311308
-0.11485454
0.15067582
0.17735656
0.21426232
0.12709528
0.020751629
0.10248667
0.06169904
-0.03466197
-0.11100436
0.07017138
0.14169331
-0.08122668
0.13671996
0.16892786
-0.074654296
-0.14444017
-0.20086174
0.051244058
0.13312715
-0.17627797
-0.055418648
-0.12367813
-0.06095432
-0.005407029
-0.06564496
0.019269114
-0.0485038
0.15504903
0.13180384
-0.04392923
0.19547266
-0.11239433
-0.014559162
-0.09701088
-0.05427298
-0.07067452
0.059234105
0.0048519294
0.08389386
-0.16887537
-0.19163375
0.024910677
-0.025439512
-0.09092081
-0.16890301
0.095674336
0.049319867
0.067158185
-0.01957578
-0.1557825
0.017243043
0.055680003
0.06471456
-0.17228684
0.12506379
0.11000963
0.033484302
0.19516292
0.06306629
0.11525998
-0.0372035
-0.16698653
-0.20481503
-0.012533698
0.032523613
0.0074055167
-0.088475406
0.011068004
-0.25458142
0.005931534
0.26756504
-0.0995118
-0.0891751
0.34464487
0.01375572
-0.018358057
-0.15664975
-0.06923886
-0.07917105
0.21532337
-0.0860203
0.10861824
-0.08772853
0.15350185
-0.13925879
-0.12050309
0.108885825
0.053511277
-0.09680699
-0.18515196
0.13247958
0.2905281
0.2146144
-0.18400268
0.1737135
0.13814151
-0.047817934
-0.20099397
0.057971843
0.09218645
-0.025284331
0.06385543
-0.010936527
-0.20893201
0.20703249
0.20509318
-0.2514797
0.16128375
-0.00905424
-0.16627645
0.19819015
0.14205652
-0.045035172
0.020792415
-0.16231479
-0.00096702814
0.1536755
0.17321035
0.052651387
-0.23650117
0.026455149
0.04873678
0.13922109
-0.25163838
-0.49419862
0.2972945
0.027545078
-0.25703982
-0.20168585
-0.104530886
0.13470265
-0.043313447
-0.12976041
0.036137205
-0.12385368
-0.17245722
0.020288765
0.012776648
0.18028821
-0.16968401
-0.15275998
-0.04361099
0.12708431
0.08007235
0.18280537
-0.008844704
-0.059074063
-0.2037069
0.033430472
0.024029585
0.06888593
0.025093514
-0.15006503
-0.1946761
-0.10752106
-0.058364708
0.2413511
-0.10046877
0.15762614
-0.16953886
-0.047535717
-0.14002703
0.10018225
-0.03350157
0.13069743
-0.13615945
0.22903529
-0.15159737
0.20084344
0.09389469
0.11253532
-0.14485015
0.17464766
0.051187444
0.12018595
0.07295134
-0.07857455
0.06895267
0.13396657
0.016261423
0.07101091
0.12598483
-0.1965388
-0.11737161
-0.052838597
0.19775923
0.049464814
0.18165228
-0.108257174
-0.11268042
-0.17915508
-0.075253785
-0.16803113
-0.1665368
0.37115395
-0.084900096
-0.1449044
-0.030404964
-0.066194996
0.22781141
-0.064044215
-0.19562219
0.11425487
0.33378488
0.035233364
0.116258845
0.25130937
0.13751328
-0.027329259
0.4019568
0.20697832
0.023648612
-0.10808676
0.23115343
-0.015090433
-0.34405583
-0.036807682
0.15241194
0.011410752
0.12506838
-0.04214535
-0.06942557
0.021795973
-0.07670103
0.009374319
0.09875466
0.11727642
-0.09858133
0.12067012
0.17256455
-0.10987062
0.0312856
-0.05758915
-0.00657258
-0.0039172196
-0.17938338
0.08828467
0.030865185
-0.10809711
-0.31097198
0.12695679
0.19095954
-0.023075514
-0.19849296
0.07415876
-0.40682423
-0.16635767
-0.10209557
-0.23155001
-0.087481715
-0.04627144
-1.4930003e-05
0.043022707
-0.0163794
0.146959
-0.2604744
0.045236718
0.12030208
0.21780172
0.16440088
-0.024728931
-0.15886192
0.013029599
-0.03399843
-0.16703957
0.08626721
-0.21645093
-0.066686116
0.09584616
-0.18801573
-0.0345904
-0.12123102
-0.084372066
0.10934031
0.09481853
-0.08763699
-0.03282847
0.00236516
-0.0070101516
-0.16559546
-0.24373852
0.11227971
-0.14796206
-0.18440992
-0.13918646
-0.08979916
-0.07271433
0.12416591
-0.2149838
0.14874604
-0.11544173
-0.14339489
0.24471438
-0.24241528
-0.1290207
0.16860911
0.13087495
-0.08643408
0.23766394
0.0056080697
0.010999368
0.15578371
-0.0066563296
-0.033705425
0.11934232
0.26356977
0.113845915
0.027955187
0.22884427
-0.17029427
-0.031537287
0.056908246
-0.11525047
-0.13656066
-0.056832787
0.10156527
-0.020814702
0.03147804
0.10875092
-0.12150551
0.22568026
-0.04649508
0.12645149
0.14262246
-0.096750684
-0.04603296
0.1461266
0.15552135
0.09006536
-0.002246998
-0.066635296
-0.058273807
0.033790864
0.15999822
-0.11876096
-0.15736112
-0.10639247
0.07249624
0.048282873
0.05659398
0.24133775
-0.105141684
-0.110646844
0.051418364
0.061612207
0.0462332
0.027994592
0.012358122
-0.18466178
-0.04610967
-0.23531538
0.024331672
0.023947516
0.031389274
0.042986427
0.000106603984
0.0966613
-0.1932475
0.18785125
0.20971261
-0.16549341
-0.062402856
0.2621152
-0.20237115
0.116732225
-0.1840485
-0.1943303
0.12428381
-0.009233477
-0.14786276
-0.15280391
0.17961271
-0.11443594
-0.056468472
0.13437025
0.13010232
-0.046296578
0.019966232
-0.093938835
-0.061449446
0.2453406
-0.026154209
0.03404389
0.2736769
0.10974631
0.01978274
-0.32885
0.05178606
0.114248134
-0.21687205
0.07602325
-0.20086421
-0.09956035
-0.045056064
-0.022385372
0.14344537
0.0072557474
-0.2765264
0.078505374
0.10294157
0.04927699
0.16746013
-0.02802102
-0.16064902
0.24872564
-0.16502777
-0.04308311
-0.04711325
0.19170809
-0.05576961
0.115334146
-0.08884972
0.07666552
0.016645903
0.04511909
-0.04078117
-0.1235606
0.12022419
0.18708682
-0.040388614
0.15932961
-0.104096815
-0.0181764
0.12845103
0.010385537
-0.14433739
0.27193588
0.08215267
0.2156751
-0.047165707
0.0038514368
0.33259743
-0.13094342
-0.046327073
0.19611315
0.09345288
0.1404139
-0.09942431
0.08991583
0.15803164
0.107643716
-0.24609514
-0.2228407
-0.031147607
-0.008061425
-0.02740476
-0.12049121
0.13801701
0.16834882
-0.006536427
-0.18062724
0.23280175
0.052997794
0.045853212
-0.19676872
0.029537229
-0.06594535
0.17603481
0.08415632
0.028752593
0.14835247
-0.09931412
-0.12725061
-0.10558094
0.13766928
-0.24214356
-0.06453195
-0.098938026
0.19047129
-0.1825835
0.04414267
0.15592375
-0.04734333
0.18595748
0.09658118
0.106082276
-0.043105118
-0.17117536
-0.101643115
0.018944997
0.13661128
-0.245421
-0.13474448
0.015231852
0.059702996
0.065348715
0.13018109
-0.08903903
0.015462029
-0.115083925
0.03603612
-0.20736167
-0.12557496
0.07645998
-0.16012995
0.24862033
-0.066292986
-0.0947169
-0.14838168
-0.1185298
-0.01879291
-0.21819966
-0.0152141
0.13268508
0.054433797
0.20398097
0.110112906
0.12628457
-0.09892565
-0.122217536
0.019216033
0.19178487
-0.13275002
0.19980103
-0.17029871
0.09731707
-0.017848684
-0.07563999
-0.046758395
0.15033242
-0.09712515
-0.103842035
-0.1474275
0.1476125
-0.15162045
-0.13175888
0.17607884
0.020042956
-0.12367731
0.14992554
-0.058126237
-0.026410265
-0.080110826
-0.14306319
0.03837822
0.10408462
0.12784477
-0.03179436
-0.004646477
-0.14498155
-0.0074912366
0.14014374
0.15254425
0.164452
-0.1681047
0.0633704
0.05020277
-0.02969689
0.14827563
0.1177267
-0.15889013
0.0312158
-0.045363132
-0.10124361
-0.06760404
0.1378351
0.15236911
0.19368303
0.13426304
0.05882198
0.12586696
0.0853893
0.19298638
0.08142124
0.054923255
-0.091598354
-0.19397311
0.134569
0.09365553
-0.06716984
0.15425603
0.16785344
-0.10454592
0.107351005
-0.11035346
0.022633985
-0.25751188
-0.15945895
0.2309448
0.005516145
-0.1473266
0.010193132
-0.0062920284
-0.014381009
-0.01585948
-0.054876223
0.101884626
0.10351068
0.3031107
0.12737137
-0.102866925
0.074077874
0.013784037
0.11851332
0.06746858
-0.014115235
-0.0016476803
0.075953186
-0.090663284
-0.10168022
-0.3009952
0.22356659
0.2965315
-0.2447302
-0.064350575
0.027477814
-0.3434264
-0.12288153
-0.046818495
-0.18488576
-0.12501918
0.12895475
-0.13282306
0.35709083
0.026909167
0.34146032
0.14807588
0.081022784
-0.09267943
0.15408011
0.027638866
-0.12184903
0.054363012
-0.30563274
0.17949283
0.34203282
-0.12536784
0.30317697
-0.07489469
-0.036708146
0.14539914
0.028666474
-0.06002453
-0.120027326
0.02534222
-0.012157212
0.05035618
0.12805328
0.07058099
-0.025803486
0.1532668
0.19804849
-0.20142311
0.07320103
0.22762075
0.15706885
-0.23759453
-0.028733887
0.14010665
-0.15249014
0.012438898
-0.060567237
0.18138656
0.13685262
0.20121293
0.19595882
0.07429094
0.118131585
-0.17196411
0.13695066
-0.004726721
-0.10278527
-0.1733463
0.22478797
0.030167418
-0.06809739
0.012738426
0.27730027
0.018312152
-0.008250203
0.14259969
0.07389768
-0.022535676
0.07202313
-0.16753705
0.10829469
-0.089145176
-0.032132424
-0.09706356
0.15881431
-0.21874687
-0.084261104
0.086597234
0.11337014
-0.057477448
-0.104647286
-0.062798075
0.18337661
0.26412427
-0.18024063
-0.20723595
-0.23162928
0.09136626
-0.072898045
0.035591073
0.1632699
-0.035271887
-0.07237157
0.034563698
-0.0372846
0.14233962
-0.0013884607
0.17908253
-0.09746161
0.057974588
0.19223092
0.18313499
-0.046877038
-0.18213534
-0.18861133
-0.008878904
0.13804069
-0.10946419
-0.28023225
-0.021626513
-0.104530916
0.17073233
0.028075965
0.19006759
-0.0016416257
0.10988857
-0.076994926
-0.01638224
-0.06490211
-0.15595002
-0.11430398
0.2359569
-0.12142096
-0.01997977
-0.16092367
-0.11932319
0.054856308
-0.071545154
0.03200745
0.13626312
0.09608568
0.18612178
0.15837799
0.14507042
0.051140107
0.27545923
0.07475407
-0.07255775
0.048054375
-0.2679616
-0.26288456
0.14216678
0.067253634
0.008570755
-0.14162835
-0.14127655
0.2078694
-0.1824131
0.12758899
0.13648811
0.17673175
-0.13358784
-0.024663372
0.22289483
0.07210755
0.11536595
0.1309939
0.061629493
0.073461145
0.012303029
-0.06271143
-0.12791392
0.1519263
-0.07889758
0.12039529
-0.10531541
-0.15104865
-0.16774043
0.112981886
0.06577419
0.10697476
-0.066107824
-0.16927418
-0.008222678
0.020130422
0.23943849
-0.06558081
0.036274936
-0.15890013
-0.08915301
-0.029591532
0.05382508
0.08534987
-0.03736522
-0.042391967
0.18414667
0.173537
0.117327295
-0.064518176
0.16515201
-0.067579664
0.123417735
0.2869956
0.034999657
-0.057494484
0.2729191
-0.002644558
0.04257152
0.22712605
-0.11104246
0.18500364
0.11965938
-0.1402888
-0.13430665
-0.14405043
0.2219189
-0.06328758
0.011396583
0.0012387268
-0.27743644
0.13486704
-0.06538734
-0.19550997
-0.032405607
-0.14713301
-0.044231445
0.10935724
0.20919997
0.07515185
0.036176007
-0.022181183
-0.062353488
-0.09232694
0.07728648
0.20635474
0.19926278
0.13743359
-0.12325176
-0.007537817
0.04667062
-0.16480316
0.16081047
-0.01561123
-0.061567456
0.14566608
-0.13494892
-0.14164752
-0.0036283736
-0.15513016
-0.19546525
0.20497227
-0.13321467
-0.10008192
-0.02342752
0.16603413
-0.06709409
-0.044074792
0.09224509
-0.15126841
0.074547246
-0.0107433
0.0646451
0.10683825
-0.1987402
0.14191085
-0.019816454
-0.04299897
0.26348504
0.079226136
-0.123433456
0.13097383
0.061002284
0.10640011
-0.042124953
-0.012635203
-0.16971803
0.11533196
-0.005083083
-0.12271376
0.12541397
-0.017163604
-0.019804142
0.08576418
0.15834603
-0.07726734
0.15889664
0.11224616
-0.074312314
-0.1370146
-0.023412306
-0.014357694
0.08720528
-0.15972951
-0.08602056
-0.18590161
-0.21414089
-0.23927447
-0.11373994
0.087271675
0.2489812
-0.03620514
0.05261516
-0.04667055
0.2295054
0.1275234
-0.1155248
0.14590327
-0.024167363
-0.15520039
0.11770758
0.11472406
0.12317796
-0.10107276
-0.10663273
0.038271055
-0.017621603
-0.17316873
0.048780777
-0.14525384
-0.05802561
-0.011125718
-0.16031587
0.1608188
0.13287933
-0.12231541
-0.062122986
0.16162182
0.10606511
-0.15418492
0.11127721
-0.030991564
0.012902863
-0.0020866795
0.15133421
0.031075131
0.010942365
0.22707218
0.10250856
0.03957223
0.0077320584
0.049765512
0.16385429
0.15475842
-0.08508879
-0.031422954
-0.09301162
-0.10597099
-0.14811388
-0.14723529
0.16881244
0.052939642
0.1314515
-0.13323042
0.1104491
0.12218944
-0.20719752
0.007048485
0.10980407
-0.104338184
0.13027556
-0.085200824
-0.033311192
0.11962368
-0.050057884
0.055062305
-0.07328767
-0.032302294
-0.07703822
0.13557014
0.01830948
-0.07028285
-0.093238406
-0.13148673
-0.15793857
-0.048739426
-0.017616358
0.100199915
0.067670725
0.015223342
0.08387074
0.07076935
-0.11316334
-0.12199912
-0.1375532
-0.08541735
0.09662015
-0.006248563
0.052988786
0.20216334
-0.1276265
0.18397762
-0.121852644
0.023190923
0.19180344
-0.109991685
0.033071343
-0.07817792
0.12458954
0.1575028
-0.07391263
0.079054914
-0.18600486
-0.11386913
0.0664053
0.15127969
-0.0043150727
-0.054026388
0.09879695
0.16055757
0.03220394
-0.14111504
-0.076911695
0.19167708
-0.057723343
0.038340826
0.11995588
-0.025198327
0.160222
-0.07624305
0.15031135
0.118248686
-0.012404923
0.032473482
0.105027564
-0.13607961
-0.16959569
-0.079527535
-0.03046167
-0.05943183
-0.085817404
0.08080273
0.0709214
-0.15208319
-0.09013943
0.11842235
0.06001325
-0.17831461
0.1366856
0.11908481
-0.04999735
0.20153823
0.04524851
-0.0755527
0.116763115
0.105471194
-0.15853985
0.1855746
0.047414448
-0.1466231
0.12343759
-0.08163214
-0.056224424
-0.10117814
-0.108999334
0.12478186
-0.18881115
0.12342631
0.25269815
-0.112533726
0.08363743
-0.05859378
0.061896726
0.013147903
0.019282743
-0.14533429
-0.07972729
0.009008745
0.0016762349
0.17886472
-0.024053624
0.031336967
-0.018384533
-0.02831118
-0.016522508
0.040398773
0.040171124
0.039001636
0.15016864
0.0002969613
-0.02117733
-0.11237128
0.13396417
-0.1495022
-0.18501513
-0.12542747
0.027756426
-0.15304498
0.16842823
-0.080834135
-0.014635944
0.07077816
-0.008254368
0.093739904
0.018267855
0.051712386
-0.11675093
-0.06934171
0.011017141
-0.10705529
0.13469426
0.15408735
-0.07943504
0.22486275
-0.045889173
0.072718635
-0.04816155
-0.050653912
-0.1410171
0.13262078
0.07070277
-0.09850503
0.0003977441
-0.1595743
-0.16108881
0.11108112
0.0018850896
-0.2578165
-0.17953645
-0.07687719
0.23966208
-0.08436506
-0.109689035
-0.040430244
0.29148617
0.11058409
0.14865546
0.11457143
0.014978566
-0.1601571
0.16007474
-0.24903685
0.106183074
-0.16486777
0.2838481
0.19059101
-0.10442166
-0.037515786
0.16011351
-0.11992539
0.20250186
-0.13589501
-0.15633582
-0.00844983
-0.18232371
0.077301025
0.34660423
0.06214966
-0.28093976
-0.07927997
-0.09208338
-0.02531335
-0.039827917
0.12795241
0.16104153
0.03710997
-0.08680063
-0.23023966
0.052388065
-0.05766572
-0.0036568006
0.05953132
0.19346456
0.20055898
-0.12129551
0.048343144
0.107370555
0.04113845
-0.08652299
-0.016929153
-0.04404226
0.14716294
0.054417677
0.10688373
0.11184394
0.04898134
0.110617206
0.13716957
0.22214061
0.17729118
-0.072814256
0.013335711
-0.041321564
0.16176763
0.13249046
0.036055204
0.010772505
0.06875243
0.052207872
-0.02596976
-0.10881268
-0.0340524
-0.15165769
-0.08175856
-0.18368071
-0.02609555
-0.03585601
0.1631068
0.07071713
0.19120525
0.14023913
-0.00016039098
-0.07376706
0.06984032
0.14285377
0.159989
-0.07779056
0.16296652
0.0013810984
-0.06503905
0.123661906
0.063759476
0.1790809
0.1454107
-0.08584074
0.14300583
-0.068405785
-0.021906259
0.08062193
-0.12524518
0.056722954
0.02598104
-0.013641467
0.23400998
0.11834995
-0.03538543
0.24944623
0.093374394
-0.07383198
-0.026503444
0.24609025
-0.03107236
0.14433223
0.10336894
-0.09811841
-0.0036432932
0.12503406
-0.002733318
0.16052087
-0.06088621
0.16486809
-0.19528541
0.12252891
-0.11127846
-0.029835984
-0.040442295
0.16716337
-0.14522234
-0.011541058
0.06929234
0.15616804
-0.16606194
0.08603602
-0.013287147
-0.09557495
-6.5560445e-05
0.07444122
-0.1617479
-0.08635841
-0.10177791
-0.0024064463
0.15316913
-0.1476527
0.15916869
-0.062409762
0.059984922
0.077787854
0.15612246
0.18092598
0.09384076
-0.11125835
0.12900867
0.047504116
-0.15945846
0.038136575
0.1490044
-0.17285535
0.03871342
-0.05953197
-0.19544056
0.100422606
0.20292965
-0.07227021
0.048140265
0.10140455
-0.032309037
0.1591343
-0.110544436
-0.17087212
-0.24790299
0.18125728
-0.016598415
0.07304008
-0.24407987
-0.17814511
0.0006233158
0.12798502
-0.2543505
0.16241753
0.07209973
-0.18840908
0.10200005
-0.1487435
0.019408807
0.13462971
0.16628195
0.12924904
-0.16157845
-0.13923714
-0.13253912
0.0574861
0.2371053
0.0248317
-0.23694888
-0.049743302
0.04116237
-0.1357021
0.07971278
0.17494349
0.1255953
0.09322164
0.19078
0.21813317
-0.10296414
-0.16854773
-0.026515024
0.061894383
-0.1470463
-0.18373516
0.18400772
-0.10834172
0.13553545
0.3207099
0.23944762
0.061641127
-0.09360143
0.085504234
0.074997544
-0.1799993
0.06007511
0.27016875
0.017754924
0.15202105
0.055304185
-0.22221686
-0.20343463
-0.03521474
-0.0821602
0.16670692
0.2740961
0.17890964
-0.13684882
0.026503174
-0.14625551
0.043652967
0.3161038
-0.019361433
-0.41390982
0.1291283
0.08026843
0.059440818
-0.04492464
-0.18894364
0.17022458
0.078642234
0.114699595
0.14098063
0.025913788
0.004282694
0.06624228
-0.0313977
0.22915062
0.08710879
0.052505523
-0.0015014389
0.03953333
-0.01796736
-0.07895116
-0.011811637
0.14298846
-0.1993404
0.04071225
-0.13708949
0.13186888
0.23457842
-0.1577524
-0.13761249
0.14835487
0.023174925
-0.054197628
0.040684767
-0.03716915
0.09590104
0.15739277
0.110857576
0.12108318
0.038862735
0.061182123
-0.17386878
0.020581216
-0.029092541
-0.09169826
-0.106980525
-0.24918127
0.015037519
-0.25227123
-0.15847854
-0.041135687
-0.030995792
0.15010427
-0.013876807
0.20820765
-0.042933885
-0.28131118
-0.15716636
0.17109631
0.11770176
0.11960582
-0.1636448
0.1008956
0.19939224
0.035088018
-0.15252708
0.08507477
0.057545383
-0.110958174
-0.067893036
0.039661273
-0.12502497
-0.013752486
-0.10693008
-0.02267528
-0.16189511
-0.18358728
-0.07034841
0.11373037
-0.15925175
0.13133979
0.048633743
-0.11085654
-0.09447412
0.030845381
0.14937803
-0.17084369
0.18368296
-0.2109284
-0.1387264
0.20542164
-0.01693305
0.193638
0.15982087
0.0035159911
-0.006166889
-0.11592066
-0.16515473
-0.09286906
0.0061804396
0.17811589
0.086365476
0.02083606
0.014731965
0.17788188
0.14741705
-0.20544183
-0.07057829
0.027289217
0.11909899
0.07742805
0.12573124
-0.09951499
0.14114444
-0.09375013
0.019378068
0.1514613
0.12725781
-0.037269186
0.17475688
0.1509892
-0.012541735
0.013291966
-0.041903432
0.14820518
0.2504455
-0.120661184
0.24548355
-0.16766138
0.25858822
-0.14590052
0.11101446
-0.08734307
0.24929605
-0.24893062
0.044685073
0.17243731
-0.039725244
-0.14192435
-0.010383173
0.26862252
0.23342197
0.067849435
-0.014713333
-0.11221634
0.07029371
0.19958586
0.19539241
0.0028699492
-0.111185394
0.0974527
-0.014834847
-0.11843921
0.0878705
-0.18366413
0.013333914
-0.107355125
-0.19500037
0.09029478
-0.05180583
0.18382171
0.083173536
0.0012788997
0.08634556
-0.044171657
-0.2598352
-0.14996366
0.088122204
-0.07844601
0.10273794
-0.005724739
0.013235608
0.20019889
0.12036906
0.17059173
0.2043706
0.20108332
-0.07580298
-0.19406246
-0.025639856
-0.16394268
0.039222166
-0.2788455
0.08073297
0.08333218
-0.09088643
-0.20451748
-0.08705273
-0.15237847
-0.2671679
0.14841384
-0.19933753
0.08561471
0.0055509056
0.09256161
0.16916753
-0.24292669
0.049279198
0.31110924
-0.0030875471
-0.02613443
0.14429271
0.095556065
-0.0021621515
0.09930792
0.10829018
0.20469588
-0.22553264
0.20074591
-0.070307754
0.012457113
0.03637392
0.057554867
0.27280357
-0.08051726
0.116599604
-0.002193304
0.2806217
-0.18927938
0.07565366
0.14228748
-0.17318691
0.14629394
0.008581924
-0.123676404
-0.12189854
-0.21121635
-0.14117086
-0.11591281
0.060697164
0.075940184
-0.18814202
0.0098700505
-0.05709229
0.105164595
-0.08171958
-0.121344686
-0.14971174
0.005999046
0.046115626
-0.066667385
-0.09633857
0.14451358
0.24166137
0.06824951
0.0007377632
-0.023072165
0.25686502
-0.13471484
0.103368804
0.053803913
-0.23025721
-0.11873738
-0.20482026
0.0907692
-0.06925349
-0.02406675
-0.059598356
0.00022075055
-0.023385476
0.060114615
-0.06683039
-0.12713437
0.02927431
-0.08659839
0.05030874
-0.17246345
-0.10670802
0.06684293
0.14725254
-0.2196188
0.06421453
-0.037503988
-0.02062342
0.13147567
-0.07282486
-0.037344553
0.03925344
0.03239011
0.15840505
0.22653072
0.09931847
-0.15709125
0.1902807
0.22239764
-0.02329211
0.18366268
0.14341414
0.15319003
-0.0902008
-0.13728918
0.06624328
-0.02984309
0.16091304
0.2140387
-0.03919038
-0.0073993406
0.23139244
0.011471993
-0.19572735
0.039065868
0.17513882
-0.18366009
0.19698453
0.13393922
0.08378886
0.027135083
0.056234457
0.065982215
-0.14889571
-0.19615152
0.07373055
0.14256768
0.10076861
-0.12908009
0.05060808
-0.21691613
-0.01118332
-0.036071584
0.20808779
0.011817694
0.022161396
-0.030183002
0.115102045
0.07170238
-0.14078772
0.2516922
0.12138404
0.14554839
-0.11579254
-0.00082281546
0.013119272
0.24620228
0.100497335
-0.07961144
0.02387069
-0.06041345
-0.05824979
0.14958397
-0.23398538
-0.1483193
0.10917872
-0.11688046
-0.09250578
0.051635478
-0.14767326
0.12902066
-0.11006494
0.31461656
-0.04320567
-0.0714403
-0.21505907
0.21134928
-0.1533957
0.12574655
0.102927655
-0.1734968
-0.10786764
-0.20777912
0.108126625
-0.19381261
0.18154699
-0.09489764
-0.23180231
-0.05554038
0.01784239
0.10593094
0.1677912
-0.15210553
0.02227236
-0.22066163
0.05852371
-0.30038
-0.07587639
0.005022606
0.17528918
-0.066182554
0.036065634
0.0484609
-0.16956195
-0.10903434
-0.13351211
0.043736894
0.031809267
0.22755009
0.035134465
-0.20899718
-0.27423108
-0.14386213
0.061305854
-0.2142667
0.26574028
0.21900621
0.031447835
0.23967619
-0.19680688
0.11222695
0.10591565
0.081606016
0.09138428
-0.04326455
-0.066122495
-0.14308809
0.023755373
0.15409523
-0.078555204
0.001134565
-0.28114513
0.13295116
0.1618711
-0.097278416
0.063334405
0.0029104971
0.011301999
0.061221115
-0.06859026
-0.0922674
-0.0753117
-0.09883673
0.24808651
0.09651194
0.24373178
0.19504392
-0.09793424
-0.076552294
0.13332058
0.21042503
-0.11700873
-0.12981874
-0.039969623
0.07511448
0.1258315
-0.12634255
-0.11296214
-0.15465635
-0.22143883
-0.21180184
0.1311842
0.07376761
-0.043693256
0.011726307
-0.11198217
0.11199329
-0.14020646
0.043623604
-0.21629962
0.09735116
0.19567111
-0.12194329
0.015766172
-0.105286516
-0.061951585
0.026435014
-0.15154722
0.17055583
-0.11198102
0.077002645
-0.14041623
0.018991629
-0.0011062988
-0.13891575
0.048246168
0.05815554
0.26626673
0.05064194
0.01203018
-0.19573322
0.2121933
-0.112191275
0.18499707
-0.0787968
0.10643996
-0.14215562
-0.06179553
-0.15293232
-0.10717828
-0.025023764
0.076427504
0.09043754
-0.025087165
-0.16339016
-0.114142574
-0.11677793
0.18406694
-0.05609071
0.0008774164
-0.14982262
-0.2120746
0.24245848
0.18806364
0.017074963
0.08478484
0.17694874
0.19241703
-0.10678779
-0.0721549
0.070261694
0.23069467
0.13778363
0.117866345
0.0651128
0.10791209
-0.11480521
0.0450443
0.049972314
0.02000042
0.07178291
0.23725872
-0.018863149
0.26316068
-0.006117621
-0.038547166
-0.06965856
0.14552672
0.06559479
0.06300717
-0.10893413
-0.02891035
-0.0530228
0.22272606
-0.10545754
-0.14003164
-0.11444022
-0.13910504
-0.12295997
0.0026326808
0.1757048
-0.008753064
0.16523515
-0.06748685
0.10393547
0.1765329
-0.16221347
0.09665741
0.025538633
0.032471728
-0.07372416
0.11225125
0.2413626
-0.07739671
-0.12603469
0.20452839
0.047000848
-0.16934602
-0.04721031
0.11697792
0.105790235
-0.1530255
0.3259287
0.053154744
-0.07520294
-0.06236164
-0.20459329
-0.10372566
0.21895058
0.2563886
-0.110922754
-0.10905667
-0.17151265
-0.024090763
0.15890202
-0.18179578
-0.12038997
-0.12205131
0.060915653
0.024888387
-0.13330878
-0.17371431
-0.20275694
0.02874811
-0.010416572
0.010085955
-0.1001207
0.122345686
0.05992206
-0.17119952
-0.2343948
-0.14973262
-0.15544523
0.10581881
0.10045028
0.13888162
-0.2484804
-0.009013206
0.106920175
0.21530463
0.14912511
0.117758736
0.10370648
0.17281829
-0.07415068
-0.093188666
-0.0067507224
0.20356387
-0.10298147
-0.04439054
0.062329695
-0.16221674
0.0071486565
0.017353699
0.15241438
-0.14108334
0.15359208
0.0622339
-0.06926175
-0.015965572
-0.10026509
-0.04443726
0.2190425
-0.10665001
-0.0020675391
0.2327552
0.122012496
0.025703793
-0.1723886
0.16139634
0.002549886
-0.15065934
-0.14286447
-0.16527006
0.11266737
0.1240054
-0.06902549
0.21698311
0.026932737
0.0540904
0.001709394
-0.1588889
0.00065150065
-0.056918323
0.1672896
-0.17787945
0.10869152
-0.03490369
-0.049269762
0.20455705
0.0068792817
0.024385659
-0.037841443
-0.00031504943
0.1346876
-0.04064304
0.008583904
0.19515555
-0.016398573
0.13454679
0.006857584
0.2161598
-0.004943309
0.05183834
-0.044284657
-0.15474127
0.06608998
0.13307743
0.1533108
0.23239918
0.072519034
0.0014351286
-0.04619231
0.121596284
-0.06162849
-0.059224427
0.085521735
0.08407685
-0.13367118
-0.14296982
-0.06294211
-0.115507185
0.020731298
0.18638115
-0.063973024
-0.062698714
0.2319915
-0.14245982
-0.042641338
0.028744923
0.1627694
0.10632029
0.048736256
-0.004741772
0.07616481
0.060208898
0.1790699
-0.08995982
-0.11511538
-0.07812384
0.13693509
0.037754692
0.17345388
-0.06989612
-0.09138423
-0.004608643
-0.1959705
-0.04684887
-0.048784506
0.17919178
-0.13189751
0.0035209786
0.06772293
-0.08769177
-0.109148666
-0.124141306
0.213781
-0.27909628
0.17741632
0.14514814
-0.11593736
-0.06089419
-0.08085265
0.07984104
0.038481895
-0.16712852
0.12265157
-0.15701357
-0.1932917
-0.17727937
-0.00512059
-0.0068609635
0.13861212
-0.14052647
0.18450893
0.0076854113
-0.1113509
0.039632056
0.15650426
0.060872413
0.091118135
0.18640754
0.024436241
-0.03790239
-0.05839147
-0.01616667
0.32357782
-0.280056
0.19704339
0.023445083
0.13241957
-0.049957216
0.016948808
-0.2602561
-0.0015998253
0.24557385
0.16732286
-0.25873625
0.1369153
0.102605775
0.052704882
0.08145038
0.059981406
0.21955866
0.14123851
0.038249813
-0.255191
-0.0247657
0.18327302
-0.009504805
-0.10743235
0.21640757
0.17503963
-0.08173085
-0.1702037
-0.13511124
0.035756405
0.059388485
-0.12965721
-0.11247009
-0.13151577
-0.12731756
0.14312238
-0.03938297
-0.14985701
-0.15530579
-0.091769904
0.1769637
0.07847062
-0.046389718
-0.14497994
0.100081064
0.17933552
0.08313055
0.13895008
0.092527255
0.18271281
0.13311611
0.070681415
0.16058163
-0.17461199
-0.19567856
0.14481197
0.0032684791
0.14770503
0.117842734
-0.16564676
-0.17750743
-0.045568544
0.05297985
-0.058086775
0.11858853
-0.07163973
-0.12482328
0.18754417
0.18386036
-0.09368678
-0.045277994
0.14258958
-0.01727115
0.1047637
0.18761599
-0.134839
0.036932427
0.05605628
-0.069731124
0.069241665
-0.08363242
-0.16849191
-0.11506551
0.07088234
0.02679116
0.07755592
-0.23288646
0.15059501
0.0316037
0.079754956
0.20557669
-0.12537435
0.059110045
0.12393171
0.06421105
0.013597629
0.18277092
-0.09642007
0.18625048
-0.1582094
0.12847601
0.1664622
-0.29944155
-0.16403183
-0.12726486
0.038503874
-0.031785987
0.015910232
-0.100480504
0.018047266
0.21322806
0.030420963
-0.007791497
0.1291245
0.0287449
-0.024542164
0.0049146623
0.06553843
0.153985
-0.1763227
-0.07374433
-0.0472638
-0.084237054
0.20364895
-0.17922676
0.20477423
0.019590802
-0.01972142
0.21757427
0.05712297
0.023969032
0.06685118
0.011024842
0.17696045
0.11014076
0.035929065
-0.13748151
-0.0639447
0.17355484
-0.08057631
0.05876696
0.0997364
0.12504426
-0.11427889
0.15706638
-0.043306597
-0.20509034
-0.067039
-0.24345277
-0.23156795
0.015664704
0.04768664
0.020818332
0.20154886
0.11887344
0.011701934
-0.005137236
0.08748516
-0.00097297516
0.19098592
-0.025948768
0.24214782
-0.15001854
-0.013544525
0.030799257
-0.1452175
-0.058921795
-0.051445775
-0.06953749
-0.06611266
0.11592423
-0.0037462276
0.1462179
0.048473686
-0.07620807
-0.04935762
0.13814326
0.10347075
-0.097268105
-0.03769954
-0.20565394
0.23269194
0.1266408
-0.007169998
0.10029597
-0.046808686
0.2016952
-0.024328092
-0.009323548
0.12827882
0.077635586
0.019050363
-0.21111445
0.08633456
0.16075142
0.046261158
0.120939195
-0.0625577
-0.07279433
0.121424474
-0.18438983
-0.06289509
-0.20874567
-0.04005595
-0.0805868
0.06118742
-0.1482175
0.16689873
0.12134363
0.079161845
0.14791656
0.006033431
-0.12312581
0.011541917
-0.06831367
0.16021295
-0.1431166
0.17911847
0.026032927
0.17912354
0.10873055
-0.13537242
-0.12302747
0.004778428
0.1560154
0.08889484
0.095556445
0.07819992
0.12589632
-0.11149142
-0.12966624
0.20381823
-0.17359327
0.049228426
0.099645086
0.066047646
-0.028194612
0.105256066
-0.1394137
-0.004116303
-0.06841182
0.21381283
-0.1223589
0.12156891
0.06979619
-0.055749904
0.010893796
-0.12739255
0.18033262
0.13938902
0.03453872
0.1448099
-0.022676073
0.17948638
0.025343122
-0.09663044
0.17066944
-0.04203368
-0.114013925
0.03642664
0.20952174
0.121148445
-0.011165028
-0.07494516
-0.005713941
0.10457193
0.1087579
-0.070692636
0.1995562
0.009429288
0.019818945
-0.17775
0.1575928
-0.10848762
-0.014654254
0.18380564
-0.15546061
0.10539634
0.046218913
0.12017401
-0.04717958
0.11064279
-0.0067895874
-0.05471552
-0.00047896386
0.19533405
-0.1477865
0.0043904395
0.13331555
-0.12896132
-0.12899213
-0.036351595
0.051970884
-0.0163707
-0.002452181
0.083076045
-0.10945909
0.08282198
0.12572266
0.13912882
0.10055182
-0.06894836
-0.13455376
0.26148385
0.15059374
-0.1467457
0.05638085
0.09695196
0.2206481
-0.037420586
0.0019658569
-0.09328727
-0.11904608
-0.05566281
0.14850034
-0.05397918
0.24292475
-0.15575369
0.17566043
-0.15395646
0.027375974
-0.06157729
0.21792142
0.015665958
-0.022931624
-0.15090632
-0.10623033
0.0017845368
-0.15342776
-0.14113328
0.1364201
0.08834952
0.022341054
0.14307295
-0.16789591
-0.13346477
0.2598204
0.0705316
0.0010580231
-0.14738995
0.12745279
0.045346417
0.09577026
0.08038039
0.034173008
0.23705228
-0.14450051
0.26569688
0.19935352
0.15914157
0.10542647
0.06991812
0.085483864
-0.1668815
-0.18457088
-0.10990337
0.056991536
0.17581587
0.015072232
-0.24289
-0.044495896
0.1820895
0.038557116
0.036074873
-0.045404375
-0.10966193
0.121429384
0.10410216
0.10314271
0.068708576
-0.20701727
0.067445286
0.12556721
-0.17255278
0.1506278
0.051644694
-0.02622549
0.18016478
0.2868356
0.090623096
-0.018046068
0.001877088
0.045474414
-0.03921535
0.15537682
-0.12659685
0.10891726
-0.20922816
-0.18330446
-0.13367736
-0.02751563
-0.0077600037
0.07261253
-0.12866044
-0.07830721
0.24331686
-0.009476127
-0.24153025
0.18291458
0.1374051
0.12396734
-0.053842995
-0.12630156
0.03914851
0.018324552
0.026495622
0.08002757
0.12142395
-0.18906808
0.18450524
-0.15229787
0.015333843
-0.23968013
0.18304901
0.12210724
0.14812355
-0.044411782
0.011073128
-0.10733641
-0.007217855
-0.028775098
-0.14405556
-0.086418204
0.19485284
0.03671806
-0.113440655
-0.12988149
0.20087962
-0.09298935
0.07050332
-0.016978314
-0.03386887
-0.09508945
0.21152759
0.041604303
-0.08139545
0.1325213
0.022702117
0.17810912
0.09402008
0.09890521
0.001329233
0.11714111
-0.0078015476
0.029701035
-0.06753445
0.0657196
-0.107729785
0.1545285
-0.2021935
-0.038261622
0.17029747
-0.08797743
0.102806725
0.18474816
0.049304686
0.010655675
0.0805703
-0.1387599
0.07611497
0.10719947
0.084023446
0.15590894
0.026899321
-0.0051998743
0.10345018
-0.10053733
-0.07752714
-0.18848664
0.017162891
-0.021966148
-0.017296355
0.092472225
-0.04107636
0.040211618
-0.12122168
0.22520912
-0.18529446
0.23244488
-0.10411149
0.024781566
0.12795976
0.006321074
-0.085195415
0.14603737
0.1867276
0.096214384
0.08852795
-0.1525787
1.9121093e-05
-0.07436024
-0.30782062
-0.13767596
-0.058771964
-0.20801774
0.20871688
-0.17004265
-0.24377152
0.02465851
-0.2523319
-0.06877149
0.1841262
0.090407856
-0.061227616
-0.23341303
-0.14647856
-0.12544324
0.035227492
0.06836048
0.028163673
0.011549109
0.19270536
-0.047682256
-0.048768044
0.118412346
0.021911213
-0.099657364
0.05989584
-0.2115329
0.1377944
0.06792212
-0.15748969
-0.10837645
0.041747946
-0.16364767
0.10891538
0.01186456
-0.030458294
-0.054903507
-0.32690218
0.2154832
-0.03415788
0.1373514
-0.1316872
-0.15245935
-0.072863586
0.1646581
-0.16627371
-0.10990147
0.09076889
0.07144036
0.17779279
-0.05497548
0.13745084
0.025617875
0.028867286
-0.1611981
-0.04346179
-0.046871133
0.030257035
0.15092137
-0.019431481
-0.058600403
0.15843907
-0.11827885
-0.05410567
-0.21332435
-0.07983914
0.095599055
-0.058913715
-0.1065147
0.08332316
-0.15563093
0.17644157
0.05525224
-0.18731572
0.07700566
0.22599322
0.21596786
0.19671954
-0.07586687
-0.21803024
0.11554075
0.1331619
-0.16188455
-0.16909526
-0.012545514
0.005193284
0.09174474
0.045205873
0.048779607
-0.17499058
0.012985355
0.051394004
-0.04758962
-0.07761877
0.12228957
0.250467
0.13580635
0.034345508
0.12647375
0.08084696
0.029647978
-0.14106525
0.16690081
0.10365585
0.047301803
-0.013996742
0.06697412
-0.057867017
-0.0068190307
0.14610092
0.005933692
0.06504991
-0.07721074
0.114692084
0.21969156
0.20570776
-0.3136605
0.11655336
-0.11736227
-0.12951116
0.13125624
-0.18564637
0.13690066
0.18811339
-0.07896958
0.2710533
0.13264471
-0.23015702
-0.04424364
0.12831484
-0.098928355
-0.13955216
0.11002209
-0.14591001
0.23347579
0.020003466
0.029150343
-0.11786778
-0.11024848
0.046006497
-0.09630808
0.007962509
-0.0716668
0.17562307
-0.0394003
0.114886686
0.07185318
0.028812993
0.011322017
0.12340437
0.18678491
-0.18931381
-0.035648342
-0.1721365
0.10433779
-0.22079784
0.052452467
0.124751285
-0.18087845
-0.06006859
-0.17318995
0.15890644
0.021525022
-0.06968117
0.2046766
0.21013263
-0.20838639
0.10952497
0.107864894
0.0047130915
-0.084495224
0.1569062
-0.03923223
0.054783124
-0.021080585
-0.0046663117
0.16750036
-0.08870706
0.12256275
-0.06669771
-0.22473831
-0.04004967
-0.312618
0.2569895
-0.21304451
-0.22384615
-0.042790443
-0.25554553
-0.22881085
0.28780258
-0.021765146
0.10709798
0.16300395
-0.040227685
-0.11395768
-0.13807572
-0.10740939
0.030109234
-0.19498909
0.05939906
0.0034641896
-0.092175566
-0.11421101
0.19204226
0.1924755
-0.025011247
0.31608316
0.10799801
0.021169186
0.04126507
-0.13943847
0.051100805
0.08432631
0.014133322
0.021032436
-0.18211353
0.02396589
-0.19414409
0.0058912234
-0.062294297
-0.08154198
0.022776827
-0.155069
-0.13571408
-0.051831275
0.0059943083
-0.05412617
0.06412995
0.091446176
-0.2446985
0.25484684
-0.105750464
0.13608593
0.25480732
-0.28430864
-0.09705767
0.10128612
0.153081
0.19373819
-0.16287841
-0.04024362
0.018460674
-0.099959336
-0.22399569
-0.062119517
0.0038870932
-0.051361475
0.12614623
-0.099866286
-0.31920522
-0.1244009
-0.11631606
-0.09682059
-0.02098276
-0.08233736
0.08743273
0.19816722
0.21105191
0.09945739
-0.17348704
0.14518464
-0.08329552
0.119498186
0.09490038
-0.16468643
0.112128824
0.1526589
0.06427309
0.1260843
0.21013577
0.123951994
-0.1495711
-0.08634247
0.10051059
-0.052469708
-0.1422354
0.16585658
0.07452735
-0.19264731
-0.15535945
-0.006957343
-0.1746415
0.057572387
-0.08840077
-0.15906796
-0.037988316
-0.2284167
0.07168546
-0.08223052
-0.016704109
0.20472324
-0.21243754
0.083873436
-0.24765691
-0.0130287595
-0.07664105
-0.09683415
-0.028614094
0.07322369
-0.07244971
-0.055846468
-0.00394017
0.0022185377
0.14359146
0.20910701
-0.051470976
0.117599025
-0.08974531
-0.035104424
0.130063
0.00861132
-0.0677214
-0.1766183
-0.009814547
0.16163771
0.05909531
0.16680421
0.025968883
-0.10063647
0.09352973
0.13114843
-0.13589138
-0.122100554
0.110101044
0.21657534
0.13031189
-0.087784715
0.16054623
0.07749531
0.170917
0.07404902
-0.07225667
0.059274413
0.15273662
-0.018796688
-0.19862886
0.26194528
-0.23922949
0.08196575
0.11847539
-0.13115765
-0.09594069
-0.115071334
0.2209923
-0.078133024
-0.0112995645
0.14735256
-0.14963934
-0.16834371
-0.08501183
-0.09657436
-0.017794363
0.030419456
0.08894871
-0.05124912
-0.122439705
0.121903755
0.007120534
-0.029974274
0.09725624
-0.07733521
0.1492157
-0.0998744
0.16600592
-0.13109683
0.1412404
-0.03172349
0.042363945
0.05066088
-0.11701886
0.2869054
-0.12409924
0.032879688
-0.050293244
0.19454995
-0.13807555
-0.13021
-0.042937085
-0.21419667
-0.035364028
0.029341824
0.008734477
-0.11317126
-0.21043634
-0.14790118
0.16589035
-0.03515655
0.014225318
-0.16114147
0.20980507
0.18673666
-0.14189261
-0.10604042
0.06075718
0.1427088
0.14479399
-0.031105746
-0.10242363
0.25345924
0.051065024
0.008665427
-0.011446872
-0.098886885
-0.022758082
0.043066833
0.09613844
-0.15917453
0.09285528
0.012013795
-0.0065429364
-0.111535184
0.09421135
0.009056017
-0.12344271
-0.16666377
0.021681573
-0.019845968
0.19247521
0.11229853
-0.15768391
-0.13109195
0.07895984
0.12374894
-0.08304676
-0.040126946
0.15310782
-0.10991226
-0.008833074
0.23705468
0.01880714
-0.017800294
-0.046494156
0.056825265
0.032870486
-0.012425168
0.17352943
-0.18888575
-0.1530289
0.04389765
0.17198339
-0.04416774
0.118504696
-0.02231536
0.22765873
-0.08351479
0.19568665
0.08904906
-0.13370486
-0.053840425
-0.08439959
0.1359654
0.1210214
-0.1644465
0.16527991
-0.22447988
-0.20077266
-0.18587454
0.13255335
-0.12716459
0.14033605
0.07673908
-0.08142213
0.012021126
0.0005421033
0.16426352
-0.053526774
-0.21956012
0.19997868
0.01127764
-0.05238849
-0.00648952
0.10212552
-0.052328337
-0.1471045
0.04563419
0.07930558
0.16095854
-0.13091137
-0.14106159
-0.20360902
-0.046370804
0.0046448396
0.039702304
0.09999047
0.22655642
0.095305786
-0.07068555
-0.006713273
0.16198128
-0.022559008
0.1096397
-0.009797289
-0.061361823
-0.011224926
0.05619266
-0.09869808
-0.1454397
0.058348343
0.20986348
-0.062613405
-0.18635602
0.016513113
0.04800674
0.11475881
-0.14947076
0.050412796
-0.2935689
0.08788601
-0.072638005
0.21326004
-0.1225955
0.1501649
-0.25350133
0.17263785
-0.05166454
-0.078135334
-0.05135721
-0.01983989
-0.16224076
-0.14577864
0.13726975
0.12931931
-0.13596153
-0.020770129
0.23142369
0.027581027
-0.037456915
-0.1242694
-0.11608092
-0.09109205
0.1935319
-0.12564439
-0.012916153
0.24186054
0.03716586
0.008087821
-5.902368e-05
0.14545421
-0.21457446
-0.21388774
0.010889441
0.14733666
-0.21004212
-0.20634423
0.20777258
0.069806665
-0.045668267
-0.10464084
0.20762856
-0.06552631
-0.120702446
-0.11076623
0.09617933
0.108542986
0.12205885
0.1317068
0.1345666
-0.11458393
-0.060199022
0.09604037
0.17862512
0.008066469
0.2064686
-0.1547262
-0.09370077
0.025597312
0.055121806
-0.17812078
0.029085442
0.18042098
-0.13632816
0.17856093
-0.1349097
-0.13723518
0.028348003
0.12572013
0.022456452
0.0828097
0.17430599
0.039503932
-0.31432557
-0.14093515
-0.2765024
-0.16193637
0.15175645
0.08162795
-0.05896934
0.014546423
-0.18323825
-0.0875279
-0.06315547
0.18127602
0.07297431
-0.024487196
-0.05738973
0.17976797
-0.06955463
-0.092356436
-0.16912036
-0.06737171
0.124822326
0.0035125026
0.007848431
-0.03191342
-0.025193969
-0.16073899
0.10037824
-0.17155163
0.14552504
-0.056819696
-0.06229853
0.2059646
0.18109691
-0.04137125
0.11584791
-0.06920253
0.05113
-0.003336565
0.16755001
0.010966192
0.059258748
-0.13790226
-0.1206951
-0.11756646
-0.1459997
-0.19804932
0.03673893
0.0814478
0.012624854
-0.18084192
-0.009142544
-0.16592795
0.12680599
0.18437907
0.027334979
0.10583477
0.3170108
-0.057252314
-0.007868832
0.0026691644
0.086191826
-0.13333401
0.0015284406
-0.23905271
-0.21323462
-0.22246256
0.015672509
0.060046233
0.13848898
0.0019608033
0.037455633
-0.33376157
0.09015355
-0.1664731
0.11597557
0.30980048
-0.06748163
0.0026050298
-0.03676233
-0.16371667
-0.0897569
0.08321586
-0.13784024
0.048433226
0.23777561
0.04056808
-0.255261
0.27411193
0.028218418
0.3088156
0.080761515
-0.10022417
-0.19470538
0.1303695
0.107283294
-0.008500325
0.30554318
-0.036848146
0.043881886
-0.003866799
-0.20420054
0.22228421
0.11670862
0.15629718
0.003219699
0.08378932
-0.062639
-0.07832795
0.20250352
-0.2084854
0.12218553
0.026614496
-0.09712521
0.17956239
0.055404577
0.18036343
-0.12878191
0.090208665
-0.083957344
-0.21775258
0.19538063
0.28973606
-0.17499357
0.058756337
0.16599874
0.05273968
-0.18316789
0.11467952
0.05841992
-0.08814833
-0.1090654
-0.099844754
-0.041961264
0.15321279
0.2385318
-0.1455196
-0.11844673
0.06930553
0.23972788
-0.091242254
0.12090716
0.12687935
-0.1067815
0.18661046
-0.1826699
-0.1015547
-0.18395168
0.17865047
-0.027653467
0.004856857
-0.1996851
-0.10092674
0.06806949
-0.15318377
-0.07885799
0.09637546
-0.22877632
0.09335372
-0.1614212
0.15524767
0.0008853713
0.12741199
0.20004417
0.12116029
-0.021851718
-0.015939377
-0.026405895
-0.17327039
0.03710043
0.09995185
0.016492492
0.08209405
0.15860145
0.12901829
-0.15110737
-0.14096078
-0.009576988
0.18074107
-0.07913259
-0.053980034
-0.061064083
-0.080511846
-0.062732935
-0.018252851
0.1179347
-0.010710848
-0.10317589
-0.14377652
0.067124166
-0.01772974
-0.1223308
-0.14167869
0.17843182
0.0012864056
0.17141488
0.12128449
0.08644254
-0.115024336
0.012712048
0.2442413
0.014581872
0.073930636
-0.04280815
0.098805964
0.17603186
0.07308875
-0.08830293
-0.07341935
0.17372742
0.15051328
0.21600725
0.07200067
0.09325356
-0.21998927
0.32053998
-0.21727403
-0.03567301
0.15392609
-0.19323327
-0.031720143
0.009165362
0.14870775
-0.17397651
0.066371895
0.20248163
0.13618854
-0.08019242
0.28530067
0.14560863
0.08142194
0.1865009
0.12438225
-0.19309379
0.05714478
-0.20631236
0.15691608
-0.02234933
-0.13911971
0.012777824
-0.1310182
-0.01770067
0.2236047
-0.15488206
-0.10524485
-0.0341429
-0.09244565
0.096950784
0.05445783
0.14709337
0.10745878
0.1316841
-0.21601318
-0.0924178
-0.120457225
-0.13121006
-0.014592971
-0.13392194
0.14960235
0.2527344
-0.028204998
-0.11982353
0.03532583
0.08955956
0.18443982
-0.022196705
-0.24654423
0.1929176
-0.12633704
0.07296349
-0.18135704
0.029395165
-0.06390341
0.07988161
0.11614888
0.1387226
-0.2014863
0.28672078
0.08552988
-0.24042535
0.08844549
-0.18558477
0.15085901
-0.11514723
-0.108919054
-0.17009355
0.045030925
0.042902067
-0.1684484
-0.006966536
-0.09599165
-0.056269277
-0.17260498
-0.031180179
0.21085112
-0.07030498
0.15198003
0.14517577
-0.12825796
-0.06652966
-0.18609767
-0.040972017
-0.021488572
-0.11201346
-0.008841537
0.19365665
0.14047767
0.13492456
0.08303666
-0.10965817
0.051818926
0.14115532
0.06128413
-0.012871307
-0.18759222
0.073614135
0.15838206
-0.20031582
0.19184656
-0.0690423
-0.16529796
0.071692415
-0.010504659
-0.056387845
0.06698255
-0.16129875
0.0046690446
-0.069413096
0.11243533
-0.10864961
0.043526128
0.16916005
-0.033731095
-0.087588444
-0.17069192
-0.19181731
-0.07046096
-0.19645673
0.1277691
0.17459539
0.19018006
0.20191498
-0.13509855
0.1505285
-0.04829645
0.14539278
-0.06509329
-0.07317943
-0.09806147
0.12894239
-0.098089576
0.1408727
0.044200823
0.23949505
-0.042236898
-0.027734343
0.0151495095
-0.02118329
0.15237859
-0.06682086
0.12791067
-0.119312175
-0.022871107
0.085499674
-0.062960975
0.16175565
0.044758737
0.010408835
-0.27683577
0.07224277
0.10683121
-0.14493634
0.07213097
0.03678758
0.07783098
0.19749229
-0.18110953
0.02289363
-0.117760226
0.32624865
-0.08353747
0.43684548
-0.028147632
0.18157643
-0.3784427
0.039613716
-0.09572459
-0.06666045
-0.075127624
-0.00406194
-0.0023323353
0.08842173
-0.07812442
0.2018116
-0.08933927
-0.21873131
0.038328923
-0.07490197
0.25079256
-0.14890635
-0.12245235
0.2611034
-0.16007346
-0.26915047
-0.075123884
0.18530151
-0.029181724
0.10419889
0.30144787
-0.035572756
-0.31879538
0.02181822
0.16446413
-0.12149007
-0.05731784
-0.004033507
-0.15779835
-0.2061704
0.041798446
-0.11514582
-0.0007943259
-0.27938095
-0.26669887
0.00949554
-0.0439026
-0.18014754
0.11424753
0.16352971
-0.13741541
0.014657183
0.1544067
0.0003821951
0.02869482
-0.26595575
-0.22662516
-0.023851682
-0.044739578
-0.13713038
-0.08485003
0.121399105
0.17543769
0.13170393
0.020271309
-0.03762849
0.16824745
0.017669167
0.17674527
0.086683735
0.022446793
-0.14666632
0.08410061
0.06550982
0.01660413
0.059685655
0.048626427
0.15337019
0.14654054
-0.15035781
0.07680643
-0.05032324
0.20301835
0.0034429263
0.15403835
0.17084877
0.22974442
0.139425
0.15163347
0.07183612
0.16740276
-0.1727743
0.0707343
0.13835816
-0.1975603
-0.23893362
-0.19787648
-0.16687621
-0.06570063
0.081761725
0.094722465
-0.19551075
0.07599266
-0.121152475
0.197026
0.0630475
-0.047750816
0.14458366
0.077653416
0.20046072
0.010022971
-0.03676628
-0.09217932
-0.09973303
0.028535377
-0.04537979
-0.06119237
0.02694252
0.034463648
0.20806105
0.14790706
0.17601015
-0.07245091
-0.13835266
-0.04523034
-0.17403376
0.07759262
0.12770326
-0.14295834
-0.15846738
0.10555524
-0.030848112
0.14392301
0.019734759
-0.16758208
0.12332984
0.1376666
0.03328845
-0.16520639
-0.056841165
0.005468205
-0.05143564
-0.055773113
-0.0019955349
-0.24704261
0.17879117
0.07114922
-0.18016234
0.0549889
0.16455214
-0.049826335
-0.07515064
-0.09328705
0.17443046
-0.114900306
0.09656586
0.2186542
-0.12151279
-0.13155822
-0.077725425
0.16535431
0.18934707
-0.06379436
0.038021557
-0.115535446
-0.1132968
-0.11299327
-0.012078783
0.069886774
-0.016908182
0.11259517
-0.17653757
0.022938767
-0.03529851
0.19964945
0.01566667
-0.04996812
-0.120733164
0.07848899
-0.107032076
0.1280859
-0.104430035
-0.10279883
-0.0387461
0.16946283
0.15605891
0.059280593
-0.22546375
0.066044025
0.11663159
0.042699452
0.16519602
0.034773212
-0.028239856
0.19639146
0.06389252
0.18309036
-0.08463196
0.17270206
0.00707692
-0.16049518
0.09011242
0.031403925
0.00679489
0.05847113
-0.13549645
0.24211252
0.18159494
-0.094635375
-0.11430816
-0.010795373
0.059326503
0.11587681
-0.18140134
0.1645166
-0.19256562
0.044226024
0.03496537
-0.05128569
-0.016229786
-0.07136079
0.15875123
-0.09515048
-0.058003936
-0.19702469
-0.034712944
0.17871907
0.05081494
0.045480493
-0.13887514
0.042308163
0.19676623
0.059592072
-0.032029074
-0.0018879082
0.022570744
0.11300655
-0.069083944
-0.15753423
-0.020172328
0.1600948
0.21107782
0.061544307
-0.11775567
0.0013196806
-0.06220858
0.17786348
0.17679426
-0.011334659
0.07539766
-0.07268047
-0.018218478
0.113292
0.020153526
-0.092254095
-0.022343319
-0.038036097
-0.1647194
0.0020364048
-0.11879983
-0.11206214
-0.05424539
0.12276397
0.053434066
-0.006669489
-0.09498327
0.019863883
0.005525911
0.040779233
0.0014326839
0.029906936
0.11570846
-0.13771957
0.23284079
-0.08498312
-0.11205002
0.1558509
0.15306532
0.09515277
-0.053505223
-0.12914835
0.14993979
0.030486895
0.03228722
0.099514574
0.008005467
-0.077809125
-0.19577572
0.12421949
0.07513414
-0.12154425
0.2017216
-0.06507786
-0.073973425
0.122929946
0.055580944
0.0626066
0.065084614
-0.12617387
-0.06365419
-0.04362042
-0.036878794
-0.0016001471
-0.035990182
-0.07138309
0.16922991
0.016051088
0.08111223
0.04559075
-0.17888473
0.16289699
0.22251458
0.015381958
-0.036621645
-0.0017924377
0.065417245
-0.22506137
-0.010190138
-0.10476311
0.14389896
-0.116679855
-0.036112398
0.08167075
0.002656174
-0.0032078112
-0.18281703
-0.18750091
0.14003403
-0.06367654
-0.03835104
0.2548341
-0.00431472
-0.15821186
-0.10182332
0.14302775
0.21532017
0.13418682
0.22207953
-0.11943296
0.14208001
0.063643366
-0.029980367
0.005693084
0.055185974
-0.02727001
-0.008458928
-0.11004152
0.02575933
-0.15933432
-0.09020945
0.19147266
-0.046451826
-0.11298266
0.1385652
-0.04437628
-0.035948656
-0.2294023
0.0736855
-0.117896944
0.01664778
-0.08413426
-0.13935983
-0.17421637
-0.039161365
0.1741527
-0.045372166
0.022259377
-0.22029826
-0.12896559
-0.18078691
0.20462115
# B
-0.0036098713
0.012145453
0.037065126
0.013203183
0.011968641
0.016796796
0.009593779
-5.3494034e-05
0.022993525
-0.014076948
0.009723087
0.0054767793
-0.011815339
0.01660698
0.017114291
-0.012248492
0.03533035
0.015305664
-0.0016758451
0.0041478192
0.010154961
-0.0008098153
0.010492576
0.009524478
0.0062708133
0.008460445
0.04241878
-0.017270217
0.029905114
-0.008957588
0.07679452
0.014769386
0.009839224
0.017372126
0.014137296
0.027688012
0.004654769
0.022356873
0.028639743
0.017679093
0.012839652
0.0035293829
-0.001137209
-0.003434745
0.015428035
0.011212797
0.019033978
0.026871176
-0.0050464035
0.009350457
0.0015604951
0.014813218
0.046722308
-0.020988798
0.020557856
0.011520491
0.024733203
0.010245962
-0.014650721
0.024567287
-0.025675891
0.032285176
0.0017765227
0.00047700532
# Layer Number: 2
relu
32 64
# W
0.049534943
0.0072224527
-0.20926386
-0.10534914
-0.03682975
-0.18260193
0.05073351
-0.09029832
-0.2068576
0.148157
-0.17538738
0.2224937
0.24191138
-0.13970852
-0.111584805
0.34000042
0.10700008
-0.07683375
-0.1178099
0.16316813
0.05367724
-0.39362347
0.090038165
-0.14223135
0.2670312
0.43145373
-0.102942966
-0.122663304
-0.19233099
0.07666415
0.07643825
0.40007836
-0.20632668
-0.09845048
0.27771565
-0.106499694
-0.12283893
-0.08275354
-0.1320209
-0.16383612
0.12567355
-0.05519935
0.060233913
-0.17575938
-0.15006737
-0.20825824
0.17100424
-0.1113431
0.0803978
0.03564291
0.10172521
-0.296084
0.35388234
0.06920059
-0.18188262
0.041359335
0.06366171
-0.1544575
0.23643719
0.25574243
0.16752832
-0.06815223
0.01245632
-0.27190176
0.30983177
-0.17464238
0.018049825
-0.015131032
0.3404778
-0.18107015
0.26837677
0.03959868
-0.29939285
0.06805592
0.32312098
-0.03671599
-0.2363519
-0.12766728
-0.06984527
-0.104623295
0.108623154
-0.06500563
-0.12616245
0.13398337
-0.117175564
0.062472884
-0.09585385
0.06735016
-0.25800532
0.21154766
-0.17069888
0.0011952075
-0.16649915
0.082069084
0.14120287
0.08270316
-0.30108938
0.24387366
-0.08002725
0.24085778
0.28543574
-0.24799201
-0.18327278
0.17240685
0.21360251
0.013482411
-0.16643262
0.2995347
-0.24003978
0.11442276
-0.16771059
0.07094514
-0.1979015
0.06374669
-0.14183971
0.16728105
-0.0830575
-0.106214814
-0.07968465
-0.2114302
-0.17692819
-0.05873595
-0.06471706
0.18902315
-0.31238312
-0.08110011
-0.12081245
0.2533907
-0.19496869
-0.14141616
-0.109182306
0.25470746
-0.26793027
-0.201819
-0.44997332
-0.19910909
0.25453386
0.17852701
-0.3031562
-0.25175455
-0.02464969
0.05618772
-0.28256512
0.3775703
-0.104297854
0.1004801
0.10490088
-0.34055892
-0.36100173
-0.25354496
0.036824323
0.06902273
-0.034009546
-0.029750068
-0.22108406
0.4577351
0.23684576
0.4919238
-0.3157414
-0.11399461
0.21320832
0.16839854
-0.088499136
0.01597625
0.11476606
-0.19273442
0.20354073
0.124100044
0.23227856
-0.22467619
-0.18282114
0.27701524
-0.13529816
0.09766403
0.06395073
-0.024021843
-0.0467543
0.21843448
0.15443584
0.11941297
-0.29762033
0.23204783
-0.10098821
-0.2338154
-0.14163707
0.002885967
-0.13282384
-0.031255428
-0.15871435
0.22991899
-0.20980877
-0.1212447
0.14586034
0.19291258
-0.20995635
-0.10842099
0.017412018
0.110215575
0.042232867
0.37772322
-0.10145868
-0.13991025
0.22141151
-0.1966105
0.019476496
0.15226007
0.22284144
-0.052094206
0.34996533
-0.35223106
-0.2542892
-0.03111896
0.09497871
0.2816568
-0.08564888
0.27602178
-0.12501723
-0.077610254
0.13313584
0.14600404
0.26079834
-0.10689252
0.0418391
-0.13049428
-0.051227815
0.19930382
0.52556837
-0.16522036
0.005843757
-0.21487522
-0.13100801
0.1865908
-0.040980473
0.18816827
0.2761809
0.06660967
-0.24780352
0.017193576
-0.33404747
0.3547581
-0.23606569
0.24863204
0.026787253
0.43952855
-0.23828551
0.06167844
0.0888703
-0.29500076
0.24340603
0.29064292
0.1832791
0.21624549
-0.48593423
-0.20914692
-0.13259079
0.07205316
-0.05726662
0.067909256
-0.36480442
-0.1430387
0.12451802
0.12634337
0.13603066
0.1957819
-0.3313931
-0.010875304
0.015171089
-0.394264
0.25950357
-0.062752075
-0.17859234
0.32181826
-0.37673643
0.33327544
-0.39555717
0.21681146
0.22008707
-0.19075787
0.064281546
0.3390523
-0.16364056
0.17650343
-0.27389467
-0.1879875
0.0588055
-0.19098763
0.31147024
0.21918425
-0.37929347
-0.25457227
-0.11531748
0.066261165
-0.02246669
0.034667436
-0.028493933
0.17817545
-0.13351569
-0.30869916
0.15923978
-0.087601244
0.25428212
-0.1420346
-0.2527097
0.092656836
0.030344388
-0.004531664
-0.47288582
0.0054442636
0.39272347
0.17735678
-0.054160874
-0.20472904
-0.024384266
-0.039601896
0.029350111
0.21612237
-0.19586362
-0.24300206
0.15123765
0.33320603
-0.0147594325
0.30363435
-0.0020645943
0.16609736
0.33323094
-0.019174218
0.1143872
-0.15374866
-0.34370264
-0.075159274
-0.1487057
-0.2981097
0.09891285
0.112070866
0.2787538
0.3572413
0.2723976
-0.042728662
-0.15104167
-0.25793827
0.31090507
-0.26669028
0.09786375
-0.12547632
0.059719987
-0.13813697
-0.12843674
-0.2508458
-0.06475842
-0.112060666
-0.096846335
0.13005866
-0.36657983
-0.020258615
-0.22814769
0.2847138
0.30741933
-0.16795963
0.16003074
-0.20824672
0.18972275
0.25154418
0.29835084
-0.21055189
0.17784892
0.21650492
0.12136052
0.2793736
0.09118964
0.34548125
-0.16909084
0.11432919
0.28328544
0.19207954
0.11582712
0.1605351
-0.10589369
-0.10393298
-0.052668463
-0.03748483
-0.28503072
-0.30492222
-0.16587472
0.133017
0.23893297
-0.30350992
-0.14877523
-0.4102723
-0.3832657
0.23719396
-0.008659051
0.339583
-0.061569802
0.24964654
0.23437062
-0.21740471
0.33016372
0.22480802
0.49133706
-0.15457568
0.5710782
-0.071621284
0.117108084
0.04890261
0.059256144
0.15487982
-0.1473637
0.05566337
0.42933816
-0.39780027
-0.056577552
-0.19320187
0.35573167
0.25372136
0.35263035
0.41242146
0.3313577
-0.16646993
0.32180208
-0.1406455
0.07148719
-0.21721575
0.17131153
0.21110398
-0.31177658
0.011707578
-0.07212955
0.07666471
-0.13769849
-0.039272066
0.25800133
0.034734286
0.1316602
0.07094989
0.020706825
0.0609735
-0.016798051
-0.19466202
-0.25846764
0.001081908
0.16167772
-0.098507635
0.011951536
-0.24008413
-0.18854395
-0.120248325
-0.25406
0.041431434
0.19509606
0.21599765
0.015654389
0.41764522
0.3207706
0.09815128
-0.03018597
-0.17029049
0.23583156
0.025464239
0.26757747
0.078765936
-0.17768331
-0.118083544
0.21275508
0.08434403
0.11683423
-0.18052813
0.30429548
-0.046223093
-0.046600062
0.09138541
0.1244092
0.17088585
-0.057825062
0.07395002
-0.33004728
-0.093495786
-0.3462312
0.113605246
0.1681744
-0.21050794
0.025670854
-0.21145338
-0.030125009
0.046559535
-0.12537758
0.11757901
-0.2742217
0.29417175
0.36712623
-0.42534816
0.042372122
-0.009729789
0.061298236
0.26712322
-0.082130305
-0.22207923
-0.039734222
0.044083714
0.19162966
0.18049115
0.13620508
0.25749588
-0.039958257
0.015220678
0.12164604
-0.17588629
0.19339326
-0.11174265
0.26231357
-0.13468742
0.25359002
0.05621767
0.1797304
-0.031749673
0.15791644
-0.11088789
-0.12708127
-0.0071234107
0.07946142
-0.072520204
0.14494249
0.09924252
-0.3942941
0.024727823
-0.15275694
-0.0103730755
-0.12224017
0.12954295
0.31315154
-0.1306245
0.4711453
-0.46471843
-0.030107236
-0.371199
-0.19567478
-0.25860503
0.38239178
0.17032216
0.22256434
0.09651569
0.46472147
0.34409955
0.41525438
0.08991506
0.19754538
0.13783558
-0.018040188
0.10338789
0.1665663
-0.12594396
-0.024712112
0.07875492
-0.013432718
0.061781347
0.41678238
-0.2374323
-0.024018884
0.24240926
0.3617347
-0.2196451
0.27961135
-0.16252747
-0.28821376
0.030376444
0.2717951
-0.07737509
-0.24950768
0.06052823
0.05612555
0.08088739
-0.13961916
-0.23025677
0.2184336
-0.21571718
0.26862705
-0.18044871
-0.042131796
0.15537538
-0.3652944
0.29076236
-0.18732649
0.066574134
0.09360484
-0.118724726
-0.06482868
-0.14583446
0.2172394
-0.21003029
0.026700692
-0.018808367
0.08228362
-0.075296834
-0.094802484
0.083339624
-0.17792186
-0.4042257
0.10739212
-0.17336905
0.15917484
0.21780728
0.30417022
-0.0389814
-0.031550158
0.08608091
0.23375086
0.065381035
0.011169297
-0.3808062
-0.5560579
0.14958566
-0.06985451
-0.33481628
0.09397268
-0.17927645
0.08338173
-0.0098083345
-0.04259115
0.16250834
-0.23979525
0.0540851
-0.12441159
0.13297117
0.061856754
0.37668926
0.34562066
0.05983999
-0.3659169
-0.092180684
0.3353408
-0.20344411
0.23765972
0.11455672
-0.11552947
-0.03288753
-0.095603205
-0.013321497
0.121038504
0.04871162
0.23794016
0.46062776
0.23834673
0.19981965
-0.28082848
0.24024482
-0.048564196
-0.021468878
-0.38145155
-0.02155105
0.110216424
-0.2754466
-0.24335176
-0.01540274
0.29931656
-0.19673505
0.19619298
0.27032015
0.23332144
0.472575
0.44423628
-0.014935653
-0.011113986
-0.043042332
-0.2749722
-0.1455314
0.0057336143
-0.16713732
0.045358453
-0.06304484
-0.094849296
-0.18492898
-0.05818369
0.019734558
0.28955302
-0.035854094
-0.19270717
0.062264442
0.34624436
0.002937338
0.17520939
0.27370083
-0.23744394
-0.06388844
-0.081098706
-0.1542668
0.29142284
0.20753632
0.27417025
-0.019051833
0.030460747
-0.012528297
0.091128916
0.23003504
0.031938236
-0.011101657
-0.24805489
0.2694008
0.11395771
0.056718253
-0.15569422
0.050737843
-0.056216285
0.29581162
-0.27009213
-0.2636718
-0.39087704
-0.0950001
-0.041413806
0.5311769
0.058502574
0.21122277
-0.012454857
-0.38267455
0.20153686
-0.27745888
-0.195864
-0.048070345
0.16082652
0.122232765
0.17834455
-0.21150851
-0.1823686
0.07742989
0.29474837
-0.028812917
0.089709856
0.15860313
0.13746959
-0.11517699
0.17129986
-0.0967676
0.1678271
0.09979792
-0.32279256
-0.18162437
0.0462294
-0.12486132
0.31702998
0.16742049
0.27879077
0.22400607
-0.25675672
0.20567764
-0.19856828
0.24570471
0.33855978
0.037065517
-0.25590298
0.04458281
0.123049684
-0.2370275
-0.16329801
-0.13380302
0.2243187
0.35211655
0.21703795
-0.15788591
-0.090942256
0.15281552
-0.02560116
0.01649116
-0.055189647
0.017149556
0.21699917
-0.22419961
-0.15410635
0.14445141
-0.08384123
0.20757732
-0.26609316
-0.11973717
0.0206258
0.11997101
-0.3565883
0.16293353
-0.26474127
-0.2566494
-0.12781303
0.07121687
0.10367472
-0.3864124
0.18601748
0.062976435
-0.2264619
0.41158685
0.24436747
0.032898974
-0.2213752
-0.12120943
0.261016
0.17209356
-0.15429276
-0.09077785
-0.17987205
0.3342416
0.061969686
0.0668882
0.29812118
-0.111510515
-0.10052478
0.078711785
0.10296711
0.22837353
-0.3427884
-0.03296928
-0.11890852
0.22157443
0.3366207
0.27712744
-0.2987187
0.017417543
-0.25776944
-0.07836669
0.10214708
-0.25119877
0.14584494
-0.16405989
-0.03480165
0.26870248
-0.35826176
0.013267843
-0.08653885
0.17849416
-0.17896053
-0.1076683
-0.21684702
-0.109658204
-0.37349114
0.40535876
0.15433224
-0.014463827
-0.054351244
0.2222459
0.18802498
0.36748818
0.308676
-0.027577937
-0.08177663
0.11701858
0.37034294
-0.17080653
-0.22583006
0.0893351
-0.024670368
-0.17902648
0.32183516
-0.3140379
-0.04211908
0.19271086
-0.24293108
-0.019911695
0.16669801
0.014690875
0.4792696
-0.14053497
-0.21051887
0.20587994
0.046010736
-0.056635678
0.2971272
-0.047858126
0.33172786
-0.27345234
0.004886325
0.25796393
0.044659313
-0.07177958
0.19380766
-0.2153014
0.0023268717
-0.16580874
0.14291938
0.06939617
0.38975585
-0.099209815
-0.20332734
0.060331795
0.106728934
0.3455251
0.31880185
-0.2384418
0.24058788
-0.1040886
0.4653493
-0.07220316
0.08153155
0.04143192
-0.12036379
-0.027368305
0.32259157
-0.37173322
0.42946526
-0.45854208
0.35524023
0.018683346
0.21366921
-0.25178766
0.29688764
-0.11348662
0.17857604
0.025406873
-0.003047466
0.03009276
0.05362713
0.062754214
0.27260497
-0.13969868
0.21102923
0.15534258
0.13402951
-0.19283246
0.108939014
0.04870179
0.26236895
0.013556832
0.26947537
0.18672885
-0.14211701
0.17159696
0.034879077
0.1931236
-0.17044817
-0.1744788
0.09652953
-0.048049923
0.21596092
-0.009188433
-0.18036261
0.0031660337
0.41010714
-0.33962417
0.16064164
0.041002057
-0.4589117
0.19059557
-0.36439368
-0.1366147
0.06032327
0.059677716
0.29496798
-0.14966412
0.10072653
0.010045809
0.29479465
0.120593995
0.30048978
0.07703604
0.42861065
-0.28735787
-0.26441586
0.020741547
-0.009627057
-0.14720434
0.4295888
-0.04926048
0.13114394
-0.2880923
0.32181194
0.20879826
-0.016551487
0.15627925
0.15132609
0.061346944
0.26921654
-0.1490207
-0.13497204
-0.21697745
0.2108
0.21669658
0.06984164
0.04542654
0.15471375
0.12308131
-0.1564197
0.1813342
-0.116770975
0.07827042
0.14102013
0.022516184
0.09005925
0.051785327
0.20980726
0.114727385
-0.12126592
-0.058587633
0.23921387
0.21804883
0.25978282
0.20715089
-0.020526081
0.049218953
-0.07830091
0.0294749
-0.2914009
-0.021522136
0.29946804
-0.3454052
0.2330599
-0.14393383
0.10535419
-0.033743814
0.07737406
0.19148189
-0.20681462
0.3807722
0.20828937
0.092760645
0.13512412
-0.30144092
-0.1910922
-0.2332746
0.09045976
0.014403538
-0.06055876
-0.09742865
-0.018036006
0.22462519
0.2438109
-0.22517763
0.21806955
-0.45377302
-0.17882101
-0.2810061
0.12361769
0.0710374
-0.19992359
0.094797075
-0.16588527
-0.17355739
0.29601946
-0.038059473
0.35301477
-0.27271327
-0.04240385
0.16479257
-0.28929827
0.35608426
0.19729829
-0.06481021
0.29810002
0.102511674
-0.339075
0.26428968
0.3106181
0.1343456
-0.030991558
-0.34460533
0.06195388
-0.22865865
-0.29092684
0.14026122
-0.17114168
-0.22909346
0.041617192
0.23384911
0.075954184
0.278084
0.3211263
0.003939538
0.33813754
0.011427118
0.07426441
-0.012908043
-0.21536697
0.08732628
-0.1071071
0.24086303
0.16907725
-0.21040544
0.20358352
0.14652914
-0.17772703
0.080720395
-0.11513262
-0.2730746
0.12859388
-0.2567841
-0.2753643
0.044006225
0.1927968
-0.022623885
0.020979552
0.38805085
-0.15241791
0.05023246
0.3160075
-0.18544912
-0.037692625
-0.025715392
-0.4249047
-0.3381003
0.016166441
-0.48281384
-0.0029058175
0.10866922
-0.06426261
-0.23846185
-0.29785845
0.13232836
-0.38609365
-0.2757139
-0.15909451
0.07526164
-0.31982273
0.13346389
-0.0027033235
-0.072081126
-0.15770014
-0.063946664
-0.115156166
-0.3550334
0.082481965
-0.37404186
0.15445898
0.4217555
-0.29396912
0.2822803
0.16013807
0.22806993
0.07098699
0.5516764
-0.22385435
0.05540878
-0.15459657
-0.4344517
0.2902682
-0.07970053
0.10806708
-0.044777248
-0.32990927
-0.28299356
-0.14443755
-0.015920803
0.014318241
0.029462524
0.0006407235
-0.17140393
0.10945438
-0.026418924
0.018479472
0.24809502
-0.18634613
0.206587
-0.054542433
0.31295806
-0.28517953
0.24748369
0.14133143
-0.26943558
0.006037687
0.33244815
0.022928888
0.46113524
-0.01750762
0.048337054
0.15529497
0.23608486
-0.09156929
-0.075029664
-0.10420665
-0.31698957
-0.061292816
0.043361973
0.2157798
-0.22452909
0.21539116
0.012133044
-0.10223842
0.02706633
-0.047082547
-0.22641666
-0.037873037
-0.33140576
0.20585883
-0.09505396
-0.04883916
0.06992286
-0.0339811
0.21264017
-0.18996379
-0.1463989
0.15689692
-0.14459492
0.00580567
-0.32577345
-0.20647347
-0.44632122
-0.16502273
0.26573354
-0.0815295
-0.152514
0.52432287
0.10338328
0.123432405
-0.15782215
-0.09080989
0.5961212
-0.01009663
-0.3379034
0.15433614
-0.58354944
-0.2910754
-0.23996195
-0.14974089
0.2206703
0.02520871
0.34624267
0.060569514
-0.35030517
-0.3165844
-0.43014544
0.05473421
-0.033748712
0.32186848
0.14954439
-0.019205734
0.0063390653
-0.021590343
0.1727717
0.1663065
0.14227906
0.24627987
-0.09440428
0.2339225
0.1888873
0.25625712
-0.15393908
-0.22337162
0.3178873
0.16085105
0.19224083
-0.2297846
0.14115274
-0.23776394
-0.07088175
0.04906884
0.056961257
0.17880623
0.08106786
0.14015456
-0.19221264
0.16758637
0.08248137
0.19160695
-0.123975016
-0.092891805
-0.06521869
-0.21301737
0.12180146
0.2369432
0.0041605276
-0.2713851
0.06563159
0.30230433
-0.24160753
-0.033915967
0.032095112
-0.072804704
0.022347642
-0.063564345
0.24919355
-0.20738474
0.08952274
-0.06304028
0.020575497
-0.10845892
0.21122944
-0.18451813
-0.2819888
0.22150508
0.044885106
-0.09413035
0.27316898
-0.12100817
0.0117647955
-0.27124694
0.1291694
0.19347833
-0.21824966
0.10948916
0.23774137
-0.093973376
0.15613751
-0.14231358
0.12861569
0.2542794
0.07595657
-0.25965858
0.379897
0.2515205
0.07350855
-0.1551879
0.17935854
-0.17243972
0.06488756
-0.11568369
0.16989587
-0.22656037
-0.36195317
-0.30584535
0.32480368
-0.11688974
0.23606068
0.039336476
-0.19164146
0.15700825
0.040478054
0.05457581
0.25437063
-0.1808209
0.26551875
0.2307937
-0.2881569
-0.19295853
-0.2586511
-0.1353006
-0.26814786
0.13448973
0.043335497
-0.13005601
0.1669173
0.086919434
0.1292485
0.2345491
0.029632946
0.13271919
0.07060236
0.16281298
0.07682839
-0.29363552
-0.2689876
-0.2885354
0.15779388
-0.06744182
-0.07907019
0.14638825
0.11530126
0.09300968
0.118536256
-0.20926893
0.19959965
-0.069233455
0.14824028
-0.26146945
0.14929467
0.0005280124
0.23971313
-0.035077862
0.32417953
0.27321497
-0.24150057
0.07516666
-0.33843854
-0.03713231
0.046573073
-0.10908791
-0.23085447
-0.13182594
0.2927082
0.07745427
0.2883646
-0.076169424
0.18380237
0.38946468
-0.24714464
0.2934316
0.13398674
-0.22548789
-0.052256443
0.20318952
-0.099380836
-0.073396854
0.01802039
0.031264864
0.07211052
-0.0052172267
-0.2611866
0.12750985
-0.08619002
-0.14968644
0.2504278
-0.10639423
0.013979767
-0.32746273
-0.16106345
0.059705608
0.04761377
-0.084307715
0.049653508
-0.08472841
-0.290451
-0.0029706142
-0.123555765
0.29300734
0.054122988
-0.3449165
0.20806026
-0.3646877
0.006423729
0.0020369566
0.09243132
-0.11395153
0.27496672
0.012448413
0.25054336
0.017567959
0.28697717
0.088066906
-0.36250085
-0.19376071
-0.21754792
0.04569046
-0.09739972
0.30557418
-0.19530207
-0.13171862
-0.06796496
0.027308874
0.27370086
-0.32732004
0.31516784
0.09831654
-0.22367392
-0.28093547
0.07711618
-0.26258162
-0.14852059
0.306671
-0.030274976
-0.20788287
-0.036466226
0.071306355
-0.017836146
-0.15317005
0.32688257
0.1455562
0.16468413
-0.22805223
-0.13250323
0.1562441
0.088627264
-0.06487753
0.13849708
0.34882352
0.18049929
-0.077097155
0.18073869
0.047452435
0.026373234
0.35130182
-0.09308783
-0.2078254
-0.03712677
0.028640516
-0.2121095
-0.12159608
-0.3476421
-0.4260117
-0.14943741
0.124411404
0.15872365
-0.019475797
-0.33816764
0.1777821
-0.34309894
-0.25710863
-0.15365392
0.1594314
0.20302007
-0.03047411
-0.07088871
-0.2907184
0.17458561
-0.1078558
-0.22978085
-0.26165798
0.05701658
-0.20812868
-0.15987319
-0.35140327
0.14373821
0.3505982
0.17353961
0.044570245
-0.34605923
0.06998447
-0.03216059
0.1651844
0.35231644
0.22135648
-0.17025076
-0.2800079
-0.26900548
-0.19513017
-0.15497568
-0.17084794
0.16055198
-0.07979187
0.14067176
0.23135677
0.16969787
-0.14267114
0.32176065
-0.07066781
0.17229916
-0.13467959
-0.15002172
0.21069469
0.018658584
-0.09195824
-0.04271012
-0.14183629
-0.08328097
0.23332271
-0.050703604
-0.13703105
0.18736456
-0.18046916
-0.1396949
0.2658227
0.25909004
-0.06373795
0.28450286
0.30084583
-0.029529165
0.12675801
-0.22994779
0.09392624
0.2430768
-0.09796875
0.11074108
0.26614165
0.23486702
0.20551367
0.1349309
-0.078063995
0.06945969
-0.12647846
-0.14820282
-0.1279632
0.056983966
0.15143558
-0.096202694
-0.20325954
0.3625003
0.16872606
0.15634671
0.21895504
0.013588565
0.2176711
0.20438643
0.0404315
-0.106372245
0.029893339
-0.14467753
0.27127522
-0.25477055
0.09027856
-0.10330924
-0.26692143
0.21528426
-0.008002182
-0.33681262
0.06441483
-0.26047838
0.11237378
-0.18554577
-0.08175568
0.15344794
-0.034326375
-0.15579759
-0.20585766
-0.0022917904
0.38814095
-0.17947459
0.105030335
0.10614426
0.035214745
-0.05785175
0.26199147
0.16878802
0.12635355
0.19688877
0.081075706
-0.1906611
-0.15972897
0.32568792
-0.049007535
0.23353565
0.018151054
0.0048886016
0.036032554
-0.101242155
0.09785125
-0.09525966
-0.18277198
0.1966152
-0.15022336
-0.048934117
0.28660962
-0.22065099
0.32678553
0.11884224
0.26797348
-0.047515556
-0.18519352
0.20835507
-0.18266502
-0.33258435
-0.111563265
-0.120461635
0.090217724
0.11264895
-0.19062984
-0.30356148
0.1960569
-0.20246285
-0.20883211
0.024000395
0.07424764
-0.05659622
-0.30272448
-0.26346233
-0.040465545
0.11487715
0.16719455
0.19145516
-0.12527859
0.4576775
-0.1043318
0.17272069
0.16331169
-0.080856554
-0.32473174
0.20672257
-0.30674872
-0.381856
-0.033938456
-0.16146673
-0.18383457
-0.030084122
-0.13202631
-0.17272118
-0.30011752
-0.1713524
-0.08248391
-0.18835607
-0.06432463
0.004225155
0.28457928
-0.013617405
-0.3409532
-0.46543387
0.3140162
0.06944793
0.18477269
-0.13084896
0.0020194303
0.44409388
-0.19975711
0.39545935
0.3042639
0.025226275
0.13414901
0.35550234
0.009114599
0.008079879
0.05524539
0.25236967
0.14147855
0.06888637
0.20258462
-0.04096171
0.05457487
-0.09588331
0.14962167
0.1594352
0.11789423
0.20555767
-0.0473804
0.075923815
-0.104916945
-0.10776223
0.09701222
0.205439
0.14776988
-0.1417228
0.111746505
-0.15504833
-0.0914998
0.018897891
0.022835184
0.2266529
0.116739675
0.20837411
0.24228798
0.23657781
-0.11911611
0.023326945
0.2098808
-0.43553656
-0.111250065
-0.18737128
0.457532
0.30446
0.13798913
-0.2438245
0.18554729
-0.10780074
-0.004077903
0.19099998
0.2381274
0.081786394
0.009876359
-0.16833316
-0.28815797
0.055442423
0.33044684
0.112967886
-0.022120198
0.3350255
0.043826487
0.13953084
0.007397928
-0.45937833
0.16023096
-0.24953364
0.15050043
0.21919495
-0.010305538
-0.16156098
-0.02519962
-0.19664404
-0.3137053
0.0020235218
0.042293184
-0.31671384
0.077126235
-0.14822029
-0.20694968
0.17112033
-0.11876275
-0.23542105
0.32506984
0.04103902
-0.20879067
-0.24743935
-0.10083881
0.017573815
0.1767747
-0.047209762
0.19583033
0.097809054
0.165621
0.10205856
0.23508827
0.18750162
0.4622977
0.018447885
-0.46218517
0.35511485
-0.24922529
-0.19858283
-0.28419852
0.0830726
-0.046130814
0.023559457
-0.27742243
-0.23846452
-0.26765835
0.22497047
0.321369
-0.22951628
-0.0030699035
-0.1737126
-0.08925245
0.42808813
0.1252472
0.05511904
0.20074277
-0.30474073
0.2516509
0.16716494
0.11868278
-0.27477065
0.1308058
-0.02487208
-0.35636356
-0.014103664
-0.35327923
-0.11163753
0.26013088
-0.03856119
-0.34128964
0.17008613
0.28283745
-0.2926426
-0.3800431
-0.0026085973
-0.0324024
-0.3197655
-0.09924826
-0.26888162
-0.013248419
-0.27086973
-0.21133809
-0.15869968
0.07622388
-0.103527606
-0.05031277
0.26968402
-0.14743121
0.24922268
0.34875232
-0.27044237
0.17052051
-0.1845777
-0.110882506
0.10004443
0.23667538
0.0045412234
0.26281834
-0.36042497
-0.24714728
0.2757637
-0.08435963
-0.10218706
0.3106075
-0.22469094
-0.10536698
0.032287598
0.25414607
0.20510541
0.1678354
0.13052109
-0.06460289
0.22180027
-4.231484e-05
-0.30058876
-0.22719035
0.045616675
0.098619804
-0.14095652
0.2168006
-0.07362747
-0.06513182
0.12163244
-0.116528854
-0.21067074
-0.20502023
-0.07468332
0.31288537
0.017580552
-0.028211163
0.031197762
-0.2239758
0.021301588
-0.20996507
0.17160222
0.12043029
-0.21839026
0.06727323
-0.002954572
0.2651981
-0.04667634
0.084397405
0.022321707
0.19019943
-0.015601066
-0.05545073
0.0049665906
0.17906046
-0.041119438
-0.12635592
0.20212333
-0.24640116
0.31591684
0.24999371
0.06414644
-0.09845766
0.030620592
-0.18970445
-0.2974923
0.046029974
0.284659
0.1930445
-0.053921543
-0.22893304
-0.05670518
0.07060736
-0.20263234
0.1595098
0.3509572
0.020181617
-0.066774085
0.08610593
-0.17546695
0.009629559
0.2488696
0.064277336
-0.16290466
-0.09960664
-0.24598978
-0.3534207
-0.10507146
-0.19264522
0.11719581
-0.07661299
0.12535395
-0.024055967
-0.097122535
0.023057638
-0.04556909
-0.06365459
0.074901685
0.12728855
0.35280648
-0.24700515
-0.28046125
-0.06756434
0.019057332
0.10452603
0.20259586
-0.49926117
0.14559734
0.35015318
0.198192
0.019978814
0.06603185
-0.3222084
0.11581914
-0.17097236
0.5207571
0.040027123
-0.28371197
-0.13508753
-0.41342875
-0.090617515
-0.09179963
-0.4458226
0.24964081
-0.24874224
-0.0055398922
-0.18356049
0.067678854
0.09444888
0.041395873
-0.4498315
0.22790411
0.10234809
0.09857248
0.010783601
0.08391325
0.21017577
-0.1945453
0.01728236
-0.28344807
0.24705677
-0.0043640733
0.031045975
0.3625051
0.22830784
0.13987489
0.3346003
-0.2183718
-0.06023041
0.30093825
0.06470249
-0.15973534
0.17753477
-0.03050236
0.1708147
-0.030608337
-0.055983085
0.30207866
0.10980488
0.43925846
-0.17699015
0.023301296
0.07260979
-0.28205356
0.061359894
0.1279213
-0.10768657
-0.16303341
0.25614432
-0.032576635
-0.21412107
0.07856543
0.23472275
0.20831807
0.2598722
0.045258537
0.07482323
0.24684744
-0.0910781
-0.11309184
-0.15376756
0.30478463
0.21503882
0.12244954
-0.11934895
0.16540466
0.09071804
-0.020221243
-0.1563158
-0.10405404
-0.09444237
0.11759628
-0.1469411
-0.044429272
-0.1554042
-0.18388705
0.23589152
0.32073244
-0.03952467
-0.03460374
-0.12226957
-0.006929182
-0.031430807
0.11480191
-0.17111552
0.03902319
-0.17096697
-0.26713437
-0.117160425
-0.1495151
-0.12603915
0.055947393
-0.22398242
-0.013214013
-0.04892246
0.11842052
-0.19177878
0.3485569
0.15039662
-0.20904058
0.36808607
-0.1209425
0.11158181
-0.004826823
0.008906641
0.1465309
0.08496975
-0.033032645
0.3244488
-0.17795546
-0.23047967
0.14814457
# B
0.0265888
-0.0030595867
0.045680992
0.023000425
0.024243979
-0.0014553173
0.034410626
0.03525162
-0.016377747
0.014144529
0.045429017
0.037657328
0.007869636
-2.9222467e-05
0.032410763
0.009406395
-0.0003802723
0.012225736
0.0026030699
0.013113975
0.019673724
0.016920479
-0.018872181
0.022699486
0.011296212
0.04483911
0.010816554
0.042200524
0.014615083
-0.0035608148
-0.021967312
0.0025996568
# Layer Number: 3
softmax
12 32
# W
-0.08733605
-0.22536178
0.12637335
0.27265415
0.3964705
-0.5257869
-0.13328837
0.012342111
-0.18820022
0.038986746
-0.112178594
0.39182484
0.19285634
0.091006204
-0.23024093
-0.046245433
-0.16743672
0.23720221
-0.37886596
0.17033133
0.59030604
-0.036801707
-0.22231555
0.072620735
-0.10254921
-0.10545448
-0.082350254
-0.19379157
0.30299145
0.32269642
-0.8409123
0.3111508
-0.033895124
0.42002556
-0.18895818
0.27962118
-0.4239974
-0.12337299
0.055206724
0.03673105
-0.18366936
-0.2550058
-0.15548006
0.26809534
-0.0029856884
-0.4961263
0.5082551
0.113496706
-0.07486122
-0.6984513
0.11346347
-0.24076116
0.18614793
0.17779395
0.37554878
0.38580433
0.35217848
-0.2679737
-0.14663567
-0.4151927
-0.082038954
0.23040974
0.21002984
-0.08559415
-0.31465587
-0.060383756
0.1467323
-0.29415843
-0.08915809
-0.19506672
-0.20509383
-0.26974598
-0.15153293
-0.5404644
0.31358021
0.1647096
-0.1538858
0.25992027
-0.017693207
0.26930225
0.23733352
0.27501246
-0.59049433
-0.4752396
-0.36240005
0.008188553
-0.09114233
0.4331878
0.38179892
0.3947982
0.47482052
0.24249043
-0.6664051
-0.04541668
-0.40585062
0.07278551
-0.2893909
-0.43077692
0.13247809
-0.3565615
-0.29233745
0.23093536
0.01814454
0.21966758
-0.41663578
0.070832744
0.45484906
0.20767686
-0.20963483
0.13925782
0.0895055
-0.37732
0.39577547
0.47083586
0.17721494
-0.2748297
0.22305489
-0.49192598
0.15842786
-0.09386513
0.0058066105
-0.61390823
-0.15144198
0.3517356
0.2844712
0.19125885
-0.08568007
0.23132396
0.3898118
-0.5930235
-0.42437473
0.41770062
-0.62148094
-0.4207652
0.32667238
0.055150148
-0.082750455
-0.24215195
-0.10591925
0.20456167
-0.26530984
0.2780629
0.06409992
-0.3015628
0.19169362
0.06783693
-0.8299441
0.20723803
-0.4348063
-0.39455518
-0.47315964
0.28201553
-0.29547223
-0.5834633
-0.04435052
0.4100566
-0.27110606
-0.31873587
-0.4157465
-0.3785382
-0.17955032
0.109104246
0.50945264
0.14668225
-0.19296084
-0.35652468
-0.4536768
0.37644637
-0.1070004
0.052776944
0.19843791
-0.40886334
-0.11223532
-0.816883
0.2859243
-0.0811049
-0.13986467
0.05413095
-0.60164315
0.1434498
-0.31490844
-0.086258486
-0.45379457
-0.26485008
0.20035209
0.21459074
0.16018587
-0.24791451
0.4526247
-0.17808162
0.16941276
0.04089312
-0.46783283
-0.31488407
-0.26296604
-0.26004872
-0.012775756
-0.32739013
0.3329011
-0.37979916
-0.16136768
-0.34924725
-0.36410025
0.50282556
-0.07190462
-0.2712714
-0.31819603
0.12305329
-0.083032005
-0.32108763
0.1587448
0.1149091
0.47177815
0.14647338
0.3783002
-0.14325505
-0.04044216
-0.34836382
-0.35982066
-0.5085678
0.009505378
-0.53258866
-0.034342308
0.36515865
-0.12839912
0.47167262
0.41461203
0.36153337
-0.49233502
0.03503796
0.10374975
0.3374438
0.17670505
0.40309277
-0.30302274
0.370195
-0.40668997
0.19853978
-0.33747298
-0.62681925
-0.26286566
-0.46607938
-0.23489286
-0.05497345
-0.50770736
0.0317746
-0.045022976
-0.059337646
0.30163762
-0.12434196
-0.25292483
-0.09731077
0.06089729
-0.432634
0.07526925
0.3082575
-0.24930327
-0.250578
0.26506782
0.3241784
-0.5340419
-0.41812187
-0.1278359
0.23740797
0.12075861
0.3293674
0.19213365
-0.11123346
0.13772666
-0.035538275
0.03485847
-0.079037204
-0.0723251
-0.2731438
-0.21590437
-0.07073663
-0.009722485
-0.48769453
0.024860376
-0.34601444
0.03002315
-0.08554656
0.4161629
-0.23875907
-0.06876338
-0.41722986
-0.5740931
0.5545245
0.15386885
-0.080652386
0.06759576
-0.43326238
0.49940118
0.110034436
-0.5433978
-0.7110586
-0.30007946
-0.28441358
-0.21295393
0.791703
-0.8043393
-0.44431248
0.48238266
-0.29681712
0.50905424
0.3331283
-0.17548695
-0.37486422
0.33639377
0.16382498
0.2581702
0.10231296
-0.46618694
0.1762679
-0.0011228158
0.25321415
-0.46805635
0.26723117
-0.38944072
0.28718206
-0.31378114
0.5740976
0.18678164
0.4662968
-0.51447105
-0.289171
0.25647867
0.4047529
-0.12686342
-0.06072317
-0.32631502
-0.40435547
-0.0424591
-0.5160968
0.38839316
-0.2885181
-0.37111595
0.072275326
0.04474761
0.3601401
-0.4888833
-0.2318674
0.16905093
-0.5625604
-0.16994686
0.32318026
-0.17980592
0.3649864
-0.40964714
0.022212833
0.22867705
-0.28664693
0.27438173
-0.10213034
0.22240005
-0.5015759
-0.46239024
0.04342889
0.09302762
-0.20066813
0.05634008
0.2760656
0.066243924
-0.4223606
-0.089757755
0.44401556
0.24291444
-0.16681631
0.13125241
-0.54172295
0.024850918
0.28449678
-0.21545942
-0.2601602
-0.252284
0.3015165
-0.11555468
0.24328382
0.32329258
-0.3761484
0.060024686
0.4209027
-0.14868234
-0.38089272
# B
-0.08985113
-0.09772827
0.05369084
0.04459975
0.075848356
-0.031096997
-0.003676905
-0.03268902
0.041845288
0.009767238
-0.002174635
-0.023723042
