# Layer Numbers: 4
# Layer Number: 0
relu
128 290
# W
-0.038052272
0.07131269
-0.13526489
0.1289414
-0.03627831
-0.00079835526
-0.09293219
0.025074253
0.050282277
-0.08558933
0.04053734
0.034449726
-0.06707425
-0.111735255
0.14644137
0.036692522
-0.13952588
-0.09917079
-0.023483086
-0.13102224
0.018762581
0.13216682
-0.13022637
-0.002648556
0.04941182
-0.011313857
0.089261256
0.04538467
-0.11944515
0.0572624
0.08724092
0.094302535
0.049402423
-0.045903116
0.0155308135
0.18454579
-0.0540297
0.055048876
0.1439563
-0.13518012
0.11361953
0.016299618
0.02269779
0.019106805
0.12653881
-0.083288334
0.024464998
-0.034480006
0.18048084
-0.03129872
0.058067452
-0.04444048
-0.17171067
0.01752958
0.07724003
0.1475453
-0.06670599
0.059772592
-0.01061723
0.08772966
0.17624411
-0.07386672
-0.037181124
-0.16288657
0.18329024
0.024678543
0.17932189
-0.024668496
-0.03598194
0.0749451
-0.06610439
-0.047850996
-0.096558414
-0.11882798
-0.0426229
0.115479186
0.019291323
0.057780404
-0.031883057
0.026447512
-0.09669663
0.06996561
-0.120075695
0.12773146
-0.06739003
-0.11352732
0.0008961408
0.06576633
0.15226312
-0.10221763
0.04928154
0.082895584
-0.09816468
0.06203055
-0.094321296
-0.080116995
-0.0053553865
-0.07921579
0.17756511
-0.02205272
-0.0067290333
-0.010366287
-0.08892632
0.021297375
0.043466773
-0.021425812
0.07954209
0.13731346
0.15985182
-0.027323438
0.13580965
-0.07486973
0.085788794
-0.01171754
0.06299338
0.075794645
0.1324954
-0.032285
0.0016371333
-0.11165467
-0.0073657916
-0.051666785
0.026610408
0.15746489
-0.11687536
0.044920906
0.12571783
0.005340813
-0.0030668713
0.029717283
0.08285851
0.021036634
-0.002858741
0.03198677
-0.12610146
0.12048285
-0.039726857
0.11430558
-0.006165175
-0.0068592383
0.008109193
0.07605122
-0.07299169
0.04390436
-0.1372074
-0.08944037
-0.11242447
0.10567554
-0.01232299
-0.08156187
-0.07841192
0.052182518
0.11121609
0.09623645
0.07531209
0.000906487
0.005743229
-0.06545303
-0.12105806
0.11667283
-0.011819464
-0.03823667
0.021006873
-0.037948467
0.03231421
0.11604948
-0.13657506
-0.1297046
-0.10583945
0.10772855
-0.118002474
-0.12538408
0.0640167
0.043722708
0.030450437
0.12588769
-0.023124676
0.061871327
-0.0010506526
-0.03481458
0.04767623
0.104106374
0.014048192
-0.09216606
0.04241099
0.006930092
0.026606927
0.009817201
-0.033106405
0.052172147
0.0095895445
0.043480754
-0.07613797
-0.053229377
-0.10179493
0.17515378
-0.16218083
-0.03691862
0.19774275
0.14861265
-0.02310686
-0.07708867
0.04955025
0.0363851
-0.016710551
0.019383613
0.07947205
-0.08884037
0.0517359
-0.20657612
0.10042029
-0.00055846805
-0.03901661
-0.024801021
-0.102884024
-0.061874773
-0.0331237
0.0856989
0.017409774
0.031988353
0.13254927
0.054244895
0.03805247
0.030987144
-0.04002292
-0.042764112
0.122450866
0.002633098
-0.029302318
-0.124838784
0.11443157
-0.075086124
-0.065565385
-0.08659307
0.112467565
-0.0016697214
-0.120236345
0.17252333
-0.17439759
0.02347841
0.02293552
0.075898014
-0.10779181
-0.11621549
-0.027385306
0.05887704
-0.079819866
0.09163634
-0.016181435
0.15603884
0.069323674
0.029306715
0.09117774
-0.009940662
-0.0126853185
-0.120102346
0.10581026
0.01989612
0.16755486
0.15976684
-0.0034001812
0.0100034345
0.13580954
0.08554429
-0.037965044
-0.106288746
0.10046899
0.12782641
0.06351202
0.07172447
0.023770345
-0.11755558
-0.027822161
0.065125875
-0.06979826
-0.13031062
0.010090407
0.07900563
0.1796077
-0.1597262
-0.09488525
-0.08457813
-0.14777774
0.1473057
0.052304186
0.13824278
0.20359133
-0.12834208
0.19561239
-0.021569198
-0.0029223165
0.016682662
0.04214855
0.025987089
0.06320045
0.16791603
-0.11080621
-0.025979795
0.027727252
0.080160655
0.0795051
0.11313912
0.10233116
-0.11213597
-0.012633115
-0.12293373
0.037666075
-0.18342824
0.0003438648
0.13431674
0.121219784
-0.16876903
0.13401116
-0.07332019
-0.0395263
-0.013798342
-0.0029559946
-0.009042526
0.015184192
0.0841419
-0.17849782
0.06894357
-0.27872187
0.18865941
-0.21980076
-0.0011998032
0.037638597
-0.02211342
-0.08096025
0.10263045
0.10175976
-0.08730089
-0.024818685
-0.080869645
0.14481606
-0.072316
0.005133789
0.047655277
0.10297256
-0.07471656
-0.18283997
0.026592607
0.053114615
-0.029408958
-0.02479382
0.017073454
0.053290498
-0.08522459
-0.10426879
-0.11812263
0.1569141
-0.08423262
0.25933504
-0.061805885
-0.12569384
0.055110555
-0.07421976
0.07610416
0.06534825
-0.08587152
-0.012178302
0.0049186903
-0.11843574
-0.0027510615
-0.102642864
0.045580484
-0.10663349
0.017640164
-0.060316887
0.08831446
0.08873207
-0.122587614
0.013722724
0.005120983
-0.01896341
0.09709131
0.1978315
-0.08181327
0.051863477
-0.15626009
-0.14531337
0.12251361
-0.19467673
-0.1090445
0.011156327
0.008117281
0.06987302
-0.007798039
0.038080167
0.14545254
0.014212321
0.1107361
-0.0020681894
-0.10895547
-0.0918088
-0.08177949
0.11903953
-0.012799616
-0.11287482
-0.0632027
0.022502108
-0.031263836
0.07864973
-0.098392315
0.055394325
-0.09180354
0.106541224
-0.095111705
0.077128895
0.121584296
0.046429608
0.09505624
-0.025680276
-0.086442664
-0.20979287
-0.08991326
0.0022131281
0.09662878
-0.097796425
-0.014028503
0.046949986
0.097423926
-0.06104125
0.11239292
0.019297106
-0.07665992
-0.20089792
-0.2300905
0.006804415
0.016268408
-0.08290641
0.12512004
-0.00056613627
-0.040150758
-0.027945837
0.057930462
0.0113412095
0.14759554
0.082590066
-0.12208843
-0.10328713
0.03389996
0.08008516
0.087909706
-0.07529858
-0.15331915
0.029182147
-0.015765341
-0.07334079
0.025305321
-0.07538677
0.12115524
-0.10679053
-0.027712438
0.051641405
-0.036433347
-0.04809909
0.061506502
0.0067438306
-0.05386891
-0.0506762
-0.04473645
0.006128009
-0.012688553
0.08971133
0.077368565
-0.016789515
0.14722826
0.13213944
-0.0693209
-0.035489343
-0.12239745
-0.12878655
-0.0841134
-0.086954124
0.08917776
-0.11439623
-0.0148882745
-0.003845477
0.037015047
0.01673958
-0.027516868
0.050767154
-0.035304617
0.10964183
0.047240876
-0.04822737
0.022038892
-0.09538891
0.073372886
0.06967711
0.0723618
-0.004912725
-0.098912515
0.10887326
-0.07759849
0.07044224
-0.06893824
0.09270112
0.01995135
0.09678949
0.048459403
-0.033472046
0.062348887
0.13600987
0.13183144
0.13441323
0.01124608
-0.0319235
0.06146789
0.056585215
-0.11107999
0.009880318
-0.019833824
0.009928951
0.010439783
-0.037402835
0.031598598
-0.059887573
0.024271522
-0.13611923
0.06951528
0.0020258618
-0.079888545
0.008975344
0.050082482
0.1193298
0.011943341
0.11674328
0.029504042
-0.010864336
0.025749689
-0.023914063
0.033294678
-0.03297408
0.08954122
-0.055087324
0.009503369
-0.03876257
0.06823003
-0.040755715
-0.12796117
-0.009168585
-0.11738069
0.025245797
0.06266728
0.11342585
-0.008751713
-0.088197164
0.111154914
0.015180783
0.044424567
-0.121904865
-0.09741441
0.06222235
0.09993004
0.12289693
-0.021456404
-0.011531109
-0.011289265
-0.10438123
-0.04419598
0.12010211
0.05169123
-0.058078874
-0.11633235
-0.10489213
0.09881856
0.009419319
-0.009462872
-0.01571367
-0.06516423
0.06082706
-0.12297347
-0.006393235
-0.0020987696
0.08447559
-6.497661e-05
-0.124540806
0.06620908
-0.04870518
-0.029420746
0.09710821
-0.052856036
0.08714265
-0.08183418
0.06276895
0.035212353
0.08433068
0.115427695
0.059342355
0.13527302
-0.07076814
-0.09316634
-0.04329568
0.0030275066
0.10066236
0.09462815
0.0079052085
0.07817066
0.055992473
-0.045571238
0.06908161
0.12908024
-0.017186712
-0.06270403
0.09131903
-0.014058982
0.030674653
0.120280325
0.023716252
0.04529843
0.07442833
-0.07051283
-0.08221935
-0.032277588
0.025594113
0.077293135
0.026874196
-0.03928383
-0.08794571
0.007418428
-0.03275723
-0.005447308
0.07176912
0.03109103
-0.0025901834
0.08826799
-1.2855311e-05
-0.042911813
-0.040465925
-0.053687505
-0.0055755903
-0.029683342
-0.030338239
-0.06287995
0.10722305
0.040307816
-0.06987692
0.112333
-0.041294962
0.11058177
0.1107149
0.021026053
-0.073507585
-0.094105184
-0.052069332
0.10520877
-0.11624174
-0.0099087255
0.06632055
0.042145118
-0.04642252
0.14531255
0.0727893
0.0190051
-0.062695324
-0.068448946
0.10985427
-0.103117004
0.07743272
0.1059293
0.094497494
0.10620232
-0.12600853
-0.04656635
0.039526645
-0.08247828
-0.11098125
0.007164269
-0.0061350623
-0.01252379
-0.07805114
-0.054032933
0.001886441
-0.058970697
-0.07969524
0.0026241988
-0.0693978
0.0063322145
-0.076046705
-0.014716939
0.04374893
0.100894645
0.012675868
-0.115308754
0.047536515
0.0759076
0.06386905
-0.084670804
-0.1080234
-0.11348396
0.08118955
0.028951429
0.05417459
-0.075691245
0.13613461
0.09452452
-0.030447591
0.102919005
-0.007036955
-0.034808204
-0.013533494
0.028919699
-0.009912902
0.09100889
-0.020398166
0.012809983
0.09889208
0.045188453
0.07151017
-0.118370585
0.021083655
-0.039137077
0.10122983
-0.07069742
-0.12380832
-0.07043053
-0.070130825
-0.07236644
-0.094975755
0.033928156
-0.13077338
-0.014218715
-0.07003237
0.065712266
-0.044837426
-0.10863361
0.026425747
0.10445724
-0.076096416
-0.03615951
0.1103068
-0.03308899
-0.047159486
0.031642556
0.0050352
0.024514142
-0.13380091
0.03432268
-0.10012222
0.10400472
-0.024247535
-0.11706909
-0.042501763
0.012993483
0.06811478
0.030359507
-0.10560678
0.09025142
0.026856503
0.0904751
0.010317435
0.048479404
-0.11242356
-0.10654871
-0.008299869
-0.07424845
0.08907466
-0.028625801
0.008648165
0.15506218
0.06220523
0.019026427
0.013136222
0.003842091
0.0808836
0.05843383
-0.085556425
0.032833397
0.113828205
-0.06451564
-0.10018736
-0.026135579
0.073323056
-0.074075684
-0.018908666
-0.038904358
-0.08128916
-0.10748935
0.088090524
0.049924765
0.05644388
-0.070764445
-0.062447373
0.07174862
-0.043156914
0.038483094
-0.123774916
-0.023297489
0.091959216
0.061598912
0.044991467
0.097757734
-0.005674045
0.09924548
0.013517228
0.070039585
-0.03978161
0.10623522
0.0322148
-0.0054625175
0.00077751814
-0.15617308
0.077975206
0.019210765
0.007782777
-0.018576473
-0.11034399
0.08753003
0.038431507
-0.11580129
0.11270332
0.003828857
0.08149091
0.08435631
0.06553182
-0.039150517
0.03793688
-0.00074782333
0.10021831
-0.08600418
0.03640277
-0.09654475
0.13958548
0.10380336
-0.0323788
-0.01767285
-0.019034917
0.031575672
-0.110534206
0.0653368
0.0014716715
-0.039039686
0.06686245
-0.11953983
0.006717144
-0.027501823
-0.04977799
-0.050630935
0.06477385
-0.08363601
-9.449088e-05
0.038486797
0.07114936
0.04699826
-0.008692508
0.071713045
-0.06800358
0.09572945
-0.015894659
-0.06477508
0.09744635
-0.034405515
0.07685286
0.059205275
-0.06925612
-0.09386043
-0.0929273
0.07391122
-0.0914641
0.051156808
-0.025984462
0.005955551
-0.01411257
0.06247621
-0.049164686
0.0015000729
-0.07460121
-0.042891435
0.06732472
0.023074696
0.057725724
0.07885625
-0.105561264
0.1385349
0.015489789
0.062113244
0.06454493
0.06350818
-0.01534439
0.084061965
0.085600585
0.037671413
-0.056897502
0.11738805
-0.09781937
0.007314732
0.037896726
-0.051586952
-0.042765312
0.013539595
0.094450876
-0.054704998
0.076111294
-0.051775854
-0.0824825
-0.09511075
0.065831535
-0.057845984
0.09387384
-0.0011346128
-0.012510592
0.027062686
-0.13101198
0.038069744
0.046241734
-0.09004645
0.0022985132
-0.09436656
0.028810795
0.069756284
-0.02808415
0.05961243
-0.03978381
-0.092467494
0.017467089
-0.06297847
0.038375173
0.08469988
-0.013525601
0.0589523
-0.06913347
-0.05416435
0.0994495
-0.021885408
0.011476315
0.11247977
-0.00065964885
-0.0056486814
-0.08273003
-0.06590761
0.08329306
0.074824125
-0.025160026
0.10118796
-0.02667072
0.12063346
0.07417898
0.025181131
-0.037717137
0.049588654
0.08783199
0.041904688
-0.13141395
0.04067609
-0.039369565
0.019650025
-0.07144111
-0.009496264
0.046981696
0.015160599
0.08138673
-0.070071794
0.006789941
-0.045388218
0.039658345
-0.020863947
-0.05943079
-0.08080621
0.08172242
0.0969591
-0.094061196
-0.04339665
-0.036281876
-0.094024375
-0.0041915257
-0.0451192
0.05600411
-0.015166994
0.028502945
0.11220928
-0.09179877
-0.05071538
0.12621632
0.03192439
-0.012690292
-0.001815717
-0.0012123943
0.09367949
-0.045750152
-0.11887204
0.07405325
-0.056882896
-0.061475374
0.05774564
0.004067521
-0.07685496
0.09822259
0.078202024
0.027937913
0.09579573
0.097177476
-0.07778142
0.079089046
0.01914502
-0.042147983
-0.07785616
0.057204917
-0.08652688
-0.04588129
-0.019203655
0.04111688
0.09593975
0.013045481
0.08161009
0.1078104
0.076823905
-0.027995318
0.09501615
-0.029041562
-0.07491485
0.0008064946
-0.08094413
-0.05492381
0.091272034
0.04814189
0.08562256
-0.10839219
-0.047325924
0.114551045
-0.07722658
-0.06718754
-0.02490975
0.07162478
-0.08088293
-0.043027807
-0.120088
0.05153189
-0.08969387
0.062334232
0.09903706
-0.1584026
0.034481637
0.025333725
0.061996892
0.005946985
-0.090615205
0.042805295
0.06509969
0.026443508
0.06408826
-0.012606821
-0.023135254
0.0660789
-0.09623498
-0.056045804
-0.09082442
0.08093986
-0.0022549091
0.0020474668
0.057410296
-0.07179453
-0.027861902
0.12718996
-0.021470685
0.0077171135
0.12309279
-0.016269727
0.09701351
0.065275
0.0376371
0.057728134
0.010700421
0.057082858
0.03659938
-0.01493426
-0.06727045
-0.13895638
0.05369362
0.06212823
0.049346965
-0.016917199
0.080871314
-0.018814867
-0.036979545
-0.17456625
-0.09576768
-0.09265549
-0.009125025
-0.06377594
-0.10887935
0.046454858
0.07368844
-0.08594701
0.1302188
0.075682566
-0.044849243
-0.033214945
0.08330967
-0.016557517
-0.07388321
0.10635434
0.02785616
0.09338085
0.08242285
-0.013812453
0.008964306
-0.0055216434
-0.0059603225
0.05464711
-0.004907517
0.10566506
-0.030574491
-0.11674107
-0.09175993
0.059373796
-0.11119833
0.06733545
-0.1049478
0.055306785
-0.020240637
-0.06868161
0.034357723
0.030897086
0.13286996
-0.081454195
-0.081863225
0.11306165
0.027269984
-0.117731236
-0.09417677
-0.05625461
0.075644754
0.027888404
0.11856427
-0.06908634
-0.1751158
-0.07499103
0.017431097
0.10443202
0.047062345
0.13430198
0.04623211
-0.09290778
-0.10015683
-0.06597584
0.0049328916
0.129343
0.050859954
0.060543507
0.054471
-0.051839598
0.07351069
-0.01572686
-0.043221835
0.13191004
-0.109126575
-0.056447305
0.008899859
-0.04154939
0.08377786
-0.15015674
-0.0040768427
0.07005054
0.01266397
0.062766515
-0.12291024
0.0782102
-0.08709131
0.06529176
0.020967774
0.06261581
-0.039497178
0.08969288
0.15832923
0.029339187
-0.08226119
-0.10704418
-0.046924062
-0.09643968
0.09128481
0.08124451
-0.06993577
-0.039764453
-0.035553996
0.018465042
0.0018130884
0.11006224
-0.025263635
0.05026062
-0.11933029
-0.11610705
-0.07122304
-0.1300884
0.09712337
-0.030685682
0.037060663
-0.12118534
0.0006135901
0.096041895
0.029404338
-0.12758881
0.10384433
0.07764359
-0.11592992
-0.02609646
-0.101955034
-0.07104144
-0.0962969
0.019544123
-0.016997024
0.018781997
0.061765697
-0.020583045
0.0068908907
-0.045323957
0.08647071
-0.10741523
-0.119098745
0.019276055
-0.002988825
0.041178696
-0.059180096
0.085961446
-0.0673705
-0.104140095
-0.10758165
0.037597317
-0.08165261
0.031664763
0.051324293
0.06951369
-0.0054883887
-0.075521685
0.09851138
0.08205116
-0.008400297
0.036584333
-0.021578792
0.08345306
0.08147764
-0.018472666
0.036097385
-0.11232469
-0.017087113
-0.06135385
-0.10041472
-0.08369582
0.010552045
-0.02487885
0.12412032
0.09307588
-0.10498948
-0.05079825
-0.07574827
0.11821349
-0.060300443
-0.032066785
0.024487479
0.009331715
0.059149876
-0.13722272
-0.057109274
-0.1632731
-0.030073442
-0.022323396
0.05006965
-0.07418372
-0.12383785
-0.13114457
-0.1268005
-0.05114954
0.06678627
0.07772096
0.0460411
-0.081070125
-0.07233165
-0.07016811
0.09741957
0.08706853
0.04137205
-0.047482688
0.026650438
0.07811234
-0.0537408
-0.07606765
0.12448391
-0.07182923
-0.08918593
-0.12976585
-0.07380555
0.068229824
0.059929796
-0.112192705
-0.07418136
-0.13087547
-0.05644514
-0.06757816
-0.08655565
-0.0051702806
0.055856816
-0.09993949
0.22957462
-0.011140844
-0.024821054
0.12616633
-0.01033868
-0.09497329
0.050677042
-0.14885736
-0.030657014
-0.093997814
0.008033942
-0.11113785
-0.01904874
-0.0029984303
-0.031750068
0.09962223
-0.03134863
0.0016309466
0.06253023
-0.006758461
0.003952063
-0.02264014
0.0027511155
-0.016034821
-0.092443444
-0.061809868
0.12750858
0.0799485
-0.038569335
-0.05657154
-0.035260387
0.03501972
-0.08900725
-0.07799181
-0.11779715
-0.061429042
0.052890215
-0.10699137
0.07852939
-0.0030671943
0.04530544
0.014954895
0.07545988
0.17680159
0.022818781
0.047749538
-0.07454422
-0.028579887
-0.12991591
-0.016288111
0.027436547
-0.08277629
0.023782387
-0.037146427
-0.2074583
-0.009356973
0.11440669
-0.078208745
-0.009362293
0.000817843
0.029458886
0.029171536
-0.005094392
-0.09076611
0.118143424
-0.10676508
0.021964936
0.08450295
0.02579251
-0.03768915
-0.0052359276
-0.054032862
-0.123077326
-0.04322806
-0.048632763
-0.058145195
-0.0053044707
0.002777986
0.13822691
0.050558563
-0.033659905
-0.007469956
-0.08279799
-0.050653104
0.020528678
-0.065707736
-0.007117321
0.052347448
0.015657343
0.05786485
0.04389235
0.1285949
-0.03193313
-0.08932439
0.057112724
0.09332951
-0.0056532696
-0.030749831
-0.15921901
0.03237733
0.066192664
-0.04630446
0.001487847
-0.011992215
-0.05875316
-0.0696017
0.047989875
-0.081573196
0.077831425
0.04760759
0.040653545
0.08943198
-0.09961774
0.08174703
-0.057853844
-0.0030802118
-0.06060785
0.07950878
-0.09149921
-0.08786907
-0.015390542
0.10832323
-0.062417194
0.034417115
-0.0043838597
-0.05236972
0.0066247457
-0.09853125
0.0424432
-0.095645286
0.019902574
0.10945555
-0.0041912356
-0.010430802
-0.0048243767
-0.109310016
0.09019149
0.10104625
-0.00879509
0.00954658
-0.07802786
-0.027336141
0.010352127
-0.025830645
0.091331236
-0.09365389
-0.055098932
0.03465888
-0.007839655
0.047321565
-0.008369516
0.07389465
-0.04098031
0.08157575
0.03415165
-0.09703644
0.0798344
-0.009339066
-0.067726664
0.12775251
-0.06406527
0.09361297
-0.108658716
-0.025642155
-0.12158232
0.11664408
-0.07050468
-0.012169704
-0.15336145
-0.011720951
-0.07373747
0.19107553
0.10475529
-0.035754777
-0.07816669
-0.022412846
0.055029057
0.037684303
-0.15617184
-0.05756124
-0.020256791
-0.057294536
0.015243699
-0.12246883
0.014135126
-0.12863515
0.041626796
-0.11209227
0.12096956
-0.007268037
0.03666282
0.055570327
-0.09307318
0.039428502
0.10129663
-0.09075256
-0.06304933
0.10142377
0.1404017
-0.077746086
-0.06912329
0.10784572
0.030059634
-0.07947211
-0.11904771
0.084760144
0.12612742
-0.019588854
-0.113202654
-0.09544512
0.15198383
0.11872443
-0.040690213
0.038987525
0.097205155
0.0780093
-0.097238325
0.0853211
0.013956163
-0.08296144
-0.109605536
-0.06972231
-0.014180981
0.024525426
-0.095280066
0.07475121
-0.045330897
-0.03580402
0.075604066
-0.019668441
-0.044227455
0.054201156
0.02482536
0.081108004
0.018288948
0.0057376646
0.08678043
-0.06637665
0.037472457
0.06272208
-0.020619754
0.061039425
0.04577031
-0.019875217
-0.050041724
-0.054904543
0.09960954
-0.044676423
-0.015346461
0.049571827
-0.10712882
-0.0072482973
-0.082444094
-0.085000366
-0.009698787
0.12575206
0.084943436
0.04816659
0.056097824
-0.09307222
-0.0700123
-0.0022082017
-0.042797364
0.08892104
-0.059473466
-0.004564959
0.077461466
-0.041074578
0.030530658
-0.00023470317
0.016205044
0.054531273
-0.016673695
0.12428307
-0.042352714
-0.062310703
0.018431855
0.036906164
-0.098681286
0.12679255
0.08386981
-0.073686406
-0.022999525
0.031762242
0.13792528
0.085428216
0.089092
-0.0055070105
0.08700686
0.056895636
0.14300588
-0.021703307
0.10944849
0.013960518
0.06906965
-0.028828021
-0.052865405
-0.06657878
0.04046836
0.12961799
0.03673194
-0.05921297
0.028977776
0.019889
-0.10995437
-0.024323056
0.03767406
-0.05963492
-0.020742694
0.025019882
-0.14448841
-0.09043218
-0.030879967
0.044199277
-0.010820143
-0.06001808
-0.01720591
0.03298649
0.06848665
0.1114008
-0.03343791
-0.066235624
0.015857982
-0.041523784
0.043408703
0.052268043
0.1888069
0.16541997
0.09826841
0.007116332
-0.042534295
0.064704
-0.04931107
-0.040938362
0.13623965
0.1308139
0.046309836
0.07409593
-0.03364086
0.042643737
-0.049169887
-0.011048927
-0.064923845
0.06267412
0.10270614
0.10282347
-0.048058096
-0.123744465
-0.021703338
0.07647996
0.0015759799
-0.038217127
-0.010559433
0.065719046
0.05389472
0.11379994
-0.00094566867
0.010168761
0.0260316
-0.012289184
0.0044820323
0.095945716
-0.03334855
0.072290815
0.06462458
0.0709643
-0.004543829
-0.044118494
0.0047176047
0.025878288
0.08421629
0.037876643
0.12320806
-0.08689494
-0.02934456
-0.007418943
0.10307897
0.020004652
0.081707455
0.09470133
-0.06926962
0.10853776
0.10315025
-0.049041606
0.077543885
0.016415412
0.07563531
-0.00789703
-0.06224221
-0.082119286
-0.05656503
0.06892852
-0.113777004
0.03621351
0.036336385
0.062046554
-0.032365758
-0.064797804
-0.083651215
-0.09944173
0.07764823
0.056440584
0.09059609
0.10151064
0.0444308
0.031490523
-0.010112968
0.05332039
0.021928525
0.08215788
-0.1217449
0.018980542
0.13955078
0.10399982
-0.060908727
-0.05285756
-0.043690875
-0.12195281
-0.07104382
0.03204717
0.005066505
-0.11844092
-0.09179067
-0.10108746
0.042034175
-0.06066954
0.09420857
0.12774867
-0.06728832
-0.109546
0.04655967
0.014997825
0.03713073
0.06066389
-0.08396286
0.09245305
-0.035299994
0.07275874
-0.03704878
-0.07351943
0.048964046
-0.0559729
-0.026125703
-0.020733217
0.02152319
-0.037265517
-0.037430573
0.0026919912
-0.015127856
0.124976754
-0.08912913
-0.10189187
-0.016851999
-0.119107865
0.069895536
0.04202909
-0.07081016
-0.084092304
0.03372705
-0.079543434
-0.009671077
0.12612993
0.034292072
0.010445467
0.06844522
-0.035407215
-0.05149182
0.05130797
0.064695
-0.008998096
-0.02324369
0.100105904
0.0022213147
-0.063429154
-0.11686231
-0.0028501197
-0.046978258
-0.05216193
0.054578014
-0.05625818
0.01640279
0.05301901
-0.063705
-0.004461113
0.051127754
-0.09562352
0.106848724
-0.0036817472
0.010352844
-0.105473705
0.012029541
-0.018948045
0.01632109
-0.05485461
-0.070602894
0.011072373
0.117857255
-0.11200268
0.0377823
0.062493253
0.11647681
-0.051354144
-0.07184834
0.09989958
-0.09491087
-0.008325824
0.045315437
-0.10084179
-0.00077772094
-0.09553669
0.0073828516
-0.041046593
0.12962241
-0.03925211
-0.009060663
-0.066391855
-0.0749344
-0.011240433
-0.09459631
-0.007884848
-0.030040646
-0.06607613
0.044057902
0.091120176
0.10245107
0.032561455
-0.02633178
0.019868834
0.003733725
0.15304682
-0.07189232
-0.12520349
0.019603433
-0.0653814
0.03635058
-0.029022267
-0.037436485
0.04939438
-0.0065087387
-0.04479674
-0.072642945
-0.085868545
-0.076437876
0.114849485
0.048417613
0.019078717
0.08936675
-0.09165282
-0.041631386
0.08553006
0.031174202
-0.13484336
0.046321314
-0.077763796
-0.07867175
0.0048767976
0.07295515
0.09707618
0.06482751
-0.117443025
0.11771184
0.042444557
-0.0908376
-0.03093243
-0.11779267
-0.10173444
0.08456508
-0.0304817
-0.11946958
0.04953074
0.04809606
-0.030376947
0.046092786
-0.10086501
-0.0014615206
0.07463948
-0.10242403
0.066848174
-0.08482655
-0.15036587
-0.062222067
-0.019248607
-0.10462123
0.015492437
0.07606287
-0.022949465
-0.024657952
-0.0565891
-0.086643666
0.06834023
-0.09512988
0.11791166
-0.03876002
-0.12232052
-0.03334463
-0.058907207
-0.09413267
-0.0867758
0.11166597
-0.05142111
-0.07665099
0.103095606
0.094172664
-0.007990957
-0.072040886
-0.10353491
-0.032074325
-0.06701352
-0.025059015
-0.00024141798
-0.027323598
-0.104848154
0.02136177
-0.009290817
0.006035456
-0.07521105
0.04789452
-0.018315673
-0.04960519
-0.05871097
0.040022634
-0.031289123
0.018299492
0.14163435
0.08576742
-0.040987127
0.09998177
-0.07282982
-0.022872314
0.11532656
-0.01513237
0.102751225
0.06659053
0.13180535
0.0013845733
-0.022095352
0.0035806121
0.06819302
-0.055075385
-0.038438555
0.014572313
-0.06758804
0.027006166
0.09771812
0.05513656
-0.082353115
-0.07987085
-0.11932704
-0.08375512
-0.043699212
-0.1111127
-0.042359512
0.10120617
0.00770903
-0.03628466
0.03973076
-0.042424425
-0.0012889242
0.014700696
0.031373866
-0.09273919
-0.096348755
-0.027391428
-0.1195251
0.03921915
-0.0029845685
-0.07424428
0.008884326
0.04782214
0.04571389
0.018500406
0.08155056
-0.061759844
-0.1091539
0.070907556
0.018704224
0.0031325882
-0.14274122
-0.107405365
0.12162225
-4.6318863e-05
-0.10945303
0.053918
0.042928435
-0.04928342
-0.040310744
0.111213066
-0.0011042792
-0.003182814
0.035033487
-0.10834825
0.013257316
-0.045428555
0.100070514
0.10052382
0.02857911
0.08314629
0.02875081
-0.15426138
0.09323943
0.033799842
0.04523235
-0.08140791
-0.0466189
-0.0033191296
-0.01567658
-0.071696766
0.047639407
-0.07773822
0.029248191
0.11472931
-0.11487063
0.015494941
0.10656377
-0.03514733
0.04853356
-0.091087334
0.06808887
-0.0830044
0.02468414
-0.03382085
-0.042692717
0.0143863745
-0.12698759
0.06042043
-0.009446257
-0.11510044
-0.03980851
-0.0032279924
-0.07149477
0.06344124
0.036471985
-0.008932955
0.033709295
-0.040834375
0.017558014
0.09610719
0.039732225
-0.034301717
0.02606591
0.023697918
0.060238
0.016065866
0.08910127
-0.028098892
-0.0039076842
1.3018374e-05
-0.06524007
0.08214285
-0.0764143
0.04395167
-0.12105772
-0.02919112
-0.071464166
-0.035018656
0.0048115123
-0.09440209
0.04815682
-0.09245735
-0.08423863
0.11421
0.05963387
0.025342409
-0.1071854
0.09555741
0.02717931
-0.04807829
0.044897992
-0.0012742248
-0.00049674296
-0.031168694
-0.10259512
-0.09265055
0.023590283
0.024023013
-0.01785769
-0.025388297
-0.10059106
-0.01592108
-0.1320453
-0.024631243
-0.082783595
-0.10449717
-0.029519225
-0.13900492
-0.066960804
-0.0435856
-0.09676115
-0.066677034
0.091763265
-0.054046657
0.05207206
0.073502496
-0.030637603
0.032509647
-0.02518263
-0.078156844
0.047976255
0.05781458
-0.07932004
0.061742563
0.11261824
0.018960532
0.11724155
0.03329321
0.02102342
0.069411226
-0.015844291
0.017400395
-0.061490938
0.06968178
0.045209207
0.006370245
0.09422525
-0.04501544
0.0065388237
0.07805198
0.021863578
-0.007895573
-0.08559415
0.0152528975
-0.13158718
0.110275775
-0.033470586
0.034002244
-0.08991432
-0.03140295
0.16044186
-0.09626356
0.012645296
-0.049534734
-0.11206875
0.01806339
-0.04703427
-0.024744302
0.034895644
0.04163848
0.05145522
0.10290832
-0.04849958
0.034399256
-0.09700784
0.0064118756
0.024970079
-0.03248299
-0.17372969
-0.03865213
-0.059596445
-5.17609e-05
-0.0071549537
0.012329379
0.026446752
-0.044248167
-0.004463036
0.037456267
-0.0972275
-0.05305317
0.020739907
0.01857066
0.12993802
0.0015720547
-0.058364324
-0.1507803
-0.033622153
0.050096262
0.007528923
-0.09577505
0.06586578
0.037813544
0.06528101
-0.017177362
-0.12370233
-0.08410622
0.12248454
-0.049592964
-0.057527356
0.084198415
-0.10776227
0.121914715
-0.107431516
-0.043036222
0.06625155
-0.08672923
0.06838857
0.056549348
0.054017324
-0.07616595
0.072261676
-0.05380587
0.039302036
-0.04537725
-0.016893655
-0.13674895
-0.0935304
0.09480364
0.11589884
0.04260698
0.083568744
0.018186085
-0.061394565
0.05024591
-0.06521955
-0.09264218
-0.12519167
-0.08050465
-0.03408249
0.004629307
-0.09960192
-0.11345484
-0.061588746
-0.14567032
-0.037209727
-0.049459614
-0.11104669
0.021584865
0.12990183
-5.43172e-06
0.0031412973
0.061181303
0.032536745
0.06137608
0.057952363
-0.079898976
-0.014826877
0.002158037
-0.113048784
0.062798426
-0.04300357
-0.052319955
0.012416263
-0.06296031
-0.06297124
-0.036023125
-0.1290442
-0.016852139
0.101014696
-0.053100713
-0.0030110367
-0.13008381
0.1147476
-0.09240715
-0.05433488
0.06395609
-0.11751903
0.03646753
0.16800404
-0.17516296
-0.06199896
-0.10686347
-0.09997337
0.10515488
0.091172755
-0.025370192
-0.08662922
0.038586564
0.07464592
0.057178974
0.10001485
0.11333679
-0.03904126
0.07753818
-0.10792721
-0.11797896
0.014507383
0.09849241
0.106825225
-0.0889536
0.04015638
-0.0019149589
0.11542486
0.06339752
0.0061239423
0.0074269194
-0.044757444
0.12887013
-0.010172244
0.05371182
-0.10555351
-0.12499523
-0.13010432
0.13099408
-0.12429441
0.07720013
-0.0035632662
0.032461885
0.06286482
-0.10243384
-0.030884998
-0.079155326
-0.0615839
-0.10826966
0.10200282
0.09384876
0.029817764
0.037171524
0.044364966
0.035438243
0.078795485
0.04593632
0.06257929
0.0012892288
0.098111704
0.12613787
0.048103213
0.047987424
-0.00038633813
-0.028039819
0.026883494
0.024139553
-0.025614534
0.02798686
-0.06999332
0.06675105
-0.068573065
0.038596906
-0.11272777
-0.066470474
-0.04422055
-0.088227324
0.010988704
-0.10956919
-0.054741584
0.075134315
0.11496743
0.05808518
-0.00059039367
-0.012532906
0.057942472
-0.0954752
-0.031122472
-0.06959389
-0.064717785
0.064853676
0.06662496
-0.09463924
-0.022151615
-0.03346
0.11434886
-0.015694669
-0.09901767
-0.1351886
-0.052318763
-0.106862664
-0.09746921
-0.012282015
-0.084358774
-0.042494558
-0.08292006
0.10383795
-0.040311966
-0.018319467
0.12246281
0.09605425
-0.095415585
0.08415416
0.07278855
0.017877838
0.05132919
0.0590594
-0.07939614
0.043412518
-0.04529563
-0.09220056
-0.04748799
0.053169362
0.0067974734
-0.11733331
0.008583483
-0.018324405
-0.014862973
0.027661134
-0.06216315
0.107489645
0.0068356125
-0.040924188
-0.0022321194
-0.06921881
-0.117402494
0.12138858
-0.043968745
0.04598171
0.043524485
-0.007258659
0.09182915
-0.039655134
0.0021413222
0.05874909
-0.03187455
-0.049615577
-0.064147286
-0.039763
0.016096666
-0.021471642
-0.108203
0.038151484
0.077640735
0.106668115
0.0037241562
0.05510862
0.047011685
-0.047953967
-0.07449855
0.017696884
-0.11940433
0.020653155
-0.108537614
0.033700757
-0.030464735
0.06215476
0.07681971
-0.02138252
-0.09161245
0.006005008
-0.025119208
-0.12359031
0.087979816
0.022211637
0.05753922
0.09699636
-0.046746984
-0.0665769
-0.0663228
0.0012779831
0.030050918
-0.08062233
-0.15351921
0.015352592
0.12017192
0.14134118
-0.020110501
0.088991754
0.004628709
0.0026740604
-0.08059125
-0.07178893
-0.080828615
0.13380669
0.09837918
0.034111917
0.08187946
0.14166503
-0.09522205
0.09542801
0.026071837
0.024915228
0.06893447
-0.07016045
0.08200773
0.010272609
-0.061386075
0.031425115
-0.08375831
0.07575029
0.04468675
-0.1022219
0.07535224
0.062112126
-0.09189719
0.011210317
0.072117
0.04807915
-0.1253905
-0.07309997
-0.10434381
0.042758908
-0.09789175
-0.07103902
0.09261135
0.03137212
-0.124737695
0.11292481
-0.14102973
-0.030946935
0.066209584
0.04346195
0.041706305
0.0859989
0.05523251
0.0033218605
0.01723879
-0.06210088
0.03197134
0.049558543
0.13100372
-0.07967906
0.08585656
-0.14813603
-0.070133574
-0.043631997
0.038887013
-0.036339782
-0.08286436
-0.092440076
-0.015601641
-0.015028255
0.0012734289
-0.12298934
-0.10689995
0.04180049
0.037342995
-0.055230256
0.07977739
-0.07488824
0.087203085
0.03191203
-0.10557784
0.021868201
-0.06922292
-0.086631685
0.005302447
-0.042634536
-0.12453684
-0.03648393
-0.08316541
-0.086642615
0.052589305
0.027155973
-0.10285883
0.075913124
0.0969294
-0.09012021
-0.019880654
0.11667262
-0.080547765
-0.048849117
0.09215603
-0.06640702
0.1113885
-0.12182062
0.08720588
-0.005422201
0.030474117
0.05904051
-0.08197439
0.039641
0.016714653
-0.043770313
0.11479306
0.023822268
0.05453781
-0.036653236
0.10531244
-0.021767272
0.03876024
-0.009197178
0.09362658
-0.07926396
-0.041133467
-0.101339765
-0.04704496
0.0007696949
-0.06838732
0.058731455
0.05097433
-0.010066795
0.002697182
-0.08456132
0.069859274
-0.016106721
-0.06257567
-0.08544419
-0.055414278
0.07447644
0.08569391
-0.06269629
0.096091144
-0.09678691
0.097078286
-0.053286027
0.11787843
0.11557367
0.03157955
-0.059525255
-0.09970434
0.13372995
-0.027700944
0.036358267
0.10756612
0.15167984
-0.024051515
0.11166849
-0.085459456
-0.02727164
0.14180617
-0.003670736
0.045732375
-0.06987567
-0.0014460726
-0.0647398
0.054983333
-0.12176417
0.08275283
0.050549958
0.07049035
0.046411265
0.08071981
0.09751839
0.092949264
-0.06466787
-0.015201318
-0.044098653
0.07619249
0.023236841
-0.13954476
-0.068981305
-0.08683876
0.118854165
0.07396702
0.10176871
-0.039120495
0.03294164
-0.08647755
-0.11953008
0.044493552
-0.08651205
0.044313014
-0.018393386
0.07697778
-0.0012841884
0.05032791
0.041789312
0.07698634
-0.016051516
0.012056067
0.03098744
0.00015714501
-0.02540702
0.09754613
-0.015212169
0.042902708
-0.0695166
0.0557353
0.012059819
0.060805492
-0.16116714
-0.08987331
0.0063522323
0.009537374
0.07911746
-0.08161705
0.031763278
-0.07504878
-0.010365927
-0.0037169473
-0.03305443
0.09472496
0.102401115
-0.007893982
-0.04064248
0.047353704
0.01081046
0.026858166
-0.078754015
-0.04220208
-0.04464185
0.017336512
0.09480934
-0.0756146
-0.07703629
0.041341815
-0.09149241
-0.027603162
0.087155625
0.12199086
0.0024255775
0.09605543
-0.09221569
-0.00080463674
0.02988268
-0.009736978
0.05604673
0.045680907
0.010879974
0.043425526
-0.1079429
0.04421938
-0.07446192
-0.052481417
-0.019177593
-0.13834299
0.013063776
0.06306646
0.057919927
-0.03451439
-0.013429967
0.045007896
-0.073185004
-0.093270496
-0.004010842
-0.13024887
0.09377473
-0.033206847
0.048456836
-0.07262829
-0.011318042
-0.08448677
0.060629323
-0.06017491
0.09554653
-0.028493594
-0.046512358
-0.11315344
-0.0721546
-0.03029154
0.08802644
-0.10349704
-0.082239345
0.018470041
-0.11648632
-0.0729453
0.10893357
-0.0016820044
0.11301238
0.09782186
0.06748965
0.011841196
0.06276491
-0.15927023
0.011016619
0.08892409
-0.1359905
-0.044018865
0.10892019
0.094098054
-0.1471461
-0.02978577
0.15225483
0.05462608
0.036449015
-0.022928694
-0.07277696
-0.0832717
0.038795043
0.13349907
0.082550175
0.012351906
0.051926456
-0.008917193
-0.05974962
-0.060041316
0.04941157
0.03490608
-0.021685531
-0.011935087
0.13713345
-0.015045635
-0.053989414
0.011378363
0.08960072
-0.10310312
-0.040900074
-0.06368729
-0.097046226
-0.11599213
-0.09854038
0.11783752
0.06687483
-0.039573465
-0.11448717
-0.041869204
0.017446358
0.022388969
0.09259876
-0.102099314
-0.06716305
0.06769336
0.023050357
-0.13957699
-0.0018404109
-0.04179499
0.1599261
-0.08905624
-0.06479
-0.0766303
0.06630206
0.09165559
-0.025259567
0.008522413
0.110123575
-0.06162121
-0.09366821
-0.01818681
-0.110464446
-0.04047841
-0.075997934
0.006304941
-0.028357781
-0.07419136
-0.027932603
-0.0833839
0.12896875
-0.054103233
0.06396492
0.11316442
0.13599777
0.04138137
-0.030633755
0.01986562
-0.025760798
-0.038301624
-0.1279125
0.09939489
-0.11038735
0.0732491
0.09485433
-0.082025595
-0.021211669
0.00048569206
0.01660549
0.08374668
-0.07147006
-0.036182012
0.085788965
0.10124874
0.049826335
0.014310292
0.13389218
-0.06430755
-0.048929844
0.1527936
-0.042363625
-0.12760334
-0.039950028
0.04042145
-0.09106566
0.021967178
-0.014493151
-0.013454725
0.010284141
0.09344778
0.10621642
0.07873953
-0.07593898
-0.13551988
0.096050076
-0.034993388
-0.08141556
-0.032237202
0.030202296
-0.020861397
-0.0032348873
0.052686118
-0.029817361
-0.024429794
0.08825865
0.04288318
-0.070567854
-0.111851655
-0.08906565
-0.13176425
0.033727296
0.11004804
0.05358858
-0.20162293
0.07052393
-0.13074756
0.08573368
-0.056733098
-0.0046185395
-0.07714889
-0.057271942
0.026511542
-0.008316114
0.000561229
-0.15923671
0.13389762
0.09272541
-0.028035058
0.028872311
0.07274143
0.12629649
0.09957398
-0.051340606
0.116791435
0.054576535
0.08883622
-0.085966
0.039213702
-0.0012860115
0.12910953
-0.038110357
0.05108987
-0.080937125
0.10542835
-0.0655284
-0.043863054
-0.034825955
0.18131094
-0.118596315
0.17651807
0.09529107
-0.08232117
-0.07047576
-0.047539145
-0.03926039
-0.047896564
0.18099713
0.017292904
0.12808654
0.12335809
0.071236685
-0.0114976335
0.08107963
-0.060373403
0.13008
0.065381564
0.12513085
0.044728667
-0.0873363
0.16731693
0.03397422
0.100315206
-0.0050985697
0.0678273
-0.06791473
0.07199104
0.0130896205
0.050693154
0.02400085
-0.059624165
0.02833883
-0.03115448
0.13995957
0.0005470614
0.07281236
-0.06023448
0.027590275
0.0695183
-0.02684781
-0.060957324
0.1043602
0.07090272
-0.049563136
-0.011947847
0.10487599
-0.10928126
-0.12661579
0.04029562
-0.02645264
-0.030510208
0.007054572
0.097798534
0.11056633
-0.0598164
-0.010122783
0.07932937
-0.024096685
0.11885009
-0.05073676
0.08832517
0.058288928
-0.0283967
0.0051279464
0.10388585
0.015161172
-0.050044354
-0.013918797
0.06405051
0.0065312115
-0.08745624
-0.051776305
0.009642598
-0.061006024
0.09562204
-0.08990099
0.041205347
0.1276517
0.06807418
-0.02089236
-0.058251478
-0.03282062
0.081692755
0.11847025
0.048375785
-0.14086491
-0.05600864
0.050830834
0.014675359
0.025421849
0.034423836
0.013398582
-0.07304376
-0.06759721
-0.024502162
-0.0059556863
-0.028762221
-0.0030441622
-0.07999816
0.014558603
0.078753635
0.024698172
0.034244776
-0.12277561
0.11876295
-0.031836484
0.026599161
-0.09090044
0.08038984
-0.001979825
-0.007463055
0.01115615
0.0825905
-0.03097388
-0.033994004
-0.06733432
0.021775605
0.10815561
-0.008832522
-0.12091129
0.0009569032
0.095875725
0.10727072
-0.04048303
-0.11500824
0.05134271
0.0807407
0.047898713
0.07162741
0.010429857
0.08630563
-0.05834966
0.024506
-0.014118123
-0.056735523
0.044912923
-0.032407284
-0.06680816
-0.16501437
-0.08779778
0.039805822
0.046401862
0.08854718
-0.05907634
0.13313806
0.12114038
0.0088872
-0.02903185
-0.026188394
-0.08079525
0.019799594
-0.010628221
0.037070423
-0.08122226
-0.021988314
-0.0631951
-0.05907071
-0.09708462
-0.13790716
0.09074339
-0.023607647
0.121061556
-0.06799904
-0.017508896
0.063441314
-0.045570005
-0.052371863
-0.07841299
0.044771776
0.08709488
0.14118735
0.107247755
0.0001902846
-0.0014639349
0.11496456
-0.10549328
0.0708853
0.030678313
-0.0752604
0.11457539
0.07219243
-0.08247304
0.04739249
0.13600843
0.06686985
-0.084711395
-0.02311605
-0.011802901
-0.1079814
-0.06767353
-0.065707654
-0.049496654
0.01527815
-0.072223045
-0.074416
-0.09443611
0.058413144
0.08370138
-0.1330977
-0.123215385
-0.0089486325
0.07053224
0.19033815
0.09718681
-0.11855561
-0.007973452
0.04077194
0.08510252
0.032145243
-0.06546399
0.03761767
-0.10618413
-0.13309914
0.024662692
0.14682855
-0.08946742
0.004970025
-0.020898653
-0.17691268
-0.068311065
0.07648466
0.12893166
-0.03905187
-0.0053205276
0.063652314
-0.06151682
0.10609427
0.11892419
0.025068246
0.1156542
-0.027548132
0.10614603
-0.03188726
-0.042411126
-0.021753913
-0.06269225
-0.118203424
0.11195673
-0.008691215
0.18088503
-0.06397563
-0.017578134
-0.13049322
0.062005024
0.058431845
-0.064566486
0.082012795
0.07103908
0.033363726
0.02417083
-0.027212158
-0.035829935
-0.01524843
0.072387815
0.110880494
0.013697034
-0.06178541
-0.06369969
-0.067408085
-0.024942733
0.032165274
0.021127963
0.06070818
-0.11550774
0.0028161192
0.09736613
0.061495706
0.10406216
0.24057963
0.06605939
0.06376895
0.10373589
-0.04699447
0.14695442
0.12685245
-0.05888772
0.03823741
-0.049337465
0.11125557
0.16524203
0.06746616
0.109388396
0.033231564
0.039133213
-0.10107593
0.035837565
0.036464974
0.0041394164
0.038678437
0.07569052
-0.0903952
0.072637014
0.037430216
0.027681291
-0.06869215
-0.040406175
0.017450279
0.022351298
-0.23225257
-0.071673885
-0.0082941735
-0.03955504
0.14678001
0.1569063
-0.13717443
0.1727991
-0.10178545
-0.046691865
-0.09098842
-0.062960096
-0.073202714
0.108301185
-0.09992156
0.106434725
0.018989597
0.100504376
0.0032171304
0.0141598405
0.038308162
0.01016626
0.14216186
-0.0010336636
-0.10989358
-0.12261805
-0.026452288
-0.07174414
0.05470209
-0.03037981
0.1330971
-0.038450327
0.12918885
0.048169993
0.067242995
-0.08310601
-0.026687333
0.013043853
-0.05953104
0.0257652
0.05237221
0.099572815
-0.13230081
-0.17352317
0.07685232
0.019319521
0.047890928
0.08223981
0.10050059
0.12468549
-0.04791945
-0.06846517
0.07179845
0.19606723
0.088715725
-0.13996504
-0.053266663
-0.0050835228
0.11249594
0.012042045
-0.051915426
0.07092626
0.12236003
0.019866895
-0.10824636
0.146958
0.008492984
0.03964965
0.10404195
-0.08386772
0.03731326
-0.011476022
-0.014719427
-0.000100436155
-0.013927808
-0.12532778
-0.12835224
-0.023999233
-0.074123666
-0.003901623
0.00612091
-0.008173913
-0.025131546
0.046327017
-0.08991097
-0.020942265
-0.24096516
-0.010323941
0.012180273
-0.014428731
-0.0127589945
0.039144713
0.029596752
-0.13896677
0.1274793
0.06435398
0.029081758
-0.0031412854
0.18952884
0.022999413
-0.023330672
0.09588597
0.053866174
-0.08626531
-0.07288182
0.030667454
0.003976836
-0.062972456
-0.055800065
0.06692786
0.055056043
-0.06849525
-0.088245325
-0.0471949
-0.09044036
-0.10586132
-0.10331519
-0.079159185
-0.016733995
0.031958573
-0.044516675
0.08409529
2.3450173e-05
-0.02462697
-0.19864455
0.043619886
0.030914
0.04539836
-0.15103161
-0.1096078
-0.1062973
0.00055360305
0.20446855
0.07045505
-0.013556858
0.021131583
0.04488244
-0.09571466
-0.04782247
0.038201533
-0.048039753
-0.034692865
0.00054582855
0.09254965
0.1096692
0.099834554
-0.11742026
-0.026829595
-0.06745111
-0.004191502
-0.0001096923
-0.11136566
-0.076600835
-0.08511575
-0.084173515
0.046649817
-0.18722071
0.06740161
-0.066033386
-0.09994204
0.00026280704
-0.055293936
-0.01921627
0.17718646
-0.032890107
-0.06993636
0.10864049
0.1785203
-0.19528496
-0.15225093
0.055109564
0.05248662
0.059050977
-0.07980641
-0.055337757
0.018183917
0.08017292
-0.11615113
-0.20897095
0.05026975
-0.15058063
-0.021269621
0.005040744
-0.057297435
0.07993406
-0.036071345
-0.111145586
0.07566558
-0.03650979
-0.17593634
0.039168138
0.034533616
0.049667146
-0.13992262
0.15005127
-0.074561596
0.082892925
-0.13131587
0.14026421
0.16652462
0.053627826
-0.07534454
0.047441516
0.040648963
0.12098402
-0.035850618
0.010159151
0.07616436
-0.025716538
-0.016516838
-0.02341598
0.1553104
0.09764659
-0.043989014
0.018123774
0.0268136
-0.025943521
-0.075923055
0.036021747
0.060762875
-0.07308216
0.06708515
0.10709654
-0.06345036
0.13717876
0.07580702
0.03312439
-0.04485754
-0.0011115104
-0.08181633
0.002180911
-0.050653268
-0.006922037
0.013106448
0.051238723
-0.0023731561
0.033791546
-0.031822767
0.08017251
-0.06384028
-0.038693238
-0.00031088828
0.021813983
-0.026636314
-0.085556835
0.035547297
0.048080795
0.02277127
-0.17945066
0.054902956
-0.17377943
0.06803878
0.162882
0.052941017
-0.066335104
-0.13588026
0.06714039
0.10772916
-0.104646906
0.017166331
-0.17209381
-0.015693711
0.08452107
0.023305746
-0.0481831
-0.02811068
0.017059224
0.0413189
-0.015161971
-0.05942785
0.011158648
-0.12772045
0.19093068
-0.005717796
0.032172494
0.119333915
0.08453444
0.078339145
-0.0930015
0.052957416
-0.0066780504
-0.037338518
-0.07142445
0.0044704145
0.19675104
-0.05879195
0.11620044
0.13760456
-0.08196657
0.084867924
-0.023542667
0.029980116
0.11293853
0.055429406
-0.04430903
-0.11895687
-0.071751736
0.047663163
-0.029513653
-0.118472986
-0.09289709
0.05327485
-0.12913284
-0.014838559
0.021184046
0.12269378
0.04292989
0.06820486
-0.01470904
0.01040351
0.075926736
-0.07470011
-0.019690752
-0.033953037
0.0733319
0.07735304
0.1266649
-0.08305137
0.0013890392
0.17086409
-0.07795492
0.032252777
-0.14095391
-0.046464268
-0.1933022
-0.021460632
0.12533417
-0.03989107
-0.062275942
-0.08375348
0.107882485
-0.085342914
0.031146282
0.047509965
-0.021598341
-0.057774473
0.05640522
-0.027270826
-0.07690835
0.09133545
-0.08439719
-0.104519635
-0.045846526
-0.19478539
0.023795523
-0.123643786
0.01770669
-0.20051874
-0.10020337
0.071682215
0.014947461
-0.013323063
-0.06278007
0.061473925
-0.08884268
0.22966184
-0.0100789135
0.09039822
-0.027947353
0.058986567
0.093203336
-0.016074533
0.11294644
0.041993372
0.0048639355
0.10985442
0.022618692
0.10917357
-0.086128496
0.079283476
0.026573509
0.021740885
0.013008961
0.10998895
-0.17469089
-0.096611574
0.13206618
0.038985077
-0.041333113
-0.09345376
0.15586352
0.044370346
-0.062224988
0.028749138
0.11332674
0.04886722
-0.1016502
0.069528684
-0.037107248
0.1564131
0.04202802
-0.020672489
-0.0021189484
-0.039919876
0.08144655
0.05248703
0.10707405
0.09296658
-0.0039618583
0.06822093
-0.07188613
0.05294878
0.06280832
0.021969723
-0.015307895
-0.05684423
0.14899735
0.10034209
-0.046494998
-0.14284767
0.04444692
-0.044989154
-0.015826203
-0.11860085
-0.024885066
0.06837793
-0.08008879
0.011330386
-0.02397595
-0.036602553
0.030196952
0.14076667
0.005086997
0.09063174
0.06976609
0.07421073
0.10359095
-0.025630834
0.023811864
-0.16033588
0.012135138
0.1451508
-0.121811196
-0.029918682
-0.076270476
0.05203386
0.015681967
0.09026257
0.007335104
0.11696037
0.04087803
0.08326554
-0.055140395
0.065637544
-0.011860112
0.048635602
-0.0646623
0.09654759
-0.027066706
-0.113217466
0.15034044
0.027074834
-0.041271593
0.06459062
0.0835757
-0.067670204
0.11123475
-0.038115814
0.008096105
-0.037413266
0.13604584
-0.02192396
-0.052417904
0.0873141
0.046468858
-0.017825399
-0.013295928
-0.17672592
0.15076315
-0.013809693
-0.039432436
0.025935281
-0.084066294
0.077338815
-0.113519065
0.00093228597
-0.058498662
0.055242635
-0.03981202
-0.053393163
-0.081008494
-0.06212586
-0.041346025
-0.08775878
0.07342803
0.06428733
-0.11427137
0.048734352
-0.0050798766
-0.016091848
0.05227032
-0.05297591
0.1102822
-0.090598874
0.10824791
-0.10070508
0.04553995
0.03527729
-0.13305362
0.01146509
0.023984104
0.11457191
0.050260972
-0.08281401
0.1307698
-0.03505171
0.18376517
-0.05672666
0.04975641
-0.15186927
-0.07270933
-0.14616893
0.0072606644
0.17438826
-0.032467537
-0.06046749
-0.044690967
-0.071862645
-0.15301888
-0.03634993
0.13375732
-0.0069235656
0.013402983
-0.068994634
0.09550778
0.044421285
-0.11962488
-0.084834464
0.08882784
0.06006906
-0.07884709
-0.09810052
-0.029111244
0.124608554
-0.014214875
-0.09776112
-0.1605962
0.031666197
0.014617799
-0.11756296
0.032284264
-0.041308533
-0.10976886
-0.019886363
0.15500115
-0.08206713
-0.086313784
-0.07199782
0.09018674
-0.09590222
0.013230552
0.07311005
-0.034659594
0.08063215
0.084187075
0.03230155
-0.053322483
-0.034293298
-0.083914526
0.038936064
-0.073122405
-0.117606774
-0.019386599
0.03976291
-0.124594435
0.13025165
0.027864259
-0.028245956
-0.057142742
-0.005785989
-0.14229026
0.06732853
-0.03960474
0.092863165
-0.23844865
-0.030985467
0.095706254
0.15060349
-0.07357584
0.07488063
-0.058389973
0.03532374
0.16312923
0.0015246478
0.1026974
0.025910681
0.03834011
0.08249269
0.12790859
-0.017268308
-0.10789227
0.029260265
0.064338885
-0.025227876
-0.052274287
-0.13952701
-0.06319524
0.06774706
-0.050332073
-0.08679825
0.004939657
0.023770288
-0.053235848
0.013206023
-0.051551197
-0.02479518
0.09200298
0.05025628
0.1362364
0.044650625
-0.053129256
0.09210199
-0.16450298
0.07286674
0.13060537
0.03148704
0.019252751
-0.010921402
0.12303135
-0.026970288
0.054274585
0.017830532
0.025616731
0.009275144
-0.051582757
0.050297674
-0.018807026
0.05525889
-0.10973117
-0.01672892
-0.032653064
0.15058254
-0.025009444
0.0848235
0.019962361
0.053738102
-0.007943759
-0.07992569
-0.060610425
-0.00076292397
0.0021312817
-0.03108661
-0.09659707
-0.040118217
-0.029236656
0.08549523
-0.10428535
-0.05834252
-0.015989475
-0.09113244
0.069537975
0.057443604
-0.0026564093
-0.071729116
0.14026015
-0.09833949
0.1405893
-0.0048316647
0.04497493
-0.0960394
0.067307144
-0.045433994
-0.034848336
-0.07850665
-0.060164005
-0.121649906
0.037656568
0.04128816
-0.11914583
0.04418952
-0.005791472
-0.028168293
-0.006087908
0.09551312
0.033990405
0.033233386
-0.09843044
-0.08573902
-0.05241277
0.014795694
-0.02322025
0.028056052
-0.06779188
0.1366623
-0.10270989
0.06627353
0.02014264
-0.056999087
0.039730106
-0.15191355
-0.12540232
0.14965749
-0.10808395
-0.13714272
0.0175783
-0.07859414
-0.08357018
-0.035278704
-0.0621386
-0.10238035
-0.019114548
-0.08761296
0.019332519
0.08709557
0.003619274
0.02627769
0.13082159
-0.074563265
0.06141276
-0.034175433
0.05959549
0.035067346
-0.15789601
-0.17651723
0.0737999
0.069203444
0.11553212
-0.090906024
0.06633321
-0.00010784535
0.09445165
-0.095540084
-0.11170718
0.024345366
0.00944538
-0.1287227
0.043338735
-0.118035644
-0.046435215
-0.056125406
-0.10130608
-0.041397937
-0.066302784
0.1476914
0.014287596
0.043856494
0.050144516
-0.021999039
0.115885966
0.017879669
0.056551926
-0.15559582
0.054514877
0.025995595
0.118965216
0.018268293
0.05801907
-0.06675344
0.14596191
-0.13342948
0.073815845
-0.046331655
-0.10828124
0.081692226
-0.07943098
-0.04770019
0.0005429257
-0.018188784
-0.05645296
0.034887634
0.0885108
-0.004648702
0.014783185
-0.10495415
0.16630629
-0.12119029
-0.06216522
-0.07992328
-0.035667762
0.082942255
0.06726441
-0.09956925
-0.07277825
0.06155208
-0.008300398
0.081000425
0.105693184
0.0761543
-0.07175486
-0.09539337
-0.013718169
-0.089689784
0.062807634
-0.047441844
0.16433795
-0.13186929
0.04428937
-0.007521417
-0.062015157
-0.012358131
0.09477678
-0.09194912
-0.15283716
-0.006105625
0.10256707
-0.017674288
0.08271031
-0.13259463
0.18193993
-0.18457857
0.078281194
0.11474946
0.28060365
-0.15713196
-0.099409476
-0.12593101
0.04899776
-0.27963778
0.10940882
0.0015970408
0.102302976
0.14829654
-0.027340109
-0.23424564
-0.09630593
-0.16147512
-0.06277962
0.14716817
0.5002734
-0.3669765
0.20734659
0.10712383
-0.09375935
-0.10292618
0.12914923
0.1401013
0.2490182
-0.0048336904
0.04223503
0.042024042
0.034984823
-0.08215898
-0.0144585455
0.22337765
0.09399449
-0.09117251
0.093749374
-0.06275042
0.17645699
-0.1350923
-0.18362083
0.11953631
0.014762302
-0.05710739
-0.030719107
0.13244346
-0.11522851
0.0013123235
0.09044893
0.07502824
0.124262415
0.21994543
-0.28753915
0.08411543
-0.05134067
-0.0814221
0.011502336
0.14452368
0.003568464
-0.018111378
0.008936107
-0.21634862
0.09893734
-0.0281907
0.007846086
-0.09881218
0.1445832
-0.009142118
0.035215147
0.1737575
-0.103427604
-0.16483283
-0.10759109
-0.038149353
-0.07519296
-0.03634087
0.04502595
-0.11808324
-0.12419015
0.1969087
-0.17754374
-0.12849607
0.009811346
-0.14482981
0.0046249675
0.15771653
-0.017445134
0.32908064
-0.115519315
0.3254154
-0.037525173
0.057268765
-0.087871
-0.015766088
-0.11113163
-0.07133412
0.21658395
-0.018215414
0.07098249
-0.13677323
-0.16550854
0.06958419
-0.021678736
-0.14165331
-0.05047133
-0.0040357206
-0.016087817
-0.19075648
-0.17079407
-0.15714982
-0.009565645
-0.17436793
-0.08545052
0.056709167
-0.06777986
0.070117235
-0.011274634
-0.010929978
0.0060215592
0.113030486
0.043405026
0.018823922
-0.007879999
-0.05331849
0.07239573
-0.009030563
-0.020888815
0.0128646875
-0.13655138
-0.036753364
0.02089532
0.038053934
-0.094464935
0.06968245
-0.15231465
-0.027782587
-0.097395964
-0.07148
0.090452015
-0.037011214
-0.13262126
-0.05703027
-0.025058333
0.054140322
-0.016531039
-0.014987661
-0.101437956
0.038873307
0.079974465
0.022847222
-0.12505572
0.053684477
-0.04448943
0.0017741137
0.022471441
-0.06751809
-0.0063075935
-0.0719242
-0.11178896
-0.09283392
0.09079707
-0.011564799
-0.015577477
0.060864948
-0.00065295096
0.011703222
-0.12028538
0.07321462
0.007020193
-0.11429963
0.10258065
0.08269241
0.009982787
0.006307329
0.005016493
-0.01269503
0.093623936
-0.049030084
-0.08053813
-0.010754314
0.06704416
0.09061333
0.06589568
-0.08355915
0.030379396
-0.05733094
0.04867322
0.075180456
0.0020291368
-0.07079172
0.07457476
0.0019324934
0.047902323
0.04083957
-0.031545304
0.03288095
0.024406824
0.07687271
0.08083395
-0.11878829
-0.020280601
0.03818047
-0.086231664
-0.052575674
0.09903258
0.11156259
-0.07900666
0.070917755
-0.07602371
-0.10681126
-0.059352748
-0.16605778
0.049841717
0.029350964
-0.036025565
-0.09253411
0.11574444
0.048943218
0.048408184
0.093786195
-0.10953174
-0.056846045
0.025733901
-0.00399759
0.16568813
-0.00883015
0.07343881
0.001157804
-0.025532873
-0.08472312
-0.03573906
0.1363769
-0.011972771
-0.0055327355
0.005682059
-0.010981665
-0.050796196
-0.009997931
-0.022880344
-0.03765218
-0.023807805
-0.00050992856
-0.07053406
0.060162652
-0.0490962
0.11785642
-0.108454846
0.13475876
0.030987473
0.03186466
-0.022074763
0.03397501
0.11284931
0.07219034
0.0354664
0.017240632
0.08217297
-0.0026491673
-0.04122709
-0.035428967
0.0023316168
-0.0128563
-0.07207474
-0.14354256
0.039658412
-0.04617067
-0.009463241
0.06416317
-0.13460423
-0.049082696
0.081671506
0.034739416
0.032936122
-0.0707271
0.029452914
-0.077179834
0.07236656
-0.08092523
0.027789267
0.007828364
-0.03238278
-0.065737076
0.08696793
0.055365935
0.010908003
0.00925684
0.0056541855
-0.0704878
-0.027630767
0.09524978
-0.0026767778
-0.012268451
-0.081908755
0.113091744
-0.013001308
0.06269914
-0.067700654
-0.080931455
-0.06259906
0.0635347
0.004162593
-0.07596171
-0.02612062
-0.010061024
0.057353314
-0.06594503
0.053721596
-0.113493316
-0.020654434
-0.05983196
-0.07966073
0.09772164
0.030871484
-0.06824876
-0.10228781
0.061753858
-0.03689982
0.041501727
-0.047186263
0.06460843
-0.05688015
-0.11148548
0.031006247
-0.028975656
0.064268224
-0.008826959
-0.10405553
0.09874745
0.051737122
-0.10277152
0.053764652
-0.10486368
0.033057638
-0.0461978
0.028206497
-0.04682398
0.12632552
-0.10286394
-0.033338167
-0.054000445
-0.10145323
-0.08545717
0.10229508
0.04907144
0.19547036
-0.12357507
-0.08549767
0.11612176
-0.05771706
-0.035854045
-0.0522412
0.012035601
0.06648308
-0.028614188
-0.0049167415
0.017966725
-0.06571722
-0.12339711
-0.03962232
0.016019933
0.025765225
0.001756018
-0.040100474
0.015442334
0.030758727
-0.104751706
0.1375372
-0.04686044
0.07948995
0.10690762
-0.064392686
-0.024793405
0.034449007
-0.040246665
0.005780945
-0.10469631
-0.018589124
0.019804487
-0.07968423
-0.003923077
-0.111757554
-0.12450402
0.08116501
0.0222155
-0.035652004
0.014636841
0.02248352
-0.0046448098
0.05733339
-0.062666975
-0.073727086
-0.17999814
-0.08512299
0.033612512
0.015125956
0.05367661
-0.0054776073
0.04228956
-0.03621314
0.0585682
0.11745492
0.15119134
-0.14598623
0.06751043
0.06298624
-0.030781789
-0.00036006304
-0.089400075
0.012870191
-0.051248908
-0.09285946
-0.016238598
0.013050251
-0.08524206
-0.14172268
-0.05115579
-0.039073646
0.13202743
0.02213607
-0.016497815
-0.06678143
-0.037271045
-0.12023778
0.05056434
0.0060498645
-0.131303
-0.10418212
-0.10901381
0.01971224
0.13153462
-0.11620861
0.09346243
0.11244317
-0.029992685
0.05408988
-0.12400643
-0.008019695
-0.06504677
0.08050392
-0.049390923
0.094967194
0.006425352
-0.1102867
-0.086487144
-0.011335421
0.01945771
0.07693532
-0.0075235665
-0.13001782
-0.11294205
0.08587044
0.05314984
0.06892775
0.027014421
0.07990801
-0.05453062
-0.11356251
-0.041102294
-0.05961821
0.12604034
0.10528416
-0.053625837
0.07635023
-0.046298508
-0.062240314
-0.045131385
0.04072478
-0.116665505
0.062346864
0.1604075
-0.029184954
0.025386814
-0.025493784
-0.06902243
0.010957669
0.052702293
-0.12915303
-0.048392773
-0.075040124
0.12625547
-0.030451262
-0.09290544
-0.093063675
0.007675254
0.05682618
-0.049000554
-0.08864106
0.013306214
0.099361636
0.0047465586
-0.03617405
0.05119043
-0.057180278
-0.045350734
0.03056337
0.11287444
-0.13944526
0.009565568
0.040865824
0.14051388
0.04266226
-0.033877756
0.05182191
0.05581549
-0.078617595
0.10576247
-0.01250158
-0.051916424
0.054955255
0.023003435
-0.085993156
-0.02080389
-0.03797363
-0.017333286
0.025270885
0.011623278
-0.015965886
0.022487886
-0.08298288
-0.021985244
0.14627583
0.050640527
-0.016254269
0.05996164
0.059616607
-0.093016505
0.11687059
-0.07558022
-0.06866162
-0.016412152
-0.19832182
0.048812773
0.007818247
-0.050498705
-0.083368756
0.09374025
-0.09190642
0.06417018
0.05953828
0.04233919
0.032962486
-0.013823234
-0.116282284
0.012841711
0.113084815
0.086689465
0.06502847
0.08342063
0.009594768
-0.009987027
-0.109553404
0.10696448
0.0721643
-0.05651972
-0.07783848
-0.07776042
0.018376352
0.02526721
-0.08149964
0.02585403
-0.05854568
0.0664631
0.011826087
-0.020354934
-0.13359064
-0.014023179
0.02628885
0.0015836991
-0.09418076
-0.0041974206
0.0054391166
-0.08822459
-0.0453339
-0.0733318
0.06281589
0.09870192
-0.08608675
0.053109124
-0.12829609
-0.042341582
0.10302626
0.032288156
0.019771513
-0.10058958
-0.039550036
0.03113313
0.024393007
-0.007576147
-0.0657972
0.0043478743
0.05038082
0.033640623
-0.06559019
-0.10985448
0.07990195
-0.027264126
-0.06689016
0.07104398
-0.0514951
0.1126288
0.10180112
-0.006557991
-0.0151376035
0.042554222
0.10585161
0.04965553
-0.07500607
-0.0055342955
-0.080023274
-0.10102302
-0.089776225
0.03764927
0.055902127
0.078547746
0.10965488
-0.010639006
0.05276885
-0.06762793
0.07464168
-0.06005429
-0.04780593
0.042291984
0.04204095
-0.09211949
-0.112315595
0.10235583
0.015713101
0.13354537
0.1253938
0.06012591
0.016956978
-0.0031691873
0.104755126
-0.033824794
0.056567714
-0.059921887
0.07815713
0.20070674
-0.05398738
0.28460747
0.0020435185
-0.09530499
-0.099978015
-0.07176287
-0.012849118
-0.06568197
-0.06402339
0.013035751
0.07055746
0.08473551
-0.03293474
0.028983057
0.03476426
-0.0019925842
0.003850255
0.19795465
0.056568936
-0.17475113
-0.13573205
0.1270849
-0.16209646
0.11001555
0.1830676
0.15818411
-0.098666176
0.038417444
-0.040328935
-0.04300868
-0.06783554
-0.121852234
0.13600104
-0.09094774
0.069962926
-0.21850531
-0.11776901
-0.04198429
-0.039774407
0.06167089
-0.00059681485
-0.1540149
0.17874554
0.058886904
0.017284593
-0.02123958
0.15217993
-0.16518216
0.062261697
0.14236112
-0.11983105
-0.071740106
-0.1324556
-0.06857527
0.20528013
-0.17486052
0.27191043
-0.13219348
0.03068493
-0.11620627
-0.13023654
0.031594403
0.041534077
0.03316858
-0.13090321
0.11886623
0.123150446
0.13827512
-0.0061355736
-0.0042738747
-0.020803664
0.038102303
0.038863912
0.21781881
0.06738031
-0.07802832
0.06879686
0.025024755
0.1359877
-0.067255765
0.006046175
-0.07707176
-0.065420076
-0.014845297
-0.024525562
-0.09118274
-0.07072454
-0.070592955
-0.027910002
-0.17749266
0.078049675
0.083179295
0.12474638
0.0019584268
0.19424663
0.07553027
0.03169602
-0.2239483
0.0011348506
0.0028942039
0.06708145
-0.20770349
-0.1480901
0.013289095
0.08289062
-0.064512834
-0.10245361
-0.12659253
-0.03555027
0.18336877
0.13315174
-0.0029598067
-0.18340573
-0.012006423
0.15632994
-0.07091305
0.0074108737
-0.076133326
-0.099568285
-0.08930541
0.011950449
0.094566815
0.05522976
0.016295642
-0.13499597
0.08809984
-0.031214142
0.050621055
0.11576102
-0.022385301
-0.10091303
-0.13915242
-0.06409455
-0.0914584
0.04902657
-0.19190286
-0.07137996
-0.15026954
-0.032493137
-0.008461211
0.08177005
-0.061804265
0.058910843
0.13242482
-0.040373404
-0.111148715
0.07403436
-0.07601173
0.047218643
-0.07811482
0.072553344
0.19040304
-0.024414536
-0.1537941
-0.0047220434
0.085360736
-0.026545005
-0.015756253
-0.028305206
-0.11522156
-0.086481266
-0.017971642
0.13524796
0.12534915
0.010355043
-0.035980515
-0.0649466
0.032325882
0.05699899
0.0047508995
-0.047043543
0.11851945
0.12436435
-0.03407983
-0.08004231
-0.019733004
-0.14161883
0.08005884
-0.040161006
-0.030921603
0.06739558
0.17402022
-0.023724396
0.0029925618
0.04220443
0.06808763
0.016856566
0.03115839
-0.021429934
0.112908274
0.011668398
0.043404344
-0.0255269
0.08857886
-0.12436
-0.03098361
-0.11733316
0.050557885
-0.0010198455
-0.038133733
0.018048551
-0.063812934
0.09673634
0.084168
0.09518443
0.06679284
0.1822141
-0.07437671
-0.058305465
0.10407851
-0.10544719
0.09127304
0.01767056
-0.018366992
0.13408244
-0.020853093
-0.09939419
0.15857224
0.100969195
-0.067575075
-0.09630542
-0.035049055
-0.08829081
0.105942145
0.19169453
0.060161114
0.004115069
0.01037823
0.14121245
-0.08427749
0.048772193
0.09826216
0.0020615822
0.017527172
0.07720677
-0.0062809754
0.124054305
0.012169007
0.003991022
0.06535905
0.031657655
0.0022424043
-0.048508033
-0.060538672
-0.06995248
-0.040702745
0.09762686
0.007798191
-0.040143937
0.01206263
0.003193844
-0.042075504
0.035024602
-0.039006438
-0.014508706
-0.0606371
0.07618286
-0.118493855
0.11486316
0.059731517
0.028805893
-0.04468536
0.049349587
-0.05180982
0.09687459
0.10931633
0.023209674
0.022236176
-0.08829599
0.094124176
-0.065616086
0.052703943
0.065781176
-0.107462585
0.061195843
-0.093147166
0.11838564
0.011888492
0.08710392
-0.06889348
-0.07755114
-0.08110489
0.028131956
-0.086327456
-0.023991745
0.13016313
0.0005165725
0.076643094
-0.12154059
-0.014315266
-0.09272471
-0.031963505
0.065098345
-0.10940818
-0.023384875
0.046272438
0.091491096
0.017004976
-0.040440615
0.086786635
-0.037054334
-0.07499548
-0.02421201
-0.07823288
-0.028592333
-0.016777107
-0.09157347
-0.095034994
-0.088821135
0.104904614
0.047287624
-0.039361782
-0.074667655
0.15096432
0.09334814
0.09668521
0.10210306
0.021064661
0.04594892
-0.10903397
-0.0024068668
-0.012858018
-0.010522688
-0.104629144
0.032154635
-0.02456024
0.0075460486
0.008824513
0.1388748
0.09104283
0.060207035
0.05053309
-0.07360305
-0.015604698
0.1042624
-0.08935061
-0.0263038
0.06501284
0.053263344
-0.03241882
0.010421406
-0.081836455
0.018922664
0.06808648
0.08349219
0.050232768
-0.066231765
-0.07880919
-0.015746908
-0.06311492
0.108035445
0.050730612
0.10081043
0.04845996
-0.11645743
-0.057514463
-0.0011151315
-0.08376779
0.090643235
-0.008966746
0.017941218
0.08958271
0.051871955
-0.004253305
-0.088298544
0.024088735
0.07151367
0.0042655324
-0.101825
-0.09903746
-0.030168844
0.10978187
0.08548519
0.10365668
0.04556778
0.045399494
0.12615496
0.11730051
0.008884219
-0.1515727
-0.085918136
-0.045311842
0.07712191
0.082354575
-0.0071854084
-0.071571454
-0.02795122
0.010657822
0.0069276975
0.022987826
-0.045445178
0.028920228
0.10406144
0.04200248
0.145799
0.106157094
-0.05810209
0.12441712
-0.07399339
0.045864448
0.011554958
-0.040467944
0.047350794
0.040383745
-0.057312917
-0.038890764
-0.10393385
0.07746955
0.005797101
0.019742731
0.06538072
0.065430984
0.0036283873
-0.1401531
0.048045307
0.046913646
0.038354665
-0.017694836
-0.06741797
0.04949763
0.13608415
-0.026979586
-0.07294045
0.019556705
0.06793357
-0.11923188
-0.047202986
-0.151335
0.040205896
0.09260833
-0.113765545
0.032082837
0.1129432
0.020973915
-0.06764587
-0.06770094
-0.04515425
-0.101186566
0.0603287
0.04551793
-0.034755193
-7.444549e-05
0.14012052
-0.07056285
-0.01228525
-0.02973761
-0.059858162
0.108399004
-0.06839672
-0.02935718
0.08179637
-0.03306611
-0.16653694
0.10937854
-0.14778487
0.04919739
0.03239015
0.049725853
0.1134665
-0.11872558
0.0023330394
-0.09043684
0.08578105
-0.17187539
-0.098687194
-0.021692881
-0.012171471
-0.10827554
-0.051888254
0.051412676
-0.08850955
-0.03725784
-0.048757132
-0.06765105
0.023239106
-0.10557311
0.0652005
-0.06019547
0.003565893
-0.037338834
0.09534271
0.13612485
-0.05395638
-0.09558672
0.13569471
0.1257392
0.056710564
-0.07522897
-0.007823096
-0.063899964
0.046764035
-0.09487623
-0.09825552
0.049769644
0.024813252
-0.085650094
0.01573029
-0.07884599
0.11075964
0.05359588
0.07804462
-0.061486922
-0.06778301
0.052120246
-0.085110545
0.10944343
-0.049988933
-0.13742882
-0.01824828
-0.042823356
0.0018654722
-0.07665055
-0.07338099
-0.03896855
0.03753991
-0.050114937
0.06334286
0.0035662928
0.059321333
-0.005546163
0.1198061
0.009934438
-0.03708934
-0.01260348
-0.042544413
-0.009096249
0.005106694
-0.06473832
0.07892644
0.087391295
-0.054502174
0.057460234
-0.04039552
-0.093408756
0.12650926
0.07898061
0.055845547
-0.07189488
-0.13898268
0.07840342
0.03023765
0.12720095
0.08082325
-0.07605076
0.09919036
-0.09089363
-0.092745215
0.036340866
0.07147137
-0.062432148
0.06393948
0.0986021
0.0435044
0.06539921
-0.0072267
-0.055524427
0.057863757
0.10509157
-0.13319945
-0.16125749
0.10687284
-0.0365592
-0.04356891
0.0926296
0.021033222
-0.04640363
0.13069804
0.10889955
-0.11228578
-0.0718201
0.047020372
-0.057364512
0.12790753
-0.056912966
0.004418555
-0.028603317
0.14610128
-0.049123026
0.13454476
-0.02391246
-0.039474364
0.036304668
-0.12758353
-0.04754028
0.033786584
-0.08514208
0.09291058
-0.054027956
-0.084376656
-0.12073131
0.082142524
-0.004977617
-0.092939064
0.06566313
0.024013162
-0.010153688
0.032524377
-0.0010440708
-0.013981591
-0.05173883
0.055605408
0.046766277
-0.013884816
-0.06709582
-0.024011591
-0.03632538
0.06397089
0.026274987
-0.09925867
-0.043525442
-0.05340461
-0.017153334
-0.046079773
0.07904258
-0.038345285
-0.06160781
-0.066980146
0.009712941
0.10378665
-0.030632831
0.12814255
0.0401518
-0.10918654
0.02305568
0.13445036
0.0017838567
-0.017605575
-0.053963542
-0.06895122
0.10295522
-0.000510255
-0.13208023
0.07946675
0.11207319
-0.08357319
0.027149659
0.03640086
0.11449777
-0.1191824
-0.12418172
0.005639651
-3.1202195e-05
0.07730387
0.028790358
-0.06628232
-0.027983973
0.10934618
0.062744185
0.034279842
0.10386504
0.13882145
-0.10456179
0.070744276
0.14409147
-0.050167043
0.1493133
-0.06767896
-0.07979157
-0.07511579
-0.12424145
-0.013527947
0.02431264
0.15330666
0.03281041
-0.054368004
0.054510426
-0.09454619
-0.06608507
0.025109822
0.2584744
-0.02951752
0.021567604
-0.03857824
0.08660927
-0.024621086
0.018859074
-0.10129939
-0.047282424
-0.07797254
0.10278326
0.03082169
0.09232377
-0.06052398
0.1507473
-0.017550973
-0.14528738
-0.033097144
-0.02873177
-0.096300445
-0.04844074
0.11020749
-0.032692444
0.06464086
0.0013637339
-0.1407952
0.07071119
-0.010796104
0.07175607
-0.13352057
0.0052316887
0.08152641
-0.0029768366
0.103556626
-0.09097689
0.0884646
-0.07444115
0.042599246
0.062321298
-0.009390754
0.0961007
0.073929
-0.15144897
-0.14565103
-0.0015100639
-0.027821299
-0.012012092
0.0082628755
-0.012476221
0.093935475
0.13457558
0.025574956
-0.095077135
0.037017334
0.0648704
0.0059712185
0.05103305
-0.11288372
-0.09237301
0.039225247
-0.15234599
0.112177454
0.12843385
-0.017619273
-0.059409354
-0.056900308
-0.01505753
-0.05384182
0.091224834
-0.1916257
-0.09040438
0.1563185
-0.10599865
0.049113914
0.06998974
0.07153775
-0.029027672
0.090492
0.10086266
0.042949613
0.018817151
-0.032486826
-0.05853626
-0.11532108
-0.097007096
-0.14074436
0.1443703
-0.087225765
0.033848412
0.03894077
-0.00694675
-0.09354662
-0.05839774
-0.08529717
-0.009201364
-0.06131406
0.0045054
0.025853992
0.055211354
0.071611755
-0.154105
-0.10134795
0.022535153
-0.041369446
0.03411691
0.06994421
-0.002463631
0.014580021
0.09932112
0.04565232
-0.07553033
0.017084084
0.098294705
0.017723553
0.084597036
0.06424405
0.11130351
0.11047883
0.034056686
0.04940339
0.033244245
0.09710315
-0.042798232
-0.075654805
-0.070966765
0.05776489
-0.0801686
-0.07366265
-0.04277892
0.05147109
-0.022590477
-0.0402747
-0.12675306
-0.023554817
0.002646887
0.11012925
-0.025455397
-0.017687613
0.03925548
0.1397072
-0.033853617
0.040910404
0.06912044
-0.116702385
0.10237101
-0.18510404
0.00045406612
-0.02700564
-0.028004069
0.0337999
0.1137273
-0.11783545
-0.008900609
0.032923844
0.04454662
0.07990475
0.07845091
0.009631318
0.026996803
0.11074791
-0.054752823
0.13787329
-0.013885622
-0.07041212
0.04366667
-0.13818054
-0.0741648
0.07564273
0.095363304
-0.0033632177
-0.083518304
0.0051694447
-0.08282968
0.07794093
0.15940253
0.0659515
-0.24904034
-0.092685066
0.03563867
-0.06634392
0.11497443
0.12865151
-0.06583364
-0.03213714
0.050256513
-0.14324184
-0.032420725
0.09026898
-0.06077884
-0.035623427
-0.15227845
0.10341309
-0.07312064
-0.06371619
-0.12451438
-0.009089655
0.05166385
0.023964481
0.06419489
0.000558825
-0.04538421
-0.08219607
-0.07463222
-0.07071853
0.0047493414
0.10197668
0.031866994
0.07045012
0.12458664
-0.099575736
-0.0113284895
-0.002201947
-0.017036913
-0.08360068
0.092576966
0.12724072
0.026599761
-0.06624159
0.01744117
-0.07025165
-0.05336024
0.1287515
0.00095901586
0.09328068
0.012806821
-0.07435743
-0.01630835
-0.0037419747
-0.032865766
-0.18470453
-0.049052007
-0.09646985
0.19069116
-0.07071929
0.041894834
0.00450763
0.06602225
0.008580809
0.025036372
-0.12708135
0.0900346
0.060130917
-0.06600065
-0.09492987
-0.14966089
0.034532618
-0.011132361
-0.17985673
-0.0050213477
-0.055794016
0.022426264
-0.064615354
0.018717771
-0.12581158
-0.034617405
-0.08919832
-0.04711831
0.012518287
-0.07550163
0.07762117
-0.1241116
-0.08299813
-0.029064925
0.121573076
0.07454897
0.036853205
-0.14155169
-0.049294256
0.024152048
-0.04797
0.007816513
-0.07489868
0.07579648
-0.054594543
0.090820976
0.057642493
0.029644618
-0.11831267
0.06973909
0.10020399
-0.06910071
-0.025146581
0.11631744
-0.059108287
0.15506554
0.11810628
0.008149057
0.15099807
0.12715296
-0.012519327
-0.00039218037
0.18392771
-0.10574818
0.15182562
0.18648966
-0.08722999
0.004233603
0.074297264
0.055051446
0.05991323
-0.1131227
0.18266416
-0.10581803
-0.025868911
-0.15659152
-0.015846984
-0.092441246
-0.12609419
-0.0003865909
0.03753711
-0.10240549
0.033416037
0.09773836
0.016837073
0.024158709
0.03150552
-0.0020370102
-0.20500147
0.056194335
-0.0850845
0.046172205
0.21661775
0.058337517
-0.084243424
0.03137598
-0.04620115
-0.061516326
0.026356213
0.21151182
-0.1566279
-0.028796881
-0.07713086
-0.0491678
-0.08448436
-0.07732639
-0.07622623
0.041473337
0.07044797
0.15924156
0.09878151
-0.1598114
0.12423482
-0.08648749
-0.070512615
-0.03564236
0.077275254
0.022361903
-0.03374729
0.11453147
0.023854025
-0.020705193
0.07082526
0.002224533
0.05226451
0.0244683
0.048278492
0.2796181
-0.056666087
-0.0010803204
0.027103692
0.10504505
0.117996864
-0.08569721
0.004716981
-0.1578983
0.032703348
0.17226905
0.0973421
-0.015058242
0.0049828994
-0.05909625
-0.17033602
0.15988916
0.044968426
0.112189315
0.024271498
0.076499484
0.012287377
0.22628176
0.07137309
0.14414495
-0.0010690219
0.09884112
0.15425625
-0.005140236
-0.035352528
-0.076123856
0.087431535
0.16695338
-0.084275186
0.09580702
-0.12978907
0.044189837
-0.1721056
-0.07818419
0.109204955
-0.12346646
0.066293895
0.066602334
-0.01521991
-0.07647382
-0.063898474
-0.048716906
-0.06568468
-0.0710136
0.14487338
-0.036797848
-0.016111042
-0.16399027
0.04582685
-0.16948718
0.04408396
-0.1665376
0.17680202
-0.0332117
-0.207534
-0.18123363
0.082901105
0.044471145
-0.033827253
-0.08887455
0.098917186
0.13139336
-0.10929349
-0.057772215
0.062072627
0.14084193
0.10483281
0.09696585
-0.041359954
-0.16798805
-0.10822758
-0.101831146
0.03565081
-0.12665886
-0.058959953
-0.038390607
-0.11442959
0.07346087
-0.15263341
-0.10275068
0.08424741
0.060836315
-0.13999437
-0.12744102
0.1668768
0.022450836
0.040027197
-0.018798197
0.2995115
-0.02212694
0.08484986
-0.08854913
0.08230643
-0.015570958
0.1652506
-0.07894801
-0.20064418
-0.02105835
-0.03487037
-0.06575487
-0.04455739
-0.097403534
0.07585507
0.119567044
-0.081724115
0.004024554
0.012990465
0.012282942
-0.054624613
0.033810303
0.023998303
-0.020495702
0.13268912
0.10810373
0.12962922
-0.116184406
-0.14385453
0.053295836
0.03954708
0.04999954
-0.009334596
-0.027305568
0.0072624837
-0.10969183
0.05084343
-0.05804907
0.11112702
0.06207697
-0.059796043
-0.04065329
-0.101037435
-0.14700983
0.14721437
0.06711266
-0.05574901
0.10352948
-0.0036481633
-0.13709947
-0.039778523
0.13667148
0.020475492
0.08521044
0.035961725
0.007878281
-0.08508086
0.023795597
-0.007847328
0.05931194
-0.04221582
0.18104877
0.04883875
-0.0253324
0.15016259
-0.010490714
-0.13218476
0.064242005
0.02654469
0.043020323
-0.059121877
-0.046121202
0.06406842
-0.09565984
-0.04725052
-0.0011279279
-0.073575065
-0.025519282
0.06176753
-0.09377993
0.0005658574
-0.095844485
0.08128024
-0.009650541
-0.050906405
-0.08726676
0.014424015
0.06020906
-0.064192206
0.03264388
-0.04940954
0.042140167
-0.06923405
-0.11586252
-0.05188743
0.011777886
-0.0032107648
-0.00067227293
-0.09211685
0.041668892
-0.110018365
-0.034248818
-0.023730924
-0.075847104
-0.015108725
-0.03403646
0.04720293
-0.08196112
0.04228283
0.057723664
0.084314786
0.101267256
0.026345469
-0.1341065
-0.014977843
0.068124026
0.106230944
-0.091792405
-0.093737334
0.012966186
-0.039387167
0.03658889
0.09043036
0.04130614
-0.056312814
-0.104531184
0.14255844
0.062057417
-0.120870106
-0.23382147
0.044531383
-0.053434644
-0.10192213
0.032554187
0.1381728
0.044258025
0.12739402
-0.020950263
-0.09937984
-0.096308574
-0.047741227
-0.08064202
0.029569808
0.14122023
0.08648693
0.09009593
-0.13602914
0.017717903
0.0028445504
0.004494634
0.067957066
-0.06452748
0.0073076636
0.06929191
-0.0093321875
0.024647672
-0.16383149
-0.08223661
0.041717466
0.0077587957
0.059854172
0.07687241
-0.009878097
0.034389958
0.09627016
-0.08726585
-0.10691614
0.07177984
-0.024244849
-0.09092427
0.06760298
0.04599534
0.012896844
0.12205728
-0.01533056
0.08778834
0.04562418
-0.11759752
-0.013513357
0.073244035
0.09091099
0.038030434
-0.0760513
0.12978941
-0.13730903
-0.026846113
0.16059445
0.006566831
-0.07534165
0.030454786
-0.08280893
0.10313035
-0.024483047
0.02258453
-0.046365567
0.08482744
0.14078693
0.0342635
-0.021825124
-0.11972895
-0.0743046
-0.01914417
-0.05122949
-0.00071158406
-0.015134461
-0.058979888
0.024261722
-0.11704116
0.052332826
0.057443928
-0.15086925
0.08291117
-0.036123388
-0.032998305
0.08799958
-0.01668318
-0.14163151
-0.14929153
-0.042883858
-0.07408746
0.06942344
0.081815496
-0.06548373
0.057117403
-0.07376717
-0.12349899
-0.12461365
0.08585396
-0.041898213
0.03871506
-0.09464152
0.09011703
-0.1190182
-0.12125317
0.025154402
0.1191635
-0.05922181
-0.17990644
-0.012656806
0.121549964
0.15085815
0.051137846
0.054672707
-0.011565013
0.014432782
0.13805646
0.001669833
-0.075932495
-0.12086522
0.12752676
0.06794316
-0.09978989
-0.0016533909
0.098476596
-0.020293912
0.024237147
-0.087266326
0.025187384
0.08796684
0.03907683
0.0103510115
-0.130545
0.024212936
-0.077865556
-0.012805462
-0.01089369
-0.0057083205
-0.0044686785
-0.022650972
0.0020412582
-0.05104463
0.05805082
-0.008539755
-0.08998282
-0.08311179
-0.08464607
0.1278325
-0.07821167
-0.061883837
0.086737
-0.09024511
0.086980626
0.023589164
-0.08829488
0.043499377
-0.16343814
-0.042326763
-0.05620002
0.076862216
-0.030987253
-0.14148569
-0.031391095
-0.06176405
0.006419754
0.05003403
0.00933753
-0.14626263
-0.0078033265
0.013954038
0.0136833275
0.083077535
-0.056603074
0.061397508
0.08172773
-0.032304604
-0.137316
0.068884455
-0.07003757
-0.025422987
-0.060233384
-0.01254662
0.05219748
0.03678099
0.029890452
-0.16768801
-0.0057930094
0.09598122
-0.006010336
0.10350383
0.031394582
0.188298
-0.073616356
-0.037741207
0.072143935
-0.02261677
-0.07503819
0.097652026
-0.13113022
0.13411449
-0.09269487
-0.051180966
0.015824951
-0.14748923
-0.06586751
-0.06753257
0.047667217
-0.17343144
-0.07021682
0.06741394
0.122479714
0.09666029
-0.097751066
-0.05952147
-0.07591594
-0.12385977
0.07749989
0.0075381994
-0.03672549
-0.11403678
-0.15649879
0.032784477
-0.0742042
0.054803986
-0.12267797
0.08154636
0.07458366
-0.1370524
-0.029248936
0.054023728
0.06896198
-0.044758644
-0.045846354
0.009059792
-0.1415172
0.16236894
0.028072326
0.08001777
0.03779732
0.12691091
0.08618653
0.036922473
0.08147101
-0.107703395
-0.07974879
-0.106083184
0.061250094
-0.06807567
-0.08332175
0.11313941
-0.032984484
-0.12122392
0.02258775
-0.08525331
-0.015210687
-0.0037945663
-0.00063581706
-0.060727842
0.042801604
-0.11584202
-0.115022235
0.049317986
0.09510767
-0.1281416
-0.060718857
0.017567176
-0.027210489
0.015080048
-0.0402467
0.14609133
0.075222395
0.08141681
0.07045435
0.07278502
0.031185124
-0.03509474
-0.11055702
-0.05485582
0.067836404
-0.22380297
-0.1947885
-0.06539862
0.18015085
0.0960286
-0.07577727
-0.2410006
-0.06393154
0.0023832999
0.047962677
0.09431051
0.17608516
-0.1687688
0.02537847
-0.08962249
-0.077775896
0.18820654
0.081512146
-0.18364908
0.123221606
0.2594103
-0.11916156
0.10289702
0.23303841
0.32179764
0.20055526
0.19608298
0.09351047
-0.17547119
-0.15347262
-0.03662905
0.38368165
0.17292742
-0.014893288
-0.14265917
-0.04246513
0.13626345
-0.14670053
-0.10888824
0.28654787
0.30476534
0.10732989
0.023020986
0.035472136
-0.29646158
-0.046638142
0.033897426
0.024866275
-0.22590633
0.13976634
-0.13337296
-0.15748176
0.04209042
0.341797
0.06849186
-0.22980309
0.015860163
-0.23587276
0.10841319
-0.04909465
-0.21388038
-0.05707112
-0.04883727
0.19889364
0.20348187
-0.072989695
-0.17942002
-0.13603002
-0.02211052
-0.22348559
-0.14853081
-0.13924733
0.20369695
0.1461816
0.14692892
-0.03912414
-0.05343062
0.0483602
0.028817156
-0.054840617
0.03538723
-0.0653432
-0.38003698
-0.10304994
0.21421593
0.1696232
-0.11235443
-0.02128978
0.118541375
0.027959783
-0.29244202
-0.10025193
-0.1084285
0.09017731
0.14502937
-0.16414233
0.017634187
0.11311367
0.07194439
-0.105145775
0.3786932
-0.15494591
0.041544855
0.038350325
0.12384667
0.07885476
-0.09152215
-0.15980895
0.14827235
-0.046165884
-0.18650202
-0.27764657
-0.14984374
-0.0072772214
-0.021687476
0.19441193
0.04855914
0.087474816
-0.0915994
-0.06680753
-0.17103668
0.019715875
-0.04105523
-0.27348548
-0.005148559
0.12005284
-0.008344155
-0.3213018
0.06328613
-0.050022632
0.014866114
-0.14142305
-0.09722886
0.028714977
0.0124204075
0.002347159
0.010541749
-0.10115397
0.014589924
-0.07578876
0.10119284
0.06944446
0.02188798
-0.098299816
0.053418085
-0.00026322211
-0.07205279
-0.05325974
-0.026171975
0.006474976
0.10811112
0.081501566
0.088701576
-0.12228645
-0.09293873
-0.027466744
-0.027494868
-0.021194013
0.060086645
0.033594597
0.12803987
0.045501743
0.07754613
-0.04013357
-0.021771505
0.068805024
-0.027931271
-0.09296522
0.10555305
-0.14316016
-0.08689252
0.12384032
-0.060409714
-0.072846286
0.07318345
-0.034667525
-0.069226466
-0.07558188
-0.0755011
-0.08921339
-0.12697144
-0.116915055
0.090958156
-0.053663723
-0.03044743
0.087811045
-0.11707831
-0.036841203
-0.0033337246
-0.030514017
-0.0034922594
0.024881922
-0.07574711
0.058866292
-0.091953024
0.151502
0.14353362
0.1623729
-0.002972836
-0.010713765
-0.027086196
-0.0117674
0.15256451
0.0821598
0.122493945
-0.011770261
-0.11824943
-0.026958913
-0.001186938
0.24086058
-0.09376921
0.03860275
-0.03888513
0.068185784
0.13502926
0.03605872
-0.11327686
0.057552908
0.13894643
-0.12820438
0.13652705
0.01394048
0.045095615
-0.011237431
0.029348914
-0.13358718
0.010777472
-0.06387648
0.056648877
0.07813595
0.09220206
-0.096023716
0.23915474
-0.16255857
0.12406527
0.047955267
0.12541685
0.045278583
-0.08319522
0.0062573194
0.14159535
0.030069198
-0.14418693
-0.05910545
0.08320302
-0.0012024529
0.024590697
0.021895979
0.0098860115
-0.04690289
-0.05757959
-0.15821105
0.002755739
-0.03534256
0.10435915
-0.015515605
-0.11343426
0.12108538
0.063522056
0.008773697
0.022212435
-0.05001015
0.09231498
-0.08596627
0.0059629353
-0.06009574
0.06407908
0.0765221
0.06356784
-0.045841787
0.01834875
0.09084867
-0.12600511
0.035878345
0.041047532
0.1137122
-0.048861697
-0.005841168
-0.05648572
0.05415134
0.0129290065
0.04261362
-0.006905292
-0.043178786
-0.027373841
-0.12427638
0.009217619
-0.076313175
0.049681354
0.034892246
0.04057485
0.029924653
-0.0039642095
0.02043662
0.08823246
-0.020460388
0.13098349
0.049990416
0.0004207755
-0.033966362
0.10458866
-0.040798843
-0.052733604
0.002978036
-0.049470134
-0.10213425
0.09168932
-0.08411673
0.019811071
-0.08375875
0.017120427
0.0097219115
0.1258437
-0.03825616
-0.1639326
0.084080346
-0.03023258
-0.09749932
0.04934031
-0.02511009
0.0015421126
-0.14037476
-0.0054890136
-0.03444737
-0.03318046
0.09011327
0.00088342675
0.0071226857
-0.078270614
-0.027473142
0.04443799
-0.010363339
0.0115989335
0.15533084
-0.16825156
0.056058627
-0.0374797
-0.07928671
0.0012664028
-0.0007520781
0.089205414
0.06314529
-0.004146416
-0.005522064
0.010727328
0.11191856
0.21719478
0.023524946
0.09447688
-0.09392279
-0.073594466
0.04847276
-0.023829684
-0.101180546
-0.10807598
-0.048146524
0.03228356
0.10920523
-0.037803352
-0.060756736
0.24690685
-0.12496402
-0.029653221
0.01699417
0.1914015
-0.022961933
0.008471918
0.06562265
-0.07444496
0.07797618
0.0021408626
-0.1343821
-0.07371992
-0.121500075
-0.008739805
-0.07115493
-0.046512753
0.018626748
-0.08062954
0.08826253
0.01354175
0.011713745
0.021045025
-0.12234621
0.077882156
0.044374887
-0.036614485
0.045019284
-0.009739535
-0.010225279
-0.015961666
0.14352994
-0.049489543
0.035383325
-0.08630156
0.13489115
-0.09028556
-0.0864716
0.018060377
0.09029395
-0.10684751
-0.09477757
-0.061593093
0.12709828
-0.03564296
-0.09528679
-0.035744023
-0.07487627
0.038187906
-0.06433893
-0.05596325
-0.11969484
-0.051955894
-0.02966835
0.019344827
-0.00855666
-0.049250986
-0.08270712
-0.049993135
-0.07069202
0.059554014
-0.03678276
-0.02769666
-0.0035299964
0.1470176
0.03462232
-0.053241618
0.10626487
0.08103159
0.005504383
-0.07804777
-0.0833667
0.049513098
0.009676764
0.027983908
-0.14492156
0.113842264
-0.14973664
-0.07979407
0.056200657
0.09171124
-0.024472496
-0.021668473
-0.04946072
0.07733315
-0.097186945
0.07721523
0.037769213
-0.044685997
-0.006437278
-0.083082505
0.03995007
0.061626192
0.06487581
-0.00400865
0.05129996
-0.08846036
0.028726185
0.03578043
0.035241514
0.10087951
-0.095431305
0.031987578
0.07165392
0.08274557
0.21777794
-0.07542357
-0.067991
0.046938386
0.100955054
-0.024081858
-0.08691048
-0.041310415
0.10405196
0.27071625
-0.009316858
-0.018637251
-0.05979502
-0.07704653
0.08636973
-0.053601634
0.0014795844
0.059098557
-0.0078528905
0.016447276
-0.08868895
0.02772147
-0.14695382
0.14837593
-0.15062656
-0.068520665
-0.050470997
-0.061349545
0.10826495
0.0059683435
-0.06449408
0.05093473
-0.019096164
0.004623947
0.030242596
0.052571163
-0.12915738
-0.0020470542
0.0065030875
0.0042464877
0.055971038
-0.07792522
-0.12789369
0.054060586
-0.026529672
-0.0070096836
-0.019851303
0.017242258
-0.01911478
-0.11720587
-0.10829489
-0.09862133
-0.031589128
-0.025633855
-0.10261407
-0.07138275
0.00043143763
-0.106462255
-0.03567324
-0.102322854
-0.06840986
-0.025085423
-0.029846607
-0.030589048
0.08605112
-0.041168336
0.034436014
0.12393336
0.11686097
-0.020308856
-0.013116609
0.09142585
-0.0010966551
0.012237518
0.01159766
0.046580844
-0.11983238
0.01659423
-0.07745682
0.068658896
-0.05257724
-0.06702257
0.027397575
0.007995314
0.08537077
-0.056307808
-0.065155976
0.08624488
0.010283965
-0.14161512
-0.0527379
-0.099555425
0.02411134
-0.09238785
0.011871373
0.056569993
0.016869951
0.09160736
0.061684377
-0.07996391
0.044430632
0.040701415
0.017428942
-0.07000514
-0.14501174
-0.090710245
-0.06552523
-0.0357417
-0.041760143
-0.089417554
-0.051698916
-0.07515286
-0.0065138987
0.017958364
-0.0018291407
0.008585114
0.11652982
0.14360982
0.08091004
0.00014951342
-0.016351271
0.062546864
-0.019250918
0.015982479
0.12875177
-0.09347086
0.07576316
0.061790496
0.06572071
-0.14730446
-0.09833082
0.030044898
0.0885763
-0.0025424007
0.06830983
0.0069737877
-0.07881365
0.11280924
-0.03932077
0.032824084
-0.11322093
0.117450036
-0.056377277
-0.07402055
-0.045964345
0.023447603
0.12289654
0.10269825
-0.009608111
-0.054876026
0.029532462
0.16989511
-0.13298155
0.07406123
-0.13686849
0.035297614
0.050191626
0.01804147
0.021882324
0.04697622
-0.009595654
0.08438326
0.009397659
0.030773055
-0.07063422
-0.0044994685
0.09871854
0.023856318
-0.09758152
0.048259113
0.005549262
-0.04914487
-0.084110714
0.060895223
0.053780347
0.20741394
0.0002557159
0.15597627
-0.07920531
-0.1319279
-0.118029445
-0.113274686
0.0072723217
0.12452497
0.1719182
-0.07407565
-0.006545826
0.22536843
0.04359453
0.13075475
-0.06939028
0.055502187
0.075433075
0.02313299
-0.056001645
-0.10626902
-0.10631903
-0.06375125
0.23552668
0.10485233
-0.08788231
-0.01663919
-0.05718025
0.027354667
-0.04749991
-0.035938315
-0.2908098
0.025397211
0.20946392
-0.045599725
-0.011022262
-0.12052668
-0.0062727374
-0.04921142
-0.09122589
0.06912598
0.03425663
0.06136369
0.0013337218
-0.0072724926
0.023346517
-0.1484881
0.11345275
0.046547346
-0.0904499
0.005658637
0.22765864
0.014234404
-0.02384969
-0.124525905
-0.02168834
-0.086740196
-0.010130643
-0.091847874
-0.039152443
0.05634426
-0.0064168763
-0.0002930044
-0.0019202991
0.0022650757
0.02646753
0.04283242
0.20392068
-0.06695232
-0.0026581297
0.107639
-0.13130084
0.12137056
-0.2470048
0.13902451
0.0027113531
-0.013497765
-0.06825651
0.13957705
0.1651199
-0.03260916
0.0023492102
0.040594835
-0.071632124
-0.2840951
0.013458574
0.09300677
-0.08293212
-0.17952338
-0.016087927
-0.044730097
-0.060215864
-0.10641479
-0.031858888
-0.058473956
-0.0103779845
-0.016976452
0.12537593
0.18545596
-0.1183581
-0.05485799
0.048425555
-0.003585568
-0.04566404
-0.036131673
-0.122251935
-0.057452846
0.01861961
0.007549013
0.08396427
0.2915185
0.105399
-0.062990725
0.021101287
-0.118497044
-0.10002858
-0.037215065
-0.016802784
0.06510427
0.1635651
-0.14138275
0.04823422
0.061467297
0.015039261
-0.0076847994
-0.07074078
0.06571025
0.15522756
-0.04469289
0.006491537
0.025484037
-0.022052383
0.1614995
-0.124870956
0.121271454
-0.080940954
0.0850122
0.03295196
0.06140416
0.076849714
0.040620584
-0.0027021542
0.04248535
0.093591325
-0.09072219
-0.002021953
0.08469075
0.09103512
0.09331718
-0.055619523
0.05012477
0.10103451
-0.059628334
-0.086669624
0.044087056
-0.059593596
-0.026283333
0.0105518615
-0.110083304
-0.10379445
-0.0954586
-0.010319322
-0.07292088
0.0047146
0.00295517
0.12121
-0.046351094
-0.0073622144
0.018468404
-0.07996639
0.039099287
0.01349156
0.09877772
-0.016081335
-0.056394752
0.06704009
0.01375653
-0.033323426
0.0018295223
-0.06282781
0.08006214
0.13581933
-0.057788454
-0.0084037855
-0.09127628
-0.07918664
-0.00256688
0.06784243
-0.030740734
0.08842678
0.08257152
-0.11364832
0.07682009
-0.12004527
0.108300745
-0.029392997
-0.060536366
0.0068530384
0.021226695
-0.0034099277
-0.04120468
-0.05870235
0.007876855
-0.06262289
0.07093832
0.06880169
-0.12421282
3.591676e-05
0.053301487
0.13548587
-0.036381435
0.09628516
0.08083161
0.079238065
0.08911085
-0.08353507
-0.016079534
0.038590975
0.07015385
-0.07155507
0.10404237
-0.10951548
0.010186553
0.013970104
0.01433961
-0.08562029
0.052081637
-0.08454755
0.09706219
0.087308004
0.0022070154
0.07590708
-0.03531215
-0.11380243
-0.07275822
0.08122461
0.019611858
0.016276231
-0.0443337
-0.1382804
0.021686431
-0.07402059
0.04945107
0.0448839
0.09999715
-0.1479
-0.029649273
-0.054312576
-0.082219966
0.06212986
-0.014381479
0.059995458
0.055411167
-0.0018239536
0.023386555
0.13341188
-0.084417716
-0.0030374094
-0.037090443
0.015199603
0.051062863
0.010384977
0.07914005
0.11972656
-0.15379493
-0.06806369
0.04844704
0.089100406
-0.009946911
0.02288855
0.093771614
0.0026201352
0.08079687
-0.077249385
-0.03905288
0.085895516
0.007659982
0.110995606
0.070199795
-0.033404857
-0.05840615
-0.040054496
0.09391303
-0.0016275824
0.053243894
-0.041864768
0.04486566
0.008856861
0.08006461
0.06824334
-0.06915156
-0.025394572
0.07230862
0.07209569
-0.043843284
0.009500854
-0.11683444
-0.09303245
0.094991304
0.014915141
-0.010324189
0.117157914
0.14016175
0.087041155
-0.018547049
0.092621066
-0.026276277
0.029141402
0.03212072
-0.08444511
0.107110895
-0.07518504
0.014411085
0.051112395
-0.09732376
-0.06309541
-0.100706086
-0.044311367
-0.0735721
-0.05860069
-0.014967438
0.071280636
0.028347095
-0.02172745
-0.018177189
0.026480116
0.11189642
-0.035763755
0.04745575
-0.08360944
-0.09075365
-0.09217155
0.061006084
0.050085496
0.0022412806
0.024502555
-0.022535011
0.046539303
0.10905368
0.09616305
-0.01845877
-0.052021135
-0.012953959
-0.09720364
-0.060162466
-0.06563721
-0.05772479
0.05182297
-0.04275657
0.041816104
0.086254105
0.04068758
-0.12473251
0.02721765
-0.043179233
-0.08814432
0.08182257
-0.014696926
-0.07445612
-0.017549038
-0.09216422
-0.09816963
0.02870598
0.021620555
-0.017819976
-0.102545515
0.065684795
-0.013368794
0.0989603
0.1150542
0.04427163
-0.07212199
-0.014174944
0.09704429
0.018465852
0.08016001
0.09856284
-0.06133108
0.08918484
0.11285752
0.12067327
0.10798972
0.12478672
0.079306416
-0.02550841
-0.1055361
0.11214334
0.076567754
0.12878963
-0.0021782739
0.106705844
0.09235365
-0.109049305
-0.00068536116
-0.05896403
-0.0026021467
-0.018767638
0.09152988
-0.09630117
0.11803182
0.12115906
-0.09364836
0.13063636
-0.044786505
-0.07712797
0.13842762
-0.018327106
-0.07436987
0.027490247
-0.13064438
-0.055619776
0.1096063
0.12064892
0.11639979
0.07625852
0.011694632
0.024178445
-0.061428923
-0.09037129
0.08364118
0.03489747
0.12653625
0.015240001
0.009669178
0.12170637
-0.04957027
0.026777206
0.0221641
-0.020190416
0.03545224
-0.08539824
-0.096879184
0.12344659
0.14525248
-0.01252511
-0.052184504
-0.027004391
0.11117538
-0.012606038
-0.063127145
0.06318621
0.07881868
-0.011168553
-0.06205207
0.05424544
0.016796967
0.0924967
0.03314058
-0.07252793
-0.071630545
0.05246467
0.026376467
0.100596346
-0.11588868
0.0063436525
-0.023093838
0.072680846
-0.08786342
0.072819136
-0.09626829
-0.074183784
0.026905423
-0.19594032
-0.08039701
-0.100323625
0.05450677
-0.006122424
-0.09532317
-0.11730384
0.008292563
-0.033314113
0.0906429
0.07241707
-0.009328216
0.08944824
-0.025264977
-0.07385123
-0.07543925
-0.090810865
0.03627083
-0.082879566
-0.09664778
0.06530749
0.09414389
0.055478733
0.010055011
0.0641407
0.06577926
0.0058062333
-0.026873233
-0.03413199
0.13118738
0.012375628
0.010412012
0.12661768
-0.015927806
-0.00079838646
0.01600072
0.101415224
0.017514264
0.079435445
-0.11028
0.17730875
-0.11139233
-0.07085441
-0.14094363
-0.00017624424
-0.018421717
-0.0871182
-0.07021246
0.10765007
-0.011022422
0.17166665
0.13688764
0.025073787
0.113213986
0.01746918
0.045953006
-0.08217555
-0.12093226
-0.19879958
-0.06656191
0.08820998
-0.09952349
-0.035650305
0.060771775
0.043935947
-0.08632149
0.080680564
-0.00563638
0.059160564
0.024378331
0.09285811
0.0024058016
-0.1283274
0.09932202
-0.061806593
-0.013518452
0.0025904384
-0.025067577
-0.1376733
0.03139628
0.06483654
0.018504674
-0.041494697
-0.04907572
-0.08944164
-0.05754878
0.0045004454
-0.10613317
-0.028764153
-0.04109444
0.038779553
-0.083731174
-0.047748543
-0.13856971
0.12320416
-0.076334015
-0.011124863
0.030100865
0.005842772
-0.00838736
-0.031067247
0.065343216
-0.040690046
-0.0034381882
0.0735284
0.027123462
0.05283073
-0.12850793
-0.095914766
-0.076561704
0.023047501
-0.055496044
-0.171564
0.041015364
-0.021798547
-0.038318135
0.06750106
0.03994017
-0.012008397
-0.06166143
0.03368719
0.041076276
0.11951138
-0.06426422
-0.072121084
-0.033460315
-0.10288728
0.11033934
0.09435821
-0.054872062
0.017637884
-0.16494231
-0.0063181175
-0.0043607396
0.117675975
0.0023983573
0.014538544
-0.06873621
0.13995726
-0.08211143
-0.049053717
0.016792508
0.019995123
0.0383389
0.0313599
-0.04430401
-0.072073705
0.057464696
0.12867333
0.14129736
0.051609736
0.08347241
0.13857439
-0.066029385
-0.04008373
0.1117463
-0.108088
0.01607521
0.047452
0.09510591
-0.048602335
-0.02806867
0.11086161
-0.07894898
-0.09599736
0.082609005
0.16150413
-0.03572228
-0.10583574
0.056661837
-0.061927866
-0.031100564
0.07633791
0.12398095
0.03518511
-0.09108749
-0.07474093
0.021058124
0.009589769
-0.027377116
-0.13607869
-0.044641316
-0.0011943337
0.0713172
-0.0741343
0.07402318
-0.0005052587
0.029360812
-0.07181853
0.050421968
0.02131044
0.11012516
-0.111716375
-0.097821236
-0.0068251607
-0.13021909
-0.12701422
0.081037164
-0.039632592
0.17001674
0.043531835
-0.04369177
-0.1566773
-0.047327098
0.087545894
0.09437549
0.06400296
0.011762398
0.096148334
0.11847652
0.037372004
0.011021172
-0.014073419
-0.02515925
0.015677022
0.022464633
0.1339723
0.08935939
0.03079579
-0.003606252
-0.11642391
0.13990033
-0.01672946
-0.028921178
0.010310053
-0.065166615
0.053432945
0.14299427
-0.028521445
-0.08021148
0.06957964
0.029506885
0.08819419
0.004665601
-0.033933707
-0.037392687
-0.010049881
-0.082878925
-0.10504435
0.10244597
-0.12306764
-0.02469228
0.058727138
0.07272099
0.081507556
0.046183065
0.107187614
-0.046539888
0.12907161
-0.05725689
-0.07344625
-0.011548529
0.026618224
-0.04686566
-0.14405932
0.018197227
0.14659095
0.071553476
-0.054983165
0.10121494
-0.0025499137
0.0032232301
0.024873978
0.0791849
-0.09145949
0.042587318
0.019123249
0.22337191
0.004478337
-0.0065781143
0.079866655
0.098741315
0.10242668
0.061878663
0.02907778
-0.09241313
-0.079980515
-0.039974146
-0.029045055
-0.075246476
-0.085484676
-0.011694348
-0.061439473
0.051236905
0.028125536
0.057680797
0.033384707
-0.13518415
-0.089685515
-0.060155235
-0.03987049
-0.015142594
0.08108023
0.09334312
0.0020635906
0.017171156
0.06359934
0.019091345
-0.040460654
0.071357585
0.029478949
0.0812425
0.0009164596
0.105441645
-0.080252424
0.065144755
-0.013708974
0.0663076
0.0054865736
0.023106236
0.0032327508
-0.10036507
0.04597232
-0.09683892
-0.11038292
0.062293194
-0.063799046
-0.1293095
0.051790845
-0.045648172
-0.02342167
0.07848334
-0.014330807
0.118109144
0.072946526
0.10396645
0.043047223
0.04789473
0.11573727
0.109416105
-0.08661198
-0.004683702
0.036107566
-0.0050770123
0.062164087
0.022801263
0.10065199
0.028363042
0.05198015
0.20286265
0.011159736
-0.045503065
-0.066098325
-0.08435165
-0.051478375
-0.015966613
0.058766365
0.0390007
0.06054553
0.072959326
0.0063777277
-0.08363514
-0.021014621
0.02994334
-0.11973119
-0.036383927
0.01412088
-0.044229414
-0.08902578
-0.027503602
0.0009474099
0.034662694
-0.038411226
0.07243964
0.016796714
0.08844126
-0.04748782
0.021355083
0.07222075
0.032384124
0.0918408
-0.208793
0.20323458
-0.081806675
0.04011883
-0.07116765
-0.124790244
-0.09807076
-0.04664294
0.006575062
0.06825534
-0.039803606
-0.04677579
-0.10290214
-0.15130438
-0.11767124
-0.04740686
-0.016648388
0.20365699
0.055432756
-0.07932959
-0.09852999
0.13182636
0.07085702
-0.0062772436
0.06287918
0.15905611
0.19567423
0.016489036
-0.050288457
-0.10186849
0.14045775
-0.09836991
-0.034549993
-0.063374385
0.014693235
-0.08867039
0.042047072
0.040772185
-0.12125292
-0.09174192
-0.067141056
0.0537625
-0.022490272
0.13796142
0.13694665
-0.012120179
-0.039187696
-0.22014993
0.13193086
-0.07801225
0.014770762
-0.10189523
-0.048640337
0.053536408
-0.047924776
0.0982015
-0.1612618
-0.03693519
0.10412983
0.08705855
0.068814054
0.11035341
0.06571374
0.06549292
-0.07176722
0.12436214
-0.09977165
0.15096767
0.07058089
0.09045209
0.090634786
-0.16173615
-0.03618053
0.017150734
0.0323341
-0.06748593
0.19778036
-0.08477683
0.05637253
0.13663584
0.005882484
-0.030383293
-0.052985955
-0.18659315
0.049039137
-0.003173655
0.043818593
0.023119748
-0.1309847
-0.057373766
-0.08941215
0.1289516
0.019580122
0.036183234
-0.12671414
-0.02670365
0.09929982
-0.025421947
-0.03856091
-0.0786447
0.10485562
-0.20126748
0.22837797
-0.10022197
0.08719145
0.05143712
0.1303637
0.048010148
0.115453124
0.16011553
0.0008975637
-0.12965561
-0.07912695
0.1623419
-0.07055394
0.16689977
0.09549089
0.0448944
-0.0033883697
-0.03033591
-0.09638595
0.100580744
0.05290052
-0.03355536
0.1543181
-0.031725127
0.12047094
-0.0054495865
-0.08397128
-0.06534735
0.1503953
0.15277873
-0.0735102
0.11590218
0.029152947
0.016412135
0.07511674
0.08399063
-0.11418135
0.09864096
0.15813233
-0.07823511
-0.18468548
0.009770367
0.025687123
0.12327238
-0.20852727
-0.0040975474
0.08053276
0.03980127
-0.02777347
-0.07353966
-0.0028506678
0.004717038
-0.123331755
0.053588096
-0.11114277
0.09519509
-0.0029839852
0.042517673
0.09353987
0.04474056
-0.14681453
0.062194344
0.13874471
-0.10645281
0.06285604
-0.1336218
0.08958719
-0.07289591
0.0024829882
-0.115401335
-0.027484959
-0.08502527
0.02998894
-0.06869396
0.018512614
0.048470274
-0.12525098
0.0030430288
-0.024796886
0.074499466
-0.044125605
-0.0052252
0.00012322636
0.19902058
-0.10046916
0.02630532
-0.04293124
0.12950598
0.06807455
-0.04136403
-0.07716005
0.082399994
0.10664823
-0.0072297114
0.058629982
0.10867555
-0.1705387
-0.11902999
0.14483522
-0.12785041
0.13777977
-0.054738376
0.121228985
-0.026842207
-0.09578785
0.01347374
0.1040726
-0.04706709
-0.075636886
-0.09718671
0.15995626
0.029838406
-0.060853567
-0.06896962
-0.016178373
-0.042628113
0.16980858
-0.024481367
0.19094793
0.0149609335
-0.1420179
-0.17713882
0.12984107
-0.047941525
0.012045425
-0.0042766165
0.001974149
0.14642562
-0.054118656
0.035821177
-0.05959127
-0.048966438
0.152112
0.09615657
0.07874577
-0.18774924
0.013160676
-0.109214574
-0.054455463
-0.17476413
-0.09179322
0.106707186
0.010196885
-0.096853696
-0.024365876
-0.025491236
0.1734337
-0.0898675
-0.022395115
-0.0017846953
0.017785748
0.08450254
-0.005820129
-0.0019203972
-0.0067149536
-0.016565612
-0.03477758
0.097072996
0.052377198
-0.024869267
-0.15733601
0.10551771
-0.19209363
-0.12619093
-0.14384826
0.19196625
0.06219651
-0.102437705
0.040412698
-0.10193797
0.088294975
0.073183335
-0.008391439
0.10586426
0.048998866
0.059470844
-0.03781343
-0.06081994
0.06962341
0.088079244
-0.11152519
-0.08432829
0.02065082
-0.085739166
-0.09916194
-0.1603617
-0.14804806
-0.021387415
0.00767882
0.14703795
0.10565263
0.039706104
-0.03319145
-0.028514145
0.027859267
-0.06193949
0.11855879
-0.017834954
-0.0067668366
0.096568756
-0.10251774
0.04882154
0.083229214
-0.09481223
0.10041222
-0.09793459
0.01652337
0.09280337
-0.08213014
0.09286862
-0.039958943
-0.14554906
-0.07336107
-0.13271701
0.091775335
-0.12465101
0.06104274
0.10312586
0.059641153
0.049490597
0.030392531
-0.011987334
0.024400707
0.11036692
0.054301098
-0.020651827
0.008957466
-0.031492636
0.016477644
0.0025243557
-0.0268981
0.055226635
-0.14474563
0.014241451
-0.05719903
0.099639155
0.1320054
-0.08545183
0.059520196
0.11068233
0.072910145
0.0023278976
-0.09868405
0.029391589
0.07109483
-0.040533155
0.038439028
0.122046545
0.113453835
0.07328741
0.12132845
-0.058770426
0.045246825
-0.095848605
0.06492939
0.15326808
0.08428694
0.0911162
0.011002631
-0.065897346
0.09773315
-0.07543215
-0.124590024
-0.04341061
0.0077337096
0.07994998
-0.026669804
0.00844975
-0.068880916
-0.069814354
-0.16064379
-0.07877344
-0.121956795
-0.11579566
-0.09363046
-0.10470431
0.060337894
-0.13407448
0.028206248
-0.046276424
0.061197188
0.18052295
0.0020386633
0.091810845
-0.05021862
-0.14045922
0.090238884
-0.027017552
0.07989609
0.034716804
0.04896831
-0.13317999
0.026601516
-0.21197134
-0.008476411
0.028161682
0.0554065
-0.15865639
-0.023586977
-0.035065655
0.050973162
0.05490566
-0.014885058
0.09747101
0.06426182
0.0045616934
0.12572826
0.1565417
0.10853323
-0.032972176
-0.07013351
0.039620463
-0.004158149
0.100445874
-0.037283022
-0.08390501
0.03464845
0.079093784
-0.16807635
0.023622444
-0.00948415
-0.082371086
0.035104692
-0.078344144
-0.020526726
-0.106134385
0.12588918
-0.07541835
0.07737642
0.02491349
-0.07051266
0.07712695
-0.13798033
-0.036300167
-0.05497497
0.070454985
-0.098913394
0.121812515
0.0167472
0.007216399
-0.14155567
0.10115607
-0.09406192
0.058436252
-0.057475064
-0.0111465985
-0.060577534
0.03542449
-0.03739016
0.035147775
0.2570393
-0.10031204
0.07984632
-0.12195831
0.07396017
0.16075097
0.1959229
-0.1221485
0.109450534
0.04312688
-0.05323648
0.10876455
0.007656231
-0.09802148
-0.019085083
0.025255635
0.008252286
-0.02282685
0.10401219
0.08493112
0.011308538
-0.092658624
0.063368976
0.13083053
0.1191512
-0.029714271
0.02016497
0.14633873
-0.18244483
0.14212216
0.032572877
-0.056731194
0.10731865
0.004377153
-0.06566203
0.0042349445
0.0065245363
-0.013072608
0.004736476
-0.055709463
0.015736526
-0.03485323
-0.0050158654
0.058600027
-0.013284834
-0.09718918
-0.108988486
0.04753428
-0.0624265
0.02392596
-0.07459929
-0.18295288
0.0921127
-0.026280938
-0.039465886
0.084710486
-0.03216354
0.14341605
0.10595522
0.06630647
-0.06985227
0.065343924
-0.04432061
0.1564453
-0.045976896
-0.03416448
-0.023589365
-0.15886869
-0.031554118
0.091528855
0.030143267
-0.1351268
0.12972486
-0.12651342
0.10019096
-0.12312264
0.039550427
-0.11217531
0.090307236
-0.008621938
0.04238246
0.047314048
-0.028122136
0.04354799
-0.0036833049
-0.046756294
-0.03622378
0.0043430855
-0.042058144
-0.00036977613
0.023429805
0.14777552
-0.0264871
-0.08600573
0.055114284
0.020063968
0.11530725
0.006501068
-0.109245494
-0.024530793
-0.043481305
0.0014163704
0.05949235
0.05761222
0.047286347
0.072898306
-0.099224694
-0.16991405
0.037193205
0.05916585
-0.08430342
-0.045946285
-0.1275482
-0.002335759
0.096324235
-0.07536763
0.07646179
0.065103285
-0.10978043
-0.13489456
0.14393486
0.012072494
-0.00012469535
-0.01133817
-0.03834851
-0.11821877
-0.08832723
-0.12855522
0.03861164
0.118660174
-0.09629843
-0.009728223
-0.018864112
0.11821017
-0.15221642
0.0040820306
0.11366744
0.09649817
0.056400854
0.2219907
-0.097650744
-0.0067724832
0.14100121
-0.08181082
0.011822994
0.07615096
0.08249033
0.010703888
-0.12858614
-0.012387782
0.04934869
-0.08380844
-0.029346636
-0.07043908
-0.07370604
-0.043646682
0.1649741
-0.04604656
0.090261884
-0.05469069
0.100016885
0.08422105
-0.02815082
-0.07594337
0.0008741495
0.03394846
-0.06978438
0.01527548
0.10486758
0.04214915
0.017517556
-0.067119494
-0.06691465
0.0028289265
-0.11927675
0.112267315
0.06506033
-0.029875718
-0.050688423
-0.10371195
-0.0811811
-0.12616706
0.09748182
-0.09771863
0.08803782
-0.12475516
-0.07506006
-0.010023714
-0.11573882
0.16514638
-0.08334055
-0.059916135
0.09231769
0.16731128
-0.07732809
-0.049138214
-0.05576636
0.015742939
0.015921233
-0.038148586
0.29374343
-0.06812368
0.05716564
-0.017357266
-0.081186295
0.106232405
0.018779086
0.098874606
0.27818972
0.012152555
-0.058096234
-0.053722125
0.08645101
0.017616391
0.038433988
0.023983905
0.0746142
-0.08518279
0.12731738
0.057611547
0.0085241785
0.08020606
-0.0051067406
0.14285263
-0.09953442
-0.011214482
-0.034481697
-0.12425156
-0.0022559648
-0.03265633
-0.072576545
0.030304689
0.11646609
-0.02852348
0.050749082
-0.077700086
0.019354776
0.030847115
-0.019534685
-0.082637675
0.0072080237
-0.07538396
0.005216084
-0.077781826
-0.0503954
-0.00993698
-0.10657317
0.0921398
-0.07262394
0.11424872
0.03350423
0.26922262
0.20267084
-0.2376741
0.073444985
0.1345747
0.04533973
-0.046833042
0.031087829
-0.17924395
0.20632584
-0.06199569
0.023871114
-0.09182422
-0.18983199
0.116392724
-0.047021195
-0.014150564
-0.1622505
-0.19391927
0.024235372
-0.04482064
-0.09729775
-0.19845298
-0.11948948
0.028811896
-0.026988149
-0.018688394
0.01108932
-0.11514613
-0.16446236
0.017212762
0.14354168
-0.29322165
-0.11738737
-0.021266492
-0.16128959
-0.025204562
0.1923273
0.014883064
-0.16028586
0.07823854
-0.19592786
-0.10871179
-0.13811718
0.11386622
0.0011536786
-0.08487775
0.11033377
0.09076069
0.08205249
-0.03370371
0.36942294
-0.1565527
0.037491996
0.07837444
0.11655078
-0.0764582
0.13234664
0.03501984
0.030664159
-0.0034491883
-0.22084287
0.04834799
-0.245052
0.022576705
0.009433485
-0.01783368
-0.09295923
-0.10376178
0.028918168
-0.027113209
-0.23437333
0.06926361
-0.16772826
0.17767794
-0.100697875
0.32765698
0.012073712
-0.042384077
0.11121496
-0.18597412
0.055380043
0.18530312
0.27964273
0.072904415
-0.12906866
-0.021727838
-0.13790506
0.04502291
-0.19973992
0.10121836
-0.042458434
0.13519163
0.24921803
-0.022669518
0.06535287
-0.22754091
-0.21229076
0.1825842
-0.023873013
-0.13497874
0.015055616
-0.08500197
0.044055376
0.1204903
-0.043677546
-0.088937454
0.079458654
-0.074508004
0.19818506
0.1305291
-0.03627374
0.035179656
-0.18024112
-0.13972212
0.050557535
-0.07829497
0.2808339
-0.28417143
0.082158074
0.10310737
-0.0075053554
0.102508575
-0.055837695
-0.036080226
-0.1036001
0.069136515
0.102958456
-0.061109398
0.10521809
0.011760428
-0.110806964
0.04494542
0.031617418
-0.049430028
0.03207161
0.07110084
-0.058043376
0.114721484
-0.016603177
-0.08123384
-0.06947883
-0.056072164
-0.08902301
-0.006286814
0.1479034
-0.020362113
-0.1018412
0.023712976
0.049516868
-0.104032025
-0.026932282
0.11176634
0.019684762
-0.06975338
0.10560695
-0.037390597
0.1701113
0.08607549
0.07168009
-0.013447323
-0.062194508
0.07860353
0.03500798
-0.091226645
0.036941733
0.106700756
-0.0043918663
0.07237311
-0.06821671
-0.061627086
-0.08847337
0.08579159
0.0004988273
-0.070821285
0.15125759
0.0364765
-0.082775645
-0.10671901
0.095671356
0.0005437658
0.026717603
0.0668047
0.08261001
-0.1278031
0.1312932
-0.028309472
-0.1439066
-0.03438595
-0.013424461
0.07317066
0.06490221
0.055178087
-0.12396548
-0.048970588
-0.0073524704
-0.01727699
-0.1099669
0.072427414
0.041258138
-0.08363206
-0.007594462
-0.079543814
0.06269922
0.09361413
0.011312858
0.11331559
0.08651056
0.07911047
0.054685008
0.037718356
-0.0023202375
-0.05922913
-0.0678208
0.31771556
0.075798504
-0.06287816
-0.12201038
0.04805303
0.06449827
-0.02620175
-0.06349473
-0.08530262
-0.016696308
0.04520857
0.09193604
0.064217746
-0.065609396
-0.033772998
-0.03600671
0.054345995
-0.14708641
-0.026242815
0.057046562
-0.044178046
0.03161554
0.006282681
0.03588227
-0.08542684
0.043509535
0.11046964
0.10032971
-0.012481521
-0.08761992
0.13200144
0.065418206
-0.049808558
0.13122283
-0.057597395
0.06824922
0.013883619
0.01972206
-0.050573234
0.07233178
-0.06941939
-0.032060456
-0.13400629
0.05585001
0.02709661
0.097653694
0.13084635
-0.114084676
-0.0290307
0.07540178
0.045848224
0.005164511
-0.023858288
0.07945996
-0.07615917
0.019968828
0.042967793
0.038796313
-0.12820776
0.057494536
-0.048726846
0.09056888
0.053944513
-0.07601401
0.02783532
-0.09718047
0.018625662
0.012217545
-0.059294503
-0.0753917
0.049415942
-0.004553139
-0.108772956
-0.0029357781
-0.102754794
-0.033003826
-0.008581872
-0.0068366122
-0.00046090555
-0.06508228
0.12082223
0.053377863
-0.022679975
0.08069412
-0.034550853
-0.09163785
-0.07547371
0.13560544
-0.038981423
-0.056529388
-0.10145923
0.0022720506
-0.0850936
-0.043919552
-0.15768929
-0.015994366
0.0067364415
0.06790311
-0.04417823
-0.07520311
0.035791412
-0.055769898
0.07399803
-0.0862867
0.034268834
-0.12159835
0.06115591
-0.08906027
0.08386613
0.0013127694
0.074547544
-0.0762787
0.08138145
0.02175934
0.063404426
-0.05726607
0.055010248
-0.010176043
0.020092396
0.10641682
-0.07536277
0.032219592
-0.05494661
-0.09695987
0.11712039
-0.1331456
-0.01731938
0.051944748
0.41996032
-0.04678956
0.074676864
-0.014435158
-0.0721493
0.030991262
-0.031056216
-0.06523713
0.03876177
0.043090828
0.027670294
-0.070013605
-0.0081485575
0.050785303
0.10397308
0.15916748
0.07767397
-0.07390001
-0.07783317
-0.0765958
-0.03466492
0.0030221816
-0.038292713
0.090571694
-0.058146935
0.022720108
-0.06781472
0.10369228
0.07251267
-0.0940597
-0.105935335
0.024353275
0.02637941
-0.07084326
0.06417033
0.060563598
0.08034019
0.10845645
-0.014448706
0.01384117
-0.02818642
-0.11565645
0.05922612
-0.06278571
-0.016964415
0.0392335
0.088506535
0.01331792
0.05362908
0.06750448
-0.05302979
-0.021220407
-0.002754302
-0.07781631
-0.08698109
-0.117102265
0.030098824
0.061369687
0.08013605
0.18357566
0.023342138
0.11014493
0.10758605
-0.10678664
-0.09546494
0.10027457
0.011906641
-0.028048305
-0.06957752
-0.09778543
-0.14378174
-0.05565624
0.09735239
0.10362338
-0.13668282
0.07047194
-0.10702109
0.10021074
-0.13853008
-0.057820365
0.09153717
-0.117478065
-0.06650927
0.0026621942
0.06115112
0.0022695845
0.036642876
0.016571546
-0.039768722
0.16982684
0.033453878
-0.108103074
-0.13835892
0.031495467
-0.10778057
-0.09475977
-0.032502435
0.05915361
0.00464806
-0.05546045
0.015964136
0.053325366
-0.098429196
-0.056416985
-0.05938869
-0.0102338325
-0.07077692
-0.053948864
-0.0074024196
0.022891441
-0.01076951
0.099679105
0.09889827
-0.0835012
0.073827446
-0.08841765
-0.076242015
0.035253476
-0.02010777
0.080092475
0.09984624
-0.035785414
-0.08743692
0.05708155
0.0067127636
-0.032604408
-0.10509379
0.024297873
0.31627902
-0.07851115
0.06429589
-0.015487784
-0.021036293
0.12193479
0.026551113
0.121449776
0.040975116
0.03142545
-0.091486
0.1008952
-0.11140972
0.09094968
0.038676705
-0.08191681
-0.08355575
0.059077475
0.13985485
-0.029300021
-0.16610363
0.06852659
-0.08884065
0.06467156
-0.016023098
-0.11844573
0.21572083
-0.08034117
-0.11545962
-0.07558863
0.19897904
-0.04384378
-0.00022299054
0.08212444
-0.059568416
0.08813388
0.13759044
-0.0137765985
-0.06428208
-0.09771194
-0.10087031
-0.065935284
-0.099750444
-0.04021163
-0.020320624
-0.02727015
0.05306081
0.06376951
-0.12876694
0.052759327
0.12489352
-0.13387875
-0.065591924
0.1104517
0.016225664
0.102258705
0.014200642
-0.057212897
0.04489327
0.054601535
-0.10498537
-0.14564952
-0.0959499
0.16337565
-0.048538394
-0.09105149
-0.04798473
-0.062284376
0.05979466
-0.014865778
0.10980476
0.076842174
-0.11957533
-0.048822504
0.0127098365
-0.103495926
-0.04550451
0.056336865
0.099047475
-0.13134426
0.10202488
-0.011746064
0.02519348
0.055346966
0.02200995
0.048893988
0.12885502
0.05774462
0.03990361
-0.12246358
-0.092180684
0.10185517
0.01357869
-0.07435466
0.06726842
0.041819975
-0.0014173964
-0.092191845
-0.19048922
0.09983895
-0.083716154
-0.09529157
-0.048852157
-0.026423158
-0.030834284
0.026853021
0.055998497
-0.09111682
0.008451117
-0.013326097
-0.0239962
-0.066415
0.0075888745
0.118723266
0.089724354
-0.016149588
-0.15125538
0.070908695
0.07939884
0.07579712
0.018023653
0.06788332
0.12480762
-0.0245552
0.083894566
-0.059704036
0.09093895
0.07833819
0.14803559
0.04189821
-0.09460509
-0.19703302
-0.14221224
-0.03104279
0.022459595
-0.10062366
0.07341281
0.07627123
0.094302796
-0.06524905
-0.020021012
0.023494111
0.15747355
0.10381335
-0.067669354
0.016562713
-0.023869036
-0.025186582
0.052765034
-0.08570861
0.12594411
0.031981427
0.008164696
0.09430647
-0.01060756
0.11094273
-0.0038726153
-0.10439127
0.01711016
0.059768125
0.055431917
-0.06252709
-0.10797912
0.01931091
0.019456891
-0.04057765
-0.05113686
0.0069408915
-0.00822354
-0.080784075
-0.013948832
-0.07969729
0.025846291
-0.05358818
0.2334495
0.025675926
0.02365857
0.25982618
0.0061486484
0.024300352
0.18036719
0.020366479
0.12367118
-0.0644357
-0.09531657
0.07776758
0.17726922
-0.12569796
0.16524893
0.07511869
0.099641204
0.1410327
0.13404126
-0.020499105
-0.031030906
0.062468298
0.009421314
0.035659052
0.17736912
0.012790808
0.044424735
0.026352093
0.061943244
0.06733088
0.057047587
0.072640054
0.01574314
-0.051857214
0.13734217
0.04045929
-0.061503246
0.035300933
0.054445513
0.06585172
0.049597066
-0.084187225
0.14954741
-0.15927291
-0.057985816
-0.017539512
0.11678689
-0.24783932
0.08379932
-0.1323728
-0.017513983
-0.17681243
-0.14579146
-0.27271938
0.04740221
0.14069405
0.04000434
0.064449646
0.07759679
0.019541278
-0.011057591
-0.022508435
-0.031104248
-0.07153794
0.15608744
0.019428402
0.0005474208
0.04316865
0.010100654
0.13239947
-0.15558694
0.016927736
-0.05307836
-0.092925064
0.032570913
0.019199708
-0.0044917506
0.03048967
0.17789479
0.069847815
-0.056513213
0.12006314
0.08607627
0.124809004
-0.03913254
0.14603482
-0.10536202
0.11404278
-0.10367251
-0.093692034
0.010779661
0.050935417
0.06206904
0.09015034
0.020600133
-0.058423504
0.0021549228
-0.08994883
-0.045438368
0.031999454
-0.12919228
0.11230703
0.06387419
-0.056152746
0.045132853
0.03238396
-0.13608137
0.12717415
-0.17949799
-0.040907495
0.03952931
0.087677665
-0.22970513
-0.0758242
0.085324645
-0.045821767
0.007859694
-0.07031555
-0.065675445
-0.048135713
0.15011147
0.025509676
0.06423659
0.059587754
0.1178514
0.026327109
-0.030770456
-0.11404913
0.015489078
-0.003114611
0.046249323
-0.022470724
0.10474012
-0.08501095
-0.027241679
0.10043061
0.06165237
-0.06688527
0.020614155
-0.09760261
-0.10306777
0.07273128
0.11023412
-0.16228054
-0.0006708764
-0.08234509
-0.109641455
0.039484832
0.09428046
0.1530526
0.016897758
-0.08443302
-0.04931239
-0.020953758
0.18471612
-0.091561496
0.014096265
0.08793637
0.010555672
-0.115206204
-0.04162512
0.006854926
0.031450998
0.059413593
-0.042691067
0.093658976
0.0019494158
-0.022257475
0.017825453
0.12623322
0.05027407
-0.067848414
0.023629813
-0.03722246
0.029036075
0.11651172
-0.13603331
-0.071913674
0.029943088
-0.018876906
0.028155781
0.026997564
-0.13404974
-0.09017489
0.07911795
-0.03259404
0.032515176
0.08066381
-0.17808072
-0.1365561
0.0012622989
-0.073482506
0.014621792
-0.0036388936
0.07428845
0.038497977
-0.060794737
-0.0745886
0.03628258
-0.09333718
-0.054061014
-0.053308677
-0.011959081
0.0830094
0.006560072
0.07464859
-0.02254995
-0.051672824
0.043439694
0.045041528
0.021106755
0.078764215
0.1382538
-0.052826446
-0.07702686
0.13945897
-0.10974675
0.026232509
0.011035946
-0.0389493
-0.11993211
0.03928386
0.069195904
0.047301456
0.0554643
0.029164303
-0.07899262
-0.04063905
-0.15644725
0.027998291
-0.13290086
-0.025873799
0.042013176
0.03265449
0.041933652
0.072769254
-0.054087933
0.0867289
-0.0942853
-0.036084503
-0.002517026
0.120609
-0.0036040815
0.0010374051
-0.024122328
-0.07920874
-0.09991097
0.03828961
-0.053216774
0.05695653
-0.0057922965
0.09054794
-0.11618662
0.048634525
-0.077582106
0.0805426
0.08161194
0.01800534
0.08426431
-0.053425625
0.07430474
0.09191932
0.064437106
-0.11207234
-0.071250826
-0.0865458
-0.095233396
-0.06696738
0.071411364
-0.024181863
0.06803959
0.019005409
-0.059181105
0.018650016
0.038356844
-0.086805835
0.075600095
-0.04822042
-0.02181508
0.046643376
0.07603183
0.06650367
0.13567357
-0.04588774
0.040115364
-0.10916084
-0.12880386
-0.0014965778
0.033307504
-0.10368088
0.031005114
-0.03678609
-0.06100692
-0.028518325
0.06229933
-0.029636854
-0.08823217
0.08906265
-0.09265375
-0.0848319
-0.058522042
-0.038216054
0.03690803
0.10090711
-0.052743826
-0.07233245
-0.07596025
0.02439091
-0.025027283
-0.09024075
0.053688202
0.070447885
-0.0925066
-0.111337565
-0.0881872
0.08739393
0.05840031
0.007769516
0.0768542
-0.04401657
-0.01004205
0.026872868
-0.007956795
-0.02046876
-0.12218789
-0.052258007
-0.030832786
0.0067663295
0.09317139
0.06493204
0.08196503
0.006321686
-0.013280893
0.10104701
-0.03050859
-0.054592922
-0.0012946298
-0.020948837
0.08199681
-0.04815426
-0.025702823
0.045920707
-0.0826868
0.13096727
0.13093065
0.02059965
-0.015712114
-0.0080558155
-0.08918202
0.036240574
0.01001308
-0.014619829
-0.009358657
-0.040384516
-0.037723627
-0.057953164
-0.015262056
-0.06082906
-0.11181598
-0.032513846
-0.0854261
0.037715506
0.07879334
0.03729135
0.09800144
-0.11265261
-0.092182435
-0.08048038
0.058692403
0.07103544
-0.02468576
-0.031828552
0.026813777
-0.008976732
0.05407876
0.094803706
-0.07210773
0.07337419
0.09285467
-0.09973692
-0.06588614
-0.009488954
0.039217196
0.049021278
0.041922197
0.08089672
0.028767936
0.057111826
0.019665187
0.115246505
-0.09923917
-0.064988144
-0.05449197
-0.033222258
-0.01031092
-0.07730833
-0.014300512
-0.026025971
-0.06442971
0.07351462
0.12522028
-0.097228944
-0.03979289
0.021343147
-0.059991796
-0.063008286
0.070876844
-0.03793979
0.037807897
-0.045063112
0.107380055
0.12424351
-0.10691492
-0.09252558
-0.10700749
0.064155556
0.13158816
0.1437022
-0.014545749
-0.084029086
0.07372119
-0.047335118
-0.10580831
0.07289164
-0.08497898
-0.07386356
-0.10055918
0.07364247
0.11855953
-0.07858903
-0.01153401
-0.04618468
0.026836956
-0.010226767
0.089178115
0.011280183
0.094430506
-0.025054507
0.0051826816
0.11684915
0.019606967
0.061759464
0.10106683
0.06872152
0.07318637
-0.09244008
0.0029554213
-0.045413762
-0.048563328
-0.009707005
-0.13537228
0.049317524
-0.14286764
0.057357047
0.13175413
0.13471486
0.17945854
-0.13085636
0.007347505
-0.052456975
-0.018664755
0.003509962
-0.02617606
0.099317096
0.055131122
-0.0634487
-0.000102059
0.14418049
-0.031031132
-0.1461094
-0.016541138
-0.07545765
-0.047040753
0.035178974
-0.07616816
-0.08893777
-0.12121743
0.011334434
0.119171925
-0.04193717
0.001307673
-0.04439552
-0.06737803
-0.100852355
0.11561636
-0.0030192896
0.0019102264
-0.02273988
0.12330784
0.11801483
-0.046711486
-0.13849083
0.077274755
-0.16397445
-0.08037364
-0.045252446
-0.026392652
-0.032421444
-0.17324288
-0.111472204
0.04465604
-0.06423684
-0.0018505295
0.11365679
-0.010586452
-0.13057664
0.11162999
-0.10501006
0.12878953
0.044632185
0.08158202
0.00014427328
0.007526619
0.10374385
0.018963551
0.054705318
0.09661365
0.120944895
0.021303013
-0.038974885
-0.030891849
0.049471177
0.11588228
0.09525125
0.10216324
0.015603533
0.08058816
0.10367846
0.03698948
0.06847788
0.061215833
-0.08438476
-0.098210186
-0.08157493
0.0483114
-0.036093738
0.12083529
-0.06329096
0.0853854
-0.005784661
0.040065426
-0.07600748
-0.07333057
0.13370895
-0.0883162
-0.09734505
0.0163323
0.09765617
0.032229435
-0.010295676
0.099316634
-0.115217775
0.047233112
0.047180727
-0.025971517
-0.09010204
-0.009372794
-0.08636839
-0.06327553
0.1523431
0.12059981
-0.021814965
0.05162986
0.034884606
0.073503956
0.052733265
-0.055208776
-0.06324043
-0.072769314
-0.08304573
0.062207107
0.08559705
-0.059535734
-0.120553635
0.029310407
0.11444822
-0.031436082
-0.009576966
0.015404795
0.06672157
-0.12626031
0.12624544
-0.038345788
-0.033445057
0.04972297
-0.06925521
0.15378913
-0.05926657
0.06870706
-0.012954225
0.04309223
0.11515056
-0.13981031
-0.08743696
-0.0006025792
-0.007079652
0.026709825
-0.06538852
-0.026707169
-0.03601973
-0.0013051004
-0.032422557
0.0042777634
0.052262764
0.012796731
0.115140125
0.1000747
-0.10767243
0.001347702
0.006636479
0.049698617
-0.075841226
-0.04634834
0.006134665
-0.11230244
0.07529157
-0.0096922275
0.09852714
0.07287661
0.034477063
-0.010286958
0.106423065
-0.035333514
0.079692945
-0.060107082
-0.08444677
-0.018628435
-0.09983176
-0.11561913
-0.13424157
0.03191334
-0.07611916
0.119093254
-0.08520863
-0.09179023
-0.10269396
-0.060669474
-0.01618709
0.06872895
0.04317014
-0.0904952
0.00010595764
0.061565693
-0.0048897285
-0.03764575
-0.016791118
-0.04296099
-0.1261416
-0.03476999
0.047451045
-0.10591432
-0.054758605
-0.08246341
-0.012379979
-0.10554134
0.09669415
-0.042380415
0.13174856
0.0844415
-0.124137096
-0.0917324
-0.012886069
-0.039303638
-0.022766458
0.08867923
-0.069936834
0.048869126
0.070813626
-0.050911695
0.093792595
-0.006069578
0.08146915
-0.116519846
-0.006834932
0.03888777
0.10849752
-0.09215705
-0.045190845
-0.008467928
0.028390272
0.05747017
-0.05051337
-0.079262756
-0.07850427
0.08433144
-0.08368272
0.022353003
-0.086657144
-0.08539679
-0.010372906
0.05225743
0.0876924
-0.14263463
-0.12105147
0.013466696
0.08727496
0.06434513
-0.10796544
0.09020806
-0.07382377
-0.17220418
0.05501992
-0.13565747
0.015583964
0.0881593
0.01628266
-0.06306812
0.019826928
-0.016492266
0.15199967
-0.12649082
0.024249021
-0.16000716
0.029708784
0.14374295
-0.0050977217
-0.05997218
-0.057119936
0.09422748
-0.0045005325
-0.14150225
0.059589073
-0.07257604
0.019563643
0.055768475
0.029070832
0.070040874
0.13868186
-0.13288353
-0.048335236
0.123880334
-0.012543072
0.0889765
-0.005114841
-0.08560269
-0.04158773
-0.09310771
0.1123665
0.12384415
0.04907309
-0.09650024
0.015457643
-0.17419878
-0.05704678
0.017881148
0.004372502
0.02429935
0.062330686
0.06436961
0.01690125
0.080363646
0.040922303
-0.0031570967
0.0008367194
-0.01498843
-0.013567588
0.04525899
0.066750854
0.019641677
-0.062322713
-0.015813317
0.061739597
0.10122216
-0.07905013
0.028978895
-0.00650979
0.14208324
-0.028022865
0.115839355
0.016774558
0.05144285
-0.034991104
-0.07209051
0.054275107
-0.047073305
-0.06565798
-0.035265137
0.13575286
-0.09777851
-0.023372602
0.0070628356
-0.061069623
-0.09871862
0.09122317
0.08738864
-0.06947717
-0.07732971
-0.074296884
0.067940965
-0.07501842
-0.018295493
-0.015256432
0.06529664
0.053532433
-0.0038813506
0.076406166
0.089932844
0.011339484
-0.12212289
0.04500912
0.083453186
-0.08040741
0.11058817
0.14341916
-0.1008043
0.091481514
0.029537888
-0.04128386
-0.12211873
0.090935946
0.11649995
0.034751937
0.11444682
-0.022404
0.13360971
-0.0710509
0.027642105
0.060069706
0.040003397
-0.06948899
0.0219038
-0.047920913
-0.040067162
-0.02851409
-0.007773451
0.044962313
0.022570193
-0.10381561
-0.10671326
0.06349312
-0.12635261
0.11274657
-0.0010017337
0.0921773
0.038525186
-0.09129987
-0.13861234
-0.07635613
0.07624148
0.03951334
-0.06654351
0.012079293
-0.07124371
0.020774612
-0.013217507
-0.0005594118
-0.1299661
-0.12509085
0.10585278
-0.014637382
-0.049108233
0.00038100785
0.021616148
-0.038352232
-0.05794851
0.08099731
0.14717822
-0.022364832
0.114301585
-0.09807941
0.09906679
-0.051553775
0.08299279
0.060188062
-0.1084731
0.09629338
0.068137504
-0.02902003
0.04368907
0.09521634
-0.13190146
-0.08346991
-0.082765914
0.045472056
0.05386533
-0.0325425
-0.047761835
0.0823838
-0.08102034
0.045883074
0.103528105
0.10930949
0.044294104
-0.062815174
-0.024204565
0.12572472
-0.013641969
0.0627305
-0.061470762
-0.056272164
-0.10835978
-0.017862726
-0.11975364
0.061025094
0.048704702
0.05542088
0.15430658
-0.033352863
0.027651405
-0.08489287
-0.1632906
-0.0057460796
-0.11086983
-0.15227005
-0.03408154
0.03696075
-0.007591971
-0.0036146734
-0.0023095156
0.032651223
0.021392113
0.034859963
-0.011244268
-0.08059903
-0.077223234
0.10163106
0.06386762
-0.13122849
0.07105427
-0.12845655
0.01846017
0.060420223
0.02304576
-0.00642812
-0.12912397
-0.03876282
-0.13368155
-0.119426645
0.064207666
-0.052124195
-0.011482687
0.10430058
0.0066485945
0.06418046
0.020235196
-0.04580932
-0.06403688
-0.05398872
-0.029262634
0.113649234
-0.056304224
-0.10030433
-0.00522233
0.03436559
0.08031687
-0.03840925
-0.05045298
0.10638872
-0.14055786
0.18333533
0.070434
-0.025686758
0.106521755
0.007903854
0.09847746
0.14043257
0.05871453
0.044502407
-0.08738703
0.046855096
0.16060899
0.069916815
0.11496208
-0.09848172
-0.10815566
0.11953162
0.18723546
0.0026549478
0.14792228
0.12077313
-0.104989074
-0.17114505
0.107310414
0.051600683
0.013556665
-0.021304326
0.102022074
0.020764932
0.012446453
-0.13581844
0.023435172
-0.05919231
-0.012386614
-0.027538873
0.034744143
0.024310704
-0.095024
0.01574351
0.011295465
-0.117145576
-0.17170918
0.1311256
0.02849653
0.21007743
-0.06656146
0.03245144
0.11614176
0.05113494
-0.001968193
-0.16767634
0.04947548
-0.0048358147
0.05249479
0.110311784
0.030463574
-0.05003797
0.022522893
0.06943856
0.031440824
0.106955655
-0.11024729
0.026624603
-0.084146075
-0.04306454
-0.00047531477
0.0026524148
-0.020185608
-0.025372472
0.023221591
0.11786477
0.032726448
0.004170118
-0.03511177
-0.016266786
0.05122725
0.0902997
0.06108128
0.031848125
-0.04508561
-0.07510621
0.09294502
0.2113329
0.038416248
0.089292005
-0.07042248
-0.060724743
-0.13958578
-0.021741424
0.036276653
-0.1083491
0.00908403
0.17257364
0.08337949
0.029606707
0.02723112
0.12059223
-0.16916734
0.17468831
-0.026184822
0.12618428
-0.024097836
0.025648931
-0.037965637
-0.019415416
0.10657225
0.17584856
-0.023349019
0.04982836
-0.11435105
0.05370506
0.12440173
-0.053639393
-0.005219865
0.13861775
0.079604484
-0.07288654
0.027398294
-0.06289888
0.027542274
-0.0003471673
0.06589729
0.036156293
-0.010177044
-0.0057830987
-0.012407554
-0.0013325971
-0.05322412
-0.1031273
-0.084648885
0.12977833
0.08916307
-0.06687779
0.17766525
0.1280662
-0.112113245
-0.033906963
-0.07067758
-0.036157336
0.1355985
-0.0046666637
0.035031885
0.04613428
-0.03588527
0.020515038
-0.058596898
-0.097986676
-0.037650507
-0.0019577069
0.16106659
-0.04816447
-0.044425152
-0.053644974
-0.04446687
0.117839396
-0.11254322
-0.080444865
0.0950942
0.05008996
-0.06769994
0.084042355
0.021310244
-0.06994862
0.05675324
-0.094239764
0.042075668
0.031002412
-0.0796369
-0.039896514
0.03214455
-0.02109271
-0.07708453
-0.02197288
0.089939564
-0.0052260123
0.088505186
-0.042786524
0.07594352
0.07949525
-0.06531342
0.006979694
0.14773552
0.036170647
-0.17145509
-0.0068619056
0.09712932
-0.09253266
-0.12205918
-0.060609415
0.03810156
0.057570167
-0.079960756
-0.063689105
-0.1878818
0.13567308
0.056434803
0.052451544
-0.08763206
0.011526117
-0.020444922
-0.06384769
-0.075430326
0.06334511
-0.08488935
0.14751136
-0.038623877
0.05365036
0.0027337032
0.01345957
0.12141592
0.08799143
0.097451374
0.020604592
0.036971744
0.03719973
-0.03131874
-0.04013179
-0.097736694
-0.09914043
0.09896872
0.03549168
0.00087390566
-0.044107318
-0.055887852
-0.049535315
0.14859617
-0.033437606
-0.026400069
0.10484891
0.1320314
-0.0057274187
-0.10354199
0.10111471
-0.10459551
0.0764242
0.04446519
0.099996455
-0.055563174
0.040761124
0.06747641
-0.011116879
0.10764493
0.1013045
-0.0061042137
0.060667694
-0.06481616
-0.031715903
0.02813438
0.06532003
0.0050218436
-0.08484087
-0.023280688
-0.06499502
0.06620953
0.13592723
-0.04740914
-0.09582508
-0.038297325
0.097905114
0.07208768
-0.067869194
-0.074181356
-0.11216994
-0.094521575
-0.103449374
0.03673295
-0.13318484
-0.0941014
-0.09178204
0.0513347
-0.11031222
0.073973976
0.07608003
0.058255397
0.1323908
-0.18060136
-0.070252344
-0.11403545
-0.055294223
-0.10729336
-0.08539215
-0.04676898
0.053918492
-0.13834588
0.14659366
-0.04265692
0.037666738
-0.06954878
0.08294432
-0.067471735
-0.072756626
-0.085223965
-0.038959604
0.058687095
0.065577716
-0.126647
0.0006260092
-0.04956811
-0.059396137
0.10012787
0.051674247
0.068070084
-0.13617522
0.040522803
-0.023499124
-0.1663201
0.053325802
-0.08478269
0.047688495
0.09152698
-0.14565694
0.040526547
0.009707271
0.060454402
0.08163665
0.039149977
-0.12244675
-0.10433549
0.01966279
0.07489807
0.007766251
-0.0957387
-0.0013894922
-0.020372482
-0.015875826
-0.10787138
-0.08430589
-0.060966846
-0.05458289
0.023314642
-0.0060870834
-0.0716971
-0.0041151405
0.06868328
-0.12231937
-0.0025442843
0.015226519
0.113020174
-0.032922078
-0.07884721
-0.00076259393
0.04442163
-0.06262378
0.06700585
-0.04761024
-0.072627045
0.037274852
-0.0012231454
0.025823474
-0.09263509
-0.04392951
0.03306084
0.07540892
-0.1080542
-0.10617955
-0.11767844
0.038726453
-0.102622114
0.057203844
0.047675006
0.06758413
-0.003649518
0.035797372
0.012922013
-0.041354876
0.039591096
0.07271342
-0.060803775
0.13744375
-0.10464662
0.116290115
0.039350063
0.08937524
-0.10597956
0.06805024
-0.10653701
-0.12282655
0.03450778
0.04244162
0.09010565
0.05749062
0.033156596
0.0523831
0.09350834
0.121165
-0.042037144
0.028796555
0.010306474
-0.011569842
0.14455262
-0.027678827
0.054537967
0.017901994
0.0060834666
-0.014122904
-0.033002984
0.072139986
0.041954033
-0.014440474
-0.16029397
0.13446327
0.07855114
0.050013244
-0.045373455
0.0790126
0.016720794
-0.07190794
0.051115327
0.09328799
-0.0012690652
0.15012401
-0.08248514
0.029213915
-0.046146598
-0.069081925
-0.00561873
0.030671937
-0.007109254
-0.032291327
0.01040027
-0.013101119
-0.13044687
-0.08296724
0.028743861
-0.013974963
-0.116308525
-0.044037737
0.060171854
0.07529482
0.0388602
0.08104535
-0.063867226
-0.011945337
-0.10704969
-0.044873375
-0.013666938
0.038994014
0.014897894
-0.0035168112
0.094957426
0.021627741
-0.07752648
-0.05158199
-0.10436183
0.10231575
0.02504002
-0.019962927
0.08754834
0.06114838
0.071616314
-0.07661071
0.02181045
-0.0058992533
0.04783316
0.04567264
-0.006151587
0.112667784
0.065234914
0.036865514
0.08595294
0.00050204864
-0.057753406
-0.02614799
0.1046161
-0.092669494
-0.076856114
0.0130685
-0.09487156
0.20545052
0.0058448925
0.06561179
-0.037042387
-0.02905816
-0.11602269
0.084059194
-0.041983437
-0.072446845
-0.07191848
0.087861
-0.005205249
0.017203813
0.00940024
-0.013784424
1.4596267e-05
0.062318325
0.17762266
0.27438217
-0.07362906
-0.00030802996
0.041028693
0.04021198
0.14367515
-0.122418165
-0.015954403
-0.0556688
0.115982905
0.07710768
-0.08852761
-0.037792362
0.037412096
-0.12319958
0.08400797
0.07021732
0.042248104
-0.091198206
-0.11152645
-0.06886584
-0.074201316
-0.10661426
-0.0068314513
0.069819525
-0.09269384
-0.08132753
0.09954966
0.11558753
0.053262167
-0.0287572
-0.1151871
-0.05782544
-0.00959005
-0.034475014
-0.062124267
-0.053370245
-0.09679469
-0.11095004
0.056757465
-0.0060587027
0.06549052
-0.030620813
-0.0367113
0.108209364
0.07555939
0.008952768
-0.012514021
-0.038870353
-0.013877788
0.050901067
-0.051200964
-0.05805465
-0.004278195
-0.05019445
-0.09044017
-0.013686659
-0.05648311
0.08601985
-0.018545471
-0.07434749
0.1140914
-0.08940336
-0.072660975
-0.013391092
-0.10651727
0.07766961
-0.06628464
-0.03435724
0.014871457
-0.07269078
-0.037713166
-0.053544447
-0.12105757
0.09002833
-0.019790836
-0.14069125
0.04603273
0.26098225
-0.20762508
-0.01569073
-0.10673549
0.022296077
-0.0056302454
0.02483644
0.14185941
0.10347921
-0.013007518
-0.0781989
-0.13599549
0.08918957
-0.09059443
-0.04437991
-0.10983068
-0.029616589
0.09137081
-0.089145005
-0.13687555
0.15958327
-0.0314796
-0.015124368
0.38682508
0.09929316
0.027724057
-0.040713463
-0.032192882
0.070956275
-0.043244056
0.36385232
0.044464324
0.13782007
-0.16358663
-0.091358006
-0.017996155
0.11851678
0.2632897
0.1812861
0.020217352
-0.024266738
-0.08378236
-0.048925497
-0.005085679
0.044593476
0.047298014
0.028740363
0.028165082
0.14864142
0.062381867
-0.24043842
0.196213
0.103163265
0.01763752
0.3234794
-0.22485669
0.06367839
-0.14508983
-0.14876945
0.005108349
-0.054505736
-0.09036544
-0.076449
-0.09807595
-0.096963145
-0.34988135
-0.07927607
-0.10089455
-0.034754544
0.00057874963
0.04999589
0.011934345
0.16364413
-0.25867772
0.12591003
0.041801058
0.011151351
0.21645379
-0.26417458
-0.0013156001
0.15367621
-0.024590248
0.058741998
0.14391299
-0.07353357
0.24027407
0.031872842
0.27738634
-0.032449257
-0.17367072
-0.2670101
-0.019210458
-0.075244576
-0.21192047
0.049804397
0.14008863
-0.19481775
0.074003264
-0.030501628
-0.08210274
0.037590276
-0.016939051
0.05728952
-0.16854423
-0.007827836
-0.072675616
-0.014598841
-0.039487537
-0.111703776
0.18608728
-0.030413862
-0.31169596
-0.2612048
-0.32009274
-0.15622728
0.17002364
-0.02076336
-0.1279267
-0.15324296
-0.18083225
0.13385771
0.17746831
-0.018470122
-0.11907043
-0.19117817
0.039829336
0.12402917
-0.12950541
-0.34128913
0.050558794
-0.22326013
-0.08467693
0.004330139
0.032219287
-0.11976023
-0.042053357
-0.17347579
0.27423906
0.041731607
0.18892443
0.12782499
-0.067782246
0.22716095
0.28542838
0.091640756
0.036901917
0.19586542
-0.035119496
-0.122515984
0.0023742695
-0.06960603
-0.069630936
0.020458983
-0.07159939
-0.026102217
0.104828775
0.073511854
0.078881204
-0.085418575
-0.07129119
0.1322361
-0.021975577
-0.0031167474
-0.03174091
0.059693355
0.1428632
0.10511881
0.015800748
0.0379766
-0.031280953
0.08634731
0.06553761
-0.019740187
0.021208463
-0.0045043193
-0.06805786
-0.061972704
0.03753941
0.050318692
0.004174791
0.10884885
-0.020598244
-0.041421868
0.099942625
0.102516554
-0.02078732
-0.12422458
-0.109233715
-0.035434112
-0.0043816026
-0.096772484
-0.13649543
0.1071867
0.13993527
-0.093413085
-0.1536292
0.02841398
0.08016866
-0.087706774
-0.06422719
0.044379625
-0.049444355
0.07830319
-0.013134537
0.12964354
0.10444416
-0.04081114
-0.08004611
0.031036489
0.047419142
-0.032443322
0.09090224
0.11195329
-0.080522746
-0.021822304
-0.061109077
0.106214926
-0.05115721
-0.037707563
0.090313084
-0.018707912
-0.0060144505
0.086096406
-0.07807336
0.031824503
-0.0653916
0.031039901
-0.0041327896
-0.040996645
-0.050426655
-0.0038195523
-0.19163726
0.20044535
-0.06262322
-0.028021147
-0.040382314
-0.12171496
0.0114301555
0.07441166
-0.07660814
0.084871955
-0.023321087
-0.10739146
0.07645215
0.004425613
-0.0010434913
-0.0780159
0.008817299
-0.042537633
0.003053008
-0.0134422975
0.091530286
-0.12416231
-0.061995905
-0.0960645
0.1222626
0.094469845
0.109810725
0.122687
0.021723596
0.07212457
0.07350936
-0.010942939
0.018151676
-0.014304951
0.11937223
-0.081722856
0.21978316
-0.08952091
-0.013343567
-0.05816173
-0.04198778
0.038266093
0.10748233
-0.03833377
-0.051661767
-0.011876901
-0.0128307585
-0.06019132
0.009946151
0.11249638
-0.098159894
-0.10705416
0.014719061
0.02634759
0.017672151
-0.022372352
0.021501485
0.28275925
0.11577873
-0.11726089
-0.1503919
0.10376773
0.095377564
0.02604338
-0.06338222
-0.011794859
-0.07119264
0.09223043
-0.043351226
-0.034519058
0.034190252
-0.08082338
-0.036991827
0.11659263
0.014113363
0.020696992
0.021558307
0.028780023
-0.01871544
-0.015781952
-0.047233347
0.020583961
-0.09751242
-0.10907011
0.027509887
0.012516587
-0.07193842
-0.18878645
0.03146192
-0.08275729
-0.053951833
0.037505247
-0.10952171
0.05566773
0.052566897
0.049183547
-0.02683025
0.023582052
0.031067064
-0.017686535
-0.058241136
0.10681396
0.12721486
-0.038210355
0.0016078805
0.044528313
-0.090404436
0.09302721
0.033994112
0.032357022
-0.045142557
-0.031061584
0.038512386
-0.016064081
-0.006832758
-0.11003936
0.06463068
-0.033068344
-0.065287314
-0.11803588
-0.0051492034
0.15408435
-0.05194552
0.074910745
0.035938818
0.04652074
0.08952664
0.011221113
0.0429001
0.11145756
-0.021174045
0.110757
-0.06370209
-0.03051668
0.06967165
0.05286806
0.12904696
0.19388917
0.08262421
-0.08631718
-0.124662176
-0.10391854
0.05205794
0.08679531
0.03817776
0.042249694
0.105918944
0.0742229
-0.08728581
-0.04423591
-0.1086504
-0.109112516
0.041103262
-0.022541098
-0.018689075
-0.09491219
0.008899366
-0.028283447
0.046424795
-0.026404135
-0.003604032
0.044093683
0.024198309
0.050502267
0.14636183
0.01861648
0.08999334
-0.01723891
-0.0099660065
-0.061714437
0.14497425
-0.023895517
0.045077525
-0.10429138
-0.033290036
0.08469351
0.060485706
0.17205267
0.058935713
0.12420962
-0.07457559
0.09903487
0.10629187
-0.021219527
0.044432048
0.10344736
0.078350306
0.009928324
-0.005274885
-0.06050341
0.11490764
-0.062123135
0.06196664
0.06442151
-0.04401437
-0.010045426
-0.02550916
0.0019014224
-0.0394486
-0.039211966
-0.052613948
-0.011409775
0.0047946568
0.022968655
0.15205468
0.15187019
-0.017597623
0.09949083
-0.09216676
-0.023364909
0.0383192
-0.062433466
-0.110881455
0.083832555
0.004948872
-0.1015469
0.0071097123
0.10925608
-0.044018134
-0.0959357
-0.118122056
0.06958256
0.09471545
-0.036594283
-0.0015978649
0.10502263
-0.045143906
0.08010975
0.08505376
0.098579794
-0.015798729
0.05018204
-0.12268556
0.076084055
0.07971943
0.042970415
-0.043635268
0.060170222
0.02133188
-0.08580871
-0.1504342
0.12267026
-0.090481155
0.03271592
0.09720395
0.06330602
0.15681945
-0.021246435
-0.08399413
0.05407346
-0.11208014
-0.05709364
0.07734951
0.14108534
0.03930256
-0.06734662
-0.10182978
0.113621034
0.016441653
0.115292005
0.0032104081
0.057990503
-0.02430923
0.060902443
0.09079599
-0.014148368
0.0075662797
-0.058261853
-0.11844871
-0.023856198
-0.07136507
-0.027457828
0.041748323
-0.102124356
0.024476957
0.010716867
0.0040501673
-0.09922387
-0.054684073
0.08453503
0.023416791
0.019174827
0.012444923
-0.0106288735
0.0026041
0.068000816
0.025025673
0.059783794
0.064617574
0.04075923
0.034184698
0.11814561
0.15065077
0.00030305027
-0.13997643
0.033533137
-0.013441745
0.022217467
-0.11001756
0.10543294
0.08940081
0.030321913
0.060187623
-0.08148408
-0.07703916
0.065812714
-0.10324233
-0.104680546
-0.057917695
0.0015430345
-0.07684164
-0.056430794
0.09772122
0.082936905
-0.069876604
-0.07174989
0.059201855
0.03357732
-0.026627539
-0.021818077
0.04736072
0.10599281
0.037722778
0.03272102
-0.0055672936
-0.018488904
0.09140756
-0.03054039
-0.035091937
-0.00801076
-0.15251124
0.042772003
0.03795148
0.047663935
0.08053528
0.01571472
-0.028737064
-0.07007537
-0.06085709
-0.059931763
0.0404728
0.06631118
0.034508247
-0.11175607
0.037683487
0.08935687
0.013401325
-0.1123608
0.034030028
0.058563903
0.11188427
0.0056636613
-0.0821839
-0.046149455
0.0909509
0.14643109
-0.10546174
0.02490998
-0.06496763
-0.06291325
-0.075169176
-0.024269748
0.044832695
0.080441155
0.17119299
-0.0025498166
-0.106108464
-0.017930709
0.046112146
-0.04563983
0.08177495
-0.0025420713
-0.0876371
-0.014311499
0.031154297
0.12694696
0.023628982
-0.054680612
-0.14771897
0.013070778
0.08212211
-0.0866093
-0.10609417
-0.07396094
-0.018073278
0.12272949
-0.05118269
0.028922142
-0.016464498
0.030925015
-0.07035957
0.09590936
-0.00015218326
0.100953765
0.10618674
0.057310652
-0.11755088
0.046510767
0.13913561
0.0284551
-0.086086355
-0.032047335
-0.05214851
0.12887026
-0.045327153
-0.038714074
-0.082766585
0.07939058
0.063030764
0.09148002
0.051311836
0.059031498
-0.014174879
0.14011765
0.06967108
0.0833905
0.07782003
0.042201184
-0.10337974
0.010315576
0.18074845
-0.057877436
0.04327677
-0.039521072
0.06413373
-0.09646292
-0.074547954
0.08309302
-0.0887627
0.066454045
0.07703113
0.026857095
-0.15015642
-0.08812691
-0.099895984
0.037481815
0.1642793
-0.113237485
0.103039935
-0.10255991
0.015635947
-0.057945833
0.11170892
0.028368829
-0.03919298
0.026812557
0.022020523
-0.08841513
0.06748142
0.01258526
0.09647147
-0.11306368
-0.035299547
-0.05197684
0.116552256
0.16440384
-0.17077626
-6.184621e-05
0.18873477
0.195893
-0.08268077
0.086954474
-0.057007577
-0.08223867
0.16467506
-0.07490755
-0.0063450322
0.15426864
0.09036693
-0.1082624
0.05859321
-0.1301643
0.026890825
0.06885614
0.037679296
0.09688638
-0.13426024
0.09744143
0.0075982222
0.067855515
-0.04065072
-0.014472932
0.08315587
-0.044067163
-0.05160289
0.080720834
0.08469466
0.09397513
-0.102285095
0.0800597
-0.124762274
0.16468477
0.08884715
-0.054344084
-0.020949902
0.032242592
-0.16292894
0.049030624
-0.11460972
-0.037876744
-0.10067751
0.04116409
0.015414762
-0.02555849
0.046342
0.006140675
0.040169694
0.051526643
-0.14151248
-0.092599295
0.051710922
-0.07997718
-0.070561446
-0.10213246
-0.017183233
0.1240753
0.07805989
0.17367105
-0.013977202
0.107515365
0.012688339
-0.09817342
0.15775529
0.0598804
-0.028567681
-0.033850085
-0.11268388
-0.023573942
0.021531582
-0.04623806
0.046811342
0.00025216423
0.03093701
0.1267324
0.03953489
-0.015602681
-0.044488426
0.0975455
-0.039591476
-0.035532318
-0.067300096
-0.17345855
0.073635854
-0.087601304
0.03818881
0.06265357
-0.17899008
-0.056013696
-0.006328211
-0.09039463
0.047929287
-0.16430627
-0.034337018
0.04772482
-0.077932
-0.07625212
-0.0026265925
0.02661151
-0.06005721
0.06405999
0.02807836
-0.16041848
0.02489787
0.13404396
0.13236924
0.0025492066
-0.11647105
-0.035577882
0.048956946
0.05094864
0.08544341
0.05239391
0.09203728
-0.027243853
-0.0020826317
0.09916437
-0.025320971
-0.012744723
-0.013409434
0.027363267
0.026403952
-0.026111709
-0.032518066
0.068257615
-0.04324361
-0.14870955
-0.00950203
-0.019926036
-0.087950714
0.0045788484
0.08464816
-0.052664828
-0.08501372
0.12488096
-0.16001466
0.0739752
-0.085608706
0.042993695
0.026881866
-0.08033903
0.113452636
0.09475754
-0.07139632
0.028272146
-0.019340215
0.033965
-0.035384927
-0.07355836
0.09107744
-0.04258819
0.046672195
0.086926155
0.044546448
-0.0054477304
-0.054639604
0.13871342
0.12631518
0.08267069
-0.0033950866
-0.12659378
0.06397713
0.049589336
0.08634327
0.11174631
0.06423377
-0.106420934
0.057605255
0.042804804
0.04335709
0.05068929
0.069748156
-0.023778643
-0.055010613
0.08939839
-0.027765065
0.090004645
-0.12443809
-0.06278044
0.053734265
0.033795502
-0.03302317
0.15789631
0.034948766
0.07713409
0.054021005
0.012852867
-0.062440466
-0.037813667
0.05079413
0.051595885
0.029633887
0.04587402
-0.119793996
-0.05961054
0.11242615
-0.02528642
-0.028678253
0.11882479
0.004821639
-0.08054224
0.08259953
0.022734536
0.0828208
0.12281529
0.064271964
0.0030626873
-0.08508118
0.06022948
0.03825285
0.010059519
-0.065726295
-0.08345103
0.021078005
0.046257902
0.09589331
0.02336483
-0.038768444
0.022449177
-0.06309216
-0.06236209
0.10726231
-0.051113266
0.042694137
-0.049985483
-0.06605437
0.110006206
0.05229741
-0.057408247
0.10982138
-0.004415511
0.012089479
0.022603726
0.09698908
0.1237388
-0.035610963
-0.012716662
-0.0187544
0.034812886
0.011945589
0.043637842
0.11487934
-0.101216175
0.033454187
-0.08838395
-0.10384966
-0.017777001
0.065322146
-0.084430546
0.11467537
0.14019737
-0.07105583
0.038032733
0.03545745
-0.104797795
0.07484661
0.059927694
0.08037217
0.004716911
0.026200162
0.021841226
0.09166257
-0.09725724
0.0030428653
0.1099638
0.079108834
0.055904277
-0.09828908
-0.10116908
-0.09101753
0.08880831
-0.08772451
0.09162973
0.10457327
-0.04787903
0.13880561
-0.09835111
-0.13320978
0.1618927
0.00908463
0.10450909
-0.0737024
0.00053458597
-0.08461206
-0.1106688
-0.06327508
-0.019023972
0.07473497
-0.011878239
-0.10686777
0.054506637
-0.052384753
-0.038017042
-0.04957407
-0.04705509
-0.05310509
0.0030188358
0.011269555
-0.028461078
0.06830061
0.051653683
-0.06083652
0.0986798
-0.12578426
0.1208823
0.0129955625
-0.08546104
0.039395157
0.028434012
0.03925148
0.036454163
0.035681713
-0.066617765
0.004899869
0.038348272
0.075389415
0.023652516
0.0573592
-0.10842624
0.0983572
0.026501285
0.07817038
-0.014675526
0.11940825
-0.07017973
-0.05217776
0.009364357
-0.008305966
0.04005243
0.057729036
0.0076277
0.08537661
0.056485873
0.08716865
-0.041675083
-0.101374075
0.036697235
0.06083343
-0.010377462
0.015420751
-0.043714292
-0.06845933
-0.019589083
0.0068559353
0.10562699
0.11987141
0.12520982
-0.085584566
0.0505151
0.064629026
-0.06748124
0.12477667
0.05253706
0.043827076
-0.054275885
-0.06950801
0.088574044
0.09378488
0.056066014
0.008801229
-0.04284808
-0.05135553
-0.035153307
-0.0011116071
-0.0807351
0.00049905083
0.06994082
0.10338836
0.13253851
-0.075697646
0.06882164
0.020530159
0.12257822
-0.019877957
-0.045908086
0.08673639
0.006117387
0.04290625
0.013255321
-0.12853247
0.058983613
0.055031195
-0.01268426
-0.044523448
0.061179265
-0.0001482169
-0.020234587
-0.0050094994
-0.019322569
0.04643699
-0.10635492
0.118968256
-0.0026287662
-0.031382076
-0.20391044
0.0333024
0.051554132
0.010990091
0.009048244
0.105737895
0.13319826
-0.0055586793
0.053261943
0.04610297
-0.05852418
0.018402988
-0.015065772
0.0023152507
0.11595829
0.06599195
0.089515924
0.1664643
-0.0019363427
0.020979887
-0.057657085
0.03258222
-0.19251369
0.17502703
0.0060691857
0.09036649
-0.004415983
0.09964766
0.15075615
0.043581616
-0.048654243
-0.0148377735
-0.0363891
0.14284244
-0.07141692
0.09213244
-0.07506996
-0.033708654
0.090516545
-0.15908383
0.05830852
-0.016495753
0.010947775
0.0019570417
-0.02344113
0.018725516
0.10165136
-0.10134946
-0.013135734
0.0752808
0.07584177
0.09563913
-0.035105083
-0.057863686
0.018283278
-0.08765626
0.021200359
0.064990446
0.029262522
0.06580055
-0.16353454
0.09824164
-0.16468407
-0.00816211
0.08873598
-0.014837326
-0.007024236
0.04639597
-0.049188588
-0.06937284
-0.11658848
0.17538215
0.09071153
-0.013814392
0.01684749
-0.06868979
-0.05658889
0.054299943
0.17133595
0.08487246
0.05681679
0.10272856
0.040049125
0.02679614
0.07605755
0.06604107
0.04884543
0.06311164
0.038643923
0.07115852
-0.08313991
-0.07736903
0.051099714
0.06142478
0.10194052
0.03208778
-0.07605563
0.08774974
-0.09188294
0.06332365
-0.095626295
0.07594405
0.11776141
-0.0405335
0.041966114
0.11476293
0.08663673
0.065113135
-0.0007183532
0.03412957
0.11013176
0.08926861
0.005681061
0.053951114
-0.05796634
-0.051424187
-0.006376368
-0.030330297
-0.11276279
0.09997167
-0.08837529
0.10478245
0.12419942
0.045907147
0.09543118
-0.027275631
-0.047127746
0.09615451
-0.018362194
-0.12119599
0.014759823
-0.11385528
0.07739428
0.04294253
0.0422346
0.04603392
-0.057389617
0.0690355
0.018741222
0.033053152
0.06410807
0.043337125
0.028900065
-0.011275586
-0.09207303
0.10825421
0.088529035
0.106036596
-0.08477856
0.035907406
-0.08016046
0.08732306
0.11539584
-0.05760018
-0.07008881
0.067131415
-0.007114336
0.18123765
0.11709421
0.13012782
0.12777562
0.028888922
0.012576582
-0.0666067
0.05134681
-0.04049823
-0.032687116
0.01791314
-0.065793514
-0.10017805
-0.05814984
-0.026237099
0.12007886
0.044906173
0.03942122
-0.059504844
0.059218474
0.08652969
0.014746476
-0.0036557757
-0.061584722
0.03177742
0.109654635
-0.009393924
0.08953026
0.12978469
0.14421658
-0.054861765
0.08951355
-0.05519032
0.019395212
-0.11746077
-0.11211004
-0.046611644
-0.053124208
-0.05966034
0.03472749
0.12534104
0.112293966
-0.0399605
0.09040859
0.06043154
0.081081815
-0.092052594
0.09381871
0.0034460754
-0.020558076
0.07360201
-0.0598047
0.11622944
-0.085865416
-0.07383047
-0.10404459
-0.1343047
-0.0906235
-0.0119651295
-0.055178374
0.081129245
0.10415596
-0.029254565
0.12577951
-0.032013502
0.03582803
0.10940994
-0.034591448
0.009820634
0.17123206
0.028755985
0.081967115
-0.18367657
-0.026813027
0.06606474
0.011806328
0.14106642
-0.04678256
-0.060551565
0.07227011
0.14373854
0.021828007
-0.19114155
0.010577798
-0.08213139
0.021426158
0.04372099
-0.12858282
0.13234536
-0.25592443
-0.003743654
-0.03322793
-0.050272178
-0.0005945042
0.054793566
-0.11183264
0.104836255
0.10255752
-0.028325532
0.048052307
0.058315065
-0.10043264
0.026373032
-0.08484759
0.15258798
-0.15537895
0.013180954
-0.08457875
0.018628336
-0.0058324127
-0.038226247
0.023885265
-0.0380175
-0.05283618
0.06439752
-0.17279051
-0.02656187
0.1582976
-0.026760878
0.02264826
0.06984422
0.09593784
-0.084710605
-0.026603041
-0.19505079
0.10636896
0.041100867
0.1634932
0.0392545
0.12236328
-0.045739952
0.090944394
-0.0036516155
0.09551905
-0.078120224
-0.04234488
-0.078004725
0.11185746
0.01670265
0.0075712684
0.037841123
0.0035042835
-0.007876182
0.020254925
0.01582767
-0.12492994
-0.08633848
0.19083449
-0.10833029
0.0044749565
-0.2109964
-0.17398483
0.19486554
-0.0136974435
0.2282231
-0.05613357
-0.00030602235
0.0015546909
0.049372725
0.12252132
-0.067672625
-0.04462153
0.07300577
0.029819055
-0.039822184
-0.059283692
0.039929554
-0.08574877
0.039621197
0.0008158065
-0.11854957
0.062059958
0.16033965
-0.027119437
-0.06549172
0.022778414
0.10216643
0.0671421
0.077163786
-0.08527407
0.10193484
-0.002593782
0.05967949
0.061360564
-0.024774462
-0.019173883
-0.0024339908
0.049516212
-0.02184123
-0.049984176
0.06708426
-0.022064608
0.018774444
0.04766636
-0.04536839
0.11195182
0.061790477
0.03358137
-0.017554443
0.10734111
0.032529555
-0.040461928
0.09720532
0.053277068
0.009212838
0.114659935
-0.019326774
0.0651359
0.04855754
0.069225796
-0.04241292
0.064666346
-0.0033688273
-0.10419019
0.009095291
0.12361896
-0.082243405
0.059420638
0.05090547
-0.047959153
-0.06756487
0.012630293
0.11233819
0.025814116
-0.015692333
-0.0009786327
0.1236201
0.043376233
-0.13150646
0.0050278152
-0.045830335
0.0496606
0.015506057
0.0106943
0.10448958
-0.08177993
0.0017336939
0.05907836
0.03087333
0.15941745
-0.08271472
-0.0018374461
-0.054500356
0.076884784
-0.19143434
0.001674276
0.08687748
-0.076523826
-0.014854629
0.09874227
-0.004017429
0.07705394
0.18062127
0.096732505
-0.05030608
-0.052386098
0.06508698
0.091424376
-0.011068086
-0.027065795
-0.14165923
-0.061419744
-0.099329874
-0.0016671388
0.05542562
0.04222051
0.10779061
-0.037823647
0.029727796
0.109183766
0.08789969
-0.0010597192
0.06779718
-0.029523678
-0.010784384
0.057955906
0.036771897
0.18058668
-0.079353586
0.054700926
0.055527266
0.046176083
0.010719609
0.04768089
0.0749222
0.031825554
0.039981123
-0.06702835
-0.059972785
-0.14181483
-0.1380559
0.00812344
0.037027143
0.13406986
-0.013093034
-0.0366943
-0.0056422665
-0.014982964
-0.050322305
-0.050238658
-0.044210713
0.0327316
-0.038585346
0.07583618
-0.066125594
0.08447796
-0.084015206
0.043237068
-0.097479045
0.010680416
-0.05159451
0.015300507
-0.05910984
0.023079084
-0.017902762
-0.0519704
0.14933968
0.23063202
0.025973797
0.09523608
-0.052443296
0.07553167
-0.034857243
0.27252683
-0.23942754
-0.036959246
-0.22115229
0.14577308
-0.026891904
0.30365404
-0.0020866988
0.017562952
0.08998747
0.118004374
-0.005722781
-0.23347618
0.038186654
0.011504004
0.07076923
0.049039233
-0.19318779
0.04962114
0.00077938027
0.0660551
0.012760334
-0.16558982
0.06805058
0.05134383
0.2266733
0.0950134
-0.21761923
-0.044234846
-0.28904277
0.018529467
-0.2245452
-0.23924595
0.06055061
-0.14979336
-0.15599829
-0.045465313
-0.06617092
-0.048655283
0.044001877
-0.021270175
0.16424073
0.12633635
0.06278546
0.18543231
-0.122971304
-0.041527897
0.015406742
0.33762887
-0.05775253
0.07984974
-0.18908562
-0.0694915
0.07415418
-0.078256294
0.0530315
-0.09560698
0.16882338
0.005987977
-0.094624594
0.66867536
-0.1614345
-0.18677837
-0.08432504
0.09002214
0.09063498
-0.1835891
0.17344247
0.23354837
0.066439226
0.06671462
-0.13028473
0.08822649
-0.00897487
-0.21988975
-0.05291563
-0.19474937
0.036119908
-0.2356578
-0.15895401
-0.25855103
0.10466945
-0.25700754
0.21562675
-0.0051011965
0.10275395
-0.016991965
-0.17269245
0.016264822
-0.12139683
-0.036551632
-0.02752241
0.091223046
0.028900888
-0.1611709
0.06686852
0.103038035
-0.2416493
-0.07890702
0.10811776
0.093700506
-0.074774206
0.08308523
0.21353693
-0.07732523
-0.022753062
-0.24930407
-0.13731934
0.080582514
0.18688291
0.45319057
-0.03062177
0.18194826
0.31140584
-0.15543984
0.11280877
-0.20174795
0.043423142
0.0666837
0.0039358307
-0.128463
-0.12879533
-0.016178137
-0.11724524
-0.075665735
-0.10774175
0.089119755
0.009395674
0.19304593
0.08317087
0.20796216
0.14563976
-0.007961448
0.10535598
-0.031014996
0.042099215
0.04641465
-0.019775752
-0.0010845681
-0.037818126
0.13036607
0.08215539
0.013791017
-0.109396
-0.07698126
-0.011540695
0.019629115
0.20499873
0.13710067
0.034112185
-0.05387716
-0.1186087
0.004320758
0.058723282
0.054624844
0.13071007
-0.038357224
-0.07304623
0.081478454
0.056798566
0.22032352
0.02415185
0.25869906
-0.027175225
-0.15007995
-0.043730747
-0.17701384
-0.20234133
-0.023315609
0.18645254
-0.15885265
0.010287247
0.076745056
0.12191768
-0.0866463
-0.1835742
0.039611407
-0.115686595
-0.08846361
0.19288361
0.07355624
0.10098476
-0.08411894
-0.13728832
0.028008714
-0.06405011
-0.040407408
0.109771825
0.0009687189
0.074517764
-0.10856114
-0.04923594
0.15782258
-0.083348095
0.045048382
0.15302551
0.08998976
-0.1471308
-0.05614356
-0.06890254
0.048077438
-0.006588141
-0.01567681
-0.05463769
0.24672244
0.0953382
0.10477467
0.022202354
0.0047067082
-0.0844689
0.16093366
-0.06479526
0.012468989
-0.13742828
0.035641644
0.040835425
-0.051041942
-0.10939016
0.00050663005
-0.06666958
0.26402876
-0.18693413
0.14755568
0.062207077
0.00466907
0.09082532
0.0028943093
-0.094238
0.033998866
0.17515513
0.11072455
-0.121619985
0.005838693
0.17347866
0.110368185
-0.13375375
-0.13103049
-0.0071391826
-0.04226586
-0.06999785
-0.12495513
0.02223264
-0.124652624
-0.18131743
0.101501785
-0.13480839
-0.05211164
-0.154314
-0.03490141
-0.25476193
-0.20780872
0.021018032
-0.08855241
-0.1797006
0.090755686
0.20778228
-0.05540142
0.06615716
-0.08692559
0.086341314
-0.059634518
-0.1327054
-0.26411352
-0.15800728
-0.18701325
0.04556047
-0.037076075
0.18428452
0.12548527
-0.00027264748
0.13572854
-0.2480151
0.09424354
0.334428
-0.138299
0.049174234
0.103340104
0.026835036
0.19778211
-0.22890273
-0.10371649
-0.16823868
0.19953781
0.16840908
0.15486756
0.20416252
0.13389638
0.17008632
0.31299353
0.0008423428
0.15510124
0.24888621
-0.09629502
-0.07569534
-0.20200893
-0.08041494
-0.098514244
0.020100582
-0.091013074
-0.18776214
-0.09302573
-0.031308174
-0.1389129
-0.008512184
-0.111743554
0.08449451
0.028882843
0.2971272
0.11201462
-0.068843015
0.03465997
0.12380196
-0.003049732
-0.064938396
-0.09484741
0.1138171
-0.3389978
0.110793576
0.17032267
-0.04030194
0.026932899
-0.37779197
0.28507754
-0.016368665
-0.07367107
-0.16028208
0.18202426
-0.18820478
0.019134244
-0.08154017
0.15295655
0.30743536
0.08690739
-0.2294053
0.22861072
0.2161087
-0.019911611
-0.071415454
0.25765678
-0.06471722
-0.16435106
-0.09320824
0.047146715
-0.12355835
-0.14334783
0.043502487
0.08706192
-0.027931252
-0.09894691
-0.06423727
0.04663267
-0.07025
-0.032667056
-0.01456993
0.093561694
0.015495453
-0.113335006
-0.13462606
-0.043668143
-0.16689152
0.006676944
0.15295309
0.1758121
0.038998373
0.163208
-0.07129162
-0.29995397
0.09504613
0.09591763
-0.029388256
0.1614388
-0.19808923
0.032180104
0.10036619
0.023564247
-0.0060408437
-0.016451987
-0.060702518
0.007964888
0.088403754
-0.13333203
0.11553327
-0.07614792
-0.061501976
0.13187745
-0.0649864
0.08343197
0.13562216
0.11741071
0.02675435
0.04740261
-0.09066915
-0.029243419
-0.08595175
-0.19634488
0.007968694
0.05618124
0.022693487
-0.0865118
-0.061093926
-0.07048942
-0.02071134
0.109081134
0.0012645037
0.072801776
-0.019942757
0.05853857
-0.049828734
0.08799166
-0.05723139
0.062914826
-0.07810394
0.044046238
0.08798933
0.018086331
-0.077487275
-0.023996735
-0.123501986
0.0066460953
0.18895406
-0.008801522
-0.10965618
-0.033709917
-0.044421103
-0.008668311
0.04366013
0.015536161
0.09830908
0.075002745
0.021193895
0.004649451
-0.008800022
0.15032873
-0.09531935
0.070621364
0.1284188
0.13348256
0.13207938
-0.07880825
-0.14088465
-0.10033449
-0.022671875
0.028312186
-0.061353613
0.01691557
0.114066795
-0.04478452
0.13616015
-0.057300188
0.04999803
0.10488178
0.04839164
0.04576994
0.024447769
0.10027221
-0.17674802
-0.00332083
-0.042732462
-0.027889952
-0.06509988
-0.0076342854
0.032751404
0.14687705
0.07144367
0.111358516
0.092299834
0.015564506
-0.016900131
0.12256583
0.075117774
0.09540682
0.06971664
-0.12073282
0.13864678
0.065025225
0.038907837
0.1497005
-0.060885664
-0.0905045
-0.04199798
0.002961633
-0.120397456
0.110222414
-0.07503278
0.08028864
-0.028466705
0.010825013
0.09074322
-0.047347814
0.011103705
-0.022066476
0.014523661
0.07599116
0.032288563
0.114553675
0.05507503
0.056019746
-0.17082778
-0.016502297
0.03793083
0.05277461
-0.050351173
0.07004555
0.03434036
-0.0011013845
0.048378967
-0.035436608
-0.08630678
-0.1571579
-0.11982091
-0.037969567
0.050098397
0.27101955
0.021260366
-0.15195695
0.07706324
0.035662696
0.15516403
-0.008846922
-0.06584201
0.03902199
-0.115385525
0.16076483
0.12337163
-0.11706061
0.13423833
-0.0077791484
-0.16429956
0.0641576
0.029908897
-0.06079047
-0.08479239
-0.19501431
0.07184617
-0.059880916
-0.034276124
0.071759395
-0.067899205
-0.03071342
0.21007007
-0.06397246
0.16774434
-0.0592239
-0.039507832
0.18004212
0.027572703
-0.058953397
-0.02543611
-0.07953869
-0.065616645
-0.09107462
0.085385814
-0.07178646
0.16459945
0.09385834
-0.09739873
-0.06652047
0.09093695
0.031964302
-0.10445693
0.2168473
-0.12682156
0.34918883
0.029551249
0.17410676
0.057099577
-0.08187572
-0.08794952
-0.097941935
-0.04365155
-0.02533872
-0.051528163
-0.09791609
0.028055806
0.055201788
-0.028315531
-0.08255359
-0.19098327
0.029284364
0.2024214
-0.1273939
-0.08886445
0.23242268
-0.015419439
-0.10896838
0.11596019
-0.06600139
-0.0018027574
0.10536231
-0.10117071
-0.0066211107
0.07450349
-0.130579
-0.14601326
-0.069700815
-0.12099432
-0.05312346
0.06663483
0.20677811
-0.21386914
-0.15591627
-0.10353233
0.10446551
-0.12186248
-0.19787937
0.08024094
-0.099571005
-0.11212847
0.068217225
-0.18917853
-0.124100745
0.15533559
0.012871901
0.083361454
-0.07184028
-0.1891614
0.053961694
0.200961
0.20054351
0.060177844
0.04506896
-0.1184722
0.03724975
-0.027701901
0.16394371
0.06721043
-0.022315724
0.002561618
-0.07678
-0.053542707
-0.051813826
-0.013269391
-0.0011630509
-0.23669848
-0.31152228
-0.2960426
-0.18950067
0.02326498
0.07791471
-0.18365361
0.06987462
-0.10581881
-0.05068469
0.14530268
-0.039038416
0.015479907
-0.067626245
-0.32310972
-0.112442344
0.09572554
0.06467514
0.05024713
0.008184298
0.13286212
-0.21998727
-0.3507049
-0.03923748
0.22591148
-0.2387033
0.13009551
-0.17596804
-0.3865684
0.023158021
-0.13038036
0.021425102
0.11631846
0.032180365
0.062047627
-0.03860609
-0.11213505
-0.017802212
-0.09685936
0.21339676
0.06253345
-0.027966725
0.20647313
-0.06397612
-0.0032277585
-0.15404797
-0.073784225
-0.03507894
0.028285082
0.18934718
-0.11897448
-0.26866478
-0.0014612043
-0.11239604
-0.16567989
0.018268995
0.02450933
0.07843273
0.21957505
0.08917013
0.06491026
0.0138333645
0.0034177282
-0.040359776
-0.035930943
-0.02054395
0.13183804
-0.33709577
0.38356453
0.38699624
0.038661297
0.2075351
-0.050362088
0.29098868
0.11176783
0.102837734
-0.0009970453
0.18369105
-0.056034207
-0.116384245
0.15756585
0.08927657
0.043781813
-0.06370075
-0.051393855
0.12348262
-0.013233081
0.21000154
-0.23982014
-0.08696701
-0.11897922
-0.09945718
-0.097679466
0.0916964
-0.04132914
0.091588736
0.040399324
0.12855074
-0.14814174
0.037758496
-0.30831712
-0.06098836
0.1273472
-0.025643567
0.061055295
-0.11859146
-0.009951166
-0.086806074
0.22998819
0.33158877
-0.235855
0.0077543533
0.15369613
0.15282151
-0.011272205
0.10276377
-0.26959106
-0.39122674
-0.104726605
0.15037142
0.021872139
-0.048164286
0.014897996
0.035262235
-0.16272368
-0.110765085
0.09139889
0.029100962
-0.06348625
-0.09032069
0.04545976
-0.0036991183
-0.007243551
0.0673045
-0.017961739
-0.05641583
0.022663414
0.027879199
-0.1137288
0.07047075
0.0025345308
-0.049064543
0.112247705
-0.115770675
-0.03926069
-0.071843915
-0.038805977
0.074758485
0.10286981
-0.0467421
0.044787575
0.0066122357
-0.03982397
0.1230577
0.016749147
-0.101170264
-0.048019752
0.03619866
0.12296989
-0.09906365
0.015098273
-0.02953423
-0.10071033
-0.05100359
-0.09982085
0.07342062
-0.04895321
0.13989367
0.06964215
0.03391495
0.16871068
0.026997412
0.0030876596
0.048372414
0.05746519
0.04689882
0.0027137347
0.042869586
0.10036516
-0.05724827
0.04389208
0.1403041
0.029623317
-0.11214048
-0.1093005
0.015594526
0.06820421
-0.05242313
-0.06822197
-0.073767364
-0.043461107
-0.01575118
0.050220873
-0.10226895
0.062482994
-0.025967464
-0.030359032
-0.08069186
-0.12125893
-0.069460794
0.10363507
-0.13292898
0.044778887
-0.022399632
-0.075895414
0.07653316
0.015805727
0.020209374
0.015895134
-0.06470368
0.12109647
0.03192621
-0.104104705
-0.005032018
-0.014691947
-0.10383377
-0.024813807
0.16438478
-0.020860009
0.09645561
0.05532477
0.024800045
0.112941295
-0.007920382
0.0077833347
0.15226157
-0.023726847
-0.013772522
0.023390146
0.03517154
0.048159555
0.041960653
-0.07867481
-0.095384106
-0.0045529683
-0.094459824
-0.040554132
-0.03065737
-0.076020375
0.068196885
-0.047640067
0.05185989
0.08097843
-0.021372339
-0.13364683
0.04011893
-0.049507122
0.077364065
0.06337723
-0.10048787
0.14810577
-0.031999502
0.0004125216
0.11971186
0.04028131
-0.0724342
-0.09057601
-0.045455758
0.015683435
0.019459518
0.061782535
0.05493119
0.024273869
-0.07088526
-0.00096015894
0.11665516
-0.04262181
-0.050603714
-0.07816899
-0.08418945
-0.08877106
0.06140208
0.05647371
-0.0022769815
-0.0024602062
-0.14552335
0.11938816
0.023521496
-0.07681115
-0.047514547
0.046876267
-0.037283562
-0.12673165
-0.0136325015
-0.09746302
-0.056655064
0.045059595
-0.104319
-0.041561898
-0.13057458
-0.042207915
0.06979516
-0.04454972
-0.11185572
-0.0061023287
-0.07607049
-0.032022648
-0.05910185
-0.07890668
0.065449946
-0.049630098
0.054510232
-0.08946951
-0.083201595
0.032894716
0.037697166
0.116365224
0.005672466
-0.12419457
-0.113041975
0.11417956
0.09677635
-0.08980653
-0.03323252
-0.04414375
0.06950784
0.055096053
0.08166703
0.034108106
-0.08496223
-0.0041375416
-0.09040068
-0.13697337
0.015282117
0.021630472
0.053142257
0.07824339
0.0691274
-0.073923565
-0.09180714
0.009995839
-0.11354606
-0.039547313
0.10764541
-0.08193267
0.09872896
0.020708269
-0.04568833
0.040250044
-0.1519882
0.041110963
0.09574651
0.098729156
0.012392799
0.031127065
0.11912396
-0.050512694
-0.007989261
0.03778439
-0.1521292
0.04934873
0.14931425
-0.03844398
-0.07362676
-0.011124272
-0.016384227
-0.14137685
0.055902157
0.016950196
0.054601353
0.027853021
0.04411086
-0.05980549
0.09855086
0.050615273
0.05592713
-0.03343085
-0.010789773
-0.013572917
-0.0565101
0.15324692
-0.036689624
-0.007696343
-0.13434707
0.0133070955
0.022557022
0.09502206
-0.08930888
0.10285166
0.072147295
-0.101351835
-0.009510771
0.0035987974
-0.055892177
-0.062753834
-0.10300287
0.07418475
0.077477515
0.056445546
0.11091975
-0.12662435
0.028311605
-0.038964957
0.095229164
0.0040651336
-0.008065873
0.013687864
-0.13713011
0.03522177
0.109550826
-0.019132305
0.05310578
0.10009333
-0.10570631
-0.038718745
0.11979591
0.13402526
0.0123920655
0.00690197
-0.015033381
0.06284342
0.05593989
-0.056663346
0.03896625
-0.0040813955
-0.0664995
-0.059614226
-0.004432113
-0.046820715
-0.048731424
-0.04563902
-0.04985444
0.10253664
0.015525036
-0.09090102
0.030271983
-0.07118724
0.059127193
0.027195353
-0.11640961
0.093675934
-0.073337585
-0.18501909
-0.17145641
-0.022890292
0.077328786
-0.10889798
0.07585139
-0.031232227
-0.018078785
-0.023919107
0.048359096
-0.07810117
-0.027985891
-0.047135483
-0.096001215
-0.080752485
0.119662054
-0.037556134
-0.0076972097
-0.04595048
0.033947863
-0.026132032
0.025836619
-0.055900797
-0.038967453
0.062045492
-0.15295316
-0.026189106
-0.04354718
0.025712416
-0.09157208
-0.05236762
0.024145039
-0.01857604
0.069931366
-0.098707855
0.05317995
0.022064777
0.07322371
0.03586186
0.03527637
-0.13916793
0.1536895
-0.067045964
-0.015018394
-0.15624268
0.07724466
-0.06154782
0.009230546
0.03368352
-0.06683833
0.032101423
0.024598071
0.05146509
0.11808883
-0.006363016
0.0007144846
-0.013024286
0.04709214
0.023252843
0.04388284
-0.06687044
-0.14788583
-0.044799473
-0.06941429
-0.087514415
-0.05772361
0.19688794
0.075093225
0.02429019
-0.042602267
0.013673438
0.06514118
0.1341273
0.027692381
0.0015449515
0.0016150182
0.059703596
0.045656543
0.06958924
0.1312533
0.04647524
0.00541628
0.0010004214
0.0062430096
-0.06299103
-0.0002126176
-0.020498782
-0.0641063
0.108264886
-0.08666619
0.06019489
-0.029164845
0.05306614
-0.003163518
-0.12639496
0.031060569
-0.056809194
-0.034031574
0.052795332
0.0137764495
0.09236509
0.0946441
0.11305136
-0.005473445
0.10678441
-0.0746151
0.06852029
-0.011595004
-0.00821117
0.015150647
0.14103515
-0.005220821
0.03315793
-0.039957922
0.025997883
-0.073673815
0.095666684
0.0872768
-0.0054548234
-0.07831035
0.10487049
-0.039991442
0.12954834
0.111196734
0.04262276
0.056613132
-0.07912151
-0.047561344
0.016433666
-0.14090325
0.00093060074
0.030293548
-0.106000796
0.036447536
0.05596643
0.11760803
-0.048150007
0.079462916
-0.026612297
0.10184161
0.08200967
-0.043889612
-0.10291021
-0.021965109
-0.059930794
-0.07773254
-0.14056802
0.021804268
0.14853817
-0.013265162
0.029293811
0.116179176
0.10013614
0.058767065
0.14974743
-0.0044840327
0.046632666
0.1185196
0.030162876
-0.093814686
0.07611851
0.05810681
-0.14474408
0.02228974
-0.005894206
-0.059097502
0.0010403768
0.06877398
0.0529882
-0.07397903
0.10726485
-0.07286634
-0.0666582
0.0083506815
0.055559155
0.02172764
0.118089534
0.0064323745
0.061063677
0.11720525
0.050580792
0.07062322
-0.047979735
-0.009058393
-0.056107774
-0.013816012
0.029714003
-0.058307264
-0.0028983888
-0.08313223
-0.116943456
0.035773076
-0.05713481
0.049362987
-0.06872592
0.09554353
-0.09994949
0.016183486
0.09124519
-0.093297265
-0.020377021
0.051903863
0.112518825
0.11346592
0.015067359
-0.07402881
0.15115742
0.072060555
0.44179365
0.14073311
-0.07523012
0.154399
-0.0046390095
-0.2813506
-0.0015149405
0.4890917
-0.06574386
0.21974242
-0.14292032
0.4424983
0.21128021
-0.088977136
0.338258
0.20402719
-0.3587147
0.24940346
-0.28852215
0.04454818
0.40472078
0.088633396
0.60157585
0.019650316
-0.39811367
0.13277152
-0.5457529
-0.09467334
0.49661937
-0.2103018
0.36683547
0.07984628
-0.23949431
0.055000767
-0.18439181
0.0032470801
0.019780988
-0.16366878
-0.023443801
-0.224332
-0.07085658
-0.052226093
-0.13321677
0.038805403
0.023279198
0.5021867
0.011685131
0.12540816
-0.14559309
0.18678978
0.21660012
0.34814692
-0.16432023
-0.0059937523
0.09985996
0.3265052
0.30119988
0.22537908
-0.5178755
-0.14100581
-0.11851608
0.1084458
0.2740779
-0.002860324
0.42405772
-0.07189097
-0.1721323
1.0629749
-0.57696325
-0.6658854
0.038777992
-0.34240988
0.119165234
-0.51063097
0.53680813
-0.09526893
0.047447238
-0.50372255
0.031106748
0.057989296
-0.25717407
-0.07993404
-0.14541043
-0.16014384
-0.13445835
-0.31825837
-0.010722596
-0.57587737
0.4193318
-0.14926328
0.4681918
0.15975252
-0.18707402
-0.30267552
0.2552513
0.32901138
0.06538043
-0.111501224
0.37955746
-0.33526695
0.4316408
-0.1644698
-0.12080836
-0.046677098
0.21455373
-0.14384252
-0.1318617
0.3489902
-0.06543013
-0.38068858
0.32730833
-0.20745346
-0.40372288
0.07718817
0.036179505
0.21075948
0.26869395
1.0873225
-0.3273064
-0.27021694
-0.044531498
0.06538405
0.2225506
-0.29080215
-0.24896386
-0.020525953
-0.060524367
-0.06359198
0.006894645
0.050685626
-0.008670323
0.012596684
0.06961903
0.12665872
0.07954777
0.13082513
-0.006619172
0.044064175
0.011933116
0.10354335
-0.07208258
0.027882528
0.01624903
0.014636024
-0.097336926
0.065026365
0.029906167
0.050094258
0.07634848
-0.12394968
-0.009088105
0.111261286
0.0041921246
-0.042981077
0.06627257
0.013284419
-0.07547127
-0.060755786
-0.0019102504
0.045006298
-0.056676436
0.03986456
0.046130773
0.026739145
-0.15774196
-0.12994878
0.09422164
-0.08606938
-0.034291998
-0.071478345
0.13657038
-0.024255397
-0.0006192483
-0.13064012
0.05736843
0.11179385
-0.029462986
0.054674745
0.047766235
0.0240788
0.113823555
0.09002383
0.088243976
0.098795205
-0.0044862297
-0.004856902
0.12305448
-0.06033622
-0.018744089
-0.040885955
-0.0018099464
0.034639772
0.05236464
-0.11700488
-0.021835886
-0.032954928
0.0069855796
0.13475381
-0.29574567
-0.017060993
-0.07608065
-0.03669484
0.026383653
-0.021428768
-0.10291538
0.040067773
-0.15538216
-0.030757988
-0.12978898
-0.035644114
-0.0928874
-0.077720195
-0.047534764
0.05233049
-0.10431031
0.037119832
0.16265519
0.070664965
0.14145139
0.056779608
0.058669843
0.15602887
0.16494682
-0.12198131
-0.058324248
-0.03818772
-0.12109897
-0.03766253
0.08391664
-0.07747408
0.036230188
-0.12735105
0.19132982
-0.07600397
0.050069764
0.09223128
0.10312959
0.10009891
0.016732529
0.026660265
-0.054492593
-0.01786894
-0.09550601
0.08081665
-0.13497396
0.08101365
-0.13957958
0.035663504
0.02020141
0.029594077
0.008173006
0.05895941
-0.14749631
0.09603745
-0.1030063
-0.080748335
-0.08299069
0.04099258
-0.08733609
0.11419443
0.08395781
-0.09380511
0.04397427
-0.08656338
-0.076283574
-0.07947096
0.000598609
-0.08032723
0.1289899
0.09373762
0.05912876
0.045896154
0.061314337
0.042972434
-0.08727646
0.035156306
0.046183597
-0.022028076
0.032049276
0.070614584
-0.034465104
-0.08907155
-0.009967224
0.024581328
0.13295193
-0.0649969
0.07756304
0.08311219
0.0011722554
-0.024283133
-0.019846603
0.0011732655
0.12802607
-0.06361522
-0.07225629
-0.036803946
0.09251537
-0.031004142
0.022638353
0.052710935
-0.052793037
0.0010033082
0.13269562
-0.05193459
-0.08628859
0.106324755
-0.036758613
0.08715877
0.11805626
-0.054803908
0.060009986
0.10496747
-0.02211551
0.020213824
0.0118944105
0.047339454
0.11981007
-0.07208654
0.032708146
0.05222071
0.0051441593
-0.06937397
0.033121105
-0.038137313
-0.04487574
0.12103909
-0.06919525
0.11261779
-0.05029847
-0.0066001345
0.05833206
0.0066055036
-0.0009756117
0.050187133
0.014542195
-0.0905519
-0.022807928
0.11712071
0.07341322
-0.040461008
0.03683064
-0.10116613
0.0839069
0.0021979625
-0.033382077
-0.0933638
0.10442563
0.12899962
-0.085653484
-0.06792572
-0.01162295
-0.11665805
-0.032215517
0.06286069
0.12469425
0.054093026
0.08872173
0.006649677
-0.051815227
0.07789346
0.10449935
-0.04262023
-0.1065047
0.1036103
0.017158993
-0.012953918
-0.008382866
0.011003221
-0.10303319
0.12073658
0.08108102
-0.0033861562
-0.0162574
0.03458957
0.015703289
0.07544315
-0.010005688
-0.04728162
0.12325037
0.055536192
-0.0065274294
0.09983569
-0.042626515
0.06325908
-0.060127012
-0.11876037
0.096706234
0.13944775
-0.06031458
-0.04270584
0.023537582
-0.08299707
0.0008640387
-0.04614716
-0.019744005
-0.09372143
0.10670854
-0.023761109
0.11913044
0.0053670406
0.029959958
0.022177387
-0.009165259
0.00033359195
-0.08334751
-0.036205184
0.105393246
-0.04373577
-0.08740656
-0.079887524
-0.0511104
0.037124306
0.052155375
-0.05659062
0.019464351
0.024189897
0.045372806
-0.017308375
-0.021476552
0.05870242
-0.07185317
0.07845893
0.050961714
-0.019901425
-0.019581266
0.11086337
-0.032447405
0.023686195
0.10545333
0.019968465
-0.03436101
0.07793625
0.15060914
-0.03081299
-0.077305436
-0.066414855
0.018186213
-0.043422792
-0.030237664
0.05950465
0.008103391
-0.010638791
0.1048719
0.02966526
0.13382848
-0.07689639
0.13541602
0.1363639
0.14712995
-0.11864408
0.15059216
0.048306756
0.11259973
0.03469775
-0.011462034
0.034246888
0.010317019
0.088292904
0.008376947
0.019849777
-0.0859458
-0.079129905
-0.081012666
0.12071537
0.02303508
-0.065719076
-0.027966907
-0.04518928
0.08591324
0.17402026
0.10200912
0.04524283
-0.0220844
0.10502614
0.041072037
-0.0055275867
0.011346994
0.064580366
0.0004102878
-0.081056915
0.07847468
-0.116240405
0.09605852
-0.1526504
0.1061644
-0.03237566
0.116087414
-0.1595611
0.014486935
0.083525546
0.03270694
0.06662707
0.11843537
-0.100236826
-0.01703091
0.019086633
-0.11538747
0.10442769
0.072367094
0.03208777
-0.06496727
0.05043059
-0.04346326
-0.08797913
0.113126434
0.04707366
-0.06041157
-0.017923139
-0.085427724
0.15651475
0.010791074
0.06178541
0.16552126
0.09296025
-0.12586482
-0.1746593
-0.023550374
-0.08243244
0.0056830267
0.03620713
0.12714146
0.12841581
-0.13587423
-0.10273984
0.022284567
-0.08800222
0.110253766
0.0010733312
0.08818395
-0.043603905
0.017634923
0.14374848
0.036327485
-0.09202285
-0.035556655
-0.050240744
-0.095057756
0.037028402
0.08119607
0.005112109
-0.078943945
-0.06193958
0.115435295
0.02384032
0.047627162
0.05542722
-0.0050796894
-0.07804491
0.051655702
-0.085521236
-0.04055975
0.09073334
-0.0072922935
-0.099938475
0.02980885
-0.09666662
0.012465207
0.16396147
-0.007463999
-0.14628805
0.0862741
0.09350537
-0.0074906554
0.14442039
0.07188184
-0.06803842
0.069504894
-0.23707795
0.022211388
0.021437677
-0.111296915
-0.13354382
-0.17637023
0.19804637
-0.04410995
-0.12623303
0.013003549
0.0005292974
-0.059525527
0.062442392
0.039148007
0.0035706032
0.1370763
0.052654658
-0.10279508
-0.03039335
-0.06379684
-0.05431962
0.07091867
0.024178682
0.13068782
-0.24091351
-0.0745606
-0.07867316
-0.015120231
-0.064266734
-0.012369338
0.0557957
0.064131364
-0.052895155
0.0037572628
0.06372461
-0.09860418
-0.07462373
0.0674702
0.013128548
0.11251421
0.12040703
-0.030455712
0.08490863
0.051462602
-0.09982421
0.004864031
0.253157
-0.09574816
0.098795235
-0.021307748
-0.028643642
0.08009886
-0.031780858
-0.09742763
-0.07873167
-0.009067739
-0.021528168
0.07569023
-0.12361818
-0.1001487
-0.03689069
0.060353283
-0.02690071
-0.014169492
0.010946326
-0.10879842
0.031008095
-0.089003414
0.043639123
0.07689609
0.054875884
-0.108159915
-0.07987809
0.061928175
-0.10405346
-0.037285138
0.07338118
0.13551386
-0.047797788
0.10310094
0.0018860277
0.14175448
0.16469854
0.14001106
-0.079242565
0.003552089
0.0737226
0.095296845
0.00069882756
-0.112767555
-0.12130891
-0.048782323
0.024393832
0.054258727
-0.01348844
-0.08122178
-0.036894526
-0.13154022
0.09516815
0.07701247
-0.009712802
0.2186464
-0.07938448
-0.04570308
0.023908712
-0.001971952
-0.06898403
0.09704292
-0.15120062
0.033201627
0.052607734
-0.021557113
-0.08414144
-0.01125992
0.20257218
0.13348307
-0.027908867
-0.030023674
-0.036001932
0.08244888
-0.12601689
-0.008620989
-0.12289407
-0.008516595
0.022008646
0.045904927
0.09513249
0.11854595
0.10887799
-0.0993188
0.12525436
0.15995829
-0.15840194
0.0051844306
0.10417773
-0.16775385
-0.09556284
-0.01988345
-0.10030237
0.055663608
-0.09502906
0.002564641
0.082800105
0.090394504
0.03641653
0.06846815
0.008000327
-0.061290536
0.018420208
-0.05234478
0.06796625
0.060291115
0.23771122
-0.057338525
0.044879
-0.03185652
-0.121362984
-0.042861715
0.031374644
0.16179436
0.074611455
0.122216545
-0.024890663
-0.15811549
-0.0052116117
-0.035538077
0.073988505
0.009353425
-0.050194107
-0.10502466
0.007075319
0.012131298
0.08717849
-0.030477984
0.036730967
-0.008408049
0.029508984
-0.044047058
0.109232634
-0.09560538
0.09175443
0.080867454
-0.09416066
-0.015054647
-0.091396295
0.10840975
0.11728344
-0.0054308
-0.03130907
0.015763357
0.035664447
0.15837742
-0.00848809
0.056525238
0.06592852
-0.19029589
0.0166561
-0.1355713
-0.09422177
-0.09819332
0.10713662
0.056135997
-0.11783547
0.04649095
-0.10242658
-0.053348634
0.05528733
-0.03569716
0.13030805
-0.10986797
-0.0056323833
-0.022042252
-0.042515468
-0.10214241
-0.0021863412
-0.1036403
0.009374117
-0.0585453
0.18559027
-0.09658386
0.015969208
0.06644732
-0.09526561
-0.0011500934
-0.015774695
-0.046234105
0.13090368
0.091014266
-0.15100326
0.10796754
-0.20326674
-0.024180608
0.08323474
0.09063625
0.0026003364
-0.04018136
-0.033683643
0.18984427
-0.058493864
-0.044076763
0.0800607
-0.21479256
0.033289284
0.12140287
0.03329906
-0.05161995
-0.04709519
0.1063263
0.0070119016
-0.029714609
-0.02026075
-0.12923491
0.0060945125
0.16648737
-0.0152360685
0.123618506
-0.08722425
-0.11943834
0.0032863521
-1.827483e-05
-0.11010935
-0.11034967
0.19273119
-0.042008065
-0.16702278
-0.10564321
0.1114437
-0.14388478
0.06860582
0.12823883
0.07652493
0.2304189
-0.043694764
-0.008520373
0.024197092
-0.13159987
-0.12116659
0.0027734628
-0.06210322
0.08865984
-0.056182485
0.03942677
0.09750788
-0.12556194
-0.100602895
-0.011627886
0.123083144
0.124865085
-0.15889584
-0.0046723727
0.1396849
-0.09631497
0.07791402
0.011926667
-0.039513137
0.04914844
-0.11304579
0.102084406
0.063885644
0.062001422
-0.07625056
0.101614535
-0.15627235
0.06167085
0.024183063
-0.08783788
-0.083383165
0.07032288
0.032986496
0.13848963
0.04970767
0.08437382
0.14349264
0.02951396
0.046561133
-0.002168846
-0.13842106
-0.08167248
0.012559667
-0.034105685
-0.2117471
0.030429846
0.036836248
-0.11225412
-0.007683627
0.018679228
0.066210434
0.12027699
-0.21547449
0.018105127
-0.16951662
0.42985225
-0.039245553
-0.2500768
0.047082767
-0.12441663
-0.20043546
-0.011854534
0.022180725
0.0974888
-0.04407629
0.10568346
-0.009333519
0.22583392
0.39925444
0.34232733
0.14355518
-0.20963615
-0.25353488
-0.013345604
0.21745364
0.022192825
-0.19994132
0.036655944
-0.017793488
-0.017613716
0.0031423923
0.105376735
-0.011419959
-0.044218034
-0.121250965
-0.1289242
0.04359422
0.03969273
0.21091715
-0.01664605
0.17971297
-0.15635468
0.13536784
0.017770529
-0.083582774
-0.026770478
-0.08496442
0.0037843687
-0.018648896
-0.095289804
0.02939181
0.03906649
-0.148704
-0.08546001
0.102717735
0.03902904
-0.004259709
0.001934753
0.218609
-0.05244547
-0.01690426
0.09639624
0.10806184
0.09861927
-0.07633417
0.12633741
0.6815381
0.22241087
-0.07075456
0.33351347
0.07981406
0.15710692
-0.0755921
0.014431267
-0.009030153
0.35274345
-0.012271188
0.1394509
0.065270916
0.16671567
0.085495815
-0.040392976
0.16617778
-0.15406208
-0.0013889392
0.16791473
0.04988993
0.10576655
0.14663835
-0.1841417
-0.025951227
0.19643319
0.13936332
0.0019150078
-0.08972479
-0.036212523
0.08052972
0.09413884
-0.22828408
-0.14151004
0.026905797
-0.30556503
-0.06639745
-0.15789838
0.04879254
0.49535042
-0.21133399
-0.10229353
0.050900143
-0.20807517
0.14572379
0.08818899
-0.04066349
-0.08350049
-0.23304251
-0.10052237
-0.025148882
-0.04446448
0.08325349
-0.17932501
-0.021196686
-0.062189538
-0.15492445
0.16264933
-0.09161361
0.046455264
-0.2586831
-0.11880837
0.1707739
-0.016516516
-0.024279669
-0.052896254
0.048010226
-0.05628515
-0.020895712
0.14740883
0.08248175
0.112466484
0.1782259
-0.07462426
0.2604688
-0.027856532
0.12858015
-0.08973814
-0.0056786155
0.07223214
-0.111707605
0.034267873
-0.2042331
-0.0069285017
0.13236982
0.29780987
-0.072847575
-0.06297853
-0.056944277
-0.004904665
0.055047937
0.09109623
0.12967421
0.12803487
-0.026385589
-0.06574545
0.0033963227
0.04906216
0.0616277
-0.0184589
-0.14066747
0.10153696
0.117778696
0.17081393
0.08332628
-0.081441484
0.23543118
0.011168286
-0.08468746
-0.028287254
0.062223148
0.0012009905
-0.20100772
-0.1612552
-0.036335655
0.13777909
0.020796582
0.10066788
-0.057476837
0.06885471
-0.060316443
-0.1119541
0.13008532
-0.07761318
-0.08552322
0.051800705
0.021540493
0.018309304
-0.19963807
-0.10435831
-0.16656457
0.079551816
-0.07885875
-0.022068592
-0.0002752628
0.21231912
0.07694963
-0.04240296
-0.02841078
0.01860744
0.10124423
-0.0036412487
0.03415727
0.086461835
-0.040826034
0.07811244
-0.038445555
-0.12648821
-0.11923363
-0.19229937
-0.029268812
0.26099625
-0.1574362
-0.13500912
0.06951604
-0.0075268983
-0.13086182
-0.08655978
-0.11984047
0.04787835
0.04051523
-0.07862575
0.049776692
0.020201439
0.2398178
-0.008046076
0.24517195
0.06621045
0.06424056
0.16206455
0.13246916
-0.00035091772
-0.14038761
-0.010973791
-0.01394025
-0.010660148
0.08252416
0.22295195
0.020268051
-0.00032297417
-0.1495384
0.14575478
-0.116158426
0.09309714
-0.058871865
-0.2751901
-0.06249574
-0.07470308
0.017688204
-0.07364034
0.022955664
-0.3868185
0.024614304
0.14679155
0.32015613
0.23719645
0.058174208
0.42571375
0.07885126
-0.03294907
0.33973092
-0.23865004
-0.12712234
-0.25382286
0.2873864
-0.049686175
-0.2169081
-0.30490395
-0.39969215
-0.12569304
0.09072555
0.01222056
0.2921676
-0.04591347
-0.45942745
-0.35131922
-0.2134596
-0.111263804
0.24763848
-0.020849297
-0.19312176
-0.08801885
0.09290344
-0.00906451
-0.23472509
0.5513937
-0.09526241
0.09446743
-0.33551157
0.010683215
0.066770114
0.07362052
-0.2500083
0.00458335
-0.038456272
0.025274374
-0.07227575
0.096485995
-0.12373488
0.26643732
0.011742126
0.006128736
-0.10540288
0.252988
0.03885792
-0.2518709
-0.20983383
0.032451127
-0.27213722
-0.07043932
0.2525783
-0.38712436
0.12885293
-0.27543455
-0.1043721
-0.10589504
0.47644415
0.1558804
0.13919319
-0.24927661
0.024425726
-0.2107788
0.08928272
-0.06390229
0.1094157
0.029279523
-0.22357671
-0.052109633
-0.015909746
-0.04823131
0.086574465
-0.046677463
-0.06892647
0.28089544
-0.15411349
0.031770647
-0.13192338
-0.15017964
-0.13818374
0.06032939
-0.13419637
-0.20470437
-0.33908254
0.20356661
-0.16882434
0.29180217
0.13202395
0.17189668
0.03815517
0.18764192
0.12525804
0.35860422
0.15100044
0.055608224
0.2762379
-0.042128608
-0.15723635
-0.07520311
0.18767057
0.14284413
-0.097043306
-0.2605104
0.1487435
-0.08634668
0.20095773
0.27604383
-0.40951607
-0.2077437
-0.17224135
0.081637815
0.06863919
0.30808303
0.22081871
0.1820824
0.083380915
0.19818312
0.21116753
0.2430126
-0.23498026
-0.09345782
0.082150705
0.06377819
-0.00022070046
0.001963587
-0.116195485
0.18678443
0.061015807
-0.009524779
0.023925172
0.09037327
-0.10533312
-0.036492214
0.08653086
0.07730492
0.03430968
0.007960284
-0.03845798
0.033827715
-0.0768401
-0.037507303
-0.011469988
0.07584184
0.03567622
-0.0928334
0.015792465
0.06665174
-0.109821185
0.13939194
0.122497626
0.106850244
0.019617133
-0.089475855
-0.08332868
0.11985249
0.03293661
-0.013233871
-0.037493713
0.02055545
0.099695
-0.09233697
0.13272412
8.601204e-05
0.011730263
-0.07168346
0.089897394
0.11801267
0.15261711
0.029172372
0.02068016
0.13733819
0.01630176
0.039101627
0.13242939
0.08621536
-0.067289814
-0.041254736
0.055959303
-0.0036253023
0.07145874
-0.08093906
0.027089866
0.07741731
0.08289725
-0.1160524
0.286562
0.023319002
-0.035504803
0.114469975
0.0732455
-0.07741064
-0.080023594
-0.07144484
-0.12143985
-0.084733486
0.026840353
-0.028031964
0.06089561
0.0208536
-0.028099513
0.08868186
0.020250445
0.03878658
-0.10928105
0.10437663
-0.07439877
0.04338923
0.007888685
0.12413182
-0.06912131
0.032855697
0.11293178
0.08657047
-0.018042447
0.05942767
0.06764251
0.07877083
0.06387254
-0.13321319
-0.082570225
-0.009517084
-0.014058955
0.007710919
-0.04074052
0.03610685
-0.020491235
-0.16341785
-0.041714493
-0.012364979
0.1280369
-0.033411432
0.009162929
-0.050467808
0.011192662
-0.057717323
0.075891435
-0.012798145
0.05051967
-0.03310759
-0.02426928
-0.00194496
0.122429244
0.039390914
-0.011286372
0.139995
-0.06506252
0.13970134
-0.08462126
-0.2536728
0.16003196
0.1336064
-0.0060152225
0.14586817
-0.17623867
0.47383237
-0.13622558
0.107172415
0.1676144
0.08172807
-0.015117855
-0.17030196
0.011580124
0.05097615
-0.19381072
-0.2911965
-0.1508236
-0.2752335
0.15444152
0.116684675
0.16267659
-0.0011624434
0.046993367
-0.20280208
-0.09182382
0.03625939
0.14254846
-0.16155949
-0.30480456
-0.09372949
0.02240533
-0.17683543
0.08500371
0.12004649
-0.043895323
-0.054646663
-0.40597013
-0.008187764
-0.20570259
-0.15354411
-0.020125533
0.064564295
-0.08562246
-0.07368627
-0.04938463
-0.046739247
-0.10418751
0.04615061
0.17388572
-0.13021941
-0.076307416
0.06744741
-0.042334527
-0.29135278
-0.1965554
0.21283935
-0.08501216
-0.021485567
0.30522525
-0.11152802
-0.030722206
-0.3559501
-0.233297
-0.22328083
0.43439522
0.06738023
-0.005648115
-0.27092996
0.07224143
-0.10008632
0.05065551
-0.100824066
0.057324097
0.022774842
-0.13114312
-0.050625097
-0.10506338
-0.094014905
0.2614424
0.10769316
-0.14639302
-0.04611882
0.038583156
0.04074843
0.07125477
-0.10638139
-0.072608866
0.18373014
0.0022107405
-0.025354864
-0.22807032
0.09313189
0.054600637
0.1592878
0.008351179
-0.16789936
-0.023676245
0.0199281
0.039152186
0.08559876
-0.020911423
-0.04024444
-0.14818239
-0.17976122
0.008939004
0.09549027
0.089513436
-0.03810587
-0.037292346
-0.19176099
-0.09250299
-0.20485374
-0.23365009
-0.03729096
-0.15147784
-0.15692848
-0.16856793
0.035131037
0.1943933
0.1169213
0.094415836
0.077376455
0.08620531
-0.054792736
-0.018880501
0.16005899
-0.10090422
-0.23584703
0.1885721
0.20760368
0.12116207
0.07533445
0.10199329
0.39621007
-0.082545035
0.029661704
0.08593319
-0.030688401
-0.055820644
-0.27414948
0.09475455
-0.12363102
-0.1945566
-0.261819
0.02678595
-0.12026453
-0.08080237
0.22371319
0.2926355
0.1290271
-0.18433838
-0.11100967
-0.14462362
0.12680615
0.16777985
0.038329575
-0.01406633
0.1968819
-0.01047753
0.014156555
0.06683196
0.18098715
0.025212934
0.12177645
-0.15378682
-0.0451784
-0.00701912
0.096417114
0.20392065
0.14004432
-0.09538346
-0.028788572
-0.045873735
0.034661997
0.10462724
0.06482639
0.13373993
-0.10844976
-0.028207727
0.10680669
0.03862384
-0.1372431
-0.13076572
0.027155526
-0.105965674
-0.22434641
0.17660077
-0.24114451
0.31603193
-0.36760584
-0.046857685
-0.057323117
0.0619844
-0.06978069
0.08139451
-0.007852534
0.27682197
-0.24216363
-0.08313822
0.1032747
-0.16667534
-0.25562128
0.011896338
-0.19819266
0.051938135
0.06494342
0.105980776
0.062380172
-0.1627584
-0.21683426
-0.09308916
0.018856354
-0.06934701
0.10070879
-0.21582252
-0.073794864
0.0013864305
-0.1882261
-0.11452395
0.032173615
0.049612913
-0.04226291
-0.066090696
-0.06942924
0.010729243
0.25621542
0.2028488
-0.040635064
0.014236504
0.23003356
0.07206659
0.013845183
-0.020878566
0.14972676
0.065760046
0.057374164
-0.05455769
-0.19779134
-0.0995503
0.124414004
0.13619043
0.115290284
-0.20890418
0.04532333
-0.030905746
0.13384281
0.07210685
0.059772287
-0.13369073
0.05029465
-0.009688291
0.027959635
0.21927662
-0.0614825
-0.24931286
-0.1599692
0.12026817
0.054191835
-0.098933674
0.20995732
-0.18084686
0.03306696
-0.044679616
0.09783853
0.08740015
-0.0043033655
-0.01223785
-0.0012102299
-0.13565554
0.11901673
0.0026347716
0.10380397
0.43035206
0.04867533
0.03139311
0.13237667
0.061947968
-0.16387431
0.08558528
-0.0485859
-0.036776643
0.0534725
0.0046698656
-0.14455305
-0.021276498
-0.0234317
0.09646077
0.06462149
-0.01448758
0.029709388
-0.06789856
-0.010651954
-0.08781269
0.046986863
0.08887666
0.16124049
-0.012128745
-0.113458
0.06135784
0.12707555
0.06578977
-0.03823107
0.009927307
-0.037129965
0.012724365
-0.061387733
0.04565722
-0.09034172
-0.07803978
-0.053084075
0.057830155
0.04519978
0.015212935
0.029924955
-0.07581592
-0.11920806
-0.061627317
0.027753707
-0.0524304
0.031263806
0.031798285
0.12912399
0.07833531
-0.053707052
-0.03314512
0.027242433
-0.039107762
0.0021187556
0.014300199
0.0149640525
-0.0673797
0.01655541
0.13455687
-0.0607409
-0.08841409
-0.08143473
-0.09365325
0.038971808
0.07119472
0.026799487
0.0326065
-0.08971078
-0.035047885
-0.034935065
0.03972669
0.03190084
-0.038987942
0.0090164775
-0.09872064
-0.06165403
-0.008761877
-0.0018470354
0.016753936
-0.03598945
-0.036963698
0.10031672
0.022655625
0.10499655
-0.12149975
-0.0073715416
0.0913743
-0.12622611
0.08271028
0.114577405
0.05679174
0.009199054
0.08172863
-0.094102584
0.0771549
-0.05945129
-0.0460639
-0.042595644
-0.012059761
0.02974888
-0.0017944684
-0.028575877
0.027860107
-0.010199756
0.059651464
0.118099295
-0.011392133
0.14862785
0.046524625
0.07748837
-0.09771363
-0.11189266
-0.0168616
-0.19320492
-0.14790036
0.042828433
0.12226851
0.031283606
-0.08670007
-0.045203224
-0.049673066
0.08755915
-0.10893993
-0.02935731
0.112523094
0.20446056
1.287839
0.042938862
-0.014350944
-0.022698125
-0.11473052
-0.15069668
0.14134572
0.081830755
0.091510974
-0.09190566
-0.03493732
-0.053683154
0.07931928
0.03596561
-0.07327733
0.09474925
-0.010704372
0.021094408
-0.0944609
-0.06578571
0.12407739
0.027621912
0.034864817
-0.09373447
-0.062420756
0.06173394
0.061448153
0.07688991
0.14181057
-0.0069196727
-0.02366561
-0.04750291
-0.051830184
-0.09836489
-0.071879745
-0.028913504
-0.01557652
-0.015242579
0.07933309
0.06661517
-0.07425557
-0.09096806
0.0016213142
-0.0008896289
-0.11940283
0.1271815
-0.012219586
-0.007198885
-0.041798934
0.009574004
-0.013897271
0.099886216
-0.06260671
-0.044152774
-0.05906017
-0.073587164
0.02838829
0.10809135
0.058411986
-0.14315727
-0.014631118
0.049605016
0.04864326
-0.12321673
0.089689225
-0.04854092
-0.086306654
-0.12216519
0.024012862
0.0041521173
0.1057776
-0.13226764
-0.0051492066
0.06835805
-0.077353716
0.044524185
-0.055527885
-0.16469666
0.055864986
0.062353846
0.09532515
0.055648435
0.016989244
-0.04325681
-0.06969229
-0.06626158
0.08921721
-0.0004763724
-0.028519057
0.0029817051
0.043826796
0.056147117
-0.056130864
0.0016695797
0.13032913
-0.06820297
-0.022278698
0.034391273
0.061500035
0.04910358
0.079026654
0.1291873
-0.08674219
-0.013140326
-0.011944824
0.060974013
-0.097010046
-0.13119248
-0.12865531
0.00076716807
0.019753188
-0.049396142
0.0044765784
0.0670357
0.115235336
0.18756995
-0.07173029
0.20426658
0.08274967
-0.0683613
0.07408461
0.009662364
0.04130043
-0.05403186
0.04874172
0.058163013
0.003421165
0.0075789145
0.28752452
-0.091447584
0.06493496
0.13304913
-0.014161481
-0.031808153
-0.0405762
-0.017262686
-0.15199435
0.038387656
0.12736279
0.05948361
-0.053874318
-0.13299005
-0.09533144
0.09633504
0.0712655
0.053780768
-0.04342976
0.09724856
0.036529824
-0.1375616
0.030912416
0.14613551
-0.18994068
0.07034556
-0.14290589
0.13460179
-0.06651391
0.06219908
0.081892215
0.1352911
-0.057261534
-0.118372165
-0.11239339
0.06376222
0.09045335
-0.027322479
0.08662857
-0.052249637
-0.10675237
-0.119277455
-0.029421298
0.052819517
0.04524309
0.034375403
0.05406711
-0.12408605
0.105379164
0.14796264
0.09791107
-0.041832563
-0.032508053
-0.06969502
0.06628446
-0.07716552
-0.1609384
0.10074158
-0.062260818
-0.06719588
-0.02241986
-0.10206726
-0.10411045
-0.07561333
0.022705814
0.14142035
0.013442625
0.045939643
-0.029055145
-0.024974113
0.011949543
-0.011364575
-0.09899595
-0.020836107
-0.016631624
0.06828208
0.03914413
0.05541556
-0.104025014
0.12009826
-0.14238496
-0.11425003
0.11888974
0.14326178
0.07137324
-0.0033494679
-0.07035583
0.007942062
0.08960756
-0.14583147
-0.0238562
-0.008515876
0.028286776
-0.06350246
-0.090538226
0.010219027
-0.015446836
-0.02683023
-0.02319501
-0.08890387
-0.15169388
-0.008396424
0.06335332
0.057119217
0.07290294
-0.039070662
-0.05325991
-0.027827386
0.12261755
0.03641453
0.056980774
-0.021391056
0.04189919
-0.13326818
-0.1233288
0.060013205
-0.17311242
0.08743881
-0.017806446
-0.09036034
-0.038115058
0.09517761
-0.06833064
0.017495057
-0.01042605
-0.025616126
0.16611911
0.07958217
0.21548212
-0.09139089
-0.10320512
0.08859492
-0.024879673
-0.02371533
0.13061179
0.099592246
0.09862861
-0.11777457
0.004271164
-0.085877076
-0.054384407
-0.06414874
0.104438186
-0.010573051
-0.048725612
-0.06901779
0.010527866
-0.05383879
0.10158444
0.13451949
0.084069744
0.04769175
0.112057604
-0.08635956
-0.10061559
-0.09297539
0.15901655
-0.012254495
0.13525432
0.013416301
-0.045536816
-0.11264517
0.10628399
-0.08712798
0.10735113
0.044454228
-0.053198982
-0.008090143
-0.017884774
-0.088941194
-0.0055192057
-0.026957236
0.07862831
-0.015832463
-0.028623758
0.029862203
-0.060293157
-0.04820789
-0.12843417
0.03651611
-0.114555955
0.046146754
0.09700562
0.02650543
-0.10051649
0.09658998
0.034817304
0.07881145
0.017905915
-0.098312244
-0.14827912
-0.061445896
0.049640898
-0.08344627
-0.031796463
0.035083957
0.15630496
0.02333525
-0.082052015
-0.11088065
0.025562454
-0.018455984
0.026064562
-0.057892527
-0.014622977
0.003380935
-0.056193933
0.006555147
0.08454796
-0.04055804
-0.066806786
0.09099852
0.014593373
-0.021575384
-0.077062435
-0.014935941
0.091060854
-0.028926218
-0.038469546
-0.099252686
-0.04247923
0.13474628
0.10094951
0.06434972
0.035759196
-0.029147493
0.04111248
0.06707793
-0.10805748
-0.11128669
-0.002943666
0.028347012
0.00923355
0.019451307
-0.06681499
0.099936984
-0.13226174
-0.08937194
-0.047595464
0.70505065
-0.1379943
-0.37065947
-0.3932012
-0.83701146
0.028733982
-1.1106182
0.017344838
-0.058177587
-0.59660774
1.0672251
0.00427808
0.5277162
-0.26839846
0.18155529
0.09806746
0.8473597
0.8810823
0.54915154
-0.13003957
-0.16698876
-0.60886914
0.074887976
0.3248886
0.3591482
0.34969857
-0.11814797
-0.3768627
-0.098222606
0.25927135
-0.19034183
0.0032087907
-0.049674965
0.078007504
-0.8144332
0.00045844997
-0.1661596
0.7825197
0.102093235
0.033137478
-0.059440143
0.8417021
0.050271362
0.086071745
-0.17329451
0.30893475
-0.4366687
0.42273122
-0.23778583
-0.0045089936
0.09854955
0.4227476
-0.32153687
-0.12474255
0.66393036
0.224437
0.08142268
0.42349452
0.03787784
-0.6386847
0.65416473
-0.40884656
0.5578198
0.5785133
0.08847275
-1.1314448
-0.014915015
-0.24940987
0.6545177
-0.19463913
0.3371465
-0.12283781
-0.038991228
0.26430446
0.6732349
0.01941978
0.18772228
-0.06433613
0.14144818
-0.023163341
0.054781586
0.29535654
-0.369684
0.66157824
0.06536193
0.37385094
0.10697536
0.4000537
-0.13178545
0.02725386
0.41973567
0.27823478
-0.15937898
0.3026391
-0.43165028
-0.2861458
-0.10126967
0.02580551
-0.14444548
-0.36097056
-0.52643985
-0.1650788
-0.2617667
0.3479781
0.36697504
0.12294192
0.16197501
-0.06545398
-0.3629685
0.028424863
0.7834442
0.08159946
0.1700762
-0.3984777
-0.29420966
0.9910355
0.20055632
0.19238067
-0.2770206
-0.2317293
-0.63640636
-0.11079969
-0.16885069
-0.14874688
-0.29569274
-0.40457872
-0.019282993
0.33863905
0.0821249
-0.023275366
-0.0379695
0.03259896
0.16277926
-0.013895732
-0.054629788
0.006697098
-0.0258252
-0.048018757
0.018132789
0.122881554
0.037340343
-0.115204334
0.09091073
0.064217605
0.023291016
0.03801076
-0.021001521
-0.07810295
0.04828284
-0.031705867
0.01612392
-0.051290277
-0.025787024
0.077973366
0.02936851
-0.010908104
-0.030729016
-0.051560223
0.13538556
-0.17544836
0.046480883
-0.11378652
0.0028289035
-0.08183911
0.027465105
-0.11414593
-0.046324372
-0.0047292784
-0.13418041
-0.005631403
-0.008370314
0.023079706
-0.03309474
0.06534624
-0.058183283
-0.12134928
0.11069238
0.083387814
0.09490669
0.025977978
0.09031781
0.13035311
-0.047513243
0.010986341
0.20651172
-0.0018836099
-0.07268064
-0.111747935
0.0061802836
-0.028949406
-0.0003218489
-0.07209106
0.0012470433
0.09228357
-0.036824528
0.01611846
-0.10234912
0.07042345
-0.01405818
0.14499564
-0.028481489
-0.111373425
-0.044363316
0.01960662
0.052026827
0.054850392
-0.06448926
0.0013420921
-0.03662399
-0.0777787
0.12051669
0.12660208
0.035171155
0.08742534
0.10973753
0.024800103
0.13109265
0.10852633
0.016450698
0.042353835
0.13838837
0.15183184
0.029149843
0.17402497
-0.0666625
-0.018447964
0.038064953
-0.035839826
-0.10498053
0.036115065
0.034616098
0.12449773
0.06749933
0.058914673
0.11384595
0.059354678
0.02884693
0.11838108
-0.06300926
0.15185298
-0.013161072
0.00817519
-0.055408027
0.09640956
-0.11323076
0.0981423
0.08473064
-0.04196713
0.24693027
0.01760303
0.018352728
-0.0474476
-0.08829301
0.056326736
0.090119906
-0.1134589
-0.11336083
-0.109940395
0.13943836
0.11982537
0.11287783
0.007210386
-0.109282605
-0.09939875
-0.10414209
0.023167815
-0.06775292
0.032906383
-0.08598005
-0.0019677128
0.120127566
-0.08962575
0.06229182
0.029427528
0.015775518
-0.053451337
-0.018659811
-0.064184256
0.09879556
0.12667325
-0.057670467
-0.078564286
0.066703044
0.08964783
0.099728584
0.015248022
0.13951294
0.0064227064
0.09097266
0.08864745
0.035116296
0.028938584
0.029849973
-0.07436372
0.09052422
-0.051423013
0.04800916
-0.089400776
-0.08734034
-0.048109144
-0.07584376
0.008804821
0.052886285
-0.03800508
-0.033157893
0.006234695
0.09033742
0.08986118
0.008832627
0.06594626
-0.019338686
0.024670612
-0.12081198
0.096825846
0.06519321
0.006020418
-0.046408195
0.011472588
-0.070196286
0.008646791
0.06266177
-0.08932924
0.13364857
0.029332137
0.030677492
0.054825522
0.017330153
0.011707063
-0.012004682
-0.04785725
0.084057964
0.09046931
0.023449719
-0.059121553
-0.050880812
-0.013500033
0.007771691
0.06348913
-0.049611386
-0.06984468
-0.035830293
0.03335034
0.043822262
0.028102795
-0.046147726
-0.015685657
-0.0115728825
0.10186091
-0.02295235
-0.0128708845
0.017215753
0.13470569
-0.004548843
-0.06204571
0.045283187
0.0016319511
-0.05372059
0.01755919
-0.02002512
-0.019873176
0.103930086
-0.03427317
0.00724413
0.005598298
0.043303445
0.068298556
-0.010485442
0.108476475
0.07992046
0.044594318
0.07699639
0.043994367
-0.029497672
-0.07245754
0.0005842763
0.015424977
-0.0069177574
0.083717145
0.062889226
0.1146084
0.14301512
-0.07471217
-0.042603064
0.081511766
0.04708584
0.10477676
0.05002728
-0.051787794
0.093280755
0.06076507
0.04102902
0.06212595
0.10736363
-0.0765613
-0.07381762
-0.11820296
0.04904511
-0.019475421
-0.05174806
-0.12536088
-0.055017427
0.1067951
-0.017973963
-0.113199964
0.11441696
0.016344868
-0.07425943
-0.00797342
-0.07873196
-0.052245688
0.041664403
0.030877218
-0.07089279
0.0034865215
0.15698631
0.050632454
-0.000394505
-0.024316829
-0.06196847
0.0713702
-0.030120058
0.071194105
0.052399106
-0.02517634
0.037580784
0.008603232
-0.01067295
0.07659919
0.14926809
-0.047851324
0.054916132
-0.13989905
-0.0067365584
-0.08212527
0.009115603
-0.06697551
0.06565854
0.09109913
-0.07712802
-0.05152652
-0.11447745
0.021997632
-0.083425395
0.021992322
0.11862762
0.06535575
-0.11940094
-0.16570514
-0.016292077
0.05595601
0.13660054
-0.042110525
-0.017295627
-0.0746583
-0.0035023761
-0.08004046
-0.038750913
-0.09158207
0.06709023
0.13425909
0.038212918
-0.02809878
-0.052373927
0.14085962
-0.15482126
0.044815306
-0.119868
-0.042518705
-0.016959285
-0.017646376
0.07009197
-0.013043301
0.13383566
-0.11577895
0.08102201
0.010927514
0.022423197
0.020899557
0.06706038
0.10511417
0.07291404
0.058865823
-0.09186111
-0.023899144
-0.094710216
-0.1363188
0.11837392
-0.039342925
0.03483552
-0.13611539
-0.008805151
-0.0010116982
0.03935196
0.09281489
-0.012986994
0.08223246
0.08983014
-0.0258559
0.085098416
-0.11385326
0.15897475
-0.009253011
-0.0449502
0.10987079
-0.07660167
0.09519054
0.122003056
-0.082347594
0.065644816
0.036041826
-0.061228048
-0.0198008
0.13427079
0.05704931
-0.02868019
-0.06400347
-0.02313001
-0.06968367
0.009513911
-0.0044720788
-0.061966475
-0.029332668
-0.05740708
-0.044404015
0.06129591
-0.13336149
0.010108358
0.06541522
0.027111432
0.054551054
-4.270769e-05
0.14617784
0.021211987
0.09437532
0.101790465
-0.04750909
-0.057895757
-0.035214353
-0.03876592
0.15313888
-0.091096975
0.002839121
-0.092081055
-0.032837648
0.059016105
0.011525038
0.104484215
0.0009766424
-0.027577005
0.15225103
-0.071836345
0.026293863
-0.0479016
-0.08753031
0.018812183
-0.06311988
-0.005785663
-0.08165259
0.061931442
-0.045657467
0.023774642
0.019489607
0.07843847
0.054225814
0.00952497
0.06948069
0.123670064
-0.020921864
-0.052762613
-0.1361244
0.10216835
0.020397687
0.0019672362
0.031372
0.095639326
-0.06311402
0.11110983
0.09789047
-0.119526304
0.039834756
-0.03608488
-0.022489907
0.047901064
-0.021899547
-0.01880111
0.15423183
0.07227549
0.055408742
0.01167689
0.0017228137
0.052744042
0.00065473386
-0.10089624
-0.14343755
-0.04387974
-0.069596045
0.04947156
-0.08203001
-0.055767115
-0.060758498
0.022370018
0.046277843
-0.10257512
-0.004106846
-0.00243076
0.098940134
-0.047480915
-0.04084766
-0.01583005
0.08548755
-0.045582946
0.011107831
0.013862762
-0.07216026
0.1343858
0.018199189
-0.057762984
0.09871204
0.13171472
-0.06025143
0.03758407
-0.07029351
0.08492463
-0.024569707
-0.012820579
0.08954109
0.028771816
0.009481218
0.044512168
-0.00069996965
0.06622607
0.028311213
-0.07444745
0.052457094
0.041554175
0.07448368
0.0050075254
0.09088887
0.12939554
-0.05937049
0.031600412
-0.12289831
0.14702266
-0.09015585
-0.006612817
-0.097214855
0.06400828
0.012720611
0.21880098
-0.09019964
0.09296272
0.05662131
-0.080595925
-0.12537976
-0.033241604
-0.007942617
0.105839275
-0.026753163
-0.033990085
0.03246199
0.0986313
0.03906639
0.02008234
0.19871108
0.08707272
0.0997669
-0.027783794
0.040676538
-0.068080045
0.057993364
0.16819137
0.07701309
0.039945614
0.11360464
0.02721519
0.10295229
-0.006836008
-0.020402588
-0.035338316
-0.08104381
-0.08532946
-0.022992518
-0.01570885
0.03731023
0.03867572
-0.0478312
0.045277767
0.026512656
0.0657459
0.090917796
0.0044393684
-0.07462835
0.10434666
-0.06311741
0.14076246
-0.08197251
-0.095043726
-0.1796156
-0.07891822
0.1332275
0.050993685
-0.12743048
0.045807756
0.09451846
-0.08910989
-0.056338195
-0.092031725
0.04336386
0.05377433
0.03858709
-0.0021260467
0.098290995
0.13574903
-0.027932048
0.052706655
-0.088226855
-0.19996941
0.006457863
-0.05008678
-0.054999303
-0.024523748
-0.03978452
-0.15802509
-0.003947337
-0.17040749
0.055044692
0.13358048
-0.01000899
0.07609458
0.23061481
0.114542894
0.11793115
-0.037990335
-0.16973223
-0.015170667
-0.0973296
-0.022639057
0.061897736
-0.037844524
-0.073054
-0.054029793
-0.05634473
0.20179102
-0.0515466
-0.04754421
0.06573611
-0.09405909
0.041248612
-0.028502548
0.13543421
0.13175188
-0.020283204
-0.063127264
0.0073010786
-0.029486144
-0.042191997
-0.045109965
-0.011320961
-0.00030469982
0.0058387266
-0.021421723
-0.19938026
0.0059712376
-0.105221085
-0.1142764
0.10902242
-0.10134041
-0.07641614
0.080512665
0.009848637
-0.055472825
-0.028226659
0.0874863
0.14361443
0.07132735
0.09926212
0.019559467
0.13667597
0.07322306
0.07339749
0.09710003
-0.0023893747
-0.06459697
0.057407387
0.035238445
-0.0052852053
0.03636783
0.12843823
0.07715924
0.09256607
-0.038146127
-0.023966445
0.084446646
0.02159207
0.07877786
0.13369805
-0.116400994
0.12102043
0.026815785
0.10833132
0.0028919769
-0.03308213
0.10448968
0.090120554
0.08007708
-0.08135388
0.05755491
0.04743052
-0.087103315
-0.0127024
-0.13862656
0.032259006
-0.040399596
0.078042254
-0.014115152
-0.01126213
-0.0052880994
0.035832975
0.106314205
-0.02806645
-0.009566292
0.05132131
-0.055123016
0.08415433
-0.0144670345
-0.09833485
0.045414023
-0.07682207
0.07502237
-0.006940656
0.020626036
-0.014873393
0.04383533
-0.10504118
0.018895209
-0.12588339
0.011393195
0.012090577
0.050711155
0.045694526
-0.058272798
0.03971736
0.13643381
0.021705206
0.02492331
-0.11685941
-0.049647514
-0.01741743
-0.00563558
-0.010898865
0.04706725
0.018067455
0.051184032
0.016531168
0.035219997
0.00631293
0.09790495
0.07655309
0.08807819
-0.07120771
0.0309387
0.06456498
-0.089092694
0.05437328
-0.0877786
0.036988452
0.105762325
0.071254954
0.104261495
0.08460391
0.10444662
0.09224639
-0.109968394
-0.036326487
0.07872345
0.0008979255
-0.0787655
0.073321424
0.033298653
-0.10549292
0.006511304
-0.06616457
0.13255309
0.07241996
0.027345616
-0.009470371
0.050373454
-0.01480679
-0.090601824
0.017004233
0.02523404
0.07571356
0.01350929
0.023277927
-0.06648712
0.014366918
-0.016619168
0.053816512
0.12157697
-0.039750975
0.18260309
-0.15605682
0.022690909
-0.0036419462
0.22733559
-0.14118971
0.124571346
-0.12167299
-0.14918837
0.0795073
0.00272744
0.0012185043
-0.11954741
0.0040961956
0.0363736
-0.0042767124
0.10016196
-0.1348532
-0.15562317
0.08696263
-0.004346024
-0.16615777
0.22534348
-0.07999259
-0.0012725896
0.19335897
0.44496375
0.14901498
-0.19022149
0.059745736
-0.29626942
0.048878465
0.12635417
0.049986932
0.090059236
0.23951395
-0.23524272
0.054044906
-0.03858569
0.0025319739
-0.002600237
0.005109259
0.063964486
-0.22424687
-0.16666602
0.10336536
0.074132115
-0.054203324
0.071931414
-0.14729878
0.19970684
-0.1649937
-0.023962807
0.051725447
-0.26816353
0.07121926
0.026645407
0.058554813
-0.2699724
0.05242534
-0.09530824
0.19443643
0.06321079
0.2221643
-0.050213363
0.037323862
-0.057384495
-0.025454622
0.13202953
-0.21208382
-0.07912695
0.25972968
0.15297619
-0.008266721
-0.003922602
-0.035065234
-0.009321314
-0.09419191
-0.18438457
-0.08650987
0.18099345
0.16497369
-0.057478692
0.0048080795
0.14473495
-0.07962512
-0.13665299
-0.07381801
-0.06428371
-0.012778111
-0.035431057
0.165675
0.056923375
0.114206195
-0.2131841
0.23724152
-0.13018277
-0.09228953
0.24452256
-0.10810834
0.08443748
0.11108403
-0.15320233
-0.21273804
-0.15837488
0.13729818
-0.25358713
-0.041042253
-0.17381169
-0.11808395
-0.19848989
-0.04663856
0.19950534
0.044963654
-0.29648486
0.02991533
0.09181448
0.096000195
0.1654613
0.0377111
0.118421696
-0.026993291
-0.091818824
-0.16669148
0.13843001
-0.035096318
-0.033417527
-0.14446932
-0.12324557
-0.004865453
0.018584466
-0.090766
-0.06602459
0.016751317
-0.021845657
0.07681737
0.117031634
-0.02410616
0.17932822
0.04604374
-0.084372394
0.038324192
0.13567562
-0.024137417
-0.008573289
0.036056675
0.1700176
-0.054868586
-0.05298614
0.0637781
-0.035545412
0.1891527
0.030961614
0.109922595
-0.100341536
0.11054438
-0.14918357
-0.049426023
0.028950103
0.018945342
0.0012525357
0.0834992
0.010738958
-0.104267396
-0.08803106
-0.1469331
0.08072691
0.10958002
0.036032863
0.06498498
0.055713624
0.10048176
-0.053147726
0.016935704
0.10677604
0.05720344
-0.0037300577
0.12859792
-0.07336538
0.12556547
-0.0734227
-0.03366063
-0.08176835
0.009164291
-0.050032243
-0.10419804
0.14652263
0.10426071
-0.10435621
-0.057128754
-0.04911519
-0.0715493
-0.025443623
0.09828058
-0.037991527
-0.18407793
-0.082404315
0.14597273
0.07056028
-0.13261008
-0.07175475
0.24525413
0.14472547
0.044396747
-0.11307142
0.08504312
-0.12068664
-0.03499837
0.029336479
0.08144416
0.083363764
0.020373097
0.042394154
-0.16943812
0.046847627
0.18830815
0.058824126
-0.09323887
-0.0010491783
-0.028512241
0.096896574
-0.050165724
-0.015348896
-0.09574467
0.1407944
0.056144454
-0.08452028
-0.04153568
0.23222178
-0.054563534
0.12227956
-0.032825515
0.11743292
-0.07071954
0.27245227
0.07757337
0.03929794
-0.079598464
0.104674295
-0.074446596
-0.057493307
-0.023211285
0.06065698
0.09527621
0.032586064
-0.030224767
-0.0056559844
0.034221638
-0.17698905
0.11687338
0.0042539393
0.2030468
0.054971337
0.07195006
-0.11979003
0.13469312
-0.1565005
0.14560258
-0.23331314
0.14541495
-0.008041177
0.3562775
-0.060008645
0.039419714
-0.08059618
0.051251315
0.055423733
-0.084466085
-0.067851014
-0.18844566
0.07121371
-0.11511242
-0.12592337
0.11843606
0.116133936
-0.38665506
0.028893134
0.14333162
-0.35690483
0.49506262
0.08973057
-0.076184526
-0.5031032
0.116531774
0.08746681
-0.07796109
0.22967921
-0.056187082
-0.09730282
0.048325162
0.14605229
0.061720353
0.28674477
-0.38240385
-0.020435141
-0.11214464
0.21085078
-0.07351912
0.11541585
0.3143386
0.11241305
0.10827688
0.101831496
-0.03012531
0.119467534
0.1063611
-0.17623873
0.12645465
0.029290104
0.022112623
-0.17608081
0.13939813
-0.2825046
-0.24566557
0.23103376
0.15707546
0.12932841
0.14539309
0.03343643
-0.101213366
-0.021213565
0.009199948
0.013313059
-0.06222848
-0.0748533
0.56631905
0.13207075
-0.51173705
-0.09660797
0.036802202
0.5494657
-0.08573067
-0.16327983
-0.09343681
0.16691388
0.019845193
-0.21479827
-0.24583592
-0.05366621
-0.14097594
-0.17662488
-0.14009526
0.08547433
0.20964634
-0.002168758
0.0491004
0.03236478
0.054505706
0.011289783
-0.23923488
0.34598404
-0.24333136
-0.036858294
-0.03852987
-0.31184983
0.021789871
-0.07165275
-0.29368287
0.08889658
0.2553157
0.15835789
-0.02732885
0.10865807
0.34440902
-0.073188886
0.30465287
0.15063068
-0.17372064
-0.26246884
0.010342704
0.3679596
0.2679986
0.08527957
0.057786044
-0.18030578
-0.1881957
-0.17333011
0.15242413
-0.032585543
0.07942491
0.005928498
0.070996
-0.070952564
0.10754396
-0.056098
-0.07126399
-0.062432162
-0.10342107
-0.036913767
0.11521272
-0.108548105
-0.102541454
0.12723756
0.06432289
-0.086914025
0.07756018
-0.06825298
0.06545727
-0.08130149
-0.0548299
0.09938472
0.033399545
0.12520157
0.03906521
0.034745738
0.02467558
0.072202034
0.0852514
-0.08394248
-0.13042098
0.0363579
-0.08442907
0.10287947
0.14494136
0.04962212
0.032957993
0.056824144
-0.009198003
0.049452428
0.06309513
-0.004296026
0.02115494
-0.053701714
0.018638093
0.059803817
0.033274785
0.03036153
0.030589165
-0.043547727
-0.04427095
0.14701465
-0.06577926
-0.10460125
-0.024309216
0.13243498
0.07635302
0.025772016
-0.059416328
0.06089165
0.102785766
0.12724636
0.042018484
-0.009477212
0.01929587
-0.045604266
0.08999723
-0.025568755
-0.033552248
-0.025158217
0.07638923
-0.07961452
-0.04053349
-0.04701596
-0.047484312
0.06343218
-0.059160776
0.032763675
-0.027745027
-0.043730833
0.0283727
-0.115737505
-0.117718086
-0.038025543
0.0020335314
0.0062669343
0.101475276
0.060632315
0.09221079
-0.024469236
0.058394503
-0.08992484
0.09890271
-0.10277511
0.116988964
-0.09919325
-0.002347216
0.0074297283
-0.121773146
0.12225201
-0.11183507
0.0062310626
-0.060902562
-0.08772179
0.11280842
-0.12201918
0.07348895
0.03184527
0.026864355
-0.114120685
0.09944424
0.12239951
-0.00601839
0.11327507
-0.041771635
-0.04908859
-0.009359904
-0.058922738
-0.033604965
0.09406396
0.03446276
0.048636343
0.034552205
-0.107636355
0.10505934
0.1083859
0.04750298
0.118185654
-0.0817497
0.071573034
-0.009586597
-0.03658573
0.16086788
-0.13741238
0.017497912
-0.14304933
-0.031021426
-0.085224986
0.019309694
-0.072187275
-0.059911907
0.007852019
0.0925082
0.07199922
0.019525243
0.08498472
-0.08603677
0.09192884
-0.011762301
-0.041390706
-0.018457437
-0.20031905
-0.2946193
0.0048232474
0.117018454
-0.13266453
0.4252971
0.14418517
-0.08429548
-0.25693125
-0.05620382
-0.04289163
-0.026122333
-0.2117163
-0.004368283
-0.08080353
-0.012932805
0.023422554
0.2530642
-0.05115748
-0.049907383
-0.10707401
-0.1304279
-0.022275245
0.054756843
-0.20378615
0.029079491
-0.1471052
0.014683459
0.15271543
0.0764914
-0.06960483
0.12738213
0.06092892
0.04604562
0.036105666
0.16065599
-0.018924842
0.05402857
-0.015624464
-0.27014482
0.1403419
0.0025693672
0.052873228
-0.110665224
-0.12935399
-0.14014475
-0.15095845
0.03310234
0.13684323
-0.098501585
-0.054753322
0.22071601
0.23551668
-0.2657708
-0.12888657
-0.08726743
0.13696511
0.10734857
0.03158472
-0.07721989
0.16703837
0.026868422
-0.021993041
-0.33645028
-0.11693981
-0.0017172614
-0.078164525
0.23644243
-0.11541321
0.024166198
-0.10681174
-0.05825697
0.13562442
-0.2071355
-0.106440306
-0.29144517
0.07933562
-0.113177374
0.017580194
-0.028989242
-0.2560728
-0.12542386
-0.15142111
-0.12325554
-0.113665946
0.04081068
-0.16857167
0.022227079
0.21624538
0.066595644
0.23626879
0.16997749
-0.28058672
-0.045922395
-0.19584957
0.021890618
-0.027872099
-0.09135681
-0.14274734
0.07047563
-0.08075082
0.039219327
-0.1179427
0.04382766
0.11309837
0.022240952
0.04568246
0.06700755
-0.092566825
0.14111084
-0.15756032
0.03924386
-0.11264234
0.17332406
0.15990753
0.23284097
-0.15189104
0.046326812
-0.0022715244
-0.1690982
0.036997225
-0.14708032
-0.025876364
-0.06255551
0.14448215
-0.01031267
-0.12074841
0.061858114
-0.19725204
-0.009562075
0.0006441709
-0.021142976
-0.21341777
0.2249275
0.10566631
0.19925398
-0.21167786
-0.15379779
0.06108831
-0.08782124
0.015911464
-0.06722851
-0.09936391
-0.08952256
0.068402074
-0.009831702
0.12520997
-0.2874472
0.0030340187
0.047436878
-0.08879589
0.16284409
-0.109172426
0.28484464
0.09943801
-0.07034122
0.012617409
0.048464205
-0.06007808
0.11289364
-0.08749409
0.075667016
0.008565653
-0.020869104
0.042546257
0.041461505
-0.08241916
-0.19073164
0.35061085
-0.029173179
0.0019316482
0.082279734
0.014292109
-0.28404796
0.024679916
-0.041890457
0.07171163
0.045144368
0.03775222
0.17993526
0.12126199
-0.20532659
0.031172566
-0.097748004
0.07009075
-0.029932799
0.12194147
0.24298158
0.20455311
0.02456865
-0.20311266
-0.15840226
0.056578282
0.07024564
-0.084980264
-0.17363176
-0.011663498
0.063709326
0.080001034
0.10520808
-0.06504305
0.002778615
-0.075693116
0.13213769
0.059846643
-0.1976464
-0.043353096
-0.06637617
-0.2498133
-0.0020631086
0.124609336
0.057894126
-0.26526502
-0.014883229
0.130876
0.18750474
0.29353645
0.106320314
0.07980179
0.019684725
0.04923021
0.1765012
-0.24977195
0.07289907
0.07007224
0.07063099
-0.12242491
-0.02744208
-0.21446656
-0.040221605
-0.085688256
0.12643461
0.18807557
0.16244426
-0.09295599
-0.059026968
-0.030407362
-0.037463434
0.120530225
0.15401681
0.0462484
-0.015168749
0.028574629
0.108602606
0.0305623
-0.05325034
0.08939861
-0.02922907
0.048923
-0.12426623
-0.094584435
0.003857948
0.080766045
-0.08773247
-0.066337794
-0.11600396
-0.11190506
-0.01805961
-0.093789645
0.05865063
-0.03477734
0.07257986
0.058123197
0.08968898
-0.051494405
-0.09465203
-0.026669485
-0.095952295
0.053981
-0.024415934
0.03275482
0.03821236
-0.12394486
0.15545802
0.057990797
-0.11330251
-0.054648966
0.048461467
0.14796509
0.0733091
-0.06090335
0.060135834
-0.050699156
-0.013660152
0.079334326
0.040551625
0.06818239
0.051215157
-0.07466808
-0.062890984
-0.005266872
0.10757568
-0.1412246
-0.04168264
0.033325672
-0.015593068
-0.034228303
-0.073125355
0.1568279
-3.7137153e-05
-0.10276117
-0.02027425
0.07239064
-0.03281054
0.059268266
-0.08530656
0.1496856
-0.027247362
0.013928134
0.050340876
0.09207507
0.07728619
0.006619857
-0.08493162
-0.031082068
-0.069444805
-0.09377249
-0.011742505
-0.095855236
0.1012151
-0.056713425
-0.017828457
0.11578105
-0.10899407
0.12416889
0.018501412
0.010886073
-0.064857036
0.12061946
-0.042195562
-0.049435463
0.0057577817
0.1114878
0.0021055911
0.05820602
-0.034805767
0.03147469
0.046293832
0.013207491
-0.08987489
-0.0138762
-0.056071844
0.16216637
0.07309965
0.0843417
0.060819726
0.038338676
-0.10786553
0.035767663
-0.11202282
-0.05616795
-0.0013784978
-0.019786414
0.10827282
-0.059575517
0.032584462
-0.07644057
-0.0014052255
-0.1641959
-0.015299087
-0.036369752
0.10070312
-0.08817252
0.043263372
0.04896374
-0.03334725
-0.035201482
-0.043384966
-0.02273209
0.04773782
-0.06629025
-0.10848183
0.1175487
0.036176253
0.006739708
0.04805606
-0.034732036
-0.011816464
0.04997911
0.06130703
-0.07196576
-0.021314083
0.02567156
-0.10796025
0.1250374
0.4203858
-0.06276256
0.051169068
0.093528576
-0.03652793
-0.021520235
0.1415251
0.15721196
-0.061690096
-0.11236944
0.005699649
-0.13595957
-0.059873324
0.034664337
0.068993226
-0.10407865
-0.007841965
-0.010529974
-0.08069871
-0.16271694
0.12003587
-0.11328557
0.036539927
-0.0029995728
0.049624607
-0.06365169
-0.10633416
0.06439491
0.047228236
0.03855526
-0.015373345
0.038067732
-0.11801349
-0.08940754
0.10136555
0.09340123
-0.07941414
0.015980441
-0.049933743
0.15232947
-0.068362735
-0.06936116
-0.107457384
-0.080217965
0.03927129
-0.12183573
-0.084076874
0.04010707
0.113760136
0.11215085
-0.039448395
0.06314311
0.104168445
0.007033802
0.025208306
0.016799552
-0.033981733
-0.07976639
-0.07392322
-0.024781886
0.10154813
0.10413096
0.09517667
0.039910268
-0.014769055
-0.08088209
-0.05893203
-0.065846846
-0.06070921
-0.10301472
-0.09568893
0.16241129
0.07265547
-0.10373335
0.09414502
0.011918028
-0.04682593
0.11944705
0.06355634
0.017935269
-0.09087803
0.016630525
-0.09791144
0.11408709
0.04033002
0.20275073
0.13228144
0.02136148
-0.093838446
0.00804961
-0.002144489
-0.045105178
-0.07689795
-0.009258127
-0.1346827
-0.09306146
0.010438939
-0.09646344
0.028067993
-0.09268752
-0.09581377
-0.12505148
0.05040409
-0.100614965
-0.06784118
-0.10197652
0.010134068
-0.047418963
0.10167338
-0.08472376
0.13925396
0.010617667
0.07877175
0.020984575
-0.05086155
0.02351519
-0.118826196
-0.03825447
-0.007357475
0.0044469633
-0.0802306
0.0012445357
0.046018604
-0.01605228
-0.033586983
0.11038302
-0.14574891
0.08104039
0.11217264
-0.030388689
-0.07457729
0.055313952
0.10993399
-0.14467384
0.10762101
-0.003962674
0.025621714
-0.051322795
-0.033509586
0.022540636
-0.066028595
0.010237493
0.055698477
0.020798167
-0.026909947
-0.084755704
-0.047446582
-0.03495749
0.04290232
-0.038876977
-0.060200755
0.007517473
-0.083985984
-0.10732076
0.020029776
-0.0926612
-0.106611155
0.030334322
-0.14392164
-0.08983141
0.11765027
-0.06632906
0.20988561
-0.09530726
-0.06377059
-0.083220094
-0.07816015
0.12335261
-0.0954115
0.03921922
-0.0059282193
-0.09155011
0.0005714083
0.04606657
0.037836388
-0.050235588
-0.0129556
0.10301988
0.123892434
-0.0796306
0.062029578
0.115389764
-0.13140629
0.17876014
-0.035613395
-0.026531693
0.024971118
0.108169325
0.115231164
-0.066805266
-0.11728491
-0.06351542
-0.081200585
-0.0964593
-0.0059144087
0.02260704
0.03372901
-0.0016115302
0.06411374
0.14023499
0.052908074
-0.04992186
0.09081271
0.012113641
-0.054448348
0.014037671
-0.05510864
0.000548254
0.09403453
0.07720141
-0.034616996
-0.04814858
-0.021543318
0.0829074
0.083075866
-0.105601266
-0.10872804
0.008753073
-0.017990956
-0.0022751137
-0.030212793
-0.08837247
0.094156556
-0.07655414
0.09858712
0.041649707
0.08450847
-0.13823144
0.07873265
0.034172162
-0.083698094
0.087329015
0.003907526
-0.08522681
0.08065136
0.05870913
0.08314485
0.016775273
-0.120794244
0.112625666
0.045739837
-0.08243414
-0.056984123
0.063096695
0.06861064
-0.007255609
-0.08936471
-0.06857403
-0.087868415
-0.029065004
0.0693676
-0.06552104
-0.04660222
-0.00949806
0.06670178
-0.0837304
0.14433883
0.027347265
0.024741909
0.013521947
-0.11432818
0.08551636
0.14697476
-0.030755138
0.13424627
0.099830754
0.088534184
0.09915854
-0.0007273458
0.008218777
-0.078821294
-0.16824146
0.047332015
-0.060967628
0.13916948
-0.13756074
0.022697454
-0.079269305
0.008060422
-0.053802427
-0.031691965
0.02070998
0.06585418
0.14545557
-0.07949775
-0.010896316
0.012528941
0.09573744
0.08781017
0.031211939
0.12043102
0.09243714
-0.08273309
0.107079096
0.07284675
0.0032147032
-0.08340539
0.020728348
-0.11221512
-0.044553112
0.008203913
0.052243795
-0.037790667
-0.05019137
0.12470888
0.05610332
-0.09565596
-0.09545631
-0.059857145
0.003701269
-0.0007909324
-0.048387554
-0.080701075
0.00046447964
-0.053548116
-0.09888723
0.0112935025
0.1149417
0.012044311
0.10040677
-0.050085794
-0.08357109
0.002491394
-0.1125874
0.016684506
0.05625502
-0.10537998
-0.018000802
0.029528549
-0.012933861
0.09110509
0.011036525
0.09576731
-0.020875929
-0.03185287
0.09619054
-0.07281704
0.038853012
0.00012325724
0.08933077
0.14259592
-0.020978326
0.08844672
0.07097545
0.058023967
0.08733602
-0.010661007
0.08747353
0.009948097
0.08785385
0.038772527
0.023528663
-0.058533616
0.09205922
0.028126927
-0.0016988025
0.085628375
0.058154937
-0.005646553
-0.07271147
0.084179975
-0.17722596
0.14972876
0.11493257
-0.27241153
0.316112
-0.009897286
0.22407508
-0.20596571
0.2231268
-0.40067333
0.14052851
-0.090305455
0.079332076
-0.16644032
-0.21825881
-0.011864781
0.043955274
0.039588194
-0.007258341
-0.033747025
0.08997668
0.0449399
-0.021546433
0.5347886
-0.09266057
-0.054348864
0.5700447
-0.86978495
0.010125484
0.050788894
0.34286132
0.07066475
-0.38171226
0.36554238
-0.42803395
0.083514996
-0.022813093
0.078342296
-0.007392667
0.118163124
-0.1798215
0.38020805
-0.0090602115
0.22027983
-0.19542274
-0.21301472
0.018040935
-0.2924034
-0.16212802
-0.0063923323
0.052995704
-0.41069317
-0.031306423
-0.19332431
0.014911213
-0.07271243
-0.072988115
-0.08540956
-0.02971362
-0.111494035
0.3575792
0.23546776
-0.563242
-0.1171165
-0.25598818
-0.120790444
0.1592761
0.11164418
-0.13378109
-0.16824535
-0.0081636105
-0.038928002
0.18692523
-0.6891763
-0.2909049
0.607823
-0.07222311
0.037565958
-0.48302972
0.031572316
0.054864373
0.0028912686
-0.22842367
-0.15526383
0.293347
0.22438373
-0.1184613
-0.021089505
0.24656114
0.11346741
-0.089919634
-0.30249748
-0.12010052
-0.18698743
0.014818716
0.17086662
0.0076283845
0.38133863
-0.12529132
0.40978795
0.1177575
-0.086837314
0.51599705
-0.10890223
-0.10956696
0.12966338
0.04437148
-0.13946097
-0.13967708
-0.25222868
-0.45296976
-0.3133635
-0.17517084
-0.12196764
0.0065460927
0.18183127
0.196394
-0.07278932
-0.44771197
-0.32282954
-0.009086487
0.16952507
0.2013936
0.07493748
0.23383334
-0.0010985587
-0.14273426
-0.079125464
-0.044009034
0.11196661
-0.014150978
0.0645059
0.005320328
-0.21163309
0.08313544
0.061017364
0.042783678
0.010938112
0.04884492
0.08855788
0.106906176
0.09705443
0.096589826
-0.12842606
-0.15476009
0.061185014
0.12063268
0.035202432
-0.060120184
-0.11603443
0.052059773
-0.0489709
0.037535127
0.0020571426
-0.026853979
-0.0353688
-0.033716314
0.043571785
-0.0028927817
0.021055816
0.11240861
-0.044209246
0.108669065
-0.06022843
-0.006711496
0.050887924
0.010937928
0.040910505
-0.037604
0.03860974
0.06686128
0.03853575
-0.0672228
0.09345641
-0.017476741
0.07404568
-0.00060719746
0.0031278024
0.0067587853
0.074436665
0.13419645
-0.03942618
0.0415713
0.07620607
-0.015555381
0.12800558
-0.08198007
0.11652449
0.03271672
0.073588565
-0.06543393
-0.09321954
-0.041160263
-0.0484538
-0.061537564
0.09944094
0.13398959
0.03719492
0.074838705
-0.0071122115
0.110164836
0.056415927
0.07357055
0.12188975
-0.08221142
-0.035611525
0.17555672
0.1368432
-0.030157566
-0.12567551
0.0074219466
-0.13553841
0.018677708
0.124615304
-0.11435063
0.06504626
0.0014801859
0.05607117
-0.024814835
-0.09397126
-0.04588895
-0.06424733
-0.15367378
-0.12453854
0.064572185
0.022854464
0.035504144
-0.01604343
0.06509001
0.03016107
0.02655243
-0.06809192
0.12579346
0.060595974
0.02259406
0.1079897
0.023533328
0.08339394
-0.08916607
-0.056318227
0.07951545
0.08030254
-0.051500004
-0.015428978
0.051584188
-0.06095851
-0.061345905
-0.015957218
0.05080857
0.007681742
-0.041097596
0.07482021
-0.037067562
-0.109261654
0.057305973
0.07570205
0.039279237
0.082735255
0.005147772
0.0317804
-0.043419458
0.0019735578
-0.046315134
0.060168076
-0.048347782
0.129379
0.106434226
0.10401298
-0.06666716
-0.09314616
0.038393613
0.10468418
-0.10512447
-0.07309591
-0.034426007
-0.052291
-0.068794616
0.022997193
0.03524114
0.12039179
0.003044212
-0.030110518
0.06647674
-0.079241745
0.047871254
-0.020301482
0.10474721
0.045646034
0.01231225
0.005974295
0.0073536607
-0.11242454
-0.05636729
0.015926087
-0.074002914
-0.022944218
0.0011668305
-0.100964434
-0.038443346
0.10982592
0.08693723
-0.0909474
-0.04831835
0.07082594
0.02127052
-0.08340127
-0.07421705
-0.06268868
-0.021518491
-0.057146337
0.064421184
-0.042837456
0.12896344
0.07517496
-0.088191986
-0.081833914
0.067613035
0.0529118
-0.08462775
-0.10226964
-0.045281455
0.04991845
0.14167595
0.1146365
0.04020021
-0.06678403
0.094717905
-0.053193986
-0.051186398
-0.016137611
-0.04397016
0.06797289
0.08869312
0.08074009
0.020398974
0.008468563
0.1076314
-0.0259295
0.11306742
0.08412891
0.075702526
-0.07667139
0.071303785
-0.07478809
-0.012187374
0.07733218
0.11848274
-0.09400399
0.05493134
0.047477253
0.030975498
-0.005016985
0.09779942
0.06638026
-0.06683132
0.14039078
0.1349338
-0.052969616
0.039011385
-0.07990439
0.11113048
0.11662073
0.004656709
-0.060426135
0.07752534
0.06096735
0.05983211
-0.10016176
0.12208995
-0.04767405
0.1344785
0.051306006
-0.08719949
-0.028179191
0.11117166
0.017911348
0.08655469
-0.048986416
-0.087767944
0.009105268
0.0051189107
0.08653247
-0.08691587
-0.02833879
0.03594651
-0.12848736
-0.004063488
-0.023249121
0.13859084
-0.011304071
0.11972666
0.0028073734
-0.14019184
0.03810184
0.07720748
-0.016272206
0.10493785
0.027458185
-0.05758758
0.03295752
-0.022581635
-0.026261032
0.07340242
-0.048463326
0.08142785
0.04718771
0.0076105385
-0.032551374
0.11193505
-0.058279023
0.12316349
-0.10386573
0.0013482724
0.023138132
-0.010425105
-0.0864358
-0.018501779
-0.08054216
-0.062156446
-0.07065081
0.09809493
0.0696232
0.023730058
-0.034472562
0.10028955
0.040548965
0.056261685
-0.11977441
-0.0055207033
0.048567817
0.1457461
0.11914582
0.045446083
0.0039739897
0.13543124
-0.036650464
-0.053409502
-0.06773077
-0.064396344
0.008289813
0.11361427
-0.07300212
-0.018824501
-0.09490544
0.00043347097
-0.038501855
0.12512873
0.011107555
0.0909837
-0.06799103
-0.031503003
-0.04265815
0.106530346
0.086687356
0.11782841
-0.075006396
-0.06809643
0.14738025
0.08240498
0.09086961
0.10241454
-0.08498204
-0.042710703
0.05178491
-0.043980997
-0.011936137
0.034018345
0.021316312
0.07408332
-0.15170676
-0.089884154
0.014222228
-0.12838961
-0.09346439
-0.04940621
0.07590821
-0.06393379
0.08553378
0.010651727
-0.049886476
-0.008568736
-0.14068127
0.065401025
0.06746161
0.010312251
-0.11625461
-0.013728089
0.04842213
0.10821678
0.04392946
-0.07959116
0.047939807
0.09391397
0.07225889
-0.010093591
0.14332075
-0.05684006
0.110185094
0.12555061
0.115850925
0.13144799
-0.012860513
0.0666838
-0.035002973
-0.0140262265
-0.076664016
0.07923751
-0.007983869
-0.0004393332
-0.11279081
-0.08111707
-0.07098199
0.014857008
0.14324197
0.028137079
-0.062310938
0.09543681
-0.08342442
0.018754369
0.01396997
-0.007863552
-0.018970754
0.28275907
-0.13280194
-0.07342807
-0.021038752
-0.048881866
0.06382002
0.07878874
0.07769036
-0.08883266
0.09140891
-0.070099294
0.11080414
-0.09940565
-0.014398859
0.014907941
0.25830567
0.1609167
0.060825434
-0.09459066
-0.049133975
0.08761073
-0.0481944
0.063236974
0.17445198
-0.027234856
-0.11598431
0.16435197
0.075257264
0.14787419
-0.01884379
0.05315848
0.017233446
-0.14460701
0.106004134
-0.13112763
0.1479096
0.11729262
0.12440776
-0.09720422
0.043977175
-0.12002029
0.023494901
0.060751744
-0.112167515
-0.024559354
-0.09209341
-0.05690794
0.06938654
0.13605644
0.13234198
0.04863214
-0.060558673
-0.14043762
-0.06171379
0.18002126
-0.10405918
-0.050905976
-0.09317907
-0.12333457
0.09200376
0.0012737472
-0.12273662
0.05279932
-0.03776388
-0.05907942
0.0444221
-0.0868963
-0.3844122
0.020837093
0.011940507
-0.045825083
0.073734656
-0.042524748
0.07957156
-0.012043266
-0.021431344
0.051470745
0.07464043
0.17115164
0.10982346
-0.0773723
-0.050792135
0.17330752
0.26237947
-0.11948105
0.0101042995
-0.13692072
0.15655808
0.020311277
0.19301207
0.04194776
-0.13862416
0.05539665
0.004845172
-0.34788105
-0.19813496
0.23932573
-0.17208342
-0.21726693
0.16360606
0.10065614
0.023549832
0.13837023
-0.14846578
-0.12272403
0.04100159
0.07394431
0.061820325
-0.051238835
-0.030815821
0.02540339
0.008539329
-0.122125834
0.08285541
0.17103553
-0.061081007
0.07928749
-0.11393677
-0.008999507
-0.0093184905
-0.11112618
-0.043572776
-0.08222234
0.12415685
0.0148659665
-0.11526283
-0.010792068
0.049203172
0.15314084
0.15199706
-0.037708845
0.039991554
-0.031225594
0.10102024
0.070436604
0.101608
0.17611594
0.029090868
-0.12295851
0.14659776
0.01146277
-0.061881393
0.06327439
0.029808452
-0.13734858
-0.075565055
-0.0025636817
-0.02173994
-0.015545701
0.016849473
0.04218787
-0.03699093
0.04207026
0.041373048
-0.10089727
0.094826356
-0.02788811
-0.030325128
0.11892836
-0.17488746
-0.13863477
0.10228975
0.1404744
0.11269937
-0.048299234
0.055561226
0.027433688
-0.09940797
-0.0931164
-0.04753581
-0.09725539
0.017881325
-0.0006887675
0.12213943
0.17467259
-0.12367247
-0.0015090106
0.060617354
0.03374172
-0.0023370285
0.10533679
-0.049353994
-0.13055933
0.019413974
-0.06267919
0.037096735
0.20283835
0.13680294
-0.07341251
-0.016370613
-0.11078997
-0.03957293
0.027835665
0.049798317
0.07160555
-0.0065578255
-0.06503522
0.15656538
0.039025847
-0.0485077
0.08923568
0.13130704
-0.011784289
-0.10751803
0.03818739
-0.005370159
0.0039853714
-0.046552826
-0.07122509
0.07762899
-0.104221374
-0.077740334
0.06125765
0.018769136
0.1054853
0.026235627
-0.14896204
0.13253577
0.011659698
0.02600627
0.05040247
0.03258361
0.2087652
-0.0287417
0.10616312
-0.09832116
-0.08809294
0.050885495
0.12208802
-0.07463611
-0.108481
-0.042441618
-0.015561288
-0.08011195
-0.021743322
-0.11297924
0.1534198
-0.031622056
-0.017804453
-0.1921169
0.0014713262
0.13939346
-0.060628835
0.10388797
0.07348075
0.1545022
0.09135809
0.086717285
0.04079774
0.10568757
-0.02697555
0.040792443
0.011712012
0.07817307
-0.010838476
0.09524832
0.09640548
-0.114913665
0.01588664
-0.06925574
-0.06617772
0.10954023
-0.056635875
0.016877135
-0.045463305
0.07183296
0.09663179
-0.039730128
-0.09851333
0.07275213
-0.069840655
-0.14754604
0.059557144
-0.06054686
0.079540245
0.007966048
-0.117884435
-0.13731751
0.0906616
-0.0579428
-0.008198586
-0.024889292
-0.024004756
0.068696976
0.11813491
0.06871713
0.045188397
-0.097707935
0.033951983
0.04545313
-0.06401806
-0.049581945
-0.014404662
-0.0026901902
-0.07512353
-0.17447224
0.03565173
-0.015241782
0.14006132
-0.06723913
0.027320588
0.12933484
-0.022967562
-0.03375809
-0.1426968
0.10786303
-0.007868133
-0.08204327
-0.051909
0.030737283
-0.03250694
0.08405181
-0.0128002055
-0.0020520317
-0.07079244
0.04319121
0.036331635
0.040902257
0.06132076
0.11955458
-0.06007437
0.09242855
0.07549222
-0.036583364
0.031792816
-0.062386
-0.102318265
0.021408066
0.060090624
-0.12645282
-0.09427184
-0.010067507
0.12974323
0.087286815
-0.09129766
-0.056881223
0.021380326
0.06402751
-0.075454704
-0.11885254
-0.049225733
-0.01193343
-0.029480057
-0.069163226
0.13025564
0.13179335
-0.046779208
0.07694616
0.08245226
-0.13474168
-0.04625809
-0.04478557
-0.02989316
-0.08254962
0.038285732
-0.09289287
-0.07831616
0.0238006
-0.041971024
-0.12188306
-0.029076008
0.11572936
0.13409671
0.028410984
0.119430244
9.726493e-05
0.105530344
0.013251717
-0.03519406
0.057943754
0.033561468
0.025875293
0.027878055
0.091043994
0.07298887
-0.14727767
-0.03407175
-0.008262084
0.14352264
0.12105062
-0.074180365
0.054024596
-0.4226557
-0.11932511
0.058143288
-0.14965038
-0.06464171
0.1372429
0.016632034
0.110406116
0.13115732
-0.04628234
0.18735157
0.028245209
0.02576035
-0.010464232
-0.14029913
-0.09438915
-0.112869896
-0.06263254
0.077453844
-0.030823627
0.21659972
0.19448027
0.056038745
-0.054946955
0.014212328
-0.14805141
0.19753608
-0.2146917
-0.009501592
-0.011348183
0.112069234
0.18598728
0.025610136
0.002072923
-0.041723218
-0.21159019
0.012184418
0.13594766
0.2210254
-0.06959587
-0.13765413
-0.22159415
0.18616597
0.16211373
0.0894261
0.24231407
0.1322764
-0.018281203
-0.050762463
-0.058394127
-0.22459897
-0.11351223
-0.16945025
-0.030203294
0.09603063
0.13463217
-0.039432805
-0.11852043
-0.111184716
-0.079853475
0.023512453
-0.04610504
0.23868908
0.063622296
0.06003433
0.2861317
-0.050695922
0.022680061
0.2003844
0.035428833
0.16085677
0.12840326
-0.0734933
-0.28132862
0.08678514
-0.18868153
-0.10544953
-0.23481376
-0.061153132
-0.027022278
-0.053983334
-0.038921125
-0.0731844
0.036197416
0.0027650467
0.000824543
0.1637845
0.0926269
0.17823434
-0.268914
-0.09400247
-0.03995553
-0.11707647
-0.03163489
0.01356194
-0.124060065
0.023640165
0.06374264
-0.18189278
0.02067983
0.2491911
-0.04925571
-0.0051262625
0.1203713
-0.21560127
0.06443744
0.13989675
-0.04184288
0.11365572
-0.06546841
-0.023946121
-0.08646005
0.24091673
-0.20384581
0.110656664
-0.0028338602
0.09513994
-0.15665881
0.081717566
0.052069668
0.02432962
-0.10632461
-0.056431312
0.051178012
-0.08670924
-0.020672794
0.039805442
-0.09587668
0.17878352
0.104417816
0.04289746
-0.02246676
-0.0696907
0.031063152
0.07191618
0.043604344
0.08086832
0.0058976547
-0.022362875
-0.058888223
0.08713859
0.09365301
0.032474067
-0.003348785
0.09115625
0.076151915
0.004195827
-0.069771275
-0.16448687
0.13254057
0.09293624
-0.056975417
-0.05894687
0.0415801
-0.058124743
0.082045965
-0.012445782
0.0062676407
0.050421815
0.13263637
-0.042404853
-0.08381223
0.008349367
0.2568238
0.09637343
0.0660727
-0.019025492
-0.11011935
-0.018477794
0.10269197
-0.119195394
-0.14785531
0.011498132
0.00017959876
-0.04183739
-0.057414252
0.003895382
0.06820161
-0.06844742
-0.010719421
-0.0018873105
0.00073180685
0.008670867
0.11115808
0.11004615
0.059056934
-0.046616178
-0.12237707
0.087428
-0.10295635
-0.037545275
0.044803374
0.11169392
-0.0154137965
0.031742375
-0.06739826
-0.035888374
-0.04385659
-0.19386345
-0.06727348
-0.012974927
0.16437787
-0.090830386
0.0014631153
0.065083295
-0.03003803
0.0019080348
0.052837446
-0.00010556677
0.096783884
0.0022965767
-0.08013335
0.09166615
-0.008666431
-0.0062777
-0.032765187
0.0046275933
0.11913463
-0.11091631
-0.056895804
0.123523794
0.013909987
0.058660913
-0.0031422172
-0.1750042
-0.08772123
0.04701363
-0.10402168
-0.105014406
-0.014870318
0.01778348
-0.08048671
0.05908716
-0.035153907
-0.11197227
0.05352349
-0.06944355
0.052309673
0.101387195
-0.062396925
0.065288186
-0.10910083
-0.17636646
-0.020720394
0.031070355
0.06274365
-0.028545825
0.012639663
0.11408606
-0.20057422
0.06571818
-0.16933429
0.032393977
0.09697029
0.030168727
0.2305985
0.027559647
-0.06837257
-0.073436715
-0.15316306
0.08229523
0.09584639
-0.06770034
-0.019787218
0.032779247
-0.06416194
0.1532602
0.16551425
-0.102514625
-0.091577016
0.17641743
-0.14600241
0.08348018
-0.15951277
0.061454248
-0.053948175
-0.08066691
0.18581803
-0.09230779
0.111712776
0.20154284
-0.02767453
-0.04716876
-0.005084843
0.06757268
-0.040021002
-0.021862665
0.21644492
0.012667262
-0.14925992
-0.007759229
0.12408042
-0.033429913
0.023307862
0.22711903
0.07578997
0.11431857
-0.011957842
0.19725566
0.19231413
0.17820565
-0.018801909
0.14632992
-0.18200196
-0.04225799
-0.11928705
-0.07348022
0.13406964
-0.10562473
-0.009972016
-0.10264415
0.02226318
-0.059842348
0.0022015106
0.011114536
0.12274933
-0.017171975
0.080201484
0.13799182
0.07285251
0.008152468
0.121975675
0.12532283
0.081708424
-0.013756318
-0.12250013
0.18943705
-0.17359379
-0.022339648
0.073692955
-0.03963472
-0.1492167
-0.1171635
-0.06570293
0.21820796
-0.15442522
-0.0791064
-0.1051471
0.12729013
-0.12766543
0.08503619
-0.1622339
0.090200916
0.20201208
0.10271955
-0.035628777
-0.015617285
-0.021041743
0.03774259
-0.13666913
-0.017043762
0.056672428
-0.18196912
0.14655161
0.10343009
0.06323348
-0.10458728
0.10875161
-0.0056953193
0.27821413
-0.07943056
0.04313839
-0.08432004
-0.05586388
-0.12976144
-0.026160747
0.03538983
-0.0073056887
0.061096538
0.013136616
0.06701959
-0.20412885
0.1627455
-0.1416157
-0.06726704
-0.043393373
-0.0058963043
-0.09301049
-0.09098497
0.14279099
-0.083734244
-0.16199651
0.025611382
-0.14655177
-0.109867856
0.023390204
0.0591221
-0.02757806
-0.05754375
0.009369076
-0.02510656
-0.01564499
0.019577168
0.06747349
-0.024786407
-0.021306308
-0.027427178
-0.054092962
0.031140912
0.02152252
-0.10459058
-0.058885913
0.16835536
0.06802906
0.20086844
0.07472657
-0.009086938
-0.04545362
-0.060080722
0.12668316
-0.063385464
0.032657165
-0.08034226
0.04500764
0.104283
-0.009696341
0.12874033
0.018174645
-0.025652621
0.04442841
-0.03934536
-0.04546801
-0.110293925
0.07552757
0.03221093
-0.06442103
0.13090414
0.06873672
0.057310607
0.05069227
0.02982224
0.094825946
0.10493712
-0.18584576
-0.13387649
-0.14727549
-0.082792565
-0.05164507
-0.0035880879
0.10777117
-0.103218645
-0.07246809
0.18402745
-0.06953459
0.21310389
0.019978844
-0.099244505
-0.123317115
0.04776082
0.026553461
-0.11369956
0.00308933
0.22607262
0.05482617
-0.045358423
-0.017077569
0.07286072
-0.16125536
0.11402704
0.02607689
0.013191045
-0.014185183
-0.138403
-0.07551959
-0.023371892
0.022458596
-0.07943577
-0.016110089
0.022170587
-0.0027352378
-0.06715388
-0.03705766
0.10208607
-0.14914031
-0.1492826
0.03969864
-0.1267901
0.20101465
0.09037137
0.0988266
0.24207939
-0.031492304
-0.071487725
0.007685998
0.15137047
-0.08308357
0.15938935
-0.01638953
-0.012747057
-0.022712573
0.12005917
0.036155947
0.13289088
0.10905848
-0.07789416
0.051473375
0.02560013
0.0074282903
-0.11159404
0.0068196924
-0.059617948
0.046274293
0.15792021
0.1664074
-0.18362376
-0.019025397
0.010034433
-0.1936286
0.10217812
0.2048496
-0.12444631
0.12580416
0.22800396
-0.10452511
0.029754274
-0.21068844
0.0884128
0.07532523
-0.18704346
0.0035877929
0.10465742
-0.020980924
-0.017732736
-0.033176765
-0.028817791
-0.025154902
0.044474687
-0.0074838824
0.17486061
0.06574499
0.045813993
-0.016784253
-0.41538745
0.08520172
0.049696423
0.090519376
0.14408237
0.16390286
-0.010309127
0.24238007
0.09459617
0.21146478
-0.02958258
0.042375367
0.03044401
-0.0022878805
-0.13083443
0.51255715
-0.055539314
-0.08651287
0.13373645
-0.061344508
0.19290432
-0.0670207
-0.06181568
0.1321052
0.12559542
-0.12598702
0.24885495
-0.42060238
-0.22570685
0.20815821
0.039326563
0.066597514
-0.02099479
0.11839099
-0.010211358
-0.09520095
0.08212288
0.068742655
-0.1550373
-0.16552098
-0.04202105
0.03094984
0.22237387
0.0882125
0.020751793
0.14797187
-0.035821006
-0.12003288
-0.17833728
-0.4809347
-0.04827207
-0.2210827
-0.07509114
0.57726467
0.105163716
-0.07342562
-0.0072250273
0.11991944
-0.0041602855
0.07974956
-0.26635885
-0.16208756
0.07894514
-0.2056667
0.15798856
-0.2562207
-0.044055045
0.08071802
-0.021541918
0.13894466
0.14320658
-0.24600586
0.18100855
-0.04237032
0.10091227
-0.020466946
-0.04833276
0.13548452
0.15230548
0.087427124
-0.18559043
0.019637097
-0.24043344
0.08458384
-0.16469558
-0.003586396
-0.2789337
0.00811337
-0.21438415
-0.09459306
0.020183131
-0.043532405
-0.18548161
-0.0027161452
0.027594745
-0.21229544
0.29223424
-0.10537008
0.24181129
0.022311954
0.030624226
-0.123179644
0.050089244
-0.23309702
0.020726187
-0.13509068
-0.31928474
0.02142697
0.19938314
0.09843112
-0.1652834
-0.0034254657
0.30745623
0.057091136
-0.025312169
0.11083255
0.2318174
-0.18842117
-0.050526947
0.02563031
-0.21062496
-0.08820994
0.18603666
0.098105416
0.13698408
0.030874724
0.022807743
0.04784166
-0.32179004
0.021851266
0.20484647
0.22127467
0.01787699
0.007479011
-0.09643999
-0.06418627
-0.011039306
0.15886232
-0.07643592
0.20211524
-0.07772329
0.07486183
-0.08395137
0.21334513
-0.099411726
-0.014722511
-0.06790652
-0.14614879
0.03457072
0.05318356
-0.17601155
0.04026486
0.019012615
-0.21592659
0.15193747
-0.20521466
-0.06358153
0.36158338
0.0344506
-0.031278625
-0.14052512
-0.13214512
-0.02550315
0.05997862
-0.02607036
-0.0124563165
-0.089311525
0.042952355
-0.33899033
0.09341978
-0.04542683
0.32278475
-0.04577118
-0.11243603
-0.033249877
-0.14207432
-0.062636
-0.26037288
-0.10384106
-0.08204385
-0.24652232
0.25489452
-0.07147685
-0.015176173
-0.071093075
0.16357529
-0.03711279
0.040169146
0.015500001
-0.14764804
-0.05655015
0.05746713
0.06073367
-0.15945877
0.14521003
0.09548879
0.20098558
-0.09683639
-0.06858967
-0.0902827
0.22731774
0.009716231
-0.17606051
0.061763797
-0.24805835
-0.05631036
0.19548166
0.19335213
-0.23294438
0.43206334
-0.055390447
0.20218271
0.17855546
0.12526467
-0.27467105
0.16727793
-0.02031755
-0.040823653
0.13723975
-0.13611346
-0.18371367
-0.051573917
-0.1588269
0.07252975
0.046798375
-0.058595903
0.16127807
-0.11786919
-0.022958158
-0.009007239
0.08532757
0.048616074
0.039633952
0.14181688
0.07135279
0.019345
-0.08751086
0.10266037
0.33713666
0.052010044
0.0575895
-0.020352595
-0.037801795
0.0012829532
0.0888915
0.035350956
-0.083219714
0.05530939
-0.14257285
-0.0483417
0.023768894
-0.121083155
0.10072278
0.03980598
0.028823705
-0.06970286
0.00012294538
0.031380124
-0.06545607
-0.06813007
-0.009903254
-0.044871345
-0.122335635
-0.09962824
-0.06296276
-0.01802038
0.050694343
0.044232763
-0.08053385
-0.059281394
-0.13219611
0.09024507
-0.08276914
0.15088187
-0.10510561
0.05295621
0.08176944
-0.011875164
-0.1115153
-0.04918163
-0.15053242
0.063745834
-0.107428275
0.0477709
0.022275215
0.06674633
-0.024919914
-0.056348458
0.15148932
0.08824666
0.06886301
0.11266555
0.019581592
0.08444143
-0.10923234
0.048913606
-0.0239049
0.048424967
-0.02773909
-0.072395764
0.053614035
0.107889384
0.080939025
0.091501534
0.03641424
-0.09245754
-0.12769331
-0.11585778
0.19132002
-0.049089156
0.034786973
-0.13642272
-0.044157963
-0.08653955
-0.030364376
-0.08007771
-0.08668508
0.05069118
0.06625644
0.080404125
0.09452381
0.09756856
0.051124487
0.1136795
-0.12936808
-0.11508364
0.06704945
0.0136684105
0.06018845
-0.0052857627
-0.100351274
-0.17675643
-0.022791268
-0.052604817
-0.10978208
-0.04687473
-0.19272234
0.11074157
0.08950688
-0.036224827
0.017805705
-0.05373844
-0.04173807
0.0148540875
0.088640235
0.08315315
-0.13537541
-0.09442333
-0.053448863
-0.066786185
0.07939672
0.036986165
0.052629482
-0.04764547
-0.027435904
-0.014267488
-0.10534794
0.10323977
-0.16098753
0.11701836
0.07293786
-0.05149519
0.016077047
-0.091754355
-0.006937922
0.07876274
1.5137438
0.14053783
-0.057207763
-0.039816294
-0.08575904
0.041006766
0.02539941
0.045139804
-0.011656721
-0.02613475
0.036147665
-0.0045125666
-0.11267978
-0.16044472
0.03885387
0.5130287
0.040971145
-0.11584652
0.0057916963
-0.06581963
0.021846622
0.05422825
-0.1349346
-0.016807001
0.048963167
-0.0072314413
-0.05921643
0.026370756
0.16823623
-0.028883833
0.024849191
0.10830026
-0.11098479
-0.06804644
0.12720504
0.023169726
-0.16837615
-0.06965648
-0.0683623
-0.06186776
-0.014647694
-0.09829827
-0.07232215
0.03894075
-0.116981864
0.0075359894
0.078717604
0.03939601
-0.055632845
-0.030218562
0.014350317
0.0708429
-0.14069803
-0.03874644
0.12437573
0.1402661
-0.0025611566
-0.07492255
0.09867805
-0.05314422
-0.26287428
-0.1664095
-0.14263147
-0.009578416
-0.13544762
0.036967352
-0.1250471
0.026446627
-0.20149013
-0.032760546
0.2988174
0.008722209
0.06100651
-0.11103871
0.02568203
-0.053849116
-0.016533233
0.033470724
0.049175855
0.0753581
0.060301624
-0.027691858
-0.02119682
0.09508362
0.03507615
0.08885869
-0.08887785
0.07077555
-0.14206025
0.0300443
0.074657135
-0.09219964
0.1476871
-0.13987204
-0.03511376
0.03159398
-0.019289542
0.009576761
0.043302868
-0.029076166
0.069090046
0.012853395
-0.041581705
-0.09072261
0.080767624
-0.044453118
0.09195261
0.03961588
0.028716782
-0.02725239
-0.037593663
-0.03883291
0.01669827
0.15010655
-0.0943552
0.121200226
0.015107576
0.03185311
0.10851184
-0.12035055
-0.09283563
-0.11896753
-0.12136136
0.0068887244
0.07315357
0.20148546
0.12530388
-0.10359725
0.3070955
-0.10740071
0.032207917
0.0573086
0.09712827
0.09464214
-0.044355378
-0.11338157
-0.012831449
-0.035754964
-0.20341812
-0.07381648
0.110845745
-0.10311044
-0.046747234
0.025300417
0.08041714
-0.023318753
-0.028353425
0.045618918
0.046858333
-0.05526909
0.109964654
0.10771048
-0.059469655
0.103269786
0.060581375
0.08213177
0.069754355
-0.061669525
0.028384777
-0.05589504
-0.053490184
0.063913345
-0.06605549
0.14873934
0.043694228
-0.06925341
0.09160106
-0.13922906
0.030571135
0.025277266
-0.10700838
-0.04606935
0.1253209
0.03448306
0.17989412
-0.055761162
0.050295558
0.0555965
0.038270704
0.13414457
-0.026011134
0.11228704
0.07171096
-0.016508045
-0.11300774
-0.023457926
-0.13106802
-0.08827699
-0.032688167
0.03665124
-0.010946354
0.18004963
0.050194673
0.07125889
-0.110491
-0.038069744
0.09124162
-0.12785733
0.09232816
-0.051525164
0.08709931
0.06650519
-0.078391485
-0.04964705
-0.038332403
0.06211793
-0.08893315
-0.05849336
0.018281508
0.019467685
0.032913186
-0.05980007
0.0145972
0.06533409
-0.008769994
-0.08405747
0.07764389
-0.052090235
-0.051724214
-0.14978552
0.04107281
-0.17280903
-0.14516895
0.05979471
-0.17908956
0.0023383629
-0.11488124
-0.0551259
0.043847673
-0.0012504888
-0.034240063
-0.011678083
-0.16827764
0.057890225
-0.04443923
0.026861874
0.007715422
0.021828253
-0.16236831
-0.07615017
-0.09455725
-0.12646595
0.07440811
-0.013091222
-0.057167217
0.09035174
-0.111105345
-0.036595203
0.009927168
0.15883964
-0.060441986
0.0757906
0.06344695
0.040593684
-0.05980852
0.037153367
0.18557501
0.116311856
-0.1300217
0.104974136
0.025315033
-0.07943057
0.052261155
-0.0577531
-0.009401369
-0.17388067
0.058125116
-0.07321195
-0.01252567
-0.024730196
-0.0057226988
0.06910014
-0.07167843
0.047853287
0.057161156
-0.0515883
-0.03717197
0.0811429
-0.12729347
-0.015521879
0.13471903
0.07786753
0.067692116
-0.015518947
0.14085527
-0.12766851
0.01505066
-0.047563836
-0.116647996
0.04152004
-0.092993766
-0.092625126
-0.055377487
0.076897085
-0.12483822
-0.08556124
-0.022603696
-0.09594332
0.08024229
-0.06487987
-0.08425931
-0.001241747
0.08314958
-0.106476195
0.020264499
-0.035454724
-0.046996932
0.053164117
-0.14131895
-0.015800789
-0.07084343
-0.0151864765
-0.07036931
-0.11306907
0.07251568
-0.008423463
-0.08227629
-0.019997101
-0.11953675
-0.0779551
-0.08136086
0.07242586
0.0900863
-0.031853978
0.05752382
-0.06581649
0.090244204
0.095136285
-0.09449122
-0.040229306
-0.013142432
-0.0652669
-0.061221063
0.025196122
-0.033500943
-0.016867945
0.050306484
-0.047291204
0.047112584
0.16269588
0.11634916
-0.10717248
0.06484671
0.025980948
0.021563808
0.12612471
0.12642895
0.061783437
0.022137878
-0.031932563
0.029627487
0.012803421
0.023119949
0.10261145
-0.11315763
0.093318656
0.092243485
0.027685335
-0.049990494
-0.06121497
0.088404335
-0.010874653
-0.083565116
-0.07445204
-0.028981544
-0.054220624
0.11283122
-0.08394774
-0.09882599
0.15791038
0.062128272
0.1348792
-0.09618478
0.050674893
-0.088263325
0.4263594
-0.14551194
0.22556508
-0.1349354
-0.12804562
0.25152996
-0.4540496
-0.14599632
0.6325253
0.5236126
0.2651927
-0.12497541
-0.27204132
0.3767815
-0.42606723
-0.32624844
-0.1280094
0.08134018
-0.1683868
0.41194397
0.4761003
-0.26823035
0.14590473
-0.023623481
0.4965008
0.12883984
-0.017982675
0.3243342
-0.37715054
0.08872467
-0.2942842
-0.31891164
-0.030123817
-0.066144906
-0.1254588
0.18174504
-0.26809543
0.025429301
-0.2851418
0.42656356
0.070590846
-0.024147814
-0.7366054
0.34585163
0.21175519
-0.21180914
-0.028155774
-0.08333193
-0.015107553
-0.28201556
-0.17670557
-0.15878084
0.15043582
-0.4403566
0.44620982
0.035486378
-0.2942838
-0.041112486
-0.28992343
0.03322528
-0.23827113
-0.026029961
-0.052440014
0.09562489
0.11118929
0.25383577
-0.16583504
0.70756876
0.0807381
-0.27951327
-0.2614766
0.065645285
-0.36104065
-0.21339944
0.032326132
0.5932872
0.40721455
-0.08063895
0.31098127
0.0696384
-0.2416561
-0.037345693
0.3660327
-0.10423053
-0.26932025
0.09988263
-0.27980742
0.25964445
0.10500794
-0.2702884
0.1504818
-0.21253921
0.6041852
-0.18155445
-0.17058034
-0.3922915
-0.060709268
-0.00877394
0.38398793
-0.20033146
0.3314702
0.005506447
0.10716284
0.18193002
-0.024025928
0.2927516
0.070097074
0.047547624
-0.48658258
0.59645236
-0.37325373
0.07876104
-0.07096419
0.36315402
-0.06790963
0.32333902
0.16616805
0.071027525
0.07318275
0.153429
-0.11215084
0.009897387
0.3106046
-0.37641698
0.3562463
0.59822017
0.08435425
0.11009802
0.10223201
-0.03921046
-0.055764098
-0.07114566
-0.058603488
0.003107866
0.0163484
-0.055163156
0.109334856
-0.09837747
0.031765733
0.070295274
-0.012511294
-0.03744939
0.10222257
0.060071226
0.1028311
0.050860364
-0.026864318
0.075425476
-0.0046706856
-0.11689035
0.13858221
-0.097598575
-0.07779929
0.061396793
0.042027477
0.078116015
-0.08145908
-0.0916146
0.07874962
0.052398678
0.041794363
0.008142524
0.08989892
0.11703826
-0.08030717
-0.10943877
-0.036563747
0.043316398
0.03469855
0.04179341
-0.03180957
0.060210086
0.03233796
0.066271745
0.014749119
0.14360817
0.07863472
-0.054211464
-0.043642744
0.045169193
-0.056327708
0.02898798
0.014599522
0.08439957
-0.08444972
-0.0047116433
-0.028773379
0.08224666
0.12233444
0.056297436
-0.00040649908
-0.15243185
-0.053068407
0.16264299
0.03264038
-0.06055729
-0.06450591
0.022713335
0.06652574
-0.10288127
-0.0025021236
0.08156079
0.04343104
0.014913258
0.044991035
-0.091737434
0.04556269
-0.0026608661
-0.046646096
-0.07179215
-0.065041326
0.09630184
-0.09337121
-0.000681964
-0.08383075
-0.00954887
0.006637751
-0.06600279
-0.05685346
0.0112075675
-0.09087399
0.11535796
0.00931841
0.021132503
0.07852859
0.051770367
0.04603025
-0.107836805
-0.02585161
0.10016953
0.023345513
0.09192355
-0.011183704
-0.11040761
-0.040804118
0.14540057
0.005487047
-0.09106634
-0.016810086
-0.11143121
-0.06269333
0.04143504
-0.08693019
0.1312165
-0.047687292
-0.08228657
-0.13253976
0.123881586
0.03903007
0.07497001
-0.029859988
0.039742224
0.06888043
0.093558595
0.040977914
0.056479253
-0.06868127
-0.087865286
0.11101927
0.082389586
0.03225452
0.001618032
-0.07110983
-0.0048958566
0.009806263
0.03391419
0.090629384
-0.0034531753
0.021273581
0.052753903
0.09628077
0.073820114
0.11317243
0.047231086
-0.049824096
0.09787617
0.091528006
0.029752333
0.086474225
0.07703325
-0.07286734
-0.019482119
0.12962022
0.02745421
-0.0388346
-0.034343284
0.09620968
-0.099760875
-0.066600285
0.055279918
0.011724589
-0.047031336
0.11830128
-0.11136606
-0.06990696
-0.07901081
0.03022536
-0.09152765
0.099949665
-0.052207835
0.11024542
0.047085077
0.085337915
0.019445192
-0.048335984
-0.0042309617
-0.021072455
0.033045627
-0.0014948663
-0.072843455
0.011626851
-0.094396524
0.09505909
-0.13504307
-0.05206253
-0.07890226
-0.03608142
-0.03854691
0.038028914
0.08213529
0.048692312
0.088036366
-0.037460852
-0.007732213
0.10789331
0.04496713
-0.0021400715
0.071795076
0.06585142
-0.04989791
0.11129326
0.08851162
0.029008625
-0.08134456
-0.015360566
-0.04465065
-0.042467736
0.05050733
0.0544892
0.045265906
-0.055870384
0.113169774
-0.07671515
-0.08837433
-0.035881143
-0.11273408
0.004950413
0.005937996
0.0082916785
-0.035732992
-0.09146381
-0.07085751
0.10733043
0.023991713
0.123881735
-0.088226825
0.11010616
0.106862955
-0.069056906
0.005424951
0.123760596
0.027712688
0.008146318
0.062295884
0.05367272
0.03931763
0.036654513
0.13805948
0.120644696
-0.045312732
-0.050898604
-0.10844647
0.13578713
0.09790479
0.0431175
0.037104324
-0.10541148
0.010602269
0.054635216
0.13193059
-0.012734382
0.079384826
0.07970377
0.0023693691
-0.06159194
0.14604679
0.028598208
-0.028389502
0.10797181
-0.12287386
0.056863178
0.1505314
-0.09732297
0.016839348
-0.13576719
0.08809078
0.043962225
-0.14373468
-0.010597239
0.0055751735
0.012884524
0.07810725
0.03511112
0.15088831
0.03130541
0.09577745
0.04392689
-0.012100161
-0.10820083
0.12523583
-0.10916098
0.0017042875
0.011072923
0.13275339
0.10572494
-0.007940292
-0.08236083
-0.08587029
0.026948705
-0.044979934
-0.121155255
-0.10530311
-0.043753415
0.13142096
-0.00822729
0.08546013
-0.11929186
0.024872964
0.03981912
-0.037426617
-0.048255555
-0.023555918
-0.014413097
0.0016186575
-0.0986936
0.08581873
0.049238477
-0.041705072
0.078133486
0.008029133
0.011613906
-0.13703625
0.028751958
-0.0003433544
0.00042015602
-0.080100685
-0.049007203
0.06919788
-0.0439133
0.117212825
0.12721793
0.058960076
0.026685378
0.057925098
-0.028568786
0.009620552
-0.06837517
-0.12564102
-0.04942206
0.039287113
-0.11695551
-0.013855933
0.14327951
-0.13864785
-0.02973275
0.07906635
0.14016056
0.0067942827
-0.028734071
-0.032514293
0.09264231
-0.10269881
-0.07082471
0.06029576
0.11001846
-0.018166414
-0.0604307
0.11536856
0.046342026
0.03631675
-0.02708789
0.0793753
0.112946905
-0.014990402
-0.11397409
-0.06345798
0.025685474
0.0045016804
-0.00095098926
0.037469503
0.084552854
0.109318115
0.09243166
-0.123949416
-0.0877708
0.01401974
-0.036854003
-0.11740013
0.06302702
-0.0016379848
-0.0083368225
0.0586486
0.059802704
-0.08875809
0.024705393
0.0637778
0.12744309
-0.0058961962
0.04240148
0.07613491
-0.009423588
0.12498373
0.05460332
0.10174366
0.10429551
-0.0124562485
0.00630934
0.092375524
0.0043003205
-0.1644899
-0.118814476
0.09381312
0.0765748
0.011595322
0.027388643
-0.025635961
-0.08720865
-0.1077518
-0.062464043
0.07316374
0.13637365
0.0025691132
-0.020295173
0.090109
0.064939365
-0.10121997
-0.01760865
0.11027581
0.07099164
-0.008480252
-0.074119575
-0.09372671
0.035998635
-0.0691643
-0.022029795
-0.042021718
-0.08324522
-0.02198523
-0.034022097
-0.01826242
-0.037800737
0.074793495
-0.016851377
-0.052448027
-0.052137464
0.0002317794
-0.05391394
0.019314153
-0.09330324
0.029370802
-0.009300206
-0.040751174
-0.07459953
-0.047227975
0.17351201
0.11383878
-0.0436949
-0.04648287
-0.013983773
-0.0803892
-0.14180112
0.06218904
0.01316803
0.11772603
-0.022351515
-0.018917
0.009115655
-0.0056553017
0.06890918
-0.07507317
-0.0588825
0.014321903
0.11004775
0.10851783
-0.0436964
0.05674756
0.12016077
0.050241128
-0.04136627
0.06086978
-0.037681304
-0.08795458
-0.07512543
0.12744993
-0.052561406
-0.11198197
0.043633424
0.055598643
-0.101978004
0.07426222
0.077182114
-0.06545877
0.001970948
-0.12178454
0.002050207
-0.021357113
-0.03139941
-0.053684812
0.06999844
-0.08296777
0.11810965
0.06918674
-0.029421965
-0.038294997
-0.035266515
0.17299706
-0.0919698
-0.009276769
0.10740008
-0.022206727
-0.038116362
-0.012090813
-0.043991268
0.07965519
0.07178051
0.010439313
0.024042288
-0.034575086
-0.06858968
0.07440096
-0.005880653
0.13333155
-0.07590428
-1.5407873e-05
0.022323
-0.018329563
0.060079183
0.053852927
0.03480501
-0.07395934
0.016680509
-0.003227
-0.015000394
-0.11684358
-0.03778645
-0.04097926
0.029914906
0.1874153
0.013065436
0.041248776
-0.06818807
0.10756716
-0.046072528
0.07137683
-0.024208605
-0.025590803
-0.01829982
-0.11191885
0.02080563
0.11810867
0.0007725196
0.016216418
0.012426057
-0.018167192
0.057298537
0.072068565
-0.04785063
-0.081890814
-0.06010028
-0.027534697
-0.050008953
0.022577591
-0.0040311115
0.033041947
0.049825545
0.1743704
0.0406255
-0.08975388
-0.073105946
0.15822932
-0.029783485
-0.03267906
-0.09119811
0.20473067
0.04287876
-0.13096012
0.07767988
0.04319432
0.051487572
-0.03383004
-0.06062667
-0.19476974
0.016775956
-0.088432685
-0.09530476
-0.002673876
-0.03291194
0.06773367
-0.04004033
-0.11153205
-0.093649924
0.038320284
-0.050588384
0.014320463
0.124010846
-0.10838255
-0.08620408
-0.074503504
-0.043265767
0.047045074
0.18232286
0.05885504
-0.12341405
-0.02653755
-0.061803102
-0.0571698
-0.020124564
0.10458707
0.17782226
-0.13291284
0.020864509
-0.05751606
0.21471314
0.19085586
-0.07141891
0.039793786
0.16162428
-0.11329523
-0.052960366
-0.11340812
0.07473005
0.064609796
0.05337394
-0.02909857
-0.15415935
-0.010379763
0.044988338
0.035873886
-0.0034897404
0.053295273
-0.113953084
-0.08751131
-0.059134368
-0.027358878
-0.074937515
0.087318234
0.09204413
0.02256851
0.11822356
0.11004785
-0.13805541
0.18253791
0.16770029
-0.14261776
-0.08088668
0.05467801
0.14142413
0.14213885
0.024581071
0.05988786
0.023963556
-0.12897383
-0.030133238
-0.01121095
0.018872276
-0.040455204
-0.014733431
-0.06362677
-0.06048713
-0.08464223
-0.047069088
-0.13972054
-0.085067816
0.037676565
0.02601017
0.08131685
0.07315427
0.050259776
-0.068883605
0.11742484
0.022426445
0.06436751
-0.05824859
0.049141504
0.0153845195
0.048535835
0.109115876
-0.06909806
0.06827001
0.123809665
-0.060910568
0.046932776
-0.015310298
0.03767865
0.11768277
-0.05915732
-0.06328787
0.024247466
-0.11248525
0.0067809913
-0.026497923
0.08518966
-0.03375417
0.07588674
0.013494344
0.11647028
-0.009027741
0.097432114
0.029969096
-0.05200194
0.026476378
0.10057228
0.10283679
-0.0632011
-0.07544175
-0.024987984
0.033791684
-0.0766809
-0.06611873
0.0052285367
0.08734594
0.04097236
-0.020396287
0.059846338
-0.061544448
-0.10082688
0.031091899
-0.004957092
0.060694728
0.078201726
-0.07644415
0.07939751
-0.07882348
0.04817701
0.06020337
0.0070323544
0.10420163
0.11626851
-0.11027437
-0.028735192
0.016347786
0.12437201
-0.0817203
0.115558214
0.03992807
0.105980136
0.052011706
-0.08161384
-0.01811361
-0.0690727
-0.041938264
-0.085745364
-0.04704815
-0.060034137
0.03257519
-0.08318635
0.11389239
-0.107292384
0.100643404
0.031843208
-0.036454003
0.09221765
-0.0074540246
-0.041418653
0.05473603
0.088814445
0.055568825
0.07300203
0.11763566
0.11256002
0.14778605
0.021964103
-0.031251498
0.046536274
0.07660025
0.030945506
0.04036372
-0.029137028
-0.05498157
0.0032667476
0.08323947
0.05958769
0.10116106
0.09915737
0.15149681
0.053997666
0.05402865
0.053724602
0.07564302
-0.018877987
0.034097772
-0.09301598
0.06355113
-0.11238491
-0.106050014
-0.19397378
0.028884878
0.12664197
-0.080500074
0.30876
-0.0219867
0.0072058686
-0.08976818
-0.12683158
-0.056381267
-0.14212088
-0.11269045
0.050007634
0.14063497
-0.3019465
0.114017665
0.11379344
-0.15265495
0.069019936
0.056209106
-0.09049541
-0.1509138
-0.06508949
-0.12473191
0.03005425
-0.2528312
-0.026742455
-0.10360835
-0.10519456
0.15325853
0.015992103
0.006718235
0.027446471
0.050731093
-0.11348309
-0.18163647
0.097266234
-0.122246444
-0.17489848
0.116573624
-0.0938766
-0.032255266
0.08925318
0.00041309392
0.06531708
0.063906536
0.11068586
0.057192378
-0.036180172
-0.02349605
0.06333729
0.026226476
0.14852555
-0.10420442
0.08236539
-0.20563936
-0.035804473
0.045029882
-0.06730779
0.10312125
-0.26257136
-0.043417644
-0.17367181
0.114584215
-0.12543942
0.019921275
-0.10555441
0.36565274
-0.26009965
0.040627338
-0.008818385
0.18685043
0.1625082
-0.10062503
-0.27267542
-0.047100365
0.099180706
-0.20910974
0.11438336
-0.03458236
-0.051394552
-0.08253229
0.18480697
-0.0050417036
0.30085436
0.006191101
-0.19899033
0.08565912
-0.2399757
0.065804325
0.0077503696
0.12564795
0.0169418
-0.030763255
0.17200248
0.08795842
0.16111593
-0.34215933
0.107939705
0.08238252
0.12877724
-0.090466574
-0.091364905
0.102554806
-0.5053008
0.15091725
-0.107191555
0.030566849
-0.034229144
0.23625867
-0.19299126
0.20907225
0.050090812
0.20160331
-0.3297949
0.005034295
0.0032787411
0.04793837
0.1400422
0.05256015
0.061628226
0.054088507
0.014329629
0.11702163
0.27624223
0.012953273
0.00095785025
-0.20435512
0.046062335
0.008275427
-0.03365466
-0.089274205
-0.069276735
0.091460936
0.015782012
0.0114768855
0.03717345
-0.071763135
0.04735249
0.22393142
0.036425445
0.1589898
-0.0036669078
0.10245501
0.0074463813
0.049521
0.1136508
-0.058903627
-0.10980507
0.066561036
0.14563942
0.06777948
-0.16503131
-0.020706194
-0.038774207
0.074280195
0.13616243
0.007659882
0.043411393
0.124515034
-0.13115686
0.08373658
0.1471845
-0.04379396
0.002122391
0.030644061
0.060846213
0.07497588
0.047320068
0.047102433
-0.056933407
0.16954611
-0.013164687
0.06062541
0.009313108
-0.10964464
0.025150323
0.02604359
0.0853925
0.023476906
0.13159463
0.07525633
0.12728022
-0.014896101
-0.14830808
0.046018332
0.009796224
-0.14538589
0.097785324
0.024249364
-0.0078116725
0.060155526
-0.13854839
-0.006804092
-0.13539237
-0.026164535
0.07085845
-0.04037644
-0.0141620515
-0.0906444
-0.016950615
0.09287505
0.10684105
0.19738811
0.07697208
0.16146739
0.044402845
-0.038558442
-0.019834159
-0.031928692
-0.048835926
-0.016488692
-0.13944735
0.022020882
0.01793899
-0.0869475
0.0150705855
0.048065398
-0.005964504
0.028232373
-0.08512806
-0.02500487
0.15525116
0.08070797
-0.07572804
0.15414639
-0.16033246
0.1315379
0.051348053
0.024512004
0.15267564
0.11444518
0.27577507
0.05245997
0.08242236
0.11243399
0.066221945
-0.16823982
0.13199076
-0.04035902
-0.05957702
0.0846553
0.075568125
0.109835535
-0.018194167
-0.090907246
0.018935453
0.010962408
-0.031343713
0.023998374
-0.14145991
-0.03197113
0.062935635
0.044061672
-0.09125194
0.13012633
0.0021166408
-0.13097642
0.064457215
-0.14006388
0.049442064
0.005892787
0.08713478
0.14100333
-0.12616214
-0.10856986
0.103442565
0.22328644
-0.055465374
0.15809254
0.14790006
-0.00900351
0.124523185
0.043512784
0.09332311
0.124223694
-0.03813863
-0.015376709
0.047847215
0.05855306
-0.00738432
-0.15146391
-0.030944658
-0.06195054
0.15231948
0.11039386
-0.016220564
-0.033913616
-0.12779887
0.0030486416
-0.04167352
0.099484034
-0.108184375
0.17742886
-0.0022646752
-0.0033839128
-0.18210055
0.002674311
0.08356976
0.040245235
-0.053964205
-0.017085651
0.16484958
0.009776187
-0.16984126
-0.037090037
0.14612783
0.037707772
0.17109656
0.034689255
0.078280374
-0.011792154
-0.08822621
-0.14924052
-0.1827874
0.023305994
0.024520624
0.039475884
0.08718099
0.05212465
-0.07050228
-0.04874274
-0.21312153
0.17345259
-0.052552644
-0.1304381
0.19422805
0.0062972577
-0.08644978
-0.005802825
0.02115904
-0.06033996
0.15368327
0.14857382
-0.06629654
-0.03241071
-0.07889472
0.17185858
0.10583408
-0.12332316
-0.059923507
0.19579145
0.11568542
0.14138979
0.18617329
-0.013432714
-0.044065922
-0.15989184
-0.09130246
0.031152628
0.0995749
0.19741935
0.05457565
0.037059713
-0.11788415
0.04887472
-0.003143492
-0.0008145421
-0.009569152
0.07777193
0.2008366
0.09628112
-0.1029959
-0.28220773
0.048051648
0.086523324
-0.05773831
0.065042645
-0.2727411
-0.18487738
0.14821903
-0.056079324
-0.08361834
-0.21046469
-0.09200139
0.075530685
0.007538963
0.037037577
0.034072686
-0.10657212
-0.02717475
-0.09593334
-0.02163802
-0.018987574
0.18557538
0.033495504
0.01341253
0.06374665
-0.15727285
0.00792113
-0.038392838
0.042930502
0.02553289
0.083082266
0.02627175
0.11074554
-0.0057415594
0.102024786
-0.02244118
0.018442677
-0.013791804
0.08176688
0.07499494
-0.11591326
0.079676814
-0.059547186
0.0684128
0.09309474
-0.025041224
-0.012748939
0.051924072
0.04944466
0.04178309
0.026779434
0.06954674
-0.02491629
0.04937737
-0.11104927
-0.018557431
0.03432628
0.00023552455
0.06445285
0.112890095
-0.09375973
-0.1048298
0.052206524
-0.09391471
0.049444184
-0.019019784
0.010678787
-0.013714296
0.079864085
-0.11552444
-0.016452823
-0.063508086
0.10821024
0.07202916
0.08078954
-0.10875146
0.09869011
-0.10528512
0.07086298
0.05877913
-0.122408286
0.07756792
0.110906966
0.0033765896
0.07921487
-0.05894334
-0.09694139
0.010163532
0.0872542
0.034990303
-0.09859843
0.09620632
-0.072160505
-0.015769811
0.014633185
0.02773375
0.059507217
-0.035123985
0.063931204
-0.006500621
-0.056551754
0.076374486
0.02201777
-0.102275744
-0.09059156
-0.0075262645
-0.033130437
-0.07457577
0.062019873
-0.039479733
0.04699938
0.027941866
-0.019020412
-0.101662286
0.0099810045
0.054257505
0.0629695
-0.009105869
0.012225604
-0.058193624
-0.05738785
-0.022085235
0.084949784
0.16479059
0.13964386
0.14943343
0.017394492
-0.05787
-0.07109929
-0.04648399
0.030234365
0.050131068
-0.031565957
0.019802842
-0.116948836
-0.028088065
-0.10388457
-0.014641488
-0.05382587
-0.08467101
-0.022860533
0.0072157034
-0.13029821
0.039394163
0.061579403
0.014962863
-0.119014345
0.0045138756
0.15306415
-0.0072205565
-0.066675335
0.07791099
-0.046511114
-0.041701376
-0.20756285
0.25242138
-0.07779925
-0.32268783
-0.04288662
0.019532012
0.24646091
-0.124775514
-0.002543726
0.2958715
0.10183659
0.15865283
0.13175493
-0.08700096
-0.05037953
-0.032077156
-0.022054944
-0.18430023
-0.08412361
-0.10938618
0.02037633
-0.15897249
0.12980378
0.041348252
-0.03032134
0.052968133
0.111263044
-0.18574974
0.012990578
-0.02277724
0.17604697
0.018821888
0.17387696
-0.2006314
-0.018003283
-0.021578941
-0.06761621
-0.07621353
0.06266324
-0.00036497077
0.09478283
0.13629332
0.025464822
-0.09699355
0.14439346
0.11994847
0.010882577
0.22356379
-0.0037789498
0.1963316
0.04795113
0.033837017
-0.15757269
-0.05573767
-0.02219988
0.11214238
0.17502561
0.07960866
-0.00951934
0.070378065
-0.023033451
0.050994452
-0.028615585
0.030451676
-0.062086873
0.17244671
-0.2874539
-0.2977031
0.050558794
0.04666096
0.0052893977
0.12248737
-0.11489721
-0.046789296
-0.081760794
-0.096770875
0.06283322
-0.041259926
-0.08207898
-0.14801526
0.120128565
0.06404645
0.066259764
0.23708998
0.0075126397
-0.1484601
-0.02875262
0.03625633
0.19455045
0.1259
-0.0471146
0.06684272
0.2658977
-0.14595538
0.19523677
-0.029002208
-0.010314143
-0.029507
0.0931735
0.14871058
-0.15446071
-0.028359089
-0.13485354
0.12840772
-0.15576312
0.109235115
0.0433299
-0.11471234
-0.06900645
0.28882825
0.04924
-0.06921742
0.021986708
-0.12351242
0.016939213
0.03542577
-0.042517062
0.05104456
-0.22513892
-0.15305644
-0.1259894
-0.053247556
0.13544637
0.33078524
0.032052573
0.09016285
-0.10594437
-0.14949296
0.014213881
0.073377766
0.0046750456
-0.20167473
-0.17430943
0.20522791
0.124183714
-0.25376406
0.25802356
0.109440245
0.14470011
0.07376423
0.101852775
-0.04021843
-0.04407802
-0.104256816
0.10816116
0.11711947
0.033770703
-0.15220223
-0.038419962
-0.074297816
0.12498763
0.015658796
0.17802298
-0.06021606
0.0669548
-0.015067007
0.0052248267
0.15392713
0.07111848
-0.0037667444
0.40546036
0.0136123765
0.06481427
-0.10493497
-0.013959401
-0.04364103
-0.17607866
-0.29012406
-0.0049290173
0.13985035
-0.1710171
0.0748231
0.17879096
-0.071161196
0.24994282
0.42450002
-0.060107227
0.25319725
0.05625332
-0.08460134
-0.059576254
-0.0276659
-0.06066182
0.023992544
0.21632415
-0.002333941
-0.10393186
0.064116605
-0.050603732
-0.044442445
0.02240102
-0.008217961
0.04143458
0.14769985
-0.1239709
0.18153062
0.05439516
-0.05215494
-0.042195592
-0.028120486
-0.108023286
-0.13466057
-0.25348812
0.0820598
0.14046428
-0.13038985
-0.21262705
-0.28923744
0.11321673
0.100141354
0.08755092
0.20184547
-0.16506433
-0.18562724
-0.09512727
0.24641992
-0.04186284
-0.10712412
-0.102899194
-0.12831117
0.18069144
-0.10421802
0.0714009
-0.013506109
-0.07718271
0.08471712
0.11995472
-0.13621959
-0.040581778
-0.08458588
-0.284587
0.055296216
-0.05944722
0.09489208
-0.057682853
-0.08643522
-0.1973326
0.117776774
0.19541219
0.14675605
-0.027629545
-0.049527187
0.2578699
-0.06546759
-0.23992145
0.1153438
-0.41063288
-0.14386484
-0.12717623
0.09122681
-0.019985009
-0.010780436
0.06459244
-0.0636338
-0.06559653
0.0051040077
0.06305784
0.055468462
0.053164493
0.18173794
-0.10141939
0.013704029
0.016162107
0.09303014
0.02319638
0.012384473
-0.02044911
-0.07021854
0.09371684
0.036127422
-0.01877297
-0.026218332
-0.0018205453
-0.12212486
-0.06781162
0.004712291
0.16196749
0.12021319
0.044079427
-0.06226827
-0.17030849
-0.0604508
-0.10921065
0.023671716
0.0812437
-0.023524905
0.013877242
-0.0914329
0.06430057
0.043260425
-0.008001117
0.057333715
-4.52361e-05
-0.12687457
0.03656238
0.09051037
-0.05964483
-0.14081351
-0.14780776
0.08265011
-0.11651259
-0.09881152
-0.13434981
-0.04983157
-0.07674994
0.042822387
-0.13495776
-0.09806518
-0.0019318721
-0.0367293
-0.083598144
0.025485158
-0.031150362
0.005815882
-0.118554175
-0.08789285
0.075768515
0.13528146
0.038426973
0.06531911
0.11737208
-0.1042206
-0.05627959
0.0662573
-0.10135954
0.087251164
0.077595025
-0.10759747
-0.054146204
0.072489694
0.08071051
-0.06638387
0.064025894
-0.012846036
-0.111390114
0.010546862
-0.10828974
0.05662559
-0.14146654
0.10579413
-0.054817874
0.017403072
0.05432784
-0.1359946
-0.03774903
0.16604923
-0.008912891
0.024642762
-0.07428297
-0.12262522
-0.036419846
0.06398511
0.07556039
-0.013255642
0.01093668
0.087829016
0.039590996
-0.031223377
-0.029586855
-0.11160061
-0.039206065
-0.071386896
-0.022452446
-0.073214926
-0.100815214
0.12385627
-0.04886995
-0.00376644
-0.063260436
-0.07442777
-0.06896716
0.14479822
0.22862054
-0.07413135
0.071036905
0.031383283
0.06791071
0.08320865
-0.14376265
-0.07954934
-0.09722658
0.025262369
0.15183607
-0.17121308
0.07493026
0.028905155
0.06973894
0.04068398
-0.01624676
-0.07593391
-0.16552044
-0.005168661
-0.20208465
0.121376835
-0.06525078
0.10523374
-0.09182374
-0.04058775
-0.08540902
0.0009499049
-0.11708302
0.025455702
-0.18518552
0.08720279
0.38124093
-0.0859603
-0.013600808
0.00051159377
-0.20857817
0.08012332
-0.094361216
-0.04411599
0.07813246
-0.0502866
0.048260674
0.036951568
-0.07807669
-0.033891354
-0.056620162
-0.06441593
-0.058330376
-0.060326714
0.0757493
0.07516418
0.0057944977
-0.15467991
0.13317584
-0.027543299
0.018357359
0.07364375
0.11007219
0.0611288
-0.038257077
-0.08236219
-0.039092045
0.028658388
0.10467876
-0.06352519
-0.0151764285
-0.09629742
0.026465112
-0.0945558
-0.054480717
0.036777105
0.014088248
0.36871004
0.08253621
-0.08750089
0.25982332
-0.014764919
0.018769775
0.3157131
-0.03952706
-0.08604427
0.073487446
-0.19226898
-0.054076083
0.15518907
-0.05675636
0.052751858
-0.09007513
0.12687327
0.0073770396
0.043695144
0.02802804
-0.12700754
0.0066728583
0.09226842
-0.08483348
0.033219103
-0.06402711
-0.11158953
-0.017596127
0.018549884
0.05092821
0.0042785504
0.08125702
-0.039867453
-0.14341728
-0.12527198
-0.19551888
-0.120974876
-0.08596289
-0.1655014
0.01575129
0.07084489
0.0040745423
0.045346443
-0.071332954
0.0029819284
-0.06670159
0.12675227
0.11181816
-0.04087356
0.023940712
0.095321156
-0.032248463
0.048200656
-0.123863645
-0.0427959
1.2694988
-0.13981155
0.0017680319
0.033874437
-0.04225205
0.39639336
-0.12966338
-0.09886398
-0.091281794
0.008785626
-0.04138138
-0.08847763
0.114577636
0.12360569
-7.901217e-06
0.008498222
-0.17889518
0.11215505
0.060724128
0.0199603
0.03133193
0.099798195
-0.04977441
0.10939103
0.0065985713
-0.004889016
-0.00515756
-0.020764984
-0.09526626
-0.08687973
-0.052942105
0.0081800185
0.15747514
-0.08621528
0.058888078
-0.03784411
-0.039106492
0.14309506
0.11460331
-0.08616628
0.24752592
0.0021006418
-0.006030535
-0.02207636
-0.0640281
0.04592837
-0.015903123
0.049063608
-0.011770496
0.037994616
0.07889642
0.06796321
-0.029361125
-0.032200955
-0.12062708
-0.094668314
-0.074495405
-0.11868509
0.08856141
0.013830324
-0.086775385
-0.085434444
-0.027542925
-0.036259975
0.09787762
-0.00733688
0.094031505
0.14217812
0.11525796
0.03357785
-0.0029762764
0.026014721
0.19029637
0.30139574
0.04674796
0.06304281
0.04974016
0.07374056
-0.07067919
0.012590058
0.019990968
0.11335906
0.10381413
0.116391346
-0.02708962
-0.08901857
-0.07118955
-0.038241558
0.076037444
0.034259282
0.0057171406
-0.06855044
0.07542839
-0.08122311
-0.104401626
-0.026036307
-0.026619183
0.0017867113
0.00014396057
0.022518814
-0.013395763
0.15627722
0.07576507
0.095734924
0.12092439
0.0040691085
-0.042332456
-0.009652682
0.024227273
-0.051631432
-0.07078825
0.060038216
0.076316446
0.07496806
0.024451122
-0.12515771
0.0033116422
-0.08228432
-0.027131345
-0.13686638
-0.13516209
0.06757975
0.13243622
0.09508425
0.090382606
-0.137685
-0.17950815
0.05086435
0.35371396
0.10310358
0.11434373
0.011299406
-0.0709729
0.14220712
-0.005515333
0.08494717
-0.08459784
0.014024921
0.12218939
0.07402281
0.124361515
0.01263993
-0.0022522195
0.015931824
0.034210313
-0.0878514
-0.0054033557
-0.02074027
-0.09123002
0.08592004
0.092815556
-0.03719351
0.082142934
0.0664838
0.058980484
-0.088832244
0.092693664
0.08973264
-0.048322827
0.09395628
0.12366176
-0.111908086
0.009655744
-0.00017022481
0.022362186
-0.08383335
0.052830756
-0.0460834
-0.012508389
-0.06125125
0.09310925
0.02414089
0.027967107
0.052454323
-0.12464032
-0.03524719
-0.04623771
-0.07428752
-0.096531905
0.04068956
-0.078927465
-0.054240514
0.09422745
-0.072963744
-0.03110206
-0.0602335
0.0038001426
0.012036905
-0.050630096
0.08900272
0.042824257
-0.042056113
0.021053452
0.12509198
0.044909425
-0.13376404
-0.02899538
-0.08745737
-0.10021746
0.004732146
0.0014553108
-0.023200002
-0.082466826
-0.065628886
0.12573938
-0.10129732
-0.11156862
0.12471064
0.03147038
0.004758621
-0.025180463
0.09041477
-0.11752578
-0.08080089
-0.039720897
0.003133229
-0.03393556
0.0053532454
0.09913929
0.04676472
0.035703063
-0.1022165
-0.09824464
0.009547993
0.047283363
0.07066727
-0.045213915
0.098700665
-0.0072506513
-0.007305462
-0.030802252
-0.0011564657
0.0037962645
-0.06124935
0.10013742
0.032734588
0.087617695
-0.017185438
-0.019946637
0.073272325
-0.056701437
0.010814721
0.06729301
-0.0263684
0.0417533
-0.08060485
0.11382026
-0.08266444
0.05812648
-0.053865492
-0.052925266
-0.10837556
0.05365113
0.050649486
0.110886306
0.017935185
0.18033469
0.104436584
0.02271975
-0.03779157
-0.017643388
0.083876334
0.10443399
-0.14871879
0.04996764
-0.23559178
0.09703369
0.021764936
0.12378055
-0.30695954
-0.10381872
0.124613315
-0.022250367
-0.06442282
-0.22698587
0.47948405
-0.10525679
-0.12705278
-0.22759183
-0.066171
-0.3127845
0.15824276
-0.12721674
0.056833565
-0.04573916
-0.12891214
-0.04927641
0.09520513
0.097115874
0.21618289
0.06980632
-0.12747367
-0.090383604
-0.25734276
-0.038778767
0.1289551
-0.11013903
-0.027481496
-0.091429204
0.1776416
-0.058165025
0.034446344
0.049757797
0.13815586
0.07322435
0.007391172
-0.018691443
0.21099043
-0.07390575
-0.1759354
0.06590408
0.1318773
0.025843456
-0.11011161
-0.1321713
-0.24239685
0.11754466
-0.16929063
-0.106513895
0.013250803
-0.13054816
-0.16418105
0.017724095
0.044864785
-0.3779231
-0.006852827
-0.0056314114
-0.24286272
-0.004184794
-0.06982922
0.013961976
0.0067212144
-0.012026194
0.024104048
0.07927048
0.22116889
-0.10242142
-0.23720644
0.03772179
-0.27583295
-0.08257793
0.32446626
0.25358197
-0.075353906
0.11315298
0.30928597
0.2706356
0.31956813
0.015470608
-0.058026373
0.11504433
-0.17889424
0.11911424
0.007797612
0.26973802
0.028317366
-0.10446151
0.3588111
-0.16361797
-0.18168505
-0.09185517
0.38123998
-0.35702437
-0.060151342
-0.101322465
-0.0642187
0.10709799
-0.16223574
0.03870646
-0.11190022
0.26490003
0.06941314
-0.023930132
0.075561315
-0.07886956
0.08044138
0.43496957
-0.29239082
-0.1437284
-0.15720615
0.105213106
0.1856336
-0.08810083
0.04863019
0.3631567
-0.3485802
0.04284305
0.0485928
0.13068427
0.11962132
-0.0877963
0.04266593
0.069115154
0.011266692
-0.024624111
-0.05276278
0.0900962
-0.0077202707
-0.0030582095
0.081521235
-0.049622606
0.03553311
-0.040404722
-0.011711694
-0.012382148
-0.03113575
-0.09882223
-0.06757025
0.08651673
0.095732436
-0.11161177
0.03145234
0.15720786
-0.022492114
0.042411413
0.056913167
0.07324856
0.043712046
0.08155717
-0.076173216
-0.21301416
-0.09089846
-0.06415751
0.09569318
0.1534889
0.029948866
-0.05409757
-0.0067215348
0.03270052
-0.12241352
0.032393597
-0.07226352
0.006476597
-0.063394025
-0.038787108
-0.11579592
-0.13141984
0.10262111
0.08219978
-0.012784996
0.07942076
-0.049320653
0.084392466
-0.104625784
-0.085316464
0.090928815
-0.022486284
0.057479404
-0.10713209
0.13498431
0.04428649
-0.13514405
0.1365337
-0.07877602
0.072322935
0.18819414
0.15506138
0.29573056
0.059684217
0.071860544
-0.101072654
0.005407066
-0.09321333
-0.025463006
-0.0037021474
0.015685285
0.038109798
-0.07980468
-0.06977335
-0.08701605
0.048751514
0.08120716
0.086621985
-0.025855364
0.06110479
-0.10131296
0.15863459
0.006913495
-0.019491293
0.146596
0.06390356
0.08798527
0.20131525
0.17188916
0.09388017
0.077362314
0.006400596
-0.07153865
-0.006360094
0.05057602
-0.14371708
0.054649927
-0.018860124
0.035736658
-0.014080292
0.0211614
-0.1652911
-0.010455913
-0.067293055
-0.019163355
-0.011116094
-0.055940278
0.08669892
0.019738028
0.013652583
-0.0026573287
-0.008897247
-0.034839083
-0.14789647
0.101267405
-0.018174665
-0.09761327
-0.082867235
0.111699805
-0.11473975
0.1305042
0.06809659
-0.007945801
-0.01611886
-0.07519315
-0.0037917967
0.08739128
0.029302191
-0.07955014
-0.04169507
0.09654259
0.11808613
0.10860971
-0.0090318555
0.051633116
0.061278418
0.0355651
-0.09967041
0.0141452495
0.0741381
0.092280865
-0.042189974
-0.0817109
0.0834832
-0.066465884
0.10266104
-0.043368876
0.042716153
-0.08087754
-0.015076347
0.047272027
0.040532365
-0.03607971
-0.04362758
-0.057482433
0.00042715462
0.04526674
-0.098992154
0.00494397
-0.060030945
0.009656909
-0.066036694
-0.10743392
0.04103688
0.05655087
0.038085632
-0.09905958
0.105609566
0.11384265
-0.08633059
-0.039349742
-0.08464014
0.12576626
-0.016932689
-0.015910609
0.060828004
-0.039107148
0.011702446
-0.040890597
0.06665866
-0.042686295
0.022985028
-0.061236266
0.043101832
0.035237096
-0.024818743
0.06295756
-0.07102458
0.11125008
0.09281407
0.07495631
0.1087336
-0.02307647
0.09221055
-0.00982639
0.12689145
0.027437935
0.07706944
0.03254067
0.13918687
0.11013985
0.08558109
0.086189225
0.012413158
-0.012576233
0.06546723
-0.12059043
-0.039176293
0.10766563
0.017844101
-0.024536896
0.034542
0.10691521
-0.10105545
-0.007948478
0.007527387
-0.09151079
0.10088575
-0.088380165
-0.093846604
0.03766453
-0.053387903
0.09245224
-0.061311748
0.08337253
-0.023204336
0.1566878
0.111118354
-0.015797613
0.013221565
0.0029689858
-0.04135925
0.0032736848
0.023997007
0.00277988
-0.045007527
-0.06501951
0.042796448
0.06805818
-0.09798621
0.1041763
0.097865306
0.07406656
-0.06905312
0.08357371
0.024738159
0.077910416
0.03290995
-0.069605984
0.01916324
-0.08097474
-0.12185197
-0.101188794
0.00376518
0.076842085
-0.117107995
-0.020449061
-0.012764214
-0.040903836
0.09965661
-0.09245422
-0.007850207
-0.034364413
0.038690895
0.09156513
0.05671711
0.06142524
0.09519502
0.0752072
-0.02414487
-0.16114527
3.7861282e-05
0.105677046
0.018209685
0.04888305
-0.062086925
0.058202777
-0.14186771
-0.09575128
-0.0116684865
-0.006534813
0.010500573
0.07820403
0.11475788
0.13754904
-0.08238526
0.023209892
0.05219695
0.0871675
-0.042878043
0.02810979
0.047057554
-0.030457957
-0.007440063
0.03554001
0.08051972
0.08015276
0.03378825
-0.0052079386
0.03342025
-0.0193974
0.12310917
0.010678104
-0.01869542
-0.005419009
-0.013629444
0.15222065
-0.11479149
-0.023840053
0.028125055
-0.059388164
0.040607322
0.13838549
0.00021931334
-0.040781986
-0.017337788
0.031005273
0.049167655
0.0041965004
0.0487371
0.015821384
-0.07306681
0.09505512
-0.050788
-0.05254554
-0.041391883
0.080366336
0.013513595
0.105593815
-2.7460457e-05
-0.032667585
-0.059546065
-0.059604578
0.06826135
-0.019576201
-0.08851098
-0.07299435
-0.06233169
0.079622574
0.03462095
-0.07582996
0.10081057
0.0621403
-0.00041995692
0.12189829
0.037513983
0.10991993
0.027283305
0.07207737
-0.11749587
-0.04115246
0.093661234
0.100780874
0.04799958
-0.117526636
-0.12891717
-0.009002278
0.0962469
-0.107583
0.091322824
-0.10119307
-0.024828825
-0.05388184
-0.042148586
-0.0039770575
-0.0016968203
-0.02217425
0.15967897
0.04694822
-0.03204917
0.009913195
-0.081065066
-0.06644609
0.071782194
0.080327615
0.014678506
-0.045485232
0.07960975
-0.0007569039
0.010802584
-0.010433225
0.0765568
0.15751693
-0.106223896
0.011111286
0.041134726
-0.0022997593
0.10310999
-0.072106145
-0.045108173
0.15178649
0.09822904
0.14067023
0.028343787
-0.044172
-0.011772471
0.016961275
0.16268711
0.028369868
0.09970244
-0.07786152
-0.06341041
0.046655335
0.09598185
0.016043182
-0.042604968
-0.05923271
-0.13011603
0.10867909
0.07006525
-0.0663103
-0.13546297
0.18842342
0.011784134
0.09127863
-0.07959862
-0.13551085
0.032923166
0.037533823
-0.029110178
-0.086252816
-0.08064288
0.00974386
0.017915724
-0.10294201
-0.020560639
-0.004840694
0.13302149
-0.056028385
0.031459566
-0.012420547
0.09770061
0.03620321
-0.082682066
0.020363672
0.16873649
-0.20124549
-0.17559355
-0.06990585
-0.022559412
-0.1128403
0.079264514
0.008131297
0.1001866
0.1397394
-0.058021545
0.0068121543
-0.053958055
0.003641355
0.07945622
0.12054592
0.022663714
0.13347706
0.03237085
0.039991558
-0.0017087506
-0.16690816
-0.016805368
0.13193882
-0.07537947
-0.087999575
0.11270325
0.049003366
0.07021684
0.01242102
0.0756317
0.09632207
0.008404973
-0.0045512677
0.09003996
0.056337163
0.09809255
-0.10253594
0.056353852
-0.08987485
0.116694026
0.022971576
0.014911939
-0.10828089
-0.0055296756
-0.01756271
-0.12862147
0.06057597
0.092583746
-0.10301178
0.040640358
-0.06468268
0.13925336
0.05697245
-0.049896076
-0.01405788
0.09907777
0.023156935
0.02055163
0.031413365
-0.02586678
-0.024366753
-0.10376847
0.018900672
-0.028410459
0.13790849
0.030977705
-0.11662099
-0.00038015173
-0.067640334
0.048552297
0.03430351
0.107126705
-0.14221661
0.06979987
-0.13196087
0.043825638
-0.12174921
-0.08447819
-0.05241449
0.028146314
-0.11144287
-0.05130768
-0.09863058
0.17999063
0.19880554
-0.072809726
0.10174752
-0.22102845
-0.19473396
-0.058595546
-0.33745226
-0.12233444
0.10392515
0.20843476
0.002559636
0.04718287
-0.024579117
-0.0007996091
-0.18763252
0.13604541
-0.09034062
-0.12096752
0.13821208
-0.050328452
0.24921651
0.12141585
0.016589629
0.22170357
0.31228924
-0.004412985
0.002345794
-0.020532807
0.272989
0.13161938
0.052435573
0.17062345
-0.029001893
0.22394517
-0.23413053
-0.090590395
0.3450906
0.3525333
-0.09116282
0.10424531
-0.040830296
0.23586243
0.11491938
-0.0687607
-0.022709787
0.23201539
0.06695874
0.093291625
0.13346784
0.018353319
0.12053685
-0.048019372
-0.077326424
-0.12085104
-0.014497799
-0.032485053
-0.07022818
0.04097301
-0.044730313
0.08439245
0.001840167
-0.1287125
-0.14781424
-0.13250023
-0.008892549
-0.296201
0.33394557
-0.031272147
0.022383835
0.10055962
-0.21095341
0.15008993
0.04927671
0.049788393
-0.29713875
-0.14427812
0.09781257
-0.06690791
-0.08190694
0.06855418
0.11120042
-0.19235021
-0.09622508
-0.41417652
0.10734011
0.09500293
0.26051515
0.021805994
0.1042785
0.22659291
-0.039464757
-0.09011408
-0.24920595
-0.1448442
0.04833607
0.22871934
-0.17195001
-0.124113604
0.015559712
-0.09305366
0.19627647
0.12270099
0.07520951
0.2937364
0.13606825
-0.05548345
-0.025840081
-0.10124652
-0.11631661
-0.07534078
-0.27286986
-0.06705875
-0.2835483
0.15419127
0.12497001
-0.39779937
0.052909914
0.030635186
0.08242112
0.074034974
0.047774054
0.05409745
-0.09890231
-0.14965148
-0.07664768
-0.041686755
-0.024454515
0.056904178
0.032996383
0.007252751
-0.017857773
-0.041585542
0.056171853
0.030404877
-0.07016983
0.081278384
-0.092028566
0.035198282
-0.10170175
-0.0013323551
0.039659932
-0.058717173
0.06913751
-0.0023131417
0.10845528
-0.025644394
-0.11409013
-0.044403467
0.052618776
-0.04355811
-0.08067776
0.069463305
-0.02669632
0.011319745
-0.08736142
0.08127406
-0.08573106
-0.029862668
0.05743079
-0.059344035
0.09041727
0.047281984
-0.098897584
-0.034260005
0.045625623
-0.005723681
-0.05554754
0.17231607
-0.06326559
0.11016438
0.022663308
-0.119025484
-0.31080267
-0.10788307
-0.06577287
0.045030072
-0.055151395
-0.012807722
-0.07670047
0.054280255
0.06769325
0.11066042
0.018896557
-0.027000768
-0.093150444
0.04959245
0.11403117
0.11049819
-0.046144016
-0.10306923
0.11431054
0.16511057
-0.026060285
0.049868725
0.08197646
-0.015416128
0.16953325
0.14063066
-0.076344885
0.13985741
-0.06772686
-0.14636105
-0.019337619
-0.04631714
0.11521607
0.01874077
-0.08020066
-0.0723812
-0.029953292
-0.0863298
0.14223059
0.0055262404
0.025152994
0.115953535
0.04669336
-0.02669899
-0.057662867
-0.008269875
0.04791343
-0.074482374
0.016294677
0.07125977
-0.12971413
-0.024157071
0.018009458
-0.12418896
-0.0417002
0.061214812
-0.0002041602
0.108546935
0.052112687
0.11841222
-0.051694937
0.11746794
0.032886766
-0.037933666
0.0065078707
-0.083590925
0.12612449
-0.03992655
-0.06135221
0.036805917
-0.09343174
0.06972212
-0.011115029
0.1418066
0.22044231
-0.02702468
0.010733149
0.05063202
-0.004898394
0.09643891
-0.2260443
-0.08368082
-0.0867209
0.096487336
-0.057486422
-0.1532327
0.046655197
0.12429623
0.06341158
-0.13451654
-0.084528774
0.085840486
0.17279217
-0.1517586
0.17243439
0.013593446
-0.12911463
0.05084576
-0.112840414
0.021351159
0.08811996
-0.119857915
0.14628053
0.28875703
0.12005685
-0.12731095
0.016346663
0.1416202
0.2458424
-0.09960914
0.03011961
0.095024355
-0.18425281
0.112796575
-0.022153113
-0.079811804
-0.09873527
0.12844738
0.113971464
-0.30095568
0.02596614
0.49277875
0.017763097
0.13539352
0.15589084
0.14676183
0.3557743
-0.22538099
-0.15470643
0.14034846
-0.26529264
0.16543207
-0.11934968
-0.013480179
0.02083208
0.13151264
-0.18483993
-0.035990614
0.054616723
0.046719838
-0.08506059
-0.023703935
0.15525095
0.015403054
0.03842379
0.08048703
0.010457153
-0.18782353
0.22742817
-0.020540064
0.07898501
-0.048086975
0.00394454
-0.05418761
-0.15503615
-0.17529458
0.15792784
-0.1386297
-0.09319713
-0.47470787
0.105130605
0.17546602
-0.1520601
-0.27336723
0.1275274
-0.003250714
0.14324573
-0.1312151
-0.08290567
-0.15212801
-0.108979136
-0.024416525
-0.017515702
0.0903025
-0.2454265
-0.10392764
-0.14361323
0.331481
-0.18508159
-0.008797966
-0.29595304
0.01677359
-0.0885015
0.085074514
0.069764435
-0.10784475
-0.09490279
0.2047914
-0.1853553
0.010832028
-0.057613857
0.011171371
-0.08998795
0.13767171
0.015702944
-0.059248224
-0.085267484
0.010055991
0.0027797564
-0.31751788
-0.07013904
-0.14317073
0.15077801
0.028748224
-0.19350295
0.13446626
0.026529549
-0.15509324
0.14755078
0.07229852
0.054891456
0.3048817
0.22743566
0.22214276
0.1590261
0.12390426
0.06131213
0.017083062
0.10409813
-0.064383976
-0.25590226
-0.06467693
0.025205374
0.14646533
-0.100838475
0.04215137
0.055182226
-0.16614948
0.29928005
0.17673074
-0.026563477
-0.13409618
-0.090483226
0.123396635
-0.08576556
0.07794635
-0.0021053592
0.07587199
-0.0743645
0.12204076
-0.068845764
0.014422827
-0.11682147
0.12495092
-0.09356722
0.07952221
-0.054412693
-0.14090277
-0.060386334
-0.0099923145
0.09415622
-0.098745346
-0.0033144418
0.030236403
-0.29478672
0.0960252
-0.10484409
0.02091085
0.054193314
-0.09433483
0.19121392
0.07426337
0.10888903
-0.03654213
-0.06441942
-0.013633975
-0.071066804
-0.17227061
-0.0026466781
-0.0043050395
-0.06489937
-0.17066284
0.12146928
-0.11325834
0.16045913
0.055165775
-0.08186429
0.40410256
-0.08505884
0.011370811
0.0590686
0.2930191
-0.04432196
-0.12737295
-0.19606572
-0.013028255
0.07057746
-0.0068242224
0.016512021
0.1229276
0.09836002
0.108201124
-0.18576585
-0.06893892
-0.008297853
-0.018764501
0.34246016
0.13646689
-0.2059731
-0.13109772
0.025772836
-0.03810582
0.19958289
-0.009668785
0.2996067
-0.07493451
0.0004206495
0.37048694
0.0851218
-0.11426274
0.15548772
-0.02843481
-0.13933823
0.011991863
0.109070644
0.032469373
-0.061341017
0.022750547
-0.027051335
0.08765452
0.120617725
-0.24295285
-0.11475916
0.12453095
-0.13763458
0.06622632
-0.31331432
0.22948569
0.04275519
-0.3342922
0.34554303
-0.0910845
0.18804848
-0.08600091
0.059788276
-0.040131744
0.066374026
-0.14147463
0.17091268
-0.09128425
-0.018483836
-0.018787572
-0.40567833
0.4631041
0.16897745
0.37353346
0.29207864
0.094433986
-0.072155185
-0.111128986
0.11805473
-0.0271417
-0.034544796
-0.0030172947
-0.082989804
-0.15506274
0.12935148
0.15815964
-0.19806655
-0.14355658
0.08947144
-0.035798058
0.002534386
-0.26690742
-0.2154253
-0.0342432
-0.15855394
0.2838163
-0.22350939
0.07446195
0.12487666
0.02803186
-0.0074243206
-0.35906452
0.14112726
0.03653296
-0.30048
-0.26054463
0.29520616
0.12334102
0.09387289
-0.27901462
0.05895331
0.12327798
-0.027448252
-0.06955551
-0.1979733
-0.15739867
-0.17295362
-0.15819441
-0.32175332
-0.071095966
-0.1535471
-0.00740604
-0.17824592
0.272899
0.019833406
0.035170794
0.040686328
-0.103759035
-0.16563247
0.021292767
0.33628678
0.09995161
-0.08872059
0.028095469
0.045095295
0.03506741
0.06894174
0.010554014
0.016244309
-0.2179017
-0.09920382
-0.05842368
0.1135065
0.30159163
-0.1836654
0.18906261
0.42528155
0.050772432
-0.1498575
0.03903007
0.14448921
0.4112505
0.30482432
-0.15149346
-0.22016332
-0.23847546
-0.10785195
-0.34587148
0.013475073
-0.047162678
0.11091081
0.39453408
-0.09478997
-0.020735389
0.117906466
0.15401584
-0.08775864
0.14708024
-0.3773563
-0.23902173
-0.0015462657
-0.18191159
-0.1732666
-0.2767761
0.16814062
0.20385891
0.33706653
-0.14534818
0.26636797
0.1254566
0.17653872
-0.07282557
-0.26592273
0.25146383
0.016383586
-0.05011792
-0.0028146063
0.12348824
0.02182945
-0.008708316
0.07766126
-0.009722174
0.07667976
-0.020289507
-0.056260005
0.062137596
-0.04001484
0.1059047
-0.11632045
0.1430641
0.005455967
-0.08423474
0.039501738
0.13896532
0.03215108
0.06541482
0.11383253
-0.072320834
0.06512341
-0.0025604467
-0.11315727
0.05828807
0.15342757
0.08638621
-0.027997132
0.090997145
0.015455177
-1.444173e-05
-0.04912849
0.008573732
0.063872114
-0.04484827
0.05410045
0.08246968
0.054370448
-0.07695359
0.02895958
0.0041782213
-0.008366633
-0.1292109
0.06175341
-0.029220035
-0.08400612
0.03275689
-0.010424201
0.07585843
0.10297211
-0.099088766
-0.14015651
0.120453164
-0.09393182
-0.058094118
-0.115939535
-0.02478041
0.0848306
-0.014070048
-0.06938125
0.09617642
0.0062307897
0.09696418
-0.061596688
0.1285166
-0.10713699
0.118162826
0.096604146
0.009455196
-0.052322607
0.040897004
-0.078328885
0.09580992
-0.075206116
-0.04393001
0.0378185
0.13304697
-0.10037886
0.029393308
-0.060631987
0.0058187908
-0.05202901
-0.05040192
0.08213121
0.11179598
-0.014979267
0.11980213
0.14303976
-0.038263533
-0.09620228
-0.077841915
0.12513053
0.10961728
0.174708
-0.004789484
0.0010170363
0.009716293
0.115056895
0.030350087
0.104880646
-0.07547931
-0.038785327
-0.11757775
-0.05708465
0.13184328
0.09032957
0.072399266
-0.049413703
0.08250579
0.014449531
0.096554056
-0.053280544
-0.008742422
-0.060666505
-0.024957294
-0.01318857
0.04443619
0.017328765
-0.08726414
-0.09206133
-0.03795746
-0.038849153
-0.04666421
-0.07938481
0.08764848
0.11520462
-0.14365512
-0.061082102
0.02266511
-0.13847448
-0.01658214
0.021443311
-0.09536106
0.2281139
-0.04864411
-0.13382359
-0.03168241
0.020486511
0.034948695
-0.35817766
0.14343007
-0.031935226
0.099540755
0.2373126
0.06240406
-0.027148267
-0.09107565
-0.18668716
-0.18012173
0.116547726
0.09028658
-0.07205286
-0.064452246
0.08479308
-0.0722856
0.049812537
-0.18772726
-0.043222696
-0.009059
-0.10309119
-0.33575186
-0.014345353
-0.09513808
0.08408223
-0.19437233
-0.16851465
-0.09428539
-0.14505045
-0.10693629
0.011245543
-0.30217734
0.051677722
0.038496092
-0.20948091
-0.3581302
0.051175945
0.0475817
0.04996872
-0.1052013
-0.24180944
0.20335497
-0.16520147
-0.10404553
-0.22737034
-0.008399417
0.10167974
-0.3452979
-0.19402404
0.029885042
0.010338647
0.09417726
-0.08211657
-0.10739092
0.016100697
0.06440236
0.05269879
-0.08484909
-0.1419408
-0.09125243
0.0013582198
-0.009500513
-0.1463328
-0.03557706
-0.012911267
0.12930684
0.016088929
0.21958521
0.074946426
0.086047776
0.013656168
-0.097831376
-0.16149978
0.36634222
0.11338619
0.24284454
0.1453252
0.20047444
-0.11896371
0.18183026
0.22126591
0.25150523
0.0032916786
0.07969354
-0.11080241
0.030587545
-0.23394217
-0.24937868
0.22128429
-0.11480996
0.10024543
0.13045734
-0.24941073
0.015785465
0.1822931
0.04111465
-0.0048337295
-0.0060658837
-0.16474201
-0.28045318
-0.0036680005
-0.19716632
0.10205784
-0.013054148
-0.028814549
0.1282625
0.23293675
-0.1366903
-0.14660306
0.19680333
0.018572588
-0.27026904
-0.32216194
0.21227044
0.24140841
-0.1292963
0.18765745
-0.027175104
0.083753735
-0.14577986
0.0980326
-0.19908194
0.05916726
-0.09440977
0.08835942
-0.12573737
-0.048534174
0.07194026
-0.4027457
0.07493679
0.07459659
0.044241723
0.2797877
0.13687502
-0.103378244
-0.08435449
-0.07508483
-0.124593616
0.0060064048
-0.033076752
0.1899664
-0.17140403
0.063026376
-0.20314346
-0.11961719
-0.09823393
0.07488711
-0.022509567
-0.096902296
-0.44728708
-0.31548455
0.039986257
-0.017607206
0.037065934
-0.01868772
-0.07593782
-0.041905772
0.05094057
0.052570943
-0.4831835
-0.10499407
0.119337834
-0.35495278
-0.28737026
0.29679528
-0.07907281
-0.0441928
-0.08250363
-0.18468514
0.12949619
-0.027392497
-0.26665863
0.14009786
-0.06138871
0.008210708
-0.2548917
-0.33343884
-0.0076430757
-0.10057497
-0.098725624
-0.03601523
0.08254956
0.06013582
0.017499201
-0.031422943
-0.28244394
-0.06163441
-0.13320042
0.07024871
0.24034463
-0.14655249
0.20280167
-0.09869915
0.19770403
-0.10446899
-0.06127442
0.11130472
-0.06595761
0.029197408
0.109966144
0.29550493
0.1706365
-0.14742303
0.0672829
0.26163068
0.12314608
-0.17213053
0.15606548
0.26841614
0.22210401
0.048373736
0.04863878
-0.043130655
-0.06580157
-0.0785456
-0.0016173149
0.19390565
-0.088692494
0.1034387
0.019170707
0.1382641
0.039898686
-0.04114881
0.0824993
0.05209796
-0.0959246
-0.045630436
-0.074694805
-0.13189656
-0.13087565
0.010705689
0.02942319
-0.015314897
0.32330304
0.2585816
0.02601596
-0.03738276
0.046769246
0.22031927
-0.13854158
-0.00801375
0.21565914
-0.06072862
0.0753674
-0.020408385
-0.06522187
-0.03645078
0.28072178
0.04901971
-0.013444786
-0.027049894
-0.00013475251
-0.0451842
0.13970296
0.002288827
0.16485287
0.09480372
0.037297253
-0.13430253
-0.026474595
0.11026032
-0.048017442
0.0893233
-0.09791213
0.05660238
0.07933209
0.0061524464
0.08802206
0.043985855
0.14269003
0.026298217
-0.040282972
0.08042791
-0.1230341
-0.021205295
-0.17764223
-0.051453747
0.06506081
0.089105844
0.040801954
-0.037700105
0.0088413535
-0.08928062
0.047841653
-0.10920442
-0.07003752
-0.08889195
0.08478338
-0.001951896
0.0042966427
-0.021125568
0.1523228
0.09665778
-0.037867118
0.08720105
-0.09153917
0.10209814
-0.030501224
0.11413088
-0.096182734
-0.015695624
0.014314161
0.1411577
-0.06192171
-0.051724985
0.11727582
0.038512442
-0.008139075
-0.12377679
0.072385535
0.01806969
0.085343294
-0.08200088
0.049294554
-0.19338335
-0.015001019
0.0049401172
0.07125265
-0.06513622
-0.035874818
-0.052431226
0.12589063
-0.08140942
0.059572555
-0.10082812
-0.12738661
-0.14294796
-0.0132482955
-0.02812485
0.026272552
0.10091475
0.067776695
-0.120847784
0.08036469
-0.045587577
0.013212986
0.09268094
0.033361908
0.077282354
-0.07924778
-0.08569751
0.099113226
0.03376625
-0.062244937
0.051893998
-0.080138475
-0.013301409
-0.023337172
-0.12225816
0.0026139086
0.063201554
0.051430862
0.06877885
0.15975013
0.03164733
0.036301047
-0.03572457
0.12283064
-0.06754231
-0.10570899
-0.039785504
0.018977523
-0.10421969
0.094262
0.11339587
-0.14099863
0.016562369
-0.03235765
0.06813471
-0.09771688
0.060205277
-0.042953223
-0.045473695
-0.048096273
-0.020482603
0.14914827
-0.110331886
0.062181044
-0.06690747
-0.039006885
0.05900998
0.1277049
-0.07063153
-0.035844535
-0.006319515
-0.12033713
-0.07033552
-0.007955167
-0.0399758
0.023818938
0.059641093
0.013475492
0.0839563
0.032171916
0.041803386
0.08452975
-0.09672164
-0.047406778
0.050192058
-0.07990991
-0.017002288
-0.00121441
0.09574517
-0.05724495
-0.07303694
-0.079569966
0.0475806
-0.06943504
-0.094334915
0.02925725
0.07915973
0.027893685
-0.14648479
-0.0031531686
0.07760029
0.17081885
0.058425207
0.12139253
0.008963291
-0.07153915
0.043515477
-0.111572385
-0.052222714
-0.092895314
0.063455075
-0.059025258
0.050180096
0.019951383
0.11084279
0.027919741
-0.08596801
-0.05611769
-0.0648421
0.028576683
0.14406195
0.0060389005
-0.16747335
-0.031541612
0.005768717
0.07023733
-0.12642232
-0.023668142
-0.13329697
0.08134695
0.027005836
-0.0063454644
-0.06673893
0.078647085
-0.0070554847
0.011876594
-0.06637875
-0.07646934
0.02913182
0.023364393
0.035786655
0.020120649
-0.10926669
0.043615088
-0.007449772
0.0061126947
-0.08879885
-0.019529697
-0.12337093
-0.010500412
-0.1554127
0.081454605
-0.08040208
-0.06769707
0.10010346
-0.038373873
0.07832162
0.0045973365
-0.08942735
-0.09997658
0.06420571
-0.05082925
0.12015625
-0.019878458
0.07610008
0.0916948
0.0022237892
-0.10189172
0.126545
-0.007894556
-0.03555039
0.20312966
0.01061888
0.016264072
0.027494688
0.041294552
0.058593478
0.091745675
-0.13663656
-0.016108416
0.0021178268
0.037435077
0.17091364
0.05202827
-0.11236753
-0.051104385
0.06910354
-0.038974166
-0.04078844
0.15849456
-0.05352934
-0.04254287
-0.16759917
0.0465424
0.03394759
0.13700683
0.041480158
-0.058537345
0.06806447
0.078258894
-0.05343943
-0.035094753
0.112011075
0.14473015
-0.011242352
-0.06541844
0.051521536
-0.0023495434
-0.07561431
0.009882223
-0.093997285
0.12119838
-0.060126256
0.114230864
-0.11067961
-0.008514332
0.024304878
-0.20128725
-0.04430088
0.0035396067
-0.015566846
0.098297864
-0.01847426
0.1655248
-0.07074096
0.09442533
-0.14658144
0.007961655
0.08362635
0.1337702
0.05712086
-0.09639906
0.0981923
-0.0035037545
-0.079608895
0.045296155
0.03657442
-0.039884012
-0.046853993
0.080085784
0.08326558
0.020578766
-0.025894122
-0.037595905
0.0117987115
-0.07969078
0.0027670148
0.10646702
-0.052885883
0.070435986
-0.034625296
0.11333636
0.02032427
0.051967658
0.13694574
0.051599506
-0.18026376
-0.08107584
-0.013730151
0.1164052
0.11758749
0.052310567
-0.007903323
0.09651878
-0.123541586
-0.0041248067
-0.11001302
-0.016440608
-0.10372795
-0.111228146
-0.097372785
-0.0031394213
0.09122464
0.07243659
-0.111314416
-0.038740803
0.064420514
-0.03543011
0.08483256
-0.054689832
0.052566275
-0.12126068
-0.1178311
-0.031763155
0.009559435
-0.008050885
-0.10453503
-0.19726028
-0.0023123631
0.1824098
-0.027636103
-0.12464744
-0.029859131
-0.014378628
-0.041309375
-0.08044757
-0.1487251
-0.035031583
-0.106916286
0.21162762
0.15747765
0.041650936
-0.09477936
0.056063835
-0.09729479
-0.011462922
-0.07405362
0.035501946
0.09166235
0.0724325
0.23366992
0.005582711
-0.086569265
0.052532665
-0.02138697
-0.037145216
0.12440652
-0.0032968277
0.08622194
-0.0136145465
0.010918795
0.0032044265
-0.0487846
0.13815358
0.13377473
-0.07370269
-0.10923932
0.10291758
0.0356618
-0.05430726
-0.032172438
0.051089358
0.049113527
-0.097429544
0.07446921
0.09354905
0.006954889
-0.117131606
-0.038098387
-0.031675708
0.09673171
-0.053647276
0.10958664
-0.006914517
0.0577865
-0.20117183
-0.003230152
0.037406556
0.09328132
0.026701314
0.058886185
-0.06266958
-0.046863385
-0.050582986
-0.18214554
0.08475681
-0.080712944
0.0340277
0.042184662
0.13749665
0.012697629
0.042125586
-0.020870144
0.06326559
0.054888498
0.038130425
0.11372877
0.13323632
-0.057201833
0.07818849
0.1588702
0.087331995
0.045342572
0.03293856
0.1302793
0.02762911
-0.041472483
0.0018783532
0.085150376
0.05688846
-0.087173
-0.028169852
0.023379931
0.11247543
0.0049405075
-0.092727624
-0.04311451
-0.044302583
-0.07657598
-0.08392165
0.044335857
0.07630848
-0.14385995
0.012860661
0.012674283
-0.021634733
-0.06373875
-0.049626064
-0.016202938
0.09892011
0.022233697
-0.0048239576
0.040612243
0.095936224
0.054715116
-0.04819329
0.036730994
0.042004596
0.095925756
0.06640031
-0.020166382
0.098152936
0.05465768
-0.14296882
-0.020034859
-0.13506939
-0.026588911
-0.058183298
0.09687117
0.08491373
-0.061055526
0.010039481
-0.0414268
0.06312556
-0.06057564
-0.079374224
0.065436035
0.0048337686
0.09175355
0.087295085
0.055380385
-0.008354346
-0.017276466
-0.05696271
0.06200845
-0.042523287
0.0058957417
-0.06746022
0.011751401
0.0021901515
-0.27371386
0.7168756
-0.69829506
0.05556765
-0.18430763
-0.17431045
-0.086612
0.14524996
0.051959764
0.259062
0.16629907
0.7925343
-0.15884492
-0.24351622
0.5784011
-0.8379205
-0.33077615
-0.27278417
-0.50381756
0.06356613
0.034802336
0.2772984
0.06846344
-0.13873379
0.07152115
0.3969911
-0.17083044
0.24869886
-0.3420173
-0.15297146
0.07093971
0.4404273
-0.22712517
0.21303403
0.19995469
0.6302981
1.0734046
0.078696355
0.06641279
-0.62668675
0.26874948
-0.0246604
0.07539696
0.26487213
0.3161925
0.4682317
-0.28609225
-0.3165275
0.7653957
1.0393522
-0.5932221
0.056293126
-0.23795755
0.3189334
0.10391172
-0.100770906
-0.2097506
0.31111333
0.18491806
0.2277676
-0.05951675
0.47789624
0.2648882
0.26281816
0.27979645
0.026966823
0.13607098
-0.42758694
-0.09547161
-0.29419193
-0.3094278
0.06211827
0.17590368
0.04038507
-0.24661486
-0.3103218
0.23066065
0.056349214
0.025669996
-0.13683094
0.008017691
0.3291009
-0.38351145
0.283872
-0.061292935
0.029091975
-0.36447003
-0.3992906
0.6798035
-0.52582973
-0.47725087
-0.21533212
0.3160317
0.089166336
-0.58718693
-0.6195657
-0.4022045
0.16703121
0.44807065
0.2801715
0.3742029
0.3428766
-0.29745057
0.07179298
-0.19622669
-0.96456105
0.02438742
0.17801024
-0.09227421
-0.1573631
0.018505933
-0.22454545
0.51569474
0.29832807
0.2601641
0.93857884
0.122020565
0.23824947
-0.18864176
-0.3112649
-0.6315018
0.12013624
-0.30329123
-0.057223454
-0.18376233
0.26898378
0.3134835
-0.5983388
0.0679132
-0.052831292
0.14685743
-0.044301834
-0.11550474
-0.03904873
0.01748151
0.06010491
0.037414983
-0.049621638
0.08829552
0.037034392
0.020704787
-0.030818274
-0.11688857
0.09474162
-0.046800468
0.036572028
-0.04393569
-0.10441875
0.005242214
0.031556506
0.010520128
-0.02968906
0.058755122
0.05776881
-0.10792165
0.12884966
0.110124335
0.051476583
-0.05555112
0.08149921
0.11147341
-0.12087171
-0.062041402
-0.042108707
0.07329137
-0.12817109
0.007576981
0.075895384
0.04316524
0.046660922
0.027052116
0.12634346
0.03655117
0.034451813
-0.06665342
0.16860382
0.12853569
0.07214105
0.14801483
0.082849756
-0.029348895
-0.15792163
0.02975773
-0.036324415
-0.0033392536
0.11250654
0.039439596
0.06297656
0.1422558
0.09281275
-0.0036447684
0.018294118
-0.04920785
0.085924156
-0.008737766
0.09705002
0.087197855
0.09907441
0.012998057
-0.047733016
0.04465559
-0.013564677
0.02460041
-0.0652656
0.10192942
-0.015366465
-0.0021147437
-0.05170131
0.034241676
-0.07899963
-0.0276566
-0.09390816
0.077589326
-0.03633622
-0.01821687
-0.13252333
0.06739457
0.13057044
0.021529447
-0.021287315
0.062349297
-0.027357662
0.080172315
0.054297864
-0.019820295
-0.065875106
0.12415547
0.06657751
0.0023653272
0.15775634
0.008014052
0.14032587
-0.01931361
0.2547573
0.02238527
-0.012557352
-0.016164118
-0.024957577
0.03877246
0.0068780575
-0.053735517
0.082848035
-0.06637168
0.048374154
0.0462795
0.05422997
0.031901788
0.061489776
0.08467228
-0.13054486
0.20483074
0.023332376
-0.03908947
0.065460086
0.14595212
-0.021097125
0.08202741
-0.08259664
0.0699048
-0.04741814
0.12231243
-0.10672245
0.090276636
-0.024927272
0.08168676
-0.08997315
0.013792405
0.0022424196
-0.053148776
-0.033505164
0.15048017
0.10612287
0.041695796
0.116391465
0.05703323
0.05281364
-0.063919365
-0.13313055
0.051236767
-0.07246876
0.04191139
0.020379301
-0.08484086
-0.024685716
0.022720251
0.0006127891
-0.0028729998
-0.0477298
0.09459074
0.07921502
0.018583741
-0.077769145
0.06336684
-0.12048262
-0.038158245
-0.030707689
0.0953763
0.048603863
0.13930981
0.07838135
0.089341305
-0.1388184
0.012183036
0.11757802
-0.06396447
-0.06941775
-0.0229363
0.033566814
-0.0068554603
0.04099043
-0.12313443
-0.011620406
-0.08036917
0.049649157
-0.2046669
0.074907154
0.021860318
-0.029430509
0.070991315
-0.044768166
0.11646102
-0.031525366
-0.10246392
-0.04748629
-0.073514275
-0.00013203526
0.07431401
0.09455431
-0.068342365
0.10817436
-0.019665292
-0.12325944
0.05333779
-0.06312344
-0.09483591
0.021691894
-0.13220541
-0.059827033
-0.038972564
0.0051020496
-0.048898965
0.07217445
-0.09493225
0.12406202
-0.00042016804
-0.12648335
-0.056307614
-0.03052865
-0.053202383
-0.073189415
-0.025282867
0.025126418
-0.027706038
0.107931904
-0.11960789
-0.15218425
0.11917332
-0.07851538
0.019218305
-0.13112664
-0.14055358
0.029969996
0.03496101
-0.043765996
-0.066618785
-0.07782582
-0.07266515
-0.08753053
0.01738306
-0.08634686
-0.019874752
-0.10369135
-0.06283075
-0.082592234
0.08212514
-0.115509234
-0.09729537
0.09735726
0.11408253
-0.026255835
-0.022296578
-0.014120441
0.086084716
-0.019831248
0.09644181
0.0686566
0.0036033487
0.0021618654
-0.038979556
-0.106744446
-0.042281646
-0.08631966
-0.1173148
0.008755748
-0.031876758
-0.05104569
-0.05488987
0.02834673
0.126064
-0.055197086
0.049454182
-0.08075904
0.040839344
-0.01555035
0.03361748
-0.054050904
-0.084004976
0.053770386
-0.040827364
0.09725082
-0.075789884
-0.09880553
0.04887191
-0.05137412
-0.016500812
-0.04509586
-0.101303205
0.048047997
-0.0023917726
0.1156095
-0.08648244
-0.02188073
0.05670547
-0.07915557
-0.033836473
-0.029861605
-0.0671042
-0.06381023
0.123690486
-0.05368151
0.09640298
0.018879559
-0.071844764
0.0979271
0.12541866
0.072172605
-0.03455684
0.023199204
0.04258665
-0.09208086
0.05371348
0.062252477
0.03702697
-0.05378393
0.08615595
0.0019758285
-0.059381165
0.022171553
-0.07701899
-0.1173485
-0.016433528
-0.0070482087
0.08116673
-0.077419
-0.038446084
0.046810877
-0.09047595
0.05679984
0.022338033
-0.0518803
-0.05363465
0.044275623
-0.05229173
-0.045344982
-0.03908034
-0.027388658
0.03757234
-0.016936257
0.09577012
-0.0037095784
-0.08134023
0.13687442
-0.043753296
-0.13345915
0.08394309
-0.0073955813
-0.06354317
0.09210604
0.029803712
-0.026555993
0.017980786
-0.056354307
0.0026898256
-0.03273986
-0.034433868
-0.059472747
0.059029516
0.04363252
-0.11566635
0.07752598
0.014772204
0.020441819
-0.01746685
-0.055615377
0.080448195
-0.074773446
-0.05443011
0.14581981
0.008856176
0.10196227
0.06501949
0.08920586
-0.08429918
-0.017012134
-0.047639184
-0.029994184
-0.102252446
0.009056756
0.100151666
0.06471363
0.122079656
0.043977518
-0.044018876
-0.091329604
0.0546927
0.026198817
-0.04036995
-0.07461128
0.04526375
0.07771685
-0.10018189
0.04912432
0.13956387
0.11366624
-0.055576894
0.06411119
0.09313888
0.05802693
-0.08280137
0.055842426
-0.07611013
0.12452139
0.10535526
0.066712596
-0.012928125
0.020980857
-0.015336643
0.11848696
-0.05167784
-0.029001448
0.012026647
-0.04500779
0.05953714
-0.09390907
-0.07734334
-0.11703807
0.11573499
0.055275895
0.0111843785
-0.04342902
-0.09834955
0.030021938
0.0152623225
0.026128534
0.030696245
-0.043238703
0.008543964
-0.020434981
0.08291048
0.07809531
0.04761798
-0.06652321
0.117661245
0.06463911
-0.08612113
0.07622845
0.067829914
-0.0419729
-0.0670171
-0.0196575
-0.078031324
-0.090970464
0.12691255
0.11354322
-0.054690585
0.05221225
0.11914785
-0.043329082
0.039168097
0.10053102
-0.07731503
-0.11034764
0.03684702
-0.105783165
-0.11005261
0.12037373
0.08721619
-0.018242741
-0.06346034
0.025344657
0.07947657
0.04783996
-0.11202155
-0.09171932
-0.062458858
0.10122484
0.101614706
-0.0685186
0.073473185
-0.06367465
0.07802136
-0.13571355
-0.024769297
0.013087737
-0.067700446
0.14408547
-0.054988742
0.08520046
0.07591505
-0.002328993
-0.103144236
0.09026935
0.09337197
-0.15152074
-0.032707494
-0.080955505
0.10638513
0.050079968
0.08924184
0.00522002
-0.02234375
-0.022825923
0.0044018533
0.05759788
0.008640629
0.040757213
-0.07843249
-0.15199195
0.0065699825
-0.076984525
0.030203335
0.030136252
0.09567859
0.08061361
-0.08553726
-0.09794954
0.089374565
-0.019875256
0.037730765
-0.044392828
0.08257077
-0.0971968
-0.0034987065
-0.09193347
-0.025268706
-0.11234336
0.005640025
-0.02150072
-0.016818678
0.06342144
-0.13382879
-0.006108199
-0.02862809
0.02832962
0.005737919
-0.036278855
-0.10188179
-0.06622873
0.09652828
-0.09203099
0.055277694
0.0023463678
0.079205975
-0.1275386
0.095247336
-0.015647376
0.111146726
0.08597017
-0.03703708
-0.031654034
-0.0406619
-0.091091126
-0.014853337
0.09414972
0.033666626
-0.048075065
-0.05129895
-0.01925996
0.10406505
-0.0021779696
0.15565929
0.1376561
0.12822242
-0.0055585033
0.13934278
0.022689573
-0.0065741804
-0.031664014
-0.08053609
-0.04498731
0.012008268
0.040125184
0.054702193
0.019626822
-0.09074108
0.048543602
-0.11585842
-0.11719079
-0.18303797
0.08902185
-0.07011482
0.1275575
0.06675935
-0.09011589
-0.051298548
-0.1501666
-0.12756647
0.06535213
-0.06785905
-0.06410158
-0.09882722
0.06685699
0.0041674953
-0.00032198013
0.05882258
-0.08828137
0.011901831
-0.0011702979
0.024188433
0.019952703
-0.12043245
0.038924694
0.004118442
-0.006812725
0.06954461
-0.07281758
-0.1056985
0.12267224
0.08162985
-0.096696086
0.13288552
-0.039598417
-0.05183584
0.06721581
-0.10702158
0.02048739
-0.08041962
-0.007969074
0.06739838
-0.09323875
0.05302258
0.009696464
-0.11155505
-0.002602207
-0.12125274
-0.059884474
-0.035620235
0.06393055
0.086285375
0.025271492
0.088015035
-0.023131851
-0.091973856
0.092579655
-0.13805991
0.020487
-0.040461592
-0.07912434
0.017973334
-0.07830464
-0.07673603
0.04426507
-0.06611093
0.031245453
-0.12375855
-0.022408793
0.14871883
-0.04058143
-0.08469864
-0.03950986
0.036066644
0.08634425
0.0017710655
0.05535329
-0.07855257
-0.01791426
0.00073504786
0.10455685
-0.015677243
0.066626154
-0.10621136
-0.078137316
0.10312763
0.05690181
0.06789377
-0.09658643
0.026667345
-0.02726211
0.028001003
-0.118659176
-0.07686204
-0.10038688
-0.028841728
-0.012130308
0.04542971
-0.02623125
-0.0921502
-0.008661163
-0.06141354
0.102767274
0.043875095
0.04592507
0.0232197
0.072100036
0.07618696
0.069514096
-0.09065613
-0.069879845
0.11365597
-0.03343137
-0.075581856
-0.047501717
-0.023336068
0.031658612
-0.003609973
0.040705364
0.09029231
-0.020243967
-0.07214299
-0.07600355
-0.07534572
0.10849198
-0.020413961
0.116997145
-0.11456186
0.08748954
-0.11430121
0.10940351
0.08874003
0.042603344
0.070412666
-0.043097414
0.042613167
-0.05689919
0.048432957
-0.06984679
-0.041994147
-0.044895772
0.024410922
0.053363074
-0.09268613
-0.032951456
-0.019445492
0.10306356
-0.04494431
0.118613146
-0.08286588
0.059526592
-0.017993057
-0.10010918
0.039751068
-0.014579174
0.09137135
-0.062191226
-0.037224248
-0.07540565
0.013270576
0.03895397
-0.023655156
-0.025129972
0.0322456
0.050981812
-0.07553744
0.043360215
-0.05443191
0.038460165
0.06295804
-0.088476285
-0.006835035
-0.13840523
0.024940755
-0.11338684
-0.026352251
-0.053979285
-0.047925305
-0.022723835
-0.04026864
0.044721875
-0.14530589
0.027318807
-0.071053736
0.020536844
-0.088198826
0.03131162
0.12159273
-0.028934274
-0.04657749
0.09962829
0.111830704
-0.057889562
-0.010796817
0.11101704
-0.03543231
0.07252829
0.022713348
-0.0066368924
-0.007142436
0.017461315
-0.073616765
0.06340871
0.042060856
-0.14529961
-0.047053132
-0.024425486
-0.114029616
-0.031695507
0.0034534887
0.007214957
-0.07927006
0.09362404
0.11429186
0.09900764
0.07241092
0.014107811
0.1353751
-0.013271848
0.019236026
0.011089522
0.032329854
0.020097686
-0.06710113
0.10233088
-0.109808765
0.053950053
0.016122857
-0.019713163
0.027147194
-0.07842478
0.085733615
0.092866845
0.043461002
0.06337462
0.009459717
0.059845578
-0.1428569
0.030081058
0.09831791
0.015480226
0.07457523
0.0100693675
-0.082471706
0.1297954
-0.03118784
0.008791586
0.004077018
0.019971868
0.15032235
0.044469986
0.068533525
0.16968928
0.042194746
0.054388013
-0.059738446
-0.113530666
-0.12892213
0.12027266
-0.10241059
-0.025078773
0.12897749
-0.06020835
0.10850548
-0.04763105
-0.013051723
-0.13064718
-0.01965736
-0.11034496
-0.030128932
0.098000556
0.013366101
-0.023088923
0.07807768
0.06291413
0.04224976
-0.014815208
0.059415832
0.055643264
-0.027897978
0.07813617
0.003928541
-0.14122033
0.051003773
0.13012101
0.034496214
-0.08600535
0.052840583
0.018878646
0.087432645
-0.14594503
0.012124537
-0.0026750006
0.025980914
-0.0025452783
-0.031471252
-0.074544
0.053044274
-0.07970277
-0.048953727
0.010050964
-0.06320371
-0.023581948
0.10044316
-0.017339576
-0.14705046
0.12734158
-0.0035152829
0.04114487
0.06511167
0.10160695
0.07067081
-0.058573306
-0.12809342
-0.14201923
-0.09739342
-0.07054803
0.073525175
-0.12824988
-0.07761513
0.002221576
-0.08715507
0.08485097
-0.08942361
-0.047212098
0.075429365
-0.009893326
-0.0676488
0.07584446
-0.113343075
-0.06049121
-0.11659631
-0.0057198815
0.09371957
0.045520533
0.008971457
-0.06969543
0.07360767
0.10155425
0.08308018
0.11775306
-0.053423107
0.10569468
-0.095992684
0.011621897
-0.018082824
-0.10181907
-0.045750737
0.10615908
0.07552216
0.021174962
0.02477175
0.038327638
-0.09782635
0.0046613608
0.111397736
-0.015119079
-0.025912222
-0.003249536
-0.06819973
-0.014379751
-0.014983893
0.049845085
-0.08020996
0.0015592291
0.08209298
-0.10375409
-0.0987958
0.05920865
-0.09586827
0.07366656
0.09435825
0.026308322
-0.1600595
0.024034463
-0.11597363
-0.056335174
0.076977365
-0.2036405
0.15171969
0.024589047
-0.060780182
0.18298532
0.028033277
-0.05176958
0.031588547
-0.09546366
-0.006326274
0.08580204
0.14363159
-0.08236596
0.11692883
0.029882515
-0.07170721
-0.00066815846
0.039552867
0.15443201
0.02315804
-0.11924251
0.093556836
0.011492089
0.07178218
0.04847236
-0.017411506
0.18180051
-0.019531991
-0.04490455
0.026587306
0.08212774
0.03701973
-0.11267968
-0.08386657
0.0493135
-0.06590033
-0.048993327
0.08039084
-0.0774392
-0.020230718
0.044926435
-0.11249578
0.06544895
-0.013696108
0.0026935802
-0.07501633
-0.0482585
-0.05638837
0.07994953
0.08082049
0.09866675
0.06228244
0.0053492547
0.2543434
0.024156718
-0.013729306
0.09836212
-0.09256334
-0.10316319
0.09803463
-0.12595096
-0.09160833
0.08747796
0.10443155
-0.029843668
0.056653872
0.009694076
-0.049683917
0.042678982
-0.037667073
-0.010955763
-0.034062028
-0.097706854
-0.07617056
0.106567524
0.0079232585
0.106025234
0.03340593
-0.090719074
0.050394062
-0.12240677
-0.0011980418
0.044068187
0.07853675
0.051889546
-0.060410406
0.092133075
0.11296621
-0.018131949
0.08575346
-0.055687334
-0.034382813
0.035188884
-0.057547882
0.119613774
0.024998974
0.052210595
-0.00026498505
-0.10247272
0.06502885
0.100787945
-0.06269758
0.024939401
0.08458612
-0.05699284
-0.063999936
0.06366962
-0.0077987467
0.042708464
-0.1115895
-0.09775887
0.014849337
0.08865147
-0.11348172
-0.062081188
-0.03984982
0.06711773
0.08206305
0.11210114
-0.013674065
0.0017563151
-0.10031492
-0.05907812
-0.05227685
-0.09528165
0.04512526
0.0970067
0.09964145
-0.013169966
0.065835595
-0.03275577
-0.04319116
-0.11571817
-0.0009796724
-0.040018126
0.013580491
-0.029213794
0.0051567275
0.13374577
-0.02192809
-0.07977771
0.0025965718
0.014198144
-0.16850455
0.0157052
0.05593179
0.032436844
0.06157635
0.050846204
0.03980797
0.15058444
0.07387185
-0.025901623
0.059507992
0.010333449
0.0010259765
-0.022327013
-0.06008508
-0.030755367
-0.07210586
-0.07889532
0.08400334
-0.009028336
0.007267225
-0.08251617
-0.041939314
-0.107959196
-0.09130154
-0.1070352
0.024670033
0.05431774
0.10661574
-0.033012733
-0.035360966
0.0873348
-0.006527908
-0.0945068
0.032364428
0.033345766
0.002912354
-0.13855612
-0.049663566
-0.021381168
0.045844816
0.071814686
-0.08723084
-0.019782629
0.0741676
-0.07573629
-0.10963841
-0.07291292
-0.061484423
-0.112493806
-0.0019711812
-0.0122440625
0.008046622
-0.03890106
-0.020624306
-0.048541103
-0.069474995
0.038129594
0.10242803
-0.018494979
0.0475364
-0.0498898
-0.056623057
-0.0032500452
0.13637556
-0.036939662
0.12632237
-0.14690931
0.0847204
-0.010261539
0.071854696
-0.09216024
-0.07211824
0.006563364
-0.02323962
-0.01693281
0.10844326
-0.017150864
-0.10205897
-0.0466524
-0.048939113
-0.107606664
0.013390193
0.090349026
-0.07039975
-0.10002493
0.14223433
-0.07437992
0.07738471
-0.03317987
-0.020243082
0.09472307
0.14646958
0.038307622
0.044519976
0.073966585
-0.019069655
-0.0025313194
-0.0684793
-0.04861803
-0.046590757
-0.0524768
-0.10094452
-0.06474437
0.0047049196
0.102771536
-0.026671154
0.08295568
0.092232555
-0.08167576
0.030005649
-0.046744157
-0.08230164
0.004471196
-0.050879136
0.09709543
-0.049983043
0.009312327
0.004734557
0.06552612
-0.18201798
0.071613245
0.0631702
0.019646082
0.0316147
-0.10885789
-0.09765872
0.01377542
0.08101181
0.036552463
-0.014916516
0.14974007
0.031625636
0.06976708
0.07245223
-0.10978121
-0.12369279
0.107746154
-0.08271746
0.08722162
-0.11217441
-0.11146878
-0.06892542
0.10897641
-0.08927649
-0.13119648
0.029190231
0.025932197
-0.06639599
0.1277218
-0.0030151894
-0.050878335
0.061425857
-0.06896076
0.14306942
-0.006444085
0.08418115
-0.08703664
-0.08171703
0.074416175
0.09558091
-0.0921544
0.07017596
0.04705106
-0.0070036747
0.034368623
0.07392446
-0.057928845
-0.14187464
0.09497665
-0.055908807
0.12024414
0.063108265
-0.038359057
0.10526603
0.027488098
-0.16627713
0.04491083
0.05297756
-0.0065059885
0.09278799
-0.013407994
0.03789645
0.01184019
0.008845238
0.11721608
-0.08631233
0.06785696
0.025778705
-0.03987847
0.015805049
-0.04921967
0.0044753985
-0.10572344
0.0065337303
-0.0063894805
0.044862803
0.084474675
-0.053245105
-0.16183396
-0.034707908
0.06954801
0.13272178
-0.056939248
0.066439375
-0.065173455
-0.036434248
0.011769927
0.07597785
0.1341029
0.08693829
-0.083320044
-0.121254645
-0.059192814
0.064960815
-0.13423154
0.06809253
-0.073725246
-0.12412024
-0.0727941
-0.028496621
-0.003409227
0.1596975
-0.19680372
-0.00025190157
-0.01876322
-0.1130564
0.021134442
-0.040986966
-0.06284269
0.095681205
0.101680405
-0.15746003
0.053568926
0.11124013
-0.053430054
0.14912356
-0.046528883
0.07995736
0.02340969
0.031779762
-0.08676721
-0.08357195
-0.0364562
0.04168882
0.017485918
-0.07826371
0.054163132
-0.031076599
0.05610795
0.11846899
0.015623914
-0.09634559
-0.1392804
-0.07125325
-0.011332283
-0.16523466
0.030480802
0.0994718
-0.02750612
-0.030230723
0.052482054
-0.13755246
0.036304533
0.014087614
0.15127037
0.044584908
0.10867947
0.093819894
0.06143993
0.018260023
0.09203035
-0.07465081
0.07511069
0.16305265
0.039655216
0.13590384
-0.11589688
-0.04276585
-0.10643131
-0.009206611
-0.0342193
0.027391104
-0.12567274
0.029981153
0.06809607
0.041107234
0.040918402
-0.053913508
-0.11199665
-0.015465692
-0.13380152
0.0065452647
-0.09913561
0.023650669
0.005752086
0.15561847
0.116963975
-0.081157714
-0.09094154
0.020485852
-0.058983218
0.018171156
0.021511007
-0.12305066
0.014268624
0.030821493
0.027264064
0.073776886
0.023523245
0.01058238
-0.03648604
0.04139262
-0.039670292
0.059892606
0.022217505
-0.04914129
0.048088938
-0.062120143
0.00865978
-0.06579955
0.049069155
-0.05323655
0.029381499
0.022717675
-0.11026026
0.044739857
-0.056575626
0.011652372
0.091471374
-0.051856566
-0.05794484
0.09749942
-0.010331597
-0.073004715
-0.14000945
0.003339691
0.00015526323
0.16476823
0.079478815
0.09504139
-0.016807482
0.020923803
-0.03236005
-0.049465187
0.05527891
-0.06516612
0.09929411
0.13791047
-0.07785094
0.08274029
0.06572647
-0.07655968
0.013020247
0.09773592
-0.09400116
-0.07170592
-0.0865033
0.18039705
0.073772885
-0.07758061
0.037599258
0.13134317
-0.07842208
0.05213049
0.03668772
0.038790192
0.013284198
0.08903222
-0.1097589
0.08970013
-0.056303773
-0.053754613
-0.08984127
0.058937628
-0.039469413
0.12253445
0.13064481
-0.043706905
-0.07387033
-0.014351891
-0.122868486
0.13728282
-0.023493992
0.01615981
0.033051416
0.006557445
-0.05028557
-0.025344176
0.08843008
-0.17351907
0.00024504034
0.073136054
-0.09796752
0.009602554
-0.053054407
-0.15509364
0.0222033
-0.031448733
-0.06568337
0.021846646
-0.07593824
0.03457138
-0.03388633
-0.12043687
-0.049307708
0.0024715888
0.030911319
0.12478847
-0.06625531
0.043308187
0.030554064
-0.022334272
-0.14360137
0.026948785
0.10016499
0.020466812
0.064284064
0.027612716
0.10462678
0.0073902016
-0.15793943
0.027516088
0.02174704
0.025827046
-0.039623536
-0.10046619
-0.068860315
0.10348705
0.09276185
-0.07921239
0.050938435
-0.0840265
0.120689146
0.12906328
0.117347494
0.1029088
-0.104695484
0.023599697
0.005588062
-0.05348541
-0.03018203
-0.09888856
0.056913905
0.11414149
0.0061039524
0.067154415
-0.07747722
0.13556695
0.056037944
0.019895548
-0.10577742
0.051910456
0.024893463
-0.025708444
-0.06478315
0.06862694
0.12497034
-0.06437142
-0.012560303
0.07471052
-0.044637498
-0.0055045513
0.10843083
0.054168478
0.034726012
0.086156145
-0.020362334
-0.12756991
0.010462682
0.033168443
0.012336685
-0.09476233
-0.039709687
-0.047982257
0.08241324
0.030354498
-0.007164198
0.023373768
-0.089004144
0.045010503
-0.07924944
-0.10986936
0.0717023
-0.07527925
-0.07769959
0.06581389
0.04450729
0.07126217
0.050546747
-0.00097508566
-0.0020376914
-0.05469833
-0.042039502
0.091568224
-0.023418307
0.07944662
0.14111322
0.062024813
0.11787793
0.08624384
0.011493327
-0.11135659
-0.014021206
-0.064367786
0.05520672
0.10043793
0.0932476
0.10641831
0.040703673
0.058166407
0.08375819
-0.16261423
-0.013247858
-0.07231108
-0.0891871
0.16351435
0.022561936
-0.09306169
0.061895613
-0.049394276
-0.09535007
0.10958271
-0.015262119
-0.040682662
-0.12257824
-0.008661169
0.010920407
-0.008402298
-0.08524075
-0.05335708
-0.04980361
0.084391676
-0.13362919
0.043436963
-0.100591876
-0.13159591
0.054475628
0.05352889
0.09785891
-0.099741034
0.116410285
-0.082194306
-0.016494418
-0.08715291
-0.042014502
0.11402108
-0.09352555
-0.008712294
0.0023684402
0.11094883
-0.018540166
-0.01201125
-0.11533994
-0.03620485
-0.031572938
-0.07697599
-0.05644694
-0.038836982
-0.11196339
0.08776305
0.006031866
0.020276872
0.07635708
-0.02342651
0.03802527
-0.08640187
0.008165565
0.1118159
0.07096867
-0.053305723
0.11610709
-0.117867
0.06928867
-0.054832984
-0.0593368
-0.08375432
0.013929097
-0.09563304
-0.0018854217
-0.008113582
-0.10277585
0.19290905
-0.067798525
-0.047956865
0.1150558
0.11594172
-0.048737533
-0.06362386
-0.15590416
0.08767522
-0.06741113
0.12707391
-0.23762658
0.15101998
0.16094317
-0.14347267
-0.042624928
0.13479622
0.0043304344
0.023816174
-0.22975956
0.012997616
-0.13474855
0.13908342
-0.20765173
0.18614441
0.08569562
-0.2593625
0.005766388
0.02593831
-0.117425494
0.070653506
-0.045161825
0.20617805
0.13076533
-0.008889758
-0.002161644
0.06351134
-0.0212001
-0.09704402
-0.012467016
0.119521536
-0.054291375
-0.12709224
-0.1327488
0.009689548
-0.061278425
-0.047103524
-0.053621788
-0.11600116
-0.10887967
0.0825967
0.12625149
0.11758159
-0.3004646
-0.16525283
-0.11566461
0.13734692
-0.043891765
-0.07500908
-0.02326819
0.055028066
0.06147696
-0.019581217
-0.06886047
-0.17077355
-0.30693838
0.027070794
0.19696486
-0.18220194
0.012378589
-0.06050975
-0.005191711
-0.12392634
-0.07467178
-0.019687323
0.053818416
0.06220244
-0.065799706
-0.07108253
0.0760993
-0.100785784
-0.008296687
0.050895035
0.14129764
-0.20680936
-0.060723584
-0.009773572
-0.1933439
-0.024921754
-0.007803904
0.12930842
-0.04286201
-0.025765821
-0.0852783
0.0393452
-0.1896525
-0.16821621
0.08233594
0.29989895
0.096140765
0.06765857
-0.10584311
0.08176198
0.05156504
0.08613578
-0.04528852
-0.14571078
-0.12293133
0.012756634
0.00823226
0.079009324
-0.011351719
0.025043506
-0.01272821
-0.09799403
0.14805162
0.08303754
0.11241926
0.018203
0.04145134
0.07024791
0.02621909
0.06634125
0.11835169
0.09128003
-0.031008825
-0.028611174
-0.06603184
-0.08726271
0.055904225
-0.051657166
0.13112734
-0.06365395
0.13302483
0.079389036
0.09261849
0.0949378
-0.09003224
0.090786576
0.00896348
-0.06562922
-0.012428529
-0.16103628
-0.08074414
0.14909138
-0.12706302
-0.045594
0.10990013
-0.010539639
0.11826892
-0.016145617
-0.098437466
0.10769448
-0.114184365
-0.05740744
-0.1094053
0.11305557
-0.0005730514
0.048150167
-0.045600463
0.076260865
0.017137896
-0.008705349
-0.102089435
0.08291105
-0.043004904
-0.0458009
-0.11939891
-0.019494759
-0.058817208
0.10294414
0.08063712
-0.04174749
0.10557669
-0.035600193
-0.017520644
-0.20212159
-0.103718
0.08074825
-0.07838732
-0.031105557
-0.04587973
0.1217728
0.0872069
-0.0973677
0.08594294
-0.15242726
-0.06994164
-0.015846804
0.0026697863
0.105983205
0.061251264
0.056462172
-0.07156354
0.02273482
0.10002608
0.011017014
-0.0077095483
-0.0058981283
0.057425335
-0.14063576
0.08710943
0.0767481
0.060179017
0.15039212
0.031597424
0.05190259
-0.005256737
0.012204822
0.07761417
-0.06826984
0.024918387
-0.05884781
-0.07996408
-0.0637676
0.006759727
-0.13313718
-0.14873302
0.14325005
-0.15414108
0.058801327
0.032765392
-0.0069895783
-0.17159884
-0.024421114
0.05907573
-0.087322526
0.14349735
-0.043030832
-0.008473404
0.07631982
-0.02617518
0.032631285
0.0041211215
-0.048184372
0.07844774
-0.010328929
-0.00020879552
-0.046003792
0.08605328
0.01970791
0.011743024
0.0807199
0.01571095
-0.109041564
0.16124402
-0.114976294
-0.050992668
0.010693233
0.150806
-0.021488382
-0.10534893
0.13306409
-0.12991607
0.020683333
0.1541145
-0.156596
-0.054372925
-0.07150696
0.14910164
-0.116775505
-0.06300823
0.20544773
0.06484129
-0.14172772
-0.052767444
-0.11671891
0.038701784
0.116267435
0.077235855
-0.13156126
0.061387748
0.025830183
-0.019219713
0.029320354
0.047999006
-0.099772595
-0.1112628
0.046710502
0.05855637
0.011680711
-0.094428234
-0.025249299
0.1733545
0.051689453
-0.079376556
-0.080084786
-0.049879134
-0.018522423
0.067477085
-0.18585424
0.05175386
0.11745934
0.20414631
-0.0020636048
-0.09147527
0.025160372
-0.020026214
0.0029948724
-0.09676095
0.13018888
0.09916723
0.0048184698
-0.030456474
-0.05130583
-0.0119208135
0.08019261
-0.05323859
0.14045179
0.071416564
0.046125323
-0.027504882
0.07227805
-0.061210625
-0.0092004
0.10641603
0.10121791
-0.0123649
-0.16085027
0.05002442
-0.059817985
-0.14509493
0.09306561
0.09413757
0.011560111
0.15506996
-0.103103325
0.036528476
-0.009863536
-0.0674642
-0.007496061
-0.016152572
0.08682551
0.06035926
-0.19554263
-0.12842391
0.05539663
-0.0010043886
0.04025551
0.113084875
-0.029667467
-0.0698464
-0.05358699
-0.13744362
0.14430343
-0.099161305
-0.054374915
0.03830808
-0.024631029
-0.020729896
-0.07422715
-0.16994615
-0.022500224
0.059258897
0.11373005
-0.075639755
-0.1920214
-0.0013642983
-0.015148892
-0.06941638
-0.029986609
0.08664594
-0.11381452
0.13819888
0.008973136
0.15562388
-0.018623525
-0.06697645
-0.15730424
0.15959951
-0.09017262
-0.03164707
-0.10433495
0.10623532
-0.018981246
-0.060634583
0.02481278
-0.04942953
0.039658163
0.0402265
-0.16638942
0.07983766
0.028018089
-0.019624025
0.0154222725
-0.01641901
0.074048035
0.20081
-0.057152774
0.17792776
0.1761386
-0.031896062
0.019066935
-0.08056292
0.017537965
-0.010486907
-0.11694288
0.060947813
-0.0014245062
-0.08077168
-0.11628918
-0.19428116
-0.1453473
0.17380029
-0.008218209
0.014996465
0.18394749
-0.043661423
-0.11399521
-0.10078841
0.000100848294
0.18299398
-0.081891775
0.17808755
-0.046318285
0.017010167
0.11465485
-0.12079039
0.007964976
0.040303074
0.09775664
0.14092241
-0.11454194
-0.0025972489
-0.030760221
0.020426206
-0.09591621
-0.08095546
0.016416034
0.10084272
0.12634102
-0.066804655
-0.15966669
0.18989949
-0.05293605
0.086611554
-0.034230195
0.03317249
0.11036321
0.089970484
-0.028884497
-0.049336333
-0.089224234
-0.059612904
0.16848855
0.13268845
-0.10539349
-0.14807548
-0.1491189
-0.05728742
0.24845584
0.008214974
0.23695062
0.3654022
-0.17068231
0.071881875
-0.08253009
0.18505682
0.016677426
0.021515893
-0.17255239
-0.029704995
0.012555148
-0.17100896
0.23527299
-0.035635576
-0.10293065
-0.070056275
0.18082397
0.124609716
-0.060847487
0.028100252
0.15836373
0.02818047
0.007904481
-0.052912083
0.01022855
0.17475048
0.062002715
-0.08197982
0.17802273
-0.17307876
0.12535237
0.06342669
0.086313896
-0.011987812
0.043168906
0.07390667
-0.008808214
-0.04258706
-0.021543402
0.12423418
0.058555946
-0.107727095
0.0008204231
0.04799922
0.028842507
-0.026373887
-0.20153902
-0.07361818
-0.14924653
0.045407314
0.06426024
-0.059880596
-0.050548382
0.13187434
0.026816087
0.04139753
-0.08829033
0.1113864
0.051885843
-0.022041207
0.017113427
0.009111125
0.18918204
0.16681321
-0.031350803
0.10957825
0.2943747
0.04313147
-0.07759128
-0.0013944478
0.06533246
0.040514965
-0.09453877
-0.04498414
0.048989493
0.02327753
-0.15368354
0.0850436
-0.1014822
0.05202075
0.09669396
0.18244193
0.1456872
0.1430061
-0.09748694
-0.064385004
-0.038560554
0.024150927
0.073188685
0.16628766
-0.132119
0.018736878
0.044406593
0.07629147
-0.02015875
-0.016243434
0.054592874
0.1422012
0.013208364
-0.020740323
0.031421714
0.09437437
-0.1563674
0.002697846
-0.011423834
0.092465185
0.105611436
-0.08357802
-0.07990838
-0.037037812
-0.012359699
-0.046448436
0.14568971
0.06483781
0.12885469
-0.052690346
0.09896158
0.04236179
-0.03906831
-0.023607753
-0.03496275
-0.07437083
-0.02163157
-0.0073044943
-0.19529691
-0.07859541
0.09669407
0.028015403
0.07311293
0.16463114
0.02613972
0.03262105
0.087891616
0.105114184
-0.12229646
-0.04754553
-0.06277045
-0.079040505
0.040410537
-0.20010862
0.07099433
-0.077682205
-0.09830209
0.056509566
0.019995578
0.047315322
0.0319329
0.001671837
0.14920045
0.08723385
0.026288409
0.12652566
0.06303492
0.120388746
0.09047601
-0.033494204
0.048385974
0.039442636
0.11226292
0.053282578
-0.1457448
-0.0129703125
0.019253738
-0.024162829
0.09330544
-0.12970597
-0.044979315
-0.0040191375
-0.11432956
0.0099211605
0.05574416
0.13711998
-0.046252675
-0.028918337
-0.007995681
0.041900016
-0.18769692
-0.075910114
-0.11853328
-0.18307364
0.09244223
0.092170484
-0.060180847
-0.11976448
0.023621047
0.06347767
0.017621772
0.115302555
0.09337483
-0.020658804
-0.06541172
0.19016941
0.04516323
-0.06715332
0.102911815
-0.003096612
0.027361041
0.04167681
-0.05725239
0.09963955
0.06032724
-0.07790742
0.07053847
-0.10265957
-0.03999377
-0.11681037
-0.07867251
0.13760415
0.079569705
-0.025239708
0.076832905
0.0029603937
-0.019617965
-0.09231839
0.1084322
0.14481066
0.018207489
0.09579923
0.06800042
0.059779163
0.068378314
0.057569545
-0.047422856
0.120050535
0.018493054
0.00915715
0.07152715
-0.059500515
-0.07581039
-0.02874555
0.10123019
-0.06479659
-0.025957247
0.013519783
0.04173371
0.045369416
0.07225683
0.048745345
-0.18049082
0.116639555
0.112635285
0.1030342
0.09682929
0.0046774875
-0.13882643
0.024794443
-0.14078633
0.02184771
0.028468838
-0.04940195
-0.08641409
0.044853598
0.023099806
-0.005854149
-0.04390844
-0.0008261124
0.15996352
0.06570205
0.08493661
-0.095943704
0.016580267
-0.093609296
-0.04491052
0.017696349
-0.08214602
-0.035527088
0.07507
0.01839894
-0.025598032
0.026077606
0.0075353268
0.005462384
0.02079389
0.04591165
0.07924721
-0.011475012
-0.071015075
0.106856644
0.08140794
-0.006930823
-0.090837814
-0.03606524
0.13238327
-0.13829118
0.1325197
-0.1306724
-0.08803733
0.07441678
0.07192987
0.03341436
-0.032502837
-0.006085177
0.053674318
-0.07553764
0.018530443
-0.12767164
0.05793513
0.014526094
0.10124371
0.019382913
0.057701748
-0.054403275
0.023325462
0.010599216
-0.027028967
-0.08198914
-0.003932145
-0.08715877
0.08304058
0.025471289
0.10230877
-0.06934588
0.063844115
0.020390632
-0.11178715
-0.046813983
0.09506746
-0.103024475
-0.071283855
-0.08699263
0.04233786
-0.018636027
-0.03316491
0.105404906
-0.064893216
-0.07456559
-0.049064174
-0.022634143
-0.06711051
-0.061813086
0.012958784
-0.07986763
-0.036244873
-0.07135178
-0.07792441
0.08531093
-0.07801943
-0.15142652
0.057545956
0.032421652
0.012773302
-0.12246689
-0.09042979
0.035756174
0.087392084
0.013137709
0.010164558
-0.08203033
0.06540198
0.024907973
-0.12915438
0.023504505
-0.10749841
-0.025864631
-0.031085411
-0.06158829
0.056935377
-0.06696257
0.07258227
-0.054524392
0.058423534
0.034097772
-0.10806043
-0.13937
0.02737357
-0.052931733
0.039660882
0.033710968
-0.14219604
0.08371397
0.07810951
0.06567376
-0.07225641
0.013311471
-0.090875775
0.032203157
-0.11564533
-0.07799644
0.09639831
0.09167524
-0.012890898
0.13506514
-0.06099231
-0.029797193
-0.08661361
0.052697893
-0.028976347
0.009047745
-0.07313002
-0.033055156
0.082533605
-0.011158855
-0.040911637
-0.07525392
0.14755361
-0.0607959
-0.14097616
0.07573451
0.13955414
0.03458526
0.16397864
-0.06986374
-0.09134644
0.06695077
-0.0647426
0.014547351
-0.0848434
0.07193763
-0.08966691
0.06361709
0.03963102
0.00016455253
0.068483844
0.110291675
-0.084141806
-0.032018445
0.019856168
0.14732157
-0.13425586
0.029587997
-0.013681367
-0.025449153
-0.047461703
-0.09701762
-0.0684723
-0.10930002
-0.01225187
-0.104508124
-0.1104466
0.01977215
-0.0067666294
0.06993221
0.12834403
-0.10665575
0.11998182
-0.0067267125
-0.06976143
0.04040159
-0.10900968
-0.03418635
0.095735274
0.07238376
0.015416364
-0.074783675
0.099592455
-0.045503277
0.094705775
0.1103746
-0.05529146
0.07052441
0.06908068
0.06492303
0.05081621
0.020244652
-0.029818889
0.09795548
0.0079769455
0.14361167
0.07769065
-0.031016339
0.06889588
-0.12010769
0.14600083
-0.015066096
0.056807313
-0.09832155
0.071453564
-0.0050269505
0.01625226
-0.06391821
-0.10739648
-0.087092094
-0.04051039
0.02186375
0.12519805
-0.09605286
-0.012311486
0.072295465
-0.01912206
-0.0956083
0.122765064
0.07407976
-0.062814415
-0.04587726
0.10321734
-0.09971413
-0.018412245
-0.10648494
-0.026643353
-0.02631424
-0.12555991
-0.031859815
0.012035879
0.11365575
0.058615703
0.051404946
-0.09836589
0.0931957
0.049261853
-0.10144441
-0.051696755
-0.09393022
0.0660188
0.005477665
-0.03183079
-0.033295263
-0.041781306
-0.053756487
-0.054700322
0.043983597
0.040695675
0.13427927
0.026494373
0.062441066
0.031336613
0.10584138
0.080489725
0.028323174
0.10043271
-0.055997528
-0.033657804
0.06600577
-0.040821254
0.13684963
0.033011127
-0.00028588067
0.12420888
-0.06357768
0.075768046
0.09561909
-0.02394925
-0.05221644
0.097023815
0.03187134
-0.027824145
-0.11188398
0.0642098
-0.10265622
0.10367048
-0.09880167
-0.07189723
-0.035721812
-0.12773266
-0.011381191
-0.0462606
0.085996136
-0.06516534
0.01106927
0.09577071
0.06758938
0.017745608
-0.020446105
-0.056044795
0.010524798
0.042714167
0.048329
-0.067205936
-0.11653177
-0.015784156
0.06971739
-0.09797927
-0.024977544
0.07272604
0.08116408
-0.023287037
0.11243179
-0.07318924
0.030224817
0.00996281
-0.04640999
-0.07355706
0.013485043
0.019315979
-0.045698058
0.08155029
-0.042717464
-0.09381248
-0.03843401
-0.03506988
-0.047111537
0.115623854
-0.0005170881
0.11745726
0.025469217
0.089746095
-0.033853658
0.007777209
0.0018483163
-0.067801006
0.06162313
0.074219294
-0.03506971
-0.003423711
-0.037138313
0.044642694
0.0019656841
-0.09626749
-0.06468518
0.09259067
-0.06624403
0.042176
0.10224765
-0.040019732
-0.061193716
0.05971797
0.13222976
0.013095479
-0.012550039
0.016924292
0.11855571
0.11304691
-0.07002627
0.12002703
-0.046458475
-0.009299579
0.06392626
0.008669863
-0.093801156
-0.09956902
-0.017719282
-0.138393
-0.028414868
0.09859229
-0.10728513
-0.07598934
-0.009311707
0.024947053
-0.090508215
0.032255914
0.08684647
-0.07516355
0.07876259
0.089511454
-0.10432458
0.044435013
-0.013740428
-0.09812833
0.08404478
0.022105724
-0.025480777
-0.010676914
0.08419767
0.024507562
0.031846862
0.010872711
-0.1736839
-0.07379369
-0.06791128
-0.03161641
0.044658266
-0.036018465
0.07119495
0.006036789
-0.07799392
-0.084690675
0.17152517
0.12970136
0.17883854
-0.07296714
0.07579493
-0.14116669
0.078187
-0.09896953
0.06780823
-0.011419471
0.074464366
0.07426861
0.064568914
0.0310473
0.00040252294
-0.05484139
-0.014084272
0.10052212
-0.035742234
-0.061168037
0.10036014
0.015670286
0.026925102
0.03669743
-0.12577438
-0.005381155
-0.03703864
-0.077636875
-0.053318474
0.033518836
-0.08581068
0.081268646
0.12792905
0.028625403
-0.06772533
0.111043386
0.07587013
0.02672501
-0.065297596
-0.066248335
-0.0848129
0.043302003
-0.07044278
-0.053808045
0.05090088
0.069645956
-0.011737523
0.03540033
0.113628626
0.037657287
0.044348825
0.07516526
0.02261487
0.17464317
0.15898591
-0.080711186
-0.06491162
-0.14487398
0.040488217
0.063486695
-0.048843347
0.109284535
-0.09666014
0.06926188
-0.11274263
0.013576312
-0.068828344
0.05684001
0.016513169
-0.04401845
-0.03471241
-0.023837414
-0.09771416
-0.117963724
0.2548707
0.1191601
0.04492876
-0.10449631
-0.081075095
-0.10891861
0.06740944
0.05030502
0.069024526
-0.04779146
0.044187076
0.008896142
-0.098961934
-0.0987464
0.0345839
0.010265556
-0.13920166
-0.04847943
-0.03733678
0.13099451
0.1314073
0.1400462
0.03125994
0.033240285
0.022149507
0.039197914
-0.09014023
0.0640505
-0.071373396
-0.09165261
-0.07154222
0.07540129
0.09840242
0.07175043
-0.03166836
0.011457961
-0.015387557
-0.06629112
-0.07984333
-0.08643409
-0.035061724
-0.0252958
0.059082974
-0.04994872
0.11457238
-0.08197667
0.15577504
0.0705366
0.12239596
0.048070576
0.03795487
-0.12892571
-0.013654682
0.1546267
0.09192279
0.013216409
0.012855703
-0.04167129
0.12441731
0.13339563
-0.033538196
-0.10837406
-0.07437862
0.03400048
-0.279459
0.05233171
0.02384219
0.054873414
-0.06552519
-0.06048347
-0.03411429
-0.060567874
0.030652039
-0.09444292
-0.034539282
0.04204523
-0.013985918
-0.08359036
0.0506063
0.0003018785
-0.1463162
-0.05525243
0.06488618
-0.1560491
0.062538646
-0.108582705
-0.027728742
-0.0021228674
-0.027278075
-0.066600285
0.1260159
0.09537615
-0.13502291
0.07589229
-0.064295545
0.10466978
-0.009145827
-0.06213691
-0.08857335
-0.08684215
-0.01748435
-0.05446362
0.02637246
-0.051801976
0.026049461
0.10142383
0.057431117
-0.04873627
-0.014331812
0.08735661
0.0066489144
0.14298484
0.17833333
-0.07409398
0.041403458
-0.035653356
-0.1255352
-0.06062868
0.082367554
0.018820008
0.000913682
0.013243772
-0.12656541
0.081713185
-0.046178956
0.0030249092
0.006228002
-0.06197372
0.13154267
0.1229
0.09804757
0.0022881802
-0.027641188
0.04549563
0.0044522784
0.0253338
-0.0766538
0.025482194
-0.048188217
0.12968592
0.011154235
-0.0066300146
0.09717642
0.101688884
-0.03599158
-0.05179486
0.02806575
0.047921494
0.08449547
0.12114754
0.05234788
-0.082608156
-0.035228226
-0.01833914
-0.0015823403
-0.04623947
-0.029376818
-0.13569604
0.07306428
0.09023539
0.0012290376
-0.04038494
0.07619285
-0.047815718
-0.08916976
-0.040278845
-0.054640252
-0.17555588
0.052559167
-0.11212664
0.0015963728
-0.060355943
-0.060803134
-0.011949396
0.031251144
0.0848157
0.044127632
-0.0073332125
-0.001301115
0.018263781
0.045820344
-0.02209706
-0.024063136
0.042613648
-0.040536124
-0.08486111
-0.028884914
-0.046488076
0.05753294
0.13761464
0.0131931
0.090243176
-0.044423204
0.04618887
0.07605292
-0.09233761
0.14302403
-0.050155666
0.14232202
0.022712637
-0.03436943
-0.082473144
0.06710621
0.039187185
0.07612866
-0.05093858
-0.037897006
0.011703179
0.08203591
-0.021816242
-0.09541397
0.047024127
-0.068309754
-0.08914078
0.01665994
0.046157945
0.013637126
0.11183747
-0.09585415
-0.015906066
0.07717778
0.095136665
0.14242838
-0.10038134
-0.0383435
-0.09108101
-0.033224747
-0.015508287
0.0021166804
0.053574853
0.026500143
0.1692012
0.096224435
-0.008110722
0.09075802
-0.045371514
-0.06266031
-0.081118055
0.05716551
-0.033964753
0.0522612
-0.03769224
0.07082473
0.07407764
-0.0018297154
0.13887998
0.007782643
0.037059877
0.008338564
0.015956841
-0.12231056
0.040055953
-0.033446923
0.07197898
0.031098522
0.061298177
0.014004933
0.02214389
0.1365267
-0.11323366
-0.058783174
-0.12526534
0.06123143
0.10515089
0.14758685
0.05799557
0.15193112
-0.05627659
-0.02058108
-0.11508116
0.13541071
0.0035943324
0.13899255
0.0410371
0.10136207
0.07521078
-0.07002326
0.04136177
-0.11971362
-0.0038929458
-0.08426494
0.1626583
0.10110055
-0.055847332
0.01846997
-0.06617775
-0.05272455
0.13624746
-0.13307884
-0.036602568
0.06965354
-0.09570991
0.043503582
-0.019357046
-0.003885742
-0.13720815
0.21507107
0.0035458542
0.09636674
0.033469014
-0.051173046
-0.0918666
0.15003175
-0.020921396
-0.10837615
0.11572599
-0.15565497
-0.05580906
0.14654341
-0.04464497
0.09892734
-0.089393124
-0.040981438
-0.105797365
0.109065406
-0.0690969
-0.13124447
0.009431164
0.026042031
-0.158379
0.009297812
-0.00088313787
-0.028315654
0.019062106
0.13397522
-0.13051607
-0.052100617
-0.232779
-0.049355652
0.056462146
0.03435158
-0.09169653
0.0641945
0.052889623
-0.05433032
-0.05408954
-0.05613591
0.05278044
0.058985952
0.04661625
-0.11561349
0.06574556
0.0392528
0.029890541
0.03446253
0.11502763
0.02258314
0.033029318
2.8974455e-05
-0.09077013
-0.107945345
-0.035326786
0.03128745
0.031654965
0.043038357
0.054912843
0.1008387
0.05475172
0.2029481
0.018210111
0.07772126
-0.01843779
0.0051359027
0.11378533
-0.006170943
0.09426535
-0.1802641
0.1043872
0.09389249
-0.014289781
0.0049128947
-0.02444477
0.08374291
-0.046796143
-0.06456555
0.17071296
-0.038047813
-0.011818355
0.039764833
-0.12927604
-0.10308945
0.042183287
-0.07741982
-0.071543135
-0.11945261
0.06354261
0.13663709
0.11661762
0.080036975
0.018435303
0.10087426
-0.05711992
-0.060596045
-0.025042804
0.028630055
0.01202847
0.118042156
-0.11499466
-0.04070972
0.012823147
0.10688832
0.070101425
-0.08031648
-0.0010971536
0.19155727
-0.10209937
-0.061018005
-0.03214708
0.09929751
0.19032921
-0.051752586
-0.08408688
0.09858052
-0.16959034
0.04194835
-0.020132275
0.08914857
-0.12895039
-0.19690005
0.06449737
-0.05902682
0.050755326
-0.029221868
0.036808442
0.33624876
-0.17783825
0.18641284
-0.062272318
0.20608173
0.040448688
0.016418366
-0.06557667
0.05258765
0.030702656
-0.0043080905
0.103184566
-0.01071305
-0.17505135
0.17423752
-0.105920084
0.18981259
-0.14278802
0.014688654
-0.10135998
-0.17416373
-0.13645917
-0.036755584
-0.01460369
0.17827728
0.039252397
0.11535753
0.16351916
-0.013658272
-0.07331691
0.031177286
0.05114201
-0.14770308
0.13561808
-0.072916366
-0.068126515
-0.10833697
0.16690426
0.111908205
-0.067073666
0.0031825497
-0.009189204
0.020856338
-0.026957495
-0.088781655
-0.08579512
0.13000014
-0.16949894
0.068021215
0.17528696
0.050936606
0.035258718
0.04336789
-0.005808079
-0.02380485
-0.061891753
-0.1138588
0.023498768
0.051081166
-0.042852778
0.009990531
-0.08261238
-0.06809577
0.010628806
0.15813227
0.039522473
0.03133193
0.0072819088
-0.08363662
-0.11419749
0.17128152
-0.115319885
0.08028318
0.066391036
0.0052018473
-0.0973101
-0.017237421
0.007104449
0.053471774
0.047594097
0.0219187
-0.07129291
0.10274203
-0.09970434
-0.110100985
0.04662242
-0.027465867
0.07798537
0.04810279
0.19337356
-0.056708515
-0.12906472
-0.10681166
-0.013082574
0.08294056
-0.016623694
0.054247014
-0.06175473
0.07564602
0.04841479
-0.026088098
-0.1346583
0.011291281
-0.04501695
0.043847017
0.000852863
-0.14768189
0.049077637
0.10079698
0.13759093
0.0109252725
-0.14551927
0.13707946
0.071823455
-0.012577545
0.15941702
0.057852402
-0.06131923
0.07567653
0.015769029
-0.0330293
0.030033305
0.081694365
0.09150051
0.007396572
-0.08642322
-0.08198648
-0.06549801
0.0020370933
0.031261455
0.09878633
-0.050404385
-0.027341112
-0.08987631
-0.07739014
-0.017574992
0.10482427
0.11263541
-0.19111949
-0.059880503
-0.07597214
-0.1245984
0.10028474
-0.03880502
0.08323806
0.07229545
0.113921955
-0.017786918
-0.08734709
-0.099592835
0.05604914
-0.05312437
0.013120123
-0.006830481
-0.069991395
0.15772955
-0.08380711
0.013450423
-0.0950279
-0.12978145
0.07002491
-0.10313897
-0.06385932
-0.06548473
0.039243866
-0.1203527
0.116593555
-0.1235112
0.012063533
-0.078753114
0.014402023
-0.09510963
-0.07288865
-0.10042141
0.12265179
-0.09481698
-0.07411163
-0.096802525
0.08580966
0.026365578
0.1236971
-0.09596422
0.015424761
-0.0318622
0.018207002
-0.02793485
-0.04392341
-0.09716909
-0.0053929035
-0.13365257
-0.035447508
0.032422982
0.13319811
0.10137782
0.005213718
-0.018323336
0.072882846
0.051061686
-0.0814046
0.05957436
0.0011095154
-0.09953831
0.027515734
0.064827316
-0.086867906
-0.034272514
0.048116006
0.0626555
-0.0493058
-0.046182703
-1.9180974e-05
-0.009839984
-0.011523204
-0.00402454
0.033917196
-0.0064374167
-0.014946903
0.033853836
-0.10295294
-0.025633663
-0.10662486
0.010262055
-0.008881407
0.09070987
0.103643775
0.039966766
-0.10055499
-0.05105971
0.019486323
0.043436762
0.0668398
-0.0948677
0.025686614
-0.05345485
-0.06823495
-0.018158462
0.11736727
0.029113682
-0.024659846
0.08146546
0.028960546
0.1503409
-0.0783063
-0.086021565
0.031927776
0.04515215
-0.092420615
-0.06144965
-0.07057705
-0.13195412
0.0838435
0.026490517
0.027745172
0.040191606
-0.0017295046
-0.010592624
-0.08267103
-0.0816437
-0.050422624
-0.100003116
0.08586877
0.050920144
0.088792264
-0.06550627
0.071807384
0.11049184
-0.12145708
0.04600448
0.011136892
0.009716891
-0.010982252
-0.047583256
0.09881782
-0.05059791
-0.076880306
-0.04679579
0.015098445
0.010075167
0.0070312098
0.001519409
0.07295685
0.121426575
0.0816006
0.07345659
-0.024678513
0.0321389
-0.029010814
0.05528895
0.0659562
0.049271345
-0.06311877
0.068850204
-0.06461212
0.09925874
0.09439668
-0.009911265
0.07316145
0.107157916
0.05058572
-0.021303793
0.10350624
-0.112343475
0.14798614
-0.07015394
0.06441637
0.09962267
0.044230524
0.08085181
0.033610623
0.04233856
0.029858368
0.05984264
0.0074840933
0.12721129
-0.08377124
-0.043013837
-0.0523953
-0.12606438
0.025417306
0.005534684
0.015648892
0.07692536
-0.06479614
-0.14521445
-0.023692084
-0.075259514
0.14758228
0.097252324
-0.09211423
0.067220405
-0.008932843
0.014695611
-0.037932087
-0.08259318
0.023774032
0.07862613
0.01987788
-0.056770887
0.00502197
0.00078002573
-0.11751374
-0.06500954
0.025368381
-0.12324125
0.018284068
0.073909484
0.08278921
0.103918724
-0.0075022336
-0.09828833
0.113287546
0.09479672
-0.058420774
-0.07320126
0.10650652
-0.08795273
-0.07209806
0.08598133
0.10019226
-0.05761775
-0.0423528
-0.015693638
0.12256412
-0.05095621
0.054611538
0.023157181
0.032167055
-0.117105335
-0.027399605
0.021501403
0.004353359
0.073334135
-0.081167236
0.076003104
-0.04593348
0.016731597
0.12827376
0.038973097
-0.03943466
-0.14601634
0.06478866
0.138617
0.17358774
-0.010210876
0.023323942
-0.06048668
0.11579919
-0.17077391
0.04129048
0.08041039
-0.07203775
0.13570403
-0.035979334
-0.016140794
-0.11591524
0.06525618
-0.079633705
0.0024398963
0.077824935
-0.027871119
-0.08700474
0.09760343
-0.037318442
0.021038426
0.0061221863
1.4617371e-05
-0.035097312
0.09596662
-0.06272768
0.00345194
0.048851717
0.098363414
0.03321356
0.0014117844
0.055039138
0.017165339
0.009093568
-0.02424863
0.05085641
-0.023751356
0.031714417
0.090048514
-0.11018682
-0.03921548
0.13159044
0.04244662
0.09598045
-0.06661876
-0.112293616
-0.07210766
0.16224988
0.07123483
-0.09974477
0.06374999
-0.07466499
0.027112551
0.05037116
-0.038336344
-0.0031238787
0.05148812
-0.004977718
0.12481396
-0.053999234
0.12620968
0.00906714
-0.10520547
-0.090416916
0.11914219
-0.113231376
0.022867573
0.02605234
0.08238378
-0.0016034356
0.0888223
0.05599307
0.13718466
0.10948489
-0.13006163
0.12554488
0.034508612
0.1275217
0.10022321
-0.11851045
-0.07132744
0.085576095
0.044093903
-0.09280486
0.04873517
-0.034814555
0.095030434
0.12612525
0.07888875
0.01635386
0.06547097
-0.088711806
0.014434497
0.017045178
-0.04586487
-0.099986985
0.051210076
0.11459403
0.082184024
0.020980574
0.011150511
0.008748198
-0.039368436
0.0025790317
-0.043623094
-0.08102139
0.086990155
0.086393796
-0.07078696
0.0031923845
-0.029425785
-0.021325449
0.038726877
-0.07828495
-0.0034773117
0.03169046
0.0068787443
-0.06072611
-0.056770142
-0.056693666
0.0742893
0.08635493
-0.027437432
-0.12181646
0.023721196
-0.03865031
-0.11935591
0.0138764735
-0.013396533
0.047897935
-0.023739947
0.021321567
-0.011465104
-0.023961617
0.11126411
-0.023342641
0.022924209
-0.02360454
0.0017497288
0.08705788
0.14203465
-0.011948824
-0.01038393
-0.06760182
0.078995116
-0.104509845
-0.034257863
0.0020733152
0.02206841
-0.053780217
0.028249186
0.12801495
-0.075346924
-0.10118604
-0.06937059
0.09777695
-0.06291606
0.008316033
-0.047248248
0.077174015
0.029984655
0.12638797
-0.025224308
-0.11720823
0.06850971
0.109765984
0.06839213
0.043463487
0.13816261
0.03749844
0.05393935
-0.019315617
0.03736186
0.095456846
0.015440095
-0.04112087
-0.021462036
0.13409488
-0.067472324
0.09921942
0.14468305
0.06387344
0.056829836
0.11167443
0.08644287
-0.08080885
0.07927679
0.008200319
-0.09436711
0.07493756
-0.06824198
0.05052363
-0.017388139
0.051860828
0.16431749
0.010293777
-0.0758871
0.13488358
-0.03678266
0.11832256
-0.044470467
-0.009092942
0.0507147
0.081016526
-0.1369949
0.07146455
-0.07441154
0.05424237
-0.09231014
-0.0855891
0.06522809
0.08051371
0.06978193
0.035921164
0.12070834
0.12446902
0.09159688
-0.052216176
-0.12003453
-0.07220599
0.098754615
-0.03568082
-0.039665606
-0.10758553
0.08977526
-0.012822752
-0.0148424795
-0.04602566
0.10511046
-0.036830526
0.14853784
-0.04606906
0.08663208
-0.09678255
-0.07039722
-0.04067046
-0.039929196
-0.10689208
0.0009163785
0.06873667
0.077728204
0.012202109
-0.07643406
-0.032310273
0.1002371
-0.10271465
-0.12237324
-0.033540275
0.07976217
0.08447963
0.09970027
0.090736695
-0.13932303
-0.051873967
-0.031752665
-0.04226043
-0.077644154
0.12628405
0.05836564
-0.036567245
-0.1809234
0.04246233
0.032029774
0.08496098
0.08272612
0.052857146
-0.10391992
0.03220675
0.09493067
0.07952946
0.063283585
-0.06602281
-0.037729733
-0.05184253
-0.07242873
0.13745938
0.01768651
-0.04654314
0.13024181
0.06887559
-0.10055163
0.001810451
-0.06994673
0.06859428
-0.05599779
0.014202331
-0.048940826
0.058968455
-0.0012658845
-0.106283024
-0.052046105
0.0018081082
-0.032354355
0.0290388
0.0593335
-0.06580531
0.060936403
0.045380224
-0.049013533
0.00595255
0.0043584136
-0.083683416
-0.033690818
0.01403515
-0.011527429
0.016046997
-0.011364841
0.13638954
-0.039537895
0.052057542
0.007850271
0.06626728
-0.09241191
-0.08546492
0.0096811
-0.06964324
0.19073993
-0.121536404
0.088700265
0.065931655
-0.036998946
-0.091749854
0.07255952
-0.10712896
0.033217356
0.2072008
-0.101166986
0.0874867
0.017990224
-0.10844195
-0.060460776
0.10964545
0.08795041
0.061056495
0.10765741
-0.031167537
-0.028786754
0.012217292
0.07768592
0.12581341
0.07284874
-0.03091641
-0.08694659
0.15568078
0.017210605
-0.009373806
0.03973965
-0.15826792
0.06400964
-0.076773375
-0.0042547067
-0.17201583
0.032907825
0.049480557
-0.0153349
-0.040739913
0.05323773
0.024401175
0.07325969
0.07539626
-0.10531667
-0.1457014
0.10689245
-0.02237252
0.019507473
-0.007819499
-0.07684848
-0.13873594
-0.015287426
-0.045505404
-0.022502095
-0.05622777
0.012127812
-0.11260865
0.05194819
-0.022775989
0.04363795
0.042934146
0.030704428
0.04513297
0.048934482
0.061026916
-0.061423447
-0.0051600123
-0.07829237
-0.11833739
0.08085242
-0.053569466
-0.09255996
-0.03508991
-0.05601572
-0.024447853
-0.041228525
0.011573576
0.09229769
-0.09042023
0.17915653
-0.069726184
0.056041196
0.008419903
-0.015268939
-0.06207485
-0.15620847
-0.063532636
-0.039260518
-0.073752105
0.06924224
-0.030548878
0.078025706
0.022166139
-0.020930799
0.078285515
0.02592356
-0.04762293
0.06550066
-0.06121544
-0.05901843
-0.08204803
-0.047958042
-0.019059341
0.11326077
-0.10638585
0.026278086
-0.017430894
0.048238877
0.009683347
0.0075886226
-0.12500767
-0.16168225
-0.15526487
-0.020750603
0.028791739
-0.010856066
-0.035334222
0.10092587
-0.07311763
0.026591634
0.07385377
-0.026028125
0.005740052
-0.004463968
-0.050348796
-0.06326635
0.10640292
0.12616527
-0.109113865
-0.03658691
-0.12314372
-0.041056033
0.07585885
-0.019968266
0.1428811
0.0825506
-0.049076736
0.11229971
0.08809452
0.10041516
0.012516918
0.0042777467
0.0073786336
0.10747189
0.016137946
-0.026759032
0.044458415
-0.11521875
-0.096994884
0.08974058
-0.0018910446
-0.041427374
-0.12733896
0.052662265
-0.0061980113
-0.01670205
0.13162956
0.036544435
0.14910345
0.0008082948
0.09533879
-0.09283844
0.08066112
-0.041430846
-0.0690612
0.13233094
-0.061420135
-0.008693099
-0.10686347
0.031104442
-0.008233466
-0.009360442
0.041632075
-0.05770681
0.06721067
-0.050621964
-0.0058434927
0.014350668
-0.002426767
-0.10031365
0.031214993
0.08052102
-0.011526021
-0.12285801
0.042584483
0.0031568592
0.08985387
-0.01610933
-0.0034178945
0.121615075
-0.009546239
-0.039619762
-0.0794004
-0.025039108
0.033453275
-0.06979302
-0.028687652
-0.07925572
-0.040122077
-0.07768092
0.09389413
-0.019186156
-0.09892982
0.14560927
0.12210979
0.099403046
-0.06930289
-0.04896824
0.0058358577
0.05587535
0.0927833
-0.057231523
0.124802046
0.0991506
0.16243434
0.06786504
-0.10839528
-0.023687428
0.052610148
0.064512216
-0.076535836
-0.068269745
-0.056925334
-0.022741565
0.059598844
0.05674075
0.006990427
-0.10304335
0.060315136
-0.03407216
-0.052167214
-0.09982684
0.06847797
-0.12545733
-0.034793038
0.06387935
-0.065398335
-0.024628911
0.03559125
0.0622879
-0.052188333
0.07898341
0.13375485
-0.074864775
0.070417926
-0.09643293
0.0668028
-0.1238764
0.03160968
0.047094755
-0.074886784
-0.05044946
-0.13886768
0.0035892194
-0.07337744
-0.14314641
-0.008609387
-0.05334944
0.041813307
0.018386165
0.052330818
0.09561956
-0.0021522997
-0.042139746
0.03783597
0.025689544
0.15631689
0.040135343
-0.16005813
-0.022199608
0.03883787
0.015144846
0.07534893
0.070583776
0.06108345
0.08500393
-0.13389441
0.04018038
0.039172646
0.1323695
-0.050447077
0.015545801
0.04110443
0.067555755
0.10221083
0.07031312
0.13334271
-0.12279585
-0.1345865
0.035860974
-0.1297608
0.12590517
-0.038124718
-0.045024447
0.020361485
0.1329883
-0.110691726
0.0636264
0.07429496
-0.08739577
0.1494909
0.09141575
-0.004476821
-0.03510253
0.059062127
-0.06631015
-0.08267792
0.014567593
0.08820447
0.200614
0.022540621
-0.07009838
-0.09559766
-0.012633351
0.013985069
0.09115711
-0.04958312
-0.010515205
-0.105437145
0.06531806
0.049323115
-0.100866824
0.090870455
0.009390725
0.08658168
-0.015081063
-0.08767367
-0.15213205
-0.12575959
-0.115095
-0.09827833
0.044090234
0.0064999657
-0.0067774574
-0.054117385
-0.005805246
0.19817385
-0.0885387
-0.020446278
-0.04804628
-0.11092784
-0.041716207
0.038545888
0.0056690415
0.05425939
0.017986663
-0.029556679
-0.021705274
-0.107554406
-0.021116612
0.031499628
0.08134038
0.021352781
-0.029051732
-0.09453495
-0.18263382
-0.058117572
-0.11076939
0.07058065
-0.0054640854
-0.037817884
-0.018949965
0.10042088
-0.002482353
-0.042071205
-0.09909324
-0.12327925
0.035965286
-0.09846697
-0.07758392
-0.04963545
-0.05281015
0.11493549
0.10924774
-0.05646262
0.073968045
0.008969453
-0.0987371
-0.11784057
-0.14067896
0.032777052
-0.010106994
-0.05801545
-0.009237515
-0.077826194
0.023873435
0.035625577
0.00799933
0.035976272
0.071728334
-0.012390965
-0.13112639
0.11032692
-0.0920706
-0.13245611
0.039876122
-0.043159712
0.037005883
-0.061623383
-0.04496796
0.062342454
-0.12049475
-0.05376934
-0.06507987
0.0754657
0.045468472
0.034260686
-0.19171348
-0.10780586
0.14153667
0.17653795
-0.027778927
-0.09702522
-0.06462314
-0.054795593
-0.100929506
-0.039995685
0.05333999
0.10928623
-0.08273352
0.0091499975
-0.15120035
0.04210925
-0.08913013
0.07215583
-0.089752175
-0.10090148
-0.070643045
0.040245406
-0.045119848
-0.037510984
0.01909633
-0.03215913
0.028136665
-0.12588319
0.03683143
-0.068337224
0.017547289
0.008184278
0.05659534
-0.11878955
-0.0721343
0.0022762537
0.102226354
-0.070703775
-0.1220406
-0.01639655
-0.1892875
0.06585985
0.016973216
0.03658524
-0.006960504
0.08084095
-0.08557461
-0.030319648
0.04121419
-0.0085556125
0.00463515
-0.13330051
-0.11291777
0.11704737
0.08473181
0.004245434
-0.02575674
-0.040437654
-0.0031654509
0.093750395
0.13415536
0.013907611
-0.04278368
-0.06466376
0.06762944
-0.10481492
-0.17335483
-0.038874384
-0.06813491
0.17815913
-0.058582205
-0.07335099
0.1563409
-0.06258106
-0.106458984
0.01079767
-0.003295439
-0.040613733
0.02403654
-0.030461986
0.016366534
0.00835009
-0.004554976
0.0013671949
-0.061705373
-0.09324553
0.06481023
-0.085308805
-0.0034965798
-0.03194227
-0.02409163
-0.07161999
-0.004908006
-0.07327351
0.009880218
-0.03421832
-0.08013263
-0.10407286
-0.101640515
-0.056894593
-0.06337043
-0.006485411
0.15232012
0.106778145
0.09611133
0.10966638
0.05190123
0.013868518
-0.0018159271
0.13709754
-0.017142167
-0.0031842378
-0.06879234
-0.06234183
0.009157465
-0.030749045
0.029345471
0.09357458
0.13372166
-0.055221517
0.03878475
0.139058
-0.009065096
0.09530081
0.05756689
0.07184511
-0.05752311
0.10621008
-0.04080525
0.07677553
0.036381997
0.14161305
0.023000006
-0.02065842
0.029648647
-0.00016564818
-0.15951587
-0.115510374
0.117832124
0.017757349
0.07096241
-0.063858606
-0.061166745
-0.03410495
0.028641444
-0.036193095
0.097146526
-0.095078565
-0.060821768
0.08605434
-0.0021095104
0.085669585
-0.14290592
-0.061969757
-0.10588042
-0.09046219
-0.14083722
0.09455674
0.16412675
0.0652181
-0.07935399
0.06183346
0.0150243975
0.009500845
0.008125733
0.09592449
-0.12441342
-0.14164475
-0.11534707
0.14071287
-0.04556419
0.005856278
0.16490404
0.13865864
0.042551488
0.016771134
-0.12946288
0.13071866
0.08730101
-0.0668303
-0.014241151
-0.022825316
0.05763536
-0.046568025
-0.0033915178
-0.036493126
0.054164175
-0.11321869
-0.112568766
0.005663094
0.03306198
0.01632849
0.18632309
-0.075462855
0.04011398
0.03929147
-0.067073934
-0.07616358
-0.0153624695
-0.060927033
0.05260982
-0.026271462
-0.10247606
-0.023017144
0.102206774
-0.052017424
0.037768673
-0.0670357
-0.040954992
-0.05291895
0.016913962
-0.041513853
-0.087315686
-0.08324311
-0.05837266
0.028485337
-0.02414301
0.0575105
0.067693874
0.15667363
-0.024644446
-0.06806885
0.05458294
0.06955532
-0.07680633
0.02328075
0.1101642
0.06910505
-0.12967092
0.121125296
0.031632025
-0.08971308
0.010974809
-0.03617779
-0.13490328
0.079281025
0.09540532
-0.021445775
-0.07435328
-0.074328944
0.049256567
-0.03696925
-0.06855372
0.08938576
-0.0142360525
-0.0056769093
0.031921208
-0.02891662
0.10775378
0.020135982
-0.026358638
0.07662948
-0.046277452
0.08964371
-0.04473868
0.00882557
0.034837972
-0.14312121
0.1198821
0.006336409
-0.050547544
0.053279866
-0.084811285
0.014653116
-0.008125817
-0.019741911
0.11441945
0.11938264
0.14491878
0.0039956192
-0.08584399
0.010226557
-0.040478095
0.010090858
-0.07755094
-0.09327995
0.09038801
-0.071623035
0.03260816
0.056648944
-0.08381041
0.10343029
0.005043498
0.055957105
-0.08996614
-0.042687573
0.04587833
0.027461251
-0.08949541
0.013848181
0.057928927
0.056345258
-0.08300108
-0.09090417
-0.07879437
0.02913783
-0.08124225
0.08009733
-0.0017474617
0.14337783
-0.005629085
0.03318456
-0.0054679164
-0.06909172
-0.13383158
0.100573994
-0.05792741
0.12891527
-0.018976355
-0.04330639
0.04329375
0.073498406
0.051597904
0.014097441
0.026034689
-0.024962008
0.11093923
-0.057021514
0.04179112
0.11479354
-0.062472567
-0.14280732
0.014140913
0.13724197
0.055298127
0.08634856
0.09184288
-0.09572473
0.051956568
0.09224039
-0.039326932
-0.017296307
-0.007193546
0.11993114
0.077576004
-0.040761933
-0.03569607
-0.016705187
0.073540546
-0.08857437
0.029507019
0.021445269
0.049519856
0.05172925
0.0006948993
0.0852735
0.10699201
-0.020984417
-0.106340125
-0.037552003
0.087668866
0.13451992
0.02890795
0.015584683
-0.042993777
-0.084367804
0.041607305
0.106904596
-0.047507267
0.110370934
0.12721813
-0.07749072
-0.080481514
-0.021036755
0.0718566
-0.072554864
0.049407665
0.13209867
0.09892304
-0.07885709
0.103883706
0.09644646
-0.1174581
0.114615984
0.12121156
-2.9277611e-05
0.05715251
0.021578638
0.008551381
-0.04911157
-0.09196088
-0.017223585
-0.1003735
0.042845313
-0.034867395
-0.018734043
0.06310301
-0.048170008
-0.07400623
0.11319541
0.013593166
-0.042202644
0.034899216
-0.039094094
-0.07903924
0.040469754
0.0053295465
-0.018072685
-0.0010862614
0.06987915
0.05622046
0.007299366
0.06571726
0.09888089
-0.009450732
-0.075031325
-0.0065045776
-0.017770484
-0.15412818
-0.073291965
-0.19097984
0.07033524
0.055005018
0.07487233
0.11371613
-0.017481986
0.04074979
-0.03132605
-0.07955047
0.033126254
-0.027598215
-0.06848096
0.04263947
-0.010662515
-0.01663142
0.04207962
-0.019080197
-0.012969581
0.016008219
-0.024326764
-0.083776474
0.04740693
-0.05294019
-0.009917486
0.113177955
-0.043769427
0.058838967
-0.046817318
0.09317724
0.047908135
-0.09933508
-0.0026144865
0.088878304
0.12930228
-0.07817713
-0.15027012
0.110331744
0.15320729
0.06751616
0.15153718
-0.088722914
0.07940017
-0.059314437
0.005218903
0.07355604
-0.032190196
-0.06647065
-0.02763088
-0.01902879
0.01407416
-0.098291665
0.040852122
0.071626425
0.05104222
-0.12791242
0.06708318
0.032514546
0.0101274
0.030819666
0.0039554685
-0.042267267
0.083081976
0.041164655
-0.025553973
-0.017611887
-0.038548436
0.17756107
-0.04944138
-0.0069068326
0.08695288
-0.100270614
0.058849182
-0.13075027
0.073964134
0.09644396
-0.04641607
0.018028112
-0.0745745
-0.046544798
0.027845545
0.047594573
-0.08512291
0.04830539
-0.05132834
-0.087858304
0.021866677
-0.058750402
-0.099824205
0.011188954
-0.060539808
0.051524714
-0.031343106
-0.011120488
0.07661667
0.13074556
0.031473488
0.032131467
-0.07806593
-0.04383405
-0.0044739363
0.12110208
-0.100448765
0.006092847
0.077764876
-0.027407957
-0.040395312
-0.017346941
0.11381507
0.007751492
0.030355256
0.011637488
-0.031076087
-0.1255208
-0.08183135
0.013681603
-0.092678316
-0.061478473
0.15217936
-0.089264
0.09704004
-0.06789737
-0.01587602
-0.06557759
-0.034561884
0.11882234
0.011063319
-0.03796234
0.08651168
-0.023920864
-0.1335237
0.11062283
0.045404665
-0.018199882
-0.14183292
0.0821248
0.107209794
0.13738932
0.114134416
0.024564585
0.07797983
-0.024510156
-0.027779657
-0.08796933
-0.04271121
0.03343491
-0.07114939
0.08874644
0.08501043
0.0366641
-0.09729738
0.034830675
0.045631632
-0.08974878
0.044696398
0.037695926
-0.09611277
-0.117924824
-0.011795603
0.011780089
0.09316978
-0.0047288714
0.036410365
0.06400258
0.021396745
0.034694325
-0.022887824
-0.0012634228
0.04802939
0.104518406
0.070987165
0.07201327
-0.026801642
-0.090480104
-0.047554374
0.07577898
0.07793637
0.09799634
-0.10925605
0.052882764
-0.12096722
-0.04420379
0.0062433863
-0.06799897
0.02361773
-0.061450712
0.09071298
0.0054392815
0.1286421
0.08024935
0.055119444
-0.06854724
-0.04790772
-0.09656877
0.05762103
-0.021043532
0.08586148
-0.011713355
0.06315036
-0.081870414
-0.027850911
0.0829096
0.087303
0.020882415
0.108620115
-0.04151637
-0.10895135
-0.059108615
0.0626351
0.14708272
-0.07901839
-0.033939257
0.044383664
-0.049523443
-0.03774406
-0.10869572
-0.062211335
0.08469397
0.12983416
-0.027041357
-0.068760954
-0.094203025
-0.010723719
0.04784252
-0.11531675
-0.06259372
-0.05068625
0.061326507
-0.21768837
-0.058986504
-0.14272758
-0.018284233
0.036453128
0.052494366
0.00048206313
0.05665172
0.08159963
0.04473152
-0.07139686
-0.11568667
-0.06936688
-0.10549022
-0.03129517
-0.1462698
0.09732512
-0.049661595
-0.035234164
-0.12729251
0.065650806
0.0061469693
-0.036774203
0.04368992
0.042755034
-0.021688443
-0.0064964863
-0.121957384
-0.0917191
0.08618081
-0.046703786
-0.015848406
-0.13287784
0.09133434
-0.041040055
0.033502012
0.095632106
0.020504262
-0.07812343
0.10184195
0.032916613
0.018291792
0.12076331
-0.054613493
0.045084566
0.05503554
-0.038958345
0.0020201597
0.08880328
-0.08047535
-0.01642445
0.029827368
-0.22616202
0.06315244
0.09317289
0.10983608
-0.046560075
0.12804468
-0.031011458
-0.06015808
-0.020435095
0.08963234
0.17009236
0.11305218
-0.1465411
0.036844198
-0.024873748
0.008610056
0.102835715
-0.001945438
0.004910175
-0.0163957
-0.14190468
-0.09701266
0.024305085
-0.017453507
-0.08844219
-0.043709625
0.008242973
0.21337695
-0.06321271
-0.059162293
-0.0851937
0.11384774
-0.073749244
0.024952656
-0.14941813
0.17101398
-0.044033226
0.13803932
-0.10579474
-0.021015042
0.043660033
-0.08359989
-0.09977606
0.11208926
0.1087128
-0.02097359
0.033503953
0.07161158
0.031107686
-0.106428795
0.017123338
-0.11069778
0.11631322
-0.01970743
0.058252122
0.064795434
-0.13329694
0.06752905
-0.08119473
0.035490274
-0.06471716
-0.15549041
-0.00541574
-0.04436428
-0.10695522
0.07035119
0.020269088
-0.13526541
0.11182041
0.13127701
-0.08311349
0.13416205
-0.12936322
0.010824228
0.06558683
-0.065300204
0.1384874
-0.06633644
-0.02845321
0.10118151
-0.0105508575
0.119898245
0.07370751
-0.11294981
0.18876675
-0.072869256
-0.010536008
-0.13581054
-0.039437793
-0.039968394
0.23064922
-0.03308431
0.053544194
0.12920061
0.053937197
-0.0543933
-0.03195969
-0.07802439
-0.068984404
0.045065664
-0.041454673
-0.03331851
-0.031910647
0.052020874
-0.013661469
-0.04832335
-0.017361341
0.0134520065
0.042870868
-0.05002996
-0.10762836
0.17563102
0.026877215
-0.058195055
-0.11929206
0.0323021
0.087162085
-0.043464825
0.13958165
0.062310543
0.08221575
0.059318803
-0.082151495
-0.14402239
-0.04634341
-0.06061363
-0.09400477
0.078999005
0.06919247
0.065606356
0.05127188
0.014995205
0.016190587
0.10721609
-0.04361803
-0.17077671
0.075536795
0.13804789
-0.030701019
0.09680221
-0.13331129
0.057490278
0.050069846
0.083457045
0.06250342
0.023722673
-0.061592605
0.16331184
0.02556104
-0.17052916
-0.07706175
-0.10475048
-0.109708525
-0.070776805
0.025223615
0.09179135
-0.032037865
0.018872453
0.11927994
0.0023590159
-0.06563308
0.018918606
0.035588752
0.08037358
-0.16884792
0.08722421
-0.0801332
0.12075959
0.111408934
-0.040921725
-0.13610391
-0.04617441
0.051759023
-0.0831939
0.030100744
0.047383703
0.06734461
0.073148675
-0.07200974
-0.06613146
0.14136174
-0.013302269
-0.06397933
0.0036927965
-0.011403614
-0.055347636
-0.10362094
-0.06420004
0.054528777
0.0594455
-0.045108423
-0.0835492
-0.008784654
-0.038831946
-0.0013922795
0.09250905
-0.008245138
-0.071982436
-0.08485547
-0.09293629
-0.098458536
-0.07032363
-0.089164734
0.042222034
-0.13515876
0.05375811
-0.075722635
-0.0043614605
0.10907282
-0.016182061
-0.06535319
0.073690884
0.004358614
-0.06666477
-0.069073185
-0.05750944
-0.08015598
-0.01449061
-0.0117146345
-0.08285409
0.019824555
0.107918516
0.037992142
0.010179762
-0.01685303
0.048878673
-0.12150534
-0.023174495
-0.037472636
0.07508052
0.10426521
-0.12885122
-0.101882234
0.031718228
0.012607447
0.028973905
0.107445866
0.084078126
0.026024124
0.18614244
0.09916154
0.01577545
-0.04749672
0.10128591
-0.011922062
-0.018226374
0.0497585
-0.05606243
0.111415215
-0.123102956
0.09791713
-0.06331646
0.07264121
0.10028778
0.058576904
-0.08651477
0.08966541
0.10118194
-0.05272524
0.10622219
0.07823781
-0.055717576
0.012420261
0.09183239
-0.12951082
0.12500241
0.107409224
0.052115027
-0.13342297
-0.19037281
0.09771314
-0.07554238
0.12183099
-0.05254409
-0.03766048
0.12213006
0.034267284
-0.12675504
-0.11284189
-0.089215934
-0.037613977
-0.11496
-0.054445922
0.17265533
0.0035661533
-0.052035883
-0.10339252
-0.13058983
-0.01476939
-0.1042964
0.117479995
0.05047338
-0.119998254
-0.005789862
0.024617782
-0.03426033
0.03697764
0.08706923
-0.017425258
0.039153438
-0.076464415
0.015166572
0.019767271
0.025793513
-0.05985258
-0.01609516
0.025036559
0.0843749
0.16964814
-0.080339685
-0.10727527
-0.23981419
-0.04974394
0.0059234668
0.046938516
0.113441266
0.076182604
0.04189722
-0.03645092
-0.012396657
0.07676594
-0.052605804
0.047239907
-0.07319172
-0.12702979
-0.050833005
-0.015073576
-0.07139734
-0.022997646
-0.013847551
-0.13954349
0.031875666
-0.13252942
0.082080014
-0.067566074
-0.11002785
-0.052773397
0.06355216
-0.092276976
0.12046364
0.07099652
-0.11879935
0.1593029
-0.09842194
0.12731309
-0.067480944
-0.08814564
0.12569016
0.1346676
-0.053164825
0.03118063
-0.072544284
-0.050323315
0.0534745
-0.05605034
0.008523876
0.06142026
0.00044558686
0.18650569
-0.12695673
-0.03595566
-0.04279853
-0.14445947
-0.019845622
-0.013825554
0.0900553
0.07290153
0.08903777
-0.07627465
-0.13482374
-0.048391018
0.19647564
0.06857843
0.0021111579
-0.03100057
0.10319117
-0.066569395
0.04672997
-0.08489488
-0.019610187
0.23391369
0.055673867
0.05632604
-0.0017930889
0.050420236
-0.15159686
0.0829625
0.08125057
0.117676295
-0.005949317
0.05462346
-0.0300461
0.06829759
-0.10699493
-0.0011841821
-0.13578679
-0.0028513225
-0.10486605
-0.12680669
-0.014039876
-0.029646823
0.03347419
-0.0041991235
-0.18467939
0.04904552
-0.02522001
-0.0042777136
0.006785858
0.14504495
-0.12643923
-0.0480496
0.044525605
0.018998034
-0.070688
-0.044920336
0.029589185
-0.09613431
0.08938
0.06869805
0.09221313
0.10486177
0.029871162
-0.002147192
-0.03854918
-0.07947409
0.11562601
-0.033783022
-0.047312874
-0.06831288
-0.08412568
0.14430362
0.011896131
-0.056805037
-0.084350504
-0.066442035
-0.16490835
0.08264219
0.04434484
-0.05230823
0.098438784
-0.035497054
0.13149898
0.123858325
-0.031706624
-0.075517595
0.09783713
0.011270317
0.043703295
-0.020756206
-0.06606907
-0.015452753
0.05927022
0.002456852
-0.012349491
0.007673799
-0.022046866
-0.13573548
-0.04913335
0.0777304
0.06684762
-0.053832933
-0.028278759
-0.07859905
0.009960108
0.021958401
-0.035919175
0.09577044
-0.0746338
-0.15798697
0.10201428
0.008609049
-0.14688547
0.010261063
0.07030856
-0.09976408
-0.15476151
0.15609935
-0.018410228
-0.01566855
-0.050519448
-0.010374258
-0.08125511
-0.13398336
0.08690915
0.07187263
0.009211725
0.17946154
-0.046491962
0.11257568
-0.14658499
0.05552062
0.02608377
-0.07145711
0.09367918
0.021185264
0.06919302
0.07789071
0.14717858
-0.049827076
0.16199185
0.03262349
-0.09839812
-0.07733293
0.021453496
0.004295054
0.093778856
0.08581996
0.09401837
0.1730569
-0.102865465
-0.01802559
0.033002302
-0.020617826
-0.017851073
0.047648456
-0.051014286
-0.11808276
0.052819293
0.023565706
0.11638969
-0.0018105028
0.02852722
0.015324614
0.06308835
-0.009560168
0.0019623402
0.0728148
0.04877223
0.010358416
0.043965176
0.12756874
0.024243567
0.106631495
-0.027644208
-0.011971786
-0.042867843
0.017918564
-0.036265284
-0.0069206604
0.101367824
0.033726484
-0.06147458
-0.022295585
0.0068878755
0.10260204
0.08369118
-0.10349453
0.044754386
-0.14486188
0.0008590615
-0.0152339535
0.07028666
0.035952177
-0.07372518
-0.06302682
-0.029148603
-0.05881318
0.07852008
-0.050174206
0.051977575
0.0198487
-0.023632664
0.013416721
0.09822274
0.060384795
-0.103294335
0.0032429988
-0.17516899
0.093195796
0.07847677
0.074212916
-0.11154845
-0.07993686
0.07708954
-0.046934646
-0.15236565
0.005749096
-0.044850163
0.104429394
0.014441107
-0.055117626
-0.12627456
0.042399906
-0.09714029
0.045879908
-0.05599559
0.017339494
-0.14389792
-0.12666789
0.13477245
0.16734782
0.009052996
-0.09553049
-0.06199798
-0.0118847415
0.019490942
0.065444134
-0.096594036
0.081116065
0.07147096
-0.009742828
-0.003499204
-0.047273062
0.094314456
0.2278486
0.10771287
0.029475225
-0.058493465
0.082830355
0.05877811
0.09919915
-0.094556876
0.074179456
0.040920354
0.11027424
-0.04756636
0.11261563
-0.16684222
-0.044715654
0.07257489
-0.15555415
0.03598969
-0.10078097
-0.051429812
-0.026156401
0.011096932
-0.04461386
0.07913713
-0.0118846325
0.046102654
0.16664584
0.013483107
0.06901074
-0.12188367
-0.048918046
0.12615907
0.11465069
0.04760236
-0.02269014
0.11717032
-0.21751645
-0.14505093
0.08502813
0.046197068
0.07853743
-0.14592855
-0.2601909
-0.10734572
0.023570718
-0.053104132
-0.011439717
0.06640907
0.11132397
-0.038790576
-0.04160666
0.03648988
0.06416838
-0.06331421
-0.10564125
-0.078784905
-0.043300953
0.03120709
-0.03183595
-0.034524873
0.0051503405
-0.12372463
-0.0542387
-0.10840764
0.05520151
-0.040583253
0.0069012213
0.10421318
0.11999378
0.033050057
0.083562806
0.10767739
-0.024737505
-0.12709808
-0.116709076
0.044191256
0.05023183
0.14269887
-0.0155276675
0.15077084
0.059355605
0.011390836
-0.10927027
-0.100216046
0.09653741
0.1125211
0.08177631
0.009762042
0.10414608
0.041500796
0.060859524
-0.14181618
0.02439785
0.13295202
0.11518807
0.0668304
0.089660905
-0.065601274
-0.09430328
0.08567777
-0.11650165
0.12708077
0.06671122
-0.11014356
0.10429934
0.08892753
0.03766894
0.053680263
-0.072136454
0.03644883
0.06945468
-0.042282995
0.12396489
-0.071433894
-0.06388751
-0.09190314
-0.057566542
0.123392895
0.06724955
-0.046582345
-0.022703288
0.01797867
0.005604172
0.07171993
-0.002293747
0.041253235
0.12449429
-0.076825745
-0.04682611
0.08596149
0.049033288
0.003990861
0.13236967
-0.005158144
0.050344776
-0.015721
-0.011540291
0.00041940736
-0.004839261
-0.08759697
0.004679117
-0.09577814
0.090941794
0.05263692
0.048547555
0.07802583
-0.08624953
-0.039116424
-0.02081806
0.11067855
-0.06261659
0.09862998
-0.0902234
-0.08061171
-0.05215032
0.017517544
0.098653354
-0.08615669
-0.004988996
0.04312159
0.21614222
0.03556648
0.108180314
-0.014560622
0.034093436
-0.017992893
0.065723404
0.03406853
-0.047513075
-0.098604195
0.005502665
0.021530766
-0.07327218
0.049366463
0.09581845
0.013709385
-0.04372793
0.002366246
0.06313332
0.011577803
-0.04083575
-0.04508279
-0.010147204
0.053382672
0.017841354
-0.16010119
-0.019879244
0.1612877
-0.108201586
-0.07932255
-0.10398718
-0.04762339
0.078531265
0.1213393
0.07492548
0.041729257
-0.08549479
0.057135783
-0.018945923
0.07262127
-0.065320075
0.0848163
0.06355139
0.12988013
0.022008007
-0.09136226
-0.07626456
-0.08685385
0.037800964
0.034293413
0.10906682
-0.030756919
-0.08974677
0.040366296
0.09186489
0.11930189
-0.052729044
-0.007815093
-0.03840825
-0.053141512
0.1302515
-0.04992171
0.0005168575
0.047854897
-0.07424122
0.051730435
0.028974684
-0.12957451
-0.08550846
0.0054953406
0.07927886
0.109529726
0.065222986
0.084509
-0.025835188
0.10451731
-0.13148873
0.052373398
0.04358334
-0.011818014
0.07018716
-0.049687322
-0.028923701
0.066184185
0.089189105
0.016555617
0.11401413
-0.041359745
0.10493388
-0.09886516
0.026858084
0.059285253
0.02784898
-0.012418417
-0.043363906
-0.067230836
0.032837708
0.12502605
0.09185982
0.12121049
0.03592639
0.11544971
0.12818146
0.017045328
-0.010743321
-0.093799785
0.09681621
0.07363892
0.0839331
0.012793651
0.037984837
0.10496869
-0.0975687
0.067832544
0.01750612
-0.04720638
0.06022414
-0.028315984
-0.07822817
-0.08246603
0.009205708
0.025060732
0.11958382
-0.07877593
-0.03347111
0.103634045
-0.0077587087
0.13655756
0.06336996
0.0989717
0.059818685
-0.0781089
-0.057327013
0.045042593
-0.07557236
0.111795984
-0.012485717
0.11851608
0.08042555
-0.08841991
-0.042199172
-0.084754914
0.035489336
0.13537452
0.11752724
-0.06303134
0.16010441
-0.08128021
0.12538308
0.036935907
-0.1097214
-0.057738498
0.11113063
0.1676491
-0.14893919
0.06101338
0.01882486
0.0016595954
0.06806323
-0.08537283
-0.024227934
-0.06871173
0.056651648
-0.00011510276
0.03582447
-0.09320255
-0.09416515
-0.022793878
0.027761817
0.076102346
0.0010345131
0.009821296
0.02175012
0.03631331
0.11611331
-0.0041419426
0.08958226
0.112399384
0.012128881
0.0034751683
0.073894784
-0.045778815
-0.01319167
-0.023480816
0.009174321
0.06047406
-0.02532881
-0.008640974
0.03905535
-0.0341769
0.1668689
0.1301648
0.08526252
-0.03286948
-0.055982824
-0.04305686
0.109064884
-0.0028634982
0.013800212
-0.032097656
0.018713055
-0.049882077
-0.01663625
0.011509896
0.025291111
0.12790975
0.012243049
-0.0691169
0.028528042
-0.028093547
-0.087354526
-0.016117334
0.09891869
0.031451844
0.096752085
0.016030919
0.020175466
0.08537445
0.057229795
-0.054244194
0.037625607
-0.0330779
-0.046938602
-0.060594987
-0.10373216
0.102335304
-0.042823218
0.067127496
0.006175738
-0.11309487
0.07398645
0.069392756
-0.034525216
-0.020176493
-0.0136806285
-0.05566003
-0.0522076
0.12569109
-0.0028465772
-0.03279821
0.028223036
0.019035162
-0.0040221177
0.17869328
0.08338007
0.14030795
0.0064034634
0.08432838
0.110090986
0.08454106
0.01597306
-0.024099758
-0.016756753
0.019151174
0.10501042
0.06676733
-0.12881954
0.021292208
-0.0072128386
0.023381531
-0.09512903
-0.07739909
0.06611731
0.054185193
-0.07655862
0.052270696
0.12629467
0.031615704
0.012527564
0.021356935
0.040393423
-0.0530232
0.012259506
0.035595223
-0.079629526
0.039307795
0.095553674
0.059903614
-0.08894197
-0.016782872
-0.14867538
-0.010760733
-0.053827226
0.05913439
0.12169956
0.00067914306
0.012591214
0.04194128
0.11567621
-0.04396628
-0.08067359
0.023918157
0.062621295
0.08467203
0.07721787
0.041305136
0.03491137
0.10040051
-0.029490944
0.0812524
-0.079065315
-0.0074012126
0.13494423
0.020589847
-0.104265526
-0.047931194
-0.054004863
0.047289513
0.02730196
0.10093015
0.090888776
-0.09661408
0.10043832
-0.024798844
0.0293344
-0.11804453
0.05212279
0.07653799
0.11440653
-0.009199501
-0.07335822
0.016396804
0.11008742
0.09861393
0.11967693
0.029740226
0.07107851
-0.016719686
-0.038487833
-0.016575472
0.062476616
0.028627263
0.089430846
-0.09819396
0.07260438
-0.09158358
-0.1416528
0.051462814
-0.07321582
0.021367557
-0.042796094
0.06789788
0.10799599
0.059038848
0.024278484
-0.102346994
0.06694863
0.06832137
0.082379244
0.046983905
0.017871987
-0.028918918
-0.003090398
0.095959954
0.07007497
0.13733979
0.08151281
0.04384955
0.14391185
-0.10639243
0.08341454
0.05884944
-0.03140317
-0.09451222
-0.0005267268
0.10027432
0.030941736
-0.09529591
-0.034631014
-0.046707045
0.015060048
-0.08403832
0.08531457
-0.11481434
-0.010781933
0.053936575
-0.047970112
-0.0042979647
-0.080202065
0.081853986
0.061996825
0.06873037
0.07640243
-0.07260283
0.08657999
0.106786326
0.03791831
0.08499735
-0.17093726
0.06597481
-0.026055166
0.07750633
-0.024779273
0.040752362
-0.09935046
-0.024777956
-0.051691473
-0.067548595
0.06442564
0.03182477
-0.008020479
0.11484067
0.13591951
-0.0027033007
0.13153018
0.103752665
-0.025290571
-0.06955957
-0.06459568
0.06585864
-0.21443218
-0.052942585
-0.10552901
0.026267443
0.017943624
0.054753292
-0.07078631
0.08660602
5.996999e-06
0.07922591
-0.017816653
0.0880849
0.042266577
-0.06210073
0.0976782
0.069412835
-0.034730323
-0.035846412
-0.028186714
0.019166088
0.0057587745
-0.086167015
-0.069149636
-0.018523583
0.046856232
-0.05654245
-0.023454979
0.004686584
0.12597899
0.05109102
-0.02253952
-0.0826208
0.06883477
0.0706768
-0.09507507
-0.010631437
0.038463026
0.12425177
-0.081615955
-0.01677205
-0.06822799
0.064176254
-0.023794824
-0.003878046
-0.0534577
0.08989975
0.05825522
-0.1329983
-0.020664444
0.09325309
-0.010508637
-0.13081281
-0.08435877
0.1170201
0.022197591
-0.025805712
0.050175294
-0.07028229
0.13911963
-0.038420312
0.114788264
0.11484083
0.11821437
-0.13091817
0.011452471
-0.023862924
-0.12613653
-0.14142948
-0.008043397
-0.04470124
0.031269584
-0.041366346
0.109367214
-0.03291906
0.08368576
-0.06542854
-0.10363018
-0.019521536
0.044363443
0.011804533
0.13003564
0.1543238
0.028049404
0.1598082
-0.00201857
0.1762691
-0.04631839
0.021868728
-0.11403565
0.15140563
-0.026910633
-0.021637678
0.032153852
-0.014120189
-0.0018797568
0.10039282
0.086681254
-0.020283056
-0.020078732
0.04974537
-0.04163269
-0.11105287
-0.04425283
0.15531307
0.06926274
-0.06381967
-0.0090173315
0.09043251
0.0486328
-0.055879936
0.18644449
0.014897258
-0.02336124
0.047140215
0.10350503
0.09114036
0.02067189
0.008064406
-0.026035802
0.044871006
-0.12408353
-0.2808887
0.10958241
0.12613003
0.04257114
-0.1476617
-0.056328673
0.061226007
-0.14401636
0.09406075
-0.1986349
0.010792001
0.18570891
-0.061522763
-0.032583795
0.013483912
0.0011630373
0.21886824
-0.024862362
0.1182329
0.0652507
-0.019959116
0.16887203
-0.09055577
0.0033378082
-0.10283026
-0.1534791
-0.13936466
-0.024079828
-0.11071351
0.11028725
0.042941008
0.09740318
-0.06975507
-0.09900096
0.11876689
0.055438675
0.025706597
0.06677051
-0.016484799
-0.024923436
-0.10401835
-0.014893123
-0.1361025
0.1061924
0.06393804
-0.085615724
-0.07404797
-0.07618763
-0.074725844
-0.020091126
0.07226098
0.08075193
-0.030321797
0.08852884
-0.026048426
-0.06699677
-0.029381912
0.048324205
0.021373197
0.027818302
-0.1367757
0.13564472
0.06312378
0.02442333
0.0130510945
0.2207562
0.036039893
-0.04186067
-0.07690243
0.08206186
-0.041710816
-0.01726348
-0.026726808
0.00580802
-0.15189786
-0.003382347
0.020969551
0.059097815
0.00371063
-0.11138302
0.019680312
-0.100466415
-0.056035116
-0.11256965
0.058660835
0.046359845
0.03321104
0.033168327
-0.1630001
-0.061719906
-0.029679952
0.061441965
0.1271182
-0.10157549
0.05046535
-0.036359318
0.1602781
0.09791097
-0.06503749
-0.008560475
0.049952988
0.018431572
-0.007852095
-0.014349326
0.12085758
-0.092563376
-0.026948437
0.17962265
0.10939299
0.0061404146
-0.0518656
0.0027242606
0.14870898
-0.025665661
0.0622693
0.14943005
-0.013516089
0.15425065
0.02348413
0.06742612
0.13167822
-0.005326115
0.011787954
0.098888114
-0.024728155
-0.04069133
-0.052487582
-0.035970096
0.015190205
0.05274104
-0.061144307
0.12810183
0.06966135
-0.069651864
0.032937538
-0.28927717
-0.022816364
0.0814818
0.07725544
0.056452096
0.12148919
0.12849085
0.033370733
0.015295631
-0.14776401
0.013825145
-0.010247893
-0.040876854
0.016126635
-0.057203848
-0.18676381
-0.11186607
-0.037101716
0.13298802
0.07047289
-0.08675916
0.00021242622
-0.12956683
0.045624137
-0.06695076
-0.1975927
-0.031720422
0.32044706
-0.036453635
0.21509513
0.090597324
0.1426635
-0.05985028
-0.21448648
-0.011719532
-0.10084762
0.18315463
-0.03082505
0.0047655124
0.055874877
0.16509897
0.22151883
0.05829488
0.03136659
0.12654658
0.042839397
-0.11896672
0.22560395
0.03397291
0.09320855
0.13139893
-0.021681964
0.003212596
0.02101047
0.2238234
0.07606032
-0.10160328
0.046192102
0.37411356
0.08388908
0.021717682
-0.12988679
-0.21805081
-0.115526736
0.18841429
-0.20370378
0.09713711
-0.06654385
-0.05465669
-0.03425756
-0.16631639
0.099177614
0.17556968
-0.1302179
-0.13042709
-0.025832402
-0.058460917
0.1844616
0.22470875
-0.0065825414
-0.2687202
0.0077325995
0.098082155
0.25889722
0.0749632
-0.12511869
-0.1972721
0.0028127923
0.12466371
0.17530124
-0.060237516
0.12463308
0.029088281
-0.010299026
0.12059956
-0.0008979932
-0.095656104
-0.0119300885
-0.15631017
0.36709607
-0.030717228
0.32975137
0.16692778
0.08826567
0.0049934653
0.061672866
-0.05347135
-0.03032421
-0.026521156
0.12606533
-0.01677407
-0.0639462
-0.2362235
-0.11168913
0.046207335
-0.14285675
-0.051504392
-0.022713311
-0.10571449
0.19841631
-0.046474468
0.1756694
-0.16334258
-0.19672705
-0.027300822
-0.22102828
-0.019660307
0.09536048
-0.03602539
0.13109677
0.038308557
-0.09378828
-0.095500536
-0.01377274
-0.118321106
-0.023208145
0.07886502
-0.15013508
-0.26357624
-0.19827443
-0.109000236
-0.3033333
0.061941873
0.034083195
0.111717515
-0.043625932
-0.27063334
-0.03257233
-0.05508863
0.059779577
-0.11383912
-0.07235575
-0.055974167
0.01628237
-0.04541988
0.073721826
-0.024556156
-0.07940705
0.1596106
-0.071953446
-0.033808935
-0.047886822
0.047237996
-0.049811162
0.13566981
-0.087619334
0.10194159
0.10952022
0.14670548
0.06390815
-0.06012066
-0.055682432
-0.11136733
0.12862264
-0.015601939
0.07009829
-0.1695067
0.016101578
-0.12969726
-0.22365712
0.0027265106
0.011992563
0.13815199
-0.02517235
0.15947844
-0.2789558
-0.0057039624
0.18321384
0.10909955
0.0018202324
0.026943734
0.07443578
0.07388483
-0.007934315
-0.16592826
-0.05698461
0.13410692
0.001459078
0.1541556
-0.09055497
-0.14915182
-0.11444747
0.08787219
-0.0048073456
0.041716978
-0.008101703
-0.02720943
0.021244027
0.028273828
-0.13247615
0.03371992
-0.08474241
0.10960015
0.13778484
0.09671204
0.22603062
-0.1021259
-0.07162489
-0.061736554
-0.08931633
-0.12117685
-0.048604682
-0.0648594
0.05387045
0.04369728
-0.0319441
0.10458553
-0.11994584
-0.075940885
0.13195819
-0.010910051
-0.07314536
-0.042172886
-0.04956443
0.009647959
-0.016695224
0.16662702
-0.18665086
0.16274233
0.026911814
-0.048761945
0.11801827
-0.10209569
0.01208782
0.13413917
-0.0058257696
-0.05291228
-0.058315966
0.04037034
-0.10743478
0.030402448
-0.021183718
0.016049637
0.0074739507
0.18287948
-0.15494777
-0.10298516
0.119127735
-0.1341337
-0.06699497
0.07478304
-0.028832395
-0.04435166
0.05686073
0.01839107
-0.009618232
-0.029249175
0.13860433
-0.050457813
-0.04459678
0.019458983
-0.040807456
-0.016301416
-0.025014745
-0.10881915
-0.08934244
-0.15998329
-0.15092798
0.13638659
-0.040752314
0.09211321
-0.009334676
0.060298596
-0.07238846
0.04257506
-0.05124906
0.13149904
0.0039023291
0.06236386
-0.046334375
-0.009826012
0.21035165
0.07798614
0.046228368
-0.08591935
0.25126946
-0.14874893
0.14670688
0.25670803
0.0867393
-0.23602052
0.08639496
-0.049082052
0.06520934
-0.08243628
0.10732623
0.22586614
0.031116243
0.035256803
0.0080930935
0.09261832
0.26034614
-0.047303572
-0.009592406
0.128719
-0.27281114
0.17530952
0.009570283
0.095381014
-0.2174083
-0.051191676
0.11994063
0.19878118
-0.17284842
0.08795282
-0.079882346
0.0675013
-0.15509652
0.16097552
-0.06477808
0.08210063
0.044017687
-0.13308209
-0.07504302
-0.08546999
0.058049265
-0.042151857
0.04681606
-0.09280856
0.11705559
0.07114545
0.24276005
-0.07739999
0.023760285
0.062457208
0.26404622
0.0031191206
0.15834247
-0.18852982
0.102369815
-0.10552239
-0.03366582
0.03888249
-0.133566
-0.0656226
0.18754083
0.12382317
0.11441178
0.0483996
0.0051389546
0.047905065
0.11180278
0.067901425
-0.23600216
0.23144147
0.02728023
0.16190258
-0.054470796
-0.106060624
0.083725244
0.003421769
-0.049342737
0.3044691
-0.18621123
0.042894308
-0.27214128
-0.2575468
0.07523343
0.050006688
-0.061618812
-0.0797976
0.015833966
-0.05804
0.07881878
-0.20947415
0.014768563
-0.059624385
0.027590033
-0.058161106
0.07944043
-0.1772559
0.0019820565
-0.058594882
-0.09352534
0.012032149
0.078712955
0.23780763
0.18670155
-0.0033046422
0.104291484
-0.008402272
-0.17314681
0.041910466
-0.070807025
-0.048149087
-0.2958764
0.10904113
0.07652899
-0.0032684647
-0.052095316
-0.02369204
-0.01785765
0.080779344
0.018744236
0.1103525
-0.064078405
0.07360381
-0.023864716
-0.08275057
0.0076706805
-0.032394323
-0.058193576
-0.0057816557
-0.1365546
0.06252364
-0.04572014
0.113940105
0.051036626
0.024101786
0.12267811
0.114363536
0.15259108
-0.026473343
0.020181092
0.063061535
-0.085822284
0.07276311
0.08649777
0.029873868
0.06584519
0.1101622
-0.117784806
0.009882464
0.06499312
0.11884012
0.035550684
0.11344172
-0.13484721
0.01789608
0.083533384
-0.05043859
-0.07998516
0.04603237
0.0702373
-0.01030584
0.12415156
0.057668872
-0.12180129
0.070453376
0.08944897
-0.11001273
-0.07821445
0.120383225
0.017521596
0.027381316
0.07633345
-0.07533932
-0.028692083
0.021112768
-0.002399651
0.020285062
-0.018539885
-0.04769057
-0.057355043
-0.021421466
0.0477593
-0.19633244
0.049988482
-0.09480306
-0.060369752
-0.034491625
0.037437983
0.12484235
-0.013863019
0.026175102
-0.057094462
0.01392703
-0.030532148
-0.09838951
-0.11866914
-0.023409897
-0.056500316
0.011098716
0.07125445
0.1057474
0.016159834
0.039243948
-0.024893519
-0.03153765
-0.03293977
0.08743612
0.10651496
0.07585766
0.07719136
0.024301166
-0.07548869
-0.09009958
0.09351883
0.026257392
0.011155192
0.08070698
0.061259836
-0.11974482
0.06869238
0.045169342
-0.082171045
-0.11115484
-0.037727054
-0.05897384
0.107531995
0.066917665
0.09048745
0.08529462
-0.07913521
0.08188852
0.06533275
0.04259469
0.0009948575
0.0029006463
-0.017203258
-0.007839948
-0.06792182
-0.056418654
0.04827261
0.10240247
0.08383938
-0.06683511
-0.05155184
-0.079511374
-0.04104438
0.040833265
0.0595946
-0.1266018
0.015046619
-0.069051124
0.06759709
0.050863076
-0.01046865
0.041856363
0.080370404
-0.10121805
0.11848451
0.11615801
0.030334326
-0.05202407
0.109066784
-0.041883443
-0.00854703
0.08639295
-0.007144097
0.038677942
-0.028555578
-0.041635852
-0.0719253
-0.016369788
0.08231451
-0.106743984
-0.11576126
-0.090398096
-0.037804563
-0.14734234
-0.0751795
-0.115098335
0.09951374
-0.07853821
-0.068054825
0.01810603
0.07931432
-0.13410786
0.037136335
-0.09306563
0.10942634
-0.07839635
0.050372485
-0.061798334
0.077692285
-0.05480166
0.09895252
0.018530903
-0.005923525
0.11549328
-0.07794861
0.13736385
-0.027740499
-0.081902534
-0.035837624
-0.054811697
-0.04847924
0.01582604
-0.023849925
-0.063808806
-0.023001501
-0.03662488
0.04147081
-0.100920856
0.0683697
0.062106103
0.05054968
-0.07492245
-0.07800981
0.04222493
0.06027159
0.06798816
-0.090171084
-0.02754486
0.074607365
-0.043243524
-0.10176118
0.05779089
0.08014733
0.023525646
0.10173792
-0.035685636
0.05010659
0.00067638344
-0.10793705
0.021413874
-0.08138833
-0.018294744
-0.025598178
0.13925561
0.1175653
-0.06191616
-0.13371764
-0.11466198
-0.044902973
-0.086946584
0.087709576
-0.045217115
0.015370363
-0.03740101
-0.09393159
0.06816017
-0.09155992
0.15397651
-0.023463337
0.00031013068
-0.083142415
0.08532276
0.096428476
0.111908376
0.09822953
-0.04885835
-0.009187549
0.11330915
0.09432221
-0.069961764
0.13862945
-0.09013079
0.1209083
-0.038655687
-0.04136065
0.07304954
-0.11643613
0.021881048
-0.07564509
-0.023075541
-0.03898152
-0.03685987
0.07101256
-0.041739125
-0.01965544
-0.058723662
-0.07789054
0.022329345
-0.065567814
-0.109042965
0.012083981
-0.10390475
0.098338276
-0.01576168
0.059597645
-0.021203335
-0.033218034
-0.040039428
0.011893547
-0.06634919
0.0873619
0.006352884
0.16342674
-0.09536465
-0.03585299
-0.037402183
-0.14023307
0.08633511
-0.041541412
-0.022988006
-0.106366016
0.014094466
0.044357486
-0.09337591
-0.0769667
0.005457811
0.0919272
-0.1146689
0.07404114
0.103703134
-0.065511934
-0.002341523
0.12268345
-0.0140976515
-0.006832004
-0.08592284
0.031080434
0.025783261
-0.07387078
0.08929154
-0.10955153
-0.07651692
0.11376409
0.06430642
0.13668093
0.016572855
-0.039248925
0.067097425
0.054843172
-0.046364296
0.029513836
-0.049393315
0.070180476
0.0980297
0.16961367
-0.044079743
-0.057847198
0.13630958
-0.08391524
0.06054944
0.063837044
0.07476552
-0.026327785
0.009765708
-0.029620232
-0.041606035
-0.15963799
0.08256285
-0.14115879
0.14895079
-0.10426155
0.14262043
0.12895705
-0.10795263
0.0042556524
-0.06960301
0.051841695
-0.10749875
-0.042508487
-0.048722267
0.049577426
0.12792817
-0.073076226
0.08865422
0.1421664
0.06674842
-0.041258436
-0.0810251
0.06429101
-0.11646558
0.09342822
-0.07647514
0.017570356
-0.038683638
0.0029298693
0.0051774597
0.112879634
-0.03491288
0.029238759
0.044701397
0.027639037
0.039723344
-0.04841843
0.035613928
0.051040087
0.06512813
0.057992637
0.11476303
-0.023240732
-0.13370362
-0.121322304
0.019650405
0.009431622
-0.09261342
-0.012170429
0.012349877
-0.08207724
-0.03095191
0.06418703
0.08449233
0.08937638
-0.15682639
-0.0017658119
0.1415331
0.072266646
0.05284821
-0.018954853
0.051129773
0.09648541
-0.0067531494
-0.014144923
0.10222093
-0.06102813
0.14072344
0.00034043097
0.09863838
0.045253046
0.12790264
-0.10461757
-0.08517954
-0.0752929
0.093723856
-0.046766732
0.0469817
-0.045015655
-0.10305283
0.032507636
-0.009263077
0.066185385
-0.075405374
0.06029093
-0.098704815
-0.061848458
-0.039700832
0.0025706994
0.07349225
0.069528095
-0.042793524
0.09445522
-0.11604987
-0.039790586
0.11813878
-0.07461795
-0.08716126
0.11102656
-0.011734853
-0.0036213202
0.006559315
0.072671205
0.044341683
0.10112329
0.014356929
-0.09286519
0.058968298
0.019520575
0.044919893
0.101253785
0.09317216
-0.017477708
-0.02404292
-0.096448004
-0.07976529
-0.081380166
-0.0031179662
0.026466569
-0.122656725
0.12540306
0.0058096056
0.12074589
0.14326428
-0.075825654
-0.023743039
0.024518523
-0.07662087
-0.008420401
-0.08645477
-0.012038093
-0.0014782995
0.0707543
-0.010838654
-0.052537523
0.10099119
-0.12693605
-0.031987943
0.06953914
0.008841784
-0.08614468
0.09459181
-0.067840755
0.15924123
-0.03181925
-0.079998225
-0.11641335
-0.02309688
-0.06725032
-0.065999545
-0.052554894
0.09855609
0.020844584
0.06375403
0.098169476
-0.040994804
-0.07928625
-0.010841612
-0.0004311967
0.018579146
-0.03801054
0.11454483
-0.009975515
-0.0077060875
0.017029501
-0.101562895
-0.02954097
-0.025382474
-0.1183274
-0.026490135
-0.021477062
-0.024582496
-0.03255918
0.054827772
-0.011031047
-0.05270446
0.04675137
-0.077897035
0.05754237
0.025245368
-0.07009886
-0.09859324
-0.030648705
-0.14311968
0.10055143
0.10797302
0.17333853
0.019984696
0.114449106
0.020798419
0.03859507
0.09904894
0.028630074
-0.06658294
0.15507005
0.026784925
-0.13722195
-0.1443076
0.0592248
0.13123424
-0.08367177
-0.107392296
0.06308164
0.07987965
-0.003199245
-0.00024527422
-0.037794072
-0.13057548
0.089984655
-0.17396279
0.1492252
-0.0996639
-0.06647816
0.10976494
0.03788394
0.114365906
-0.051690392
0.00609513
-0.03207059
0.0076790927
0.051142562
0.07755086
-0.1462332
0.15490912
0.06621219
0.14273956
0.039639764
0.052323993
-0.030564923
0.010577694
0.027762556
0.012059914
0.07589196
0.15427157
0.14172807
-0.06385462
0.06648399
-0.03390692
0.08016354
0.005241532
0.053731915
0.09078037
0.16860147
-0.02228425
-0.06492433
-0.23930284
-0.07732045
0.044686086
0.10532736
0.039475262
0.09451133
0.02162345
0.019746043
0.03883219
0.038215023
-0.10154104
-0.09905816
-0.14129147
0.06418056
0.0011103816
-0.028831879
-0.06532512
0.016841631
0.07478286
-0.0037739382
-0.08392708
0.013054645
0.015846819
0.008535254
0.108296625
0.1306358
0.04425907
0.0030433743
0.018115032
-0.06363709
0.086357325
-0.0022211783
-0.038352005
-0.031080717
0.0013157245
-0.008195024
0.10798344
-0.14734486
-0.14904182
0.05169257
0.11206263
-0.043838535
0.012468841
0.08325338
-0.1235679
0.1081126
-0.07266508
-0.056738
0.059693165
0.095420904
-0.023307826
-0.061555423
-0.06288581
-0.12289045
-0.078013234
-0.04115726
-0.034268886
-0.040548008
0.039832268
-0.16503829
-0.0030246947
-0.10794952
0.010295003
0.021699427
0.06776629
0.008437739
0.03279551
0.08332358
0.10055199
-0.0862583
0.10245059
-0.052070066
0.021734824
0.06469983
0.0021910637
0.028841494
0.020814668
-0.11276574
0.039232586
-0.07503383
0.17742053
-0.108868025
-0.09385649
-0.13455768
-0.050633978
0.06328369
0.103671335
-0.081456065
-0.049385294
0.043955952
0.011582553
0.068862446
-0.056197435
0.10079494
-0.19461505
-0.06901051
0.05308828
-0.019991877
0.16693023
0.024090124
0.023828134
-0.06320992
-0.10620727
-0.036547795
0.09293179
0.103022106
0.060511507
0.05571554
0.060332
-0.045770355
0.011271349
0.09466884
0.006731074
0.053119946
0.03222857
-0.03539658
-0.02952676
0.0719436
0.008365035
-0.1782901
0.1024919
-0.05272654
0.1337161
0.0966654
0.105050795
0.020496882
0.07691112
-0.04083306
-0.05851788
-0.08104567
0.08911407
0.13600218
-0.027568528
-0.045498297
0.028252872
-0.03370963
-0.096696004
0.117202245
-0.00039288527
0.07466292
0.109914765
0.019820224
-0.033334777
0.08609495
-0.09237795
0.108407095
0.05948926
-0.03687772
-0.14478485
-0.11276327
0.05122652
0.021869719
0.08719344
-0.019219939
0.12450878
0.12198575
-0.036376443
-0.10023457
0.09380933
0.1127946
-0.06527773
0.073020324
0.015782744
-0.06900641
-0.09314764
-0.009995312
0.07631742
-0.12039194
-0.110503145
-0.17719562
-0.05410208
0.10661947
0.10514877
0.05670758
-0.09027451
0.09813371
0.033251118
-0.07810165
0.048192747
-0.14698869
0.029574595
0.023527805
0.069599375
0.02655923
0.020133356
0.10772851
-0.04920339
0.035084344
-0.12681952
-0.022068784
0.056175705
0.15504363
0.051386148
0.3192853
-0.17020723
-0.003636251
-0.019325431
-0.21663897
-0.037153006
0.04052568
-0.22306292
0.0037425961
-0.048882693
0.06792547
0.08644282
0.0881398
-0.052184984
-0.09851489
0.18031298
-0.04217232
-0.17743029
-0.031651698
-0.02478216
0.25123855
0.22074243
0.10602606
0.11069663
0.08875298
0.030624319
0.21890597
0.09916376
0.014885851
0.23796114
-0.057740897
-0.18126315
-0.08990454
-0.020551378
0.12054061
0.23512705
-0.22720106
0.047250763
-0.0402773
-0.036273833
-0.05847075
-0.19795011
-0.025130806
-0.047802143
-0.06962575
-0.012827775
-0.15423253
0.15728796
0.12164756
0.022969786
0.017548434
-0.21949214
0.12307848
0.085827574
0.07770612
0.10913787
-0.03730789
0.098012835
-0.29318762
0.07464742
-0.20669474
0.028933948
-0.025153866
0.4348931
-0.11018698
0.08319207
-0.027954187
-0.042926174
0.053491026
0.03102112
-0.020205678
0.032352794
0.22970806
-0.04879844
0.08720279
0.09473386
0.00082598464
-0.0020087208
0.04410343
-0.07962546
0.1724966
-0.031889282
0.10802988
-0.24416116
-0.07760469
0.18232422
0.059351254
-0.18697661
-0.06174907
0.06113327
0.038835764
-0.19256122
0.2012546
-0.06665163
-0.18311965
0.043653376
-0.09233423
0.23570293
0.011753763
-0.13903092
0.11505136
0.31777504
0.0036636852
-0.25690106
-0.101001516
-0.071607746
-0.12523644
0.045372225
-0.09193221
-0.08710309
-0.22052944
0.05856744
-0.11829604
0.2085063
-0.049836323
0.11489072
-0.076558605
-0.12746808
0.0022712506
0.044460606
0.16311651
-0.004226523
0.031353932
-0.2582669
-0.11708942
-0.041677453
0.04719782
0.042243935
-0.12796365
0.08142733
0.119922936
0.15059268
0.049927272
0.0766495
-0.06580736
0.07006295
-0.017833047
0.17930639
0.0076397173
0.0035158307
-0.101515934
-0.009376085
0.067113824
0.024448479
0.08622329
0.116625726
0.025704462
-0.1932678
-0.10892445
-0.004563659
0.022586817
0.041316226
0.121669814
-0.034171287
0.09967643
-0.058817454
-0.1548726
-0.095746696
0.14272337
0.096419014
0.12789746
0.13608699
0.05986715
0.0884009
-0.06387965
-0.10833972
-0.12804884
0.14820868
0.010536748
0.19691314
-0.00019882835
0.052962385
-0.08786972
-0.06608675
0.06769343
-0.1153525
0.053200144
0.07020813
-0.009625014
-0.06041731
-0.019686831
-0.025140591
-0.20102885
-0.043358173
0.059118327
0.23780866
-0.11918163
0.19837105
-0.1287126
-0.080117226
-0.022575455
-0.33531964
-0.109566435
0.023423662
0.0013541757
-0.07004897
-0.11008522
-0.043923374
0.007941541
-0.011119984
0.12453128
0.062190387
-0.202012
0.012500997
0.0052740434
0.07982368
-0.02121666
0.07710033
0.054677047
-0.097679205
-0.1294343
-0.07918428
-0.001783434
-0.025459057
0.061903745
0.0037967807
-0.0025925923
0.13802893
-0.024202112
0.04845766
0.008460824
-0.0054377504
0.011724675
-0.08106548
-0.038976677
0.013720095
0.0010535539
0.05310171
0.19606024
-0.15456608
-0.1754314
0.025143938
-0.10128965
-0.056646008
0.1323613
-0.027686756
0.08162373
-0.068729445
0.002332565
0.09830717
0.14822486
0.15398675
-0.12529291
-0.084611945
0.039278537
-0.045782663
-0.20008649
0.050460394
-0.11991877
-0.04063453
0.024058092
0.02146943
0.17483026
0.043129116
-0.04108274
0.053242866
-0.06357632
0.06465233
0.030617312
-0.047383696
0.16997363
-0.09346384
0.24931866
-0.07316768
0.017675035
-0.06725405
0.082847185
-0.111187674
-0.007201889
0.18832521
0.120793775
-0.08732256
0.022819923
0.09182599
-0.01591803
-0.034634788
-0.07002571
0.08985397
0.009432641
0.009794337
0.10517473
0.10844398
0.13929543
0.0054444997
-0.035875343
0.071409605
-0.019467447
0.035595037
0.02664833
0.1594096
0.08397158
0.12682612
0.049640212
0.12768404
0.020682696
0.17302164
0.037030667
0.09971669
0.052304983
0.13118039
-0.043694444
-0.075561166
0.058187842
-0.14042923
0.034287747
-0.09185871
-0.12148273
0.19313069
0.026023846
0.022010047
-0.08079221
0.020593679
0.019619249
-0.012204399
-0.038023345
-0.01573919
-0.040135723
-0.04768448
-0.064237855
-0.17443518
0.09428284
0.13389778
0.00832605
-0.06592496
0.010541163
-0.06162564
0.047004253
0.02584818
-0.013839169
0.045038853
-0.10574152
0.05265265
-0.09864182
0.06649883
0.038617425
-0.092907384
-0.024996005
0.06571431
-0.014639492
0.05449227
-0.005235295
0.08270782
0.038071286
0.17981374
-0.105480045
0.16180263
0.058873374
0.07932594
-0.04038731
-0.043029606
-0.12065449
-0.08306481
-0.015088683
-0.10361094
0.06819655
0.08039993
0.19881739
0.06661807
-0.1382175
0.093250036
-0.08787703
-0.07679458
0.08244575
-0.1062566
-0.1334666
-0.116235964
-0.06419629
-0.10423196
0.044004872
-0.07164639
-0.08130904
0.013108004
0.019325742
0.09954268
-0.021703698
0.24676335
0.06259439
0.08738837
-0.09298752
-0.044762652
0.06321876
-0.09290653
-0.08794875
0.06538977
-0.15770292
-0.052154876
-0.12299073
0.13761726
0.115342095
0.11696268
-0.0774879
0.010195653
0.010851659
-0.06589584
-0.12864251
0.08410529
-0.0148193985
0.021988962
-0.07907633
0.021919062
-0.12165643
0.082943775
-0.06305858
0.023109993
0.087638885
0.023825675
0.11919136
0.088624455
-0.010419212
0.094647616
-0.052346148
0.03252453
-0.09235458
-0.11671802
-0.057534434
-0.018371394
0.071938075
-0.06076143
0.081954144
-0.07551389
0.0029352438
0.01627687
-0.107803985
-0.04212498
0.035459448
-0.05349874
0.045948923
-0.03464355
-0.053976256
0.018129561
-0.004128166
-0.02689872
-0.11024871
-0.083531745
-0.06672504
-0.08557595
0.11276725
0.11644111
-0.044399675
0.0704615
0.037234884
0.05570505
0.0884022
-0.0020946723
-0.17325261
-0.07897223
-0.0027652595
-0.094557635
0.09668207
0.056069393
-0.08757887
-0.045962576
0.0027321666
0.0665291
-0.033336833
0.0056716246
-0.002127469
0.08542966
-0.11618311
-0.039320596
-0.038323693
-0.011145095
-0.023835002
0.15452956
0.10252658
0.049977273
-0.037857275
-0.018318633
-0.07849171
0.007612687
-0.008602891
0.05032391
0.108238
0.10121299
-0.10557519
0.15194115
0.004352544
-0.045743894
0.04088067
0.06979365
0.083762236
0.12942572
0.007336884
0.080403686
0.1378541
-0.1310116
-0.066012435
0.16756359
-0.04483867
-0.071340345
0.019190589
0.08711512
0.12864074
0.059381757
0.016326662
-0.038547717
-0.09394191
0.03927627
0.098899685
0.058435477
-0.06443276
-0.08322398
-0.07136767
0.112217106
0.111725576
0.024372134
-0.10080194
-0.022228919
-0.03946041
-0.01904826
-0.027778443
0.004488674
-0.06503022
0.025141247
0.052198768
-0.052739248
0.10720374
-0.06889492
-0.11383282
0.044271447
0.065909736
0.08960421
0.07296433
-0.07265478
-0.12200701
0.08271889
0.037740227
0.071969986
0.045787293
-0.008123553
0.031151667
0.09655847
-0.06977533
-0.101078704
0.09208662
0.14969815
0.05146064
-0.031196417
-0.07330003
0.05917444
0.016602302
0.059832588
0.026044164
0.09254747
-0.01687195
-0.07998683
-0.024874544
-0.09207894
-0.08493552
0.092798956
0.0021823246
0.11206036
0.096006736
-0.07939906
-0.05453802
-0.04574265
0.10611213
-0.06405965
-0.07263157
0.080079846
0.0889322
0.027999207
0.0071708304
0.056020793
-0.012327332
0.021485096
-0.007579407
-0.019424954
0.079460315
0.09475321
-0.05592079
-0.020098994
0.02199965
0.07967395
-0.08375834
-0.098752506
0.071830556
-0.041571088
0.11289528
0.005163168
0.03468307
0.06640882
0.09637864
-0.039752826
-0.0009324091
0.046600606
0.04050295
0.048047025
-0.0065916544
0.037400316
0.095438346
-0.0847758
-0.101076454
-0.082437985
0.02302472
-0.12135431
0.1119636
-0.03571521
0.061548777
0.12135734
-0.0071978252
-0.01290458
0.08999406
-0.03230914
0.0007945721
-0.062583834
-0.037905514
0.069678664
0.045953125
0.052144557
0.016153585
-0.013028707
0.0021340845
-0.079387
-0.08926731
0.09631147
-0.06663904
-0.0857596
-0.13058719
-0.07686059
-0.009430387
0.111811966
0.09663848
-0.03492404
0.10155355
-0.10565661
0.041113023
0.10751691
-0.06696493
0.09277229
0.08454207
0.13087928
-0.065875165
0.005512838
-0.05580762
-0.106279254
0.15206093
-0.013907025
0.07168777
0.053657103
-0.0016363148
0.09051079
-0.04004295
-0.08642809
-0.021685112
0.09951418
-0.08681375
-0.02526401
0.005927933
-0.0987117
0.12212016
-0.08089541
-0.026041245
0.08879524
0.0031508743
-0.050587922
0.13530281
0.07687652
0.03586173
0.050416492
-0.008778448
0.1567394
0.06725343
0.11778098
-0.014298316
0.025102023
0.022606742
-0.030284155
0.057256036
-0.041283313
0.011904644
-0.07621963
-0.09743213
0.09859488
0.0054243337
-0.11041723
-0.054986004
-0.08013042
-0.10908113
-0.09685008
0.092746094
-0.12249365
-0.08642855
-0.09952161
0.08649072
-0.020329071
-0.012040234
-0.10818156
0.021547034
-0.096736856
-0.0054504257
0.09950633
-0.036121834
0.035461824
0.036070317
0.11981439
0.052503955
0.06775308
0.021283777
0.109080575
0.094447054
-0.06883257
-0.0130427405
-0.03854136
0.055211876
0.011247937
-0.0042430586
0.10350827
-0.03229097
-0.0050115343
0.093880534
0.13661397
-0.009044797
-0.1727384
0.047670413
-0.06133185
0.02572922
-0.019123206
0.06502435
-0.024847303
-0.0131888585
-0.011108349
0.1261025
-0.0007635108
0.033805486
0.038606696
0.114307575
0.07433589
0.012609977
-0.038449004
0.07135447
0.027748581
0.04392935
-0.09228537
0.069840126
0.02908982
-0.029113706
-0.10120362
-0.065333486
0.07111421
0.06728635
0.09327227
-0.057359528
0.012988513
0.030631157
0.037398294
0.06637296
0.053202543
-0.047192268
0.015844384
-0.047798075
-0.04653168
-0.063865
-0.03008972
0.033709593
-0.08415003
0.00993103
-0.104264
0.053212706
-0.039573688
0.07193041
-0.08230978
-0.114999205
0.033060085
0.18349919
0.1152665
0.060088318
0.14810622
-0.016755888
-0.08144688
0.038863827
-0.021870036
0.011702624
0.13342255
-0.016102731
0.14320889
-0.11259093
-0.18549968
-0.06996274
0.08324702
0.018760847
0.089086965
0.07994193
0.049213246
0.016167907
0.10486209
-0.07614946
-0.09770524
-0.031224577
-0.046446726
0.015496738
0.09188112
-0.0019108324
-0.19283648
-0.03158643
-0.15200026
-0.007330269
-0.13226397
0.006578801
-0.16556178
-0.088880286
0.10777841
0.026120925
-0.039237227
-0.031933192
0.17414992
-0.11896599
-0.01680741
-0.07250172
0.04341123
0.088713884
0.092037834
-0.1162488
0.07715296
0.14447728
0.11849185
-0.050708845
0.00046691205
-0.16445427
0.017337615
-0.03073636
-0.070445776
-0.102446385
-0.13305041
0.09169165
-0.09371528
0.027549366
-0.039183933
-0.026313575
-0.11729106
-0.072006024
0.08492064
-0.009260172
-0.037472565
-0.018219495
0.10759525
0.076940775
-0.05441502
0.065026335
-0.03022001
0.08080451
-0.03913647
-0.07583048
0.027858224
0.016988553
-0.043020956
0.12561563
0.12757124
0.0595415
-0.0210807
0.056975245
-0.06598536
0.086532205
-0.105899744
-0.058382936
0.046706066
0.11999545
0.12093657
0.0058525587
0.1433374
-0.19037752
0.09471472
-0.04115134
0.17625588
-0.017317917
0.10010073
0.13302429
-0.016597053
-0.044086013
0.096118726
0.017956914
0.056812312
-0.074131675
0.048840865
0.0926038
0.09624219
0.12290397
-0.0382018
-0.05325964
-0.13309954
0.08362438
-0.02649766
0.026800955
0.0335469
-0.03115875
0.14344451
-0.016435705
-0.08912807
-0.08824266
0.095312834
0.03161253
0.11717885
0.12902202
-0.08029232
0.064954914
-0.08267925
0.0065320237
0.019459885
0.0741452
0.115118794
0.10587155
0.08950531
0.027884247
0.1352633
-0.09217096
0.109371595
0.13874748
0.054517925
-0.01523843
0.11470202
-0.04293109
-0.12991169
-0.14133985
0.16215003
0.14664586
-0.07032469
0.011194655
-0.20509145
-0.035433426
0.15988392
-0.13870108
0.13938613
0.09709587
0.16412678
0.015279676
-0.067635305
-0.061545264
-0.08480773
-0.061587676
-0.050647195
0.106506675
-0.020385763
0.09644594
-0.1414021
-0.10106098
0.012806826
0.09193076
0.16338176
-0.0030659626
-0.014326329
-0.028554657
-0.01883301
-0.032310482
-0.025682533
-0.05842165
0.074532285
-0.014374507
0.022778908
0.16649684
0.013120967
0.010555854
0.21708162
-0.009176549
0.11221443
0.18062851
-0.19247575
0.013500379
0.16752161
-0.043072246
-0.114899606
-0.20547615
-0.08707703
0.056526814
0.18459962
0.00021034862
0.15936004
0.07034877
-0.17359239
-0.10653393
-0.18136577
0.15587482
-0.14630835
0.046397988
0.04991179
-0.09679727
-0.087862566
0.009070592
0.061208054
-0.060094293
0.03472188
-0.08786564
-0.0405048
-0.10548968
-0.090032205
-0.012529056
-0.21239999
0.21767285
-0.0306352
-0.003999416
-0.02989927
-0.0721039
-0.020915817
0.027087454
0.14782915
-0.12173744
-0.014750946
0.04985864
-0.13797408
-0.1373382
0.057704136
-0.11482614
-0.05691024
-0.17838234
0.19311102
0.143944
0.10957521
0.092770256
-0.10834938
0.0012214963
0.050200813
-0.037115112
-0.0563189
-0.06844445
0.14127369
-0.12152277
0.06716299
0.05617935
0.10166768
-0.030531093
-0.049431622
0.045546778
0.04093671
-0.08171155
0.16443917
0.009631838
0.06610479
-0.07601724
0.056736942
0.16909087
-0.015901485
-0.06162724
-0.009905654
-0.013507729
0.036866236
0.060076106
-0.0680841
0.06090312
0.002923963
-0.02196977
-0.1212341
-0.061179794
0.09284794
-0.027987337
-0.12481341
0.04442513
0.033395927
0.09905044
0.025955977
-0.09343208
-0.061552584
0.101311296
-0.023767192
-0.005174416
0.05859921
-0.027582457
-0.052598543
-0.04698398
0.007592135
0.040336985
0.12590946
0.18057631
0.09529254
-0.083871335
0.09731984
-0.014657734
-0.104101524
-0.05308257
0.06689893
0.07612003
-0.02123741
0.09938906
-0.08916198
0.05441873
0.07112887
-0.10871068
-0.05777341
-0.17262726
0.07146328
0.24607319
0.06928181
0.121166945
0.058523133
0.027158065
-0.28453198
-0.091400385
-0.08407426
0.0057101906
0.096202925
-0.08784988
-0.09855721
-0.18265411
0.050683774
0.2659959
-0.0065754694
0.09788054
0.07115044
-0.13032466
-0.13352312
-0.11394921
-0.1737871
-0.23822565
0.12730224
0.010516465
-0.06291422
0.03903627
0.053041812
-0.08471765
0.236018
-0.06066116
0.042920314
0.1735376
0.1843583
-0.09918888
-0.04351645
-0.1061966
-0.0018122704
0.092155784
0.1593219
-0.023884028
0.025036158
0.13218224
-0.13968733
-0.05112892
0.0036592842
-0.08073209
-0.066311546
0.08695878
0.24799772
-0.010793081
0.05522245
-0.20510434
-0.07070651
0.0028684796
-0.0051373434
0.1301213
-0.017881848
0.06333091
-0.0077294456
-0.043679256
0.007771117
-0.040059
-0.08415207
0.070731625
0.13526538
-0.022845404
0.09040553
-0.093415275
-0.034418393
0.1076982
0.04666975
0.05913126
-0.02812114
0.1365709
0.18007119
0.10432996
0.17770395
-0.0014797796
-0.020915313
0.0121017145
0.16220458
-0.04099237
-0.0050796424
0.16732374
0.123739615
0.066005096
0.28386712
0.02561714
0.120187916
0.0019992413
-0.13294032
0.3197149
-0.083686724
-0.0017098837
0.3442962
0.0687623
0.023878621
-0.00140427
0.008497095
-0.096177116
-0.027076207
-0.004635215
0.32561508
0.08771209
-0.11426608
0.035940364
0.057930827
-0.09134596
0.12868084
-0.15804642
-0.106437445
-0.081913374
-0.1954496
-0.109290674
-0.07266282
-0.030309811
0.023694923
-0.16016151
-0.0066852462
0.06336129
-0.041280594
0.1882515
0.15306444
-0.07570413
-0.1418074
0.12933712
-0.034928076
-0.013485978
-0.028900782
-0.033552747
-0.13348612
0.14603795
0.083453774
0.025998434
0.029518394
0.111723065
0.10627335
0.30259934
0.07343416
0.0695017
0.21717177
-0.059477355
0.0030770474
0.28731677
0.002643263
0.10963472
0.02323868
0.13533485
-0.05876296
0.14280874
-0.11812423
0.032974835
-0.120816134
-0.05449018
0.010950264
0.16587894
-0.039163556
-0.15509307
0.074557535
-0.0774445
0.12704779
0.07228723
-0.090915345
-0.009725317
-0.14037956
0.1793354
-0.003989335
-0.09901954
-0.09219163
-0.13030456
-0.040368274
-0.19298439
-0.004822797
0.064197466
0.16309829
0.080639794
-0.08770884
0.01858488
-0.12576054
-0.070506595
0.14609392
-0.061183903
-0.061692264
0.12041371
0.024922045
-0.6335953
-0.086773045
0.05216869
0.00097349694
-0.10308066
-0.1011717
-0.033006284
-0.039450705
-0.03004862
-0.15803061
-0.12665285
0.23609136
0.07129089
0.038016807
-0.16012816
0.12264101
-0.11928196
-0.028645197
0.10756378
-0.016001245
0.19830756
0.13881364
0.073614985
0.22253022
-0.118173055
-0.1240569
0.06548071
-0.09680079
-0.0447873
0.026728997
-0.02456771
-0.0031546433
0.13697721
0.16317704
-0.07662569
0.121370696
0.009289574
0.08219491
-0.10790185
-0.07460204
0.20547324
0.008225483
0.13062257
-0.15072244
-0.08819771
0.019723853
-0.094900765
-0.14981745
0.12540261
-0.033457305
0.012536969
0.0933074
0.03716594
0.16022861
-0.118821554
0.056051545
0.032120567
0.05393177
-0.13488667
-0.00503383
-0.06640147
0.046351377
0.06278575
-0.014278128
0.006015569
-0.0167437
-0.12809114
0.111315206
0.05906237
-0.039493985
-0.17121659
-0.035581928
0.15219453
-0.052137665
0.17555343
-0.2198339
-0.10317926
-0.09975684
0.044159397
-0.00867449
0.18480614
-0.060718756
-0.18142562
-0.24346873
0.004364087
-0.030900441
0.11585894
0.15624994
0.16989829
0.22459278
-0.12767771
0.07259645
-0.016803008
0.30880946
-0.07271824
0.049784668
0.05518794
-0.15019044
-0.09249705
-0.045528855
0.035154626
-0.05678777
0.1025486
-0.04276072
-0.10546477
0.013615329
-0.034419086
0.038740788
-0.14464782
0.056485545
-0.18239878
0.12212864
0.03941934
0.065656
0.011547832
-0.017634261
-0.07092805
0.056548923
0.06771672
-0.022997158
-0.0007396127
0.07446163
0.15426393
-0.071965255
0.08781961
-0.050580665
0.20071216
-0.055750743
0.08755021
-0.0076192887
0.09842974
-0.023568107
-0.022577226
0.07800267
-0.063509926
0.03807481
-0.07301446
0.059072793
-0.11057986
0.0546619
0.122523606
0.14171873
-0.084284
-0.10035567
-0.16274808
0.09881572
-0.13315122
0.06644722
0.09522332
0.063007146
0.15035686
0.09940715
-0.03493106
-0.12896292
0.15115587
-0.17078416
-0.1419773
0.1536601
0.05617596
-0.043946534
0.048088
0.06656089
-0.13390112
0.03951391
0.070910856
0.2550844
-0.04402344
-0.17294936
-0.13650621
-0.12063901
-0.06972939
0.15531047
-0.009377269
0.058754843
-0.18283086
-0.016403554
0.20202546
0.150675
-0.103751525
-0.14784028
0.06460051
0.24603868
-0.093922645
-0.016658897
0.15260758
0.026666299
-0.043678615
0.08629695
0.06723783
0.048578504
0.041014172
0.19947948
-0.19326247
-0.17171739
-0.026926087
0.033448603
0.07274203
0.027173897
0.02190213
-0.16846934
0.32610983
-0.094179735
0.1645143
-0.0485034
0.059592806
-0.004019428
-0.14848255
0.013040025
0.09948532
-0.16743094
-0.032970894
0.02030292
0.030444609
-0.0344332
0.017551525
0.0065028286
0.20026977
-0.06381809
0.005117081
-0.1313235
-0.0628249
-0.09033306
-0.01730697
0.08856767
0.15221322
0.0376442
0.06329969
-0.13626163
0.16764165
0.008673016
0.012006502
0.23758338
-0.018494032
-0.07932351
-0.051570725
-0.06598955
0.07834124
0.018586323
0.09327642
0.15194525
-0.04126189
0.15113063
-0.07643029
-0.015649702
-0.006541832
-0.058555476
-0.051796548
-0.12001538
-0.07820202
-0.123364545
-0.0091340225
0.037954338
0.11236327
0.01992437
0.11736189
0.058996078
0.24461848
0.10823271
-0.25834662
0.017250177
-0.18094395
0.10238954
0.14817035
0.0869567
-0.11028185
-0.012366741
0.2727493
-0.06694368
-0.029061837
-0.077484846
0.06877263
0.0485209
0.06505871
0.1113725
0.09299559
0.06660628
0.022772618
-0.10934182
-0.008962818
0.046389926
-0.013717579
-0.023940885
-0.09042205
0.010173403
0.1255889
-0.07309163
0.059140947
-0.008595874
-0.08949313
0.012343461
0.14239946
0.05011954
0.11748573
0.17801338
-0.038042396
-0.05054877
-0.0022349379
-0.13079901
0.14677155
-0.034272637
0.0037979917
0.117407985
-0.07600018
0.037350405
0.13721037
-0.021231147
-0.008720044
0.013484236
-0.023128303
0.1351141
0.035991985
0.12406321
0.07640585
0.06868849
-0.10168593
-0.054195832
-0.096373685
0.043972675
-0.0041215755
-0.15562457
0.09026583
0.04654833
-0.118357114
-0.02748854
0.09496703
0.09366773
-0.09599074
-0.03973086
0.117004044
-0.0976813
0.028708974
-0.08378945
-0.016022133
0.028998457
0.04328001
-0.03473033
0.011085207
0.099469386
-0.0657742
0.11056138
-0.17453635
-0.020030398
-0.012761957
0.13805631
0.040291015
-0.023717394
0.023373358
-0.12098887
-0.022649728
0.01825981
0.07174554
-0.021577068
0.13257083
0.078684874
-0.13158447
0.04165573
0.019017015
0.15881379
0.06223515
0.19535077
0.0072046714
-0.0790813
-0.11141073
5.9427224e-05
-0.03541533
0.10818079
0.08421426
0.042313088
-0.062389888
0.0062517636
0.13203603
0.042569682
-0.04782245
-0.03400938
-0.12823965
0.17358261
-0.05246335
-0.0033612777
-0.02631135
-0.1334296
-0.055853657
0.0616741
-0.0137194265
-0.01136857
-0.13736364
0.069923684
-0.054085888
-0.007172274
0.054862987
-0.02461559
0.071860865
0.027376827
0.124417655
0.12660016
-0.06871865
-0.021023283
0.1018868
0.072661795
-0.0552055
-0.08354571
0.11448551
-0.011757727
0.089589015
-0.12070729
0.073723815
-0.044709403
0.11630656
0.064837426
0.13625823
-0.07000613
0.051406648
-0.06164398
0.06174709
-0.095935754
0.008136002
0.06169493
-0.079611406
-0.08793714
-0.0032744473
-0.06390424
0.05490993
-0.013483538
0.08055186
-0.07238667
-0.07608902
-0.04437818
0.087717555
0.081501916
-0.0053766035
-0.07043503
-0.02472698
0.052994713
0.017947644
0.020848023
-0.04987843
0.0049587674
0.13417669
-0.038690142
-0.0004294529
0.047348525
0.062499784
-0.080203876
0.096198544
0.08048648
0.007351227
-0.07172412
0.11122447
-0.034675967
0.08729064
-0.050638165
-0.017408911
0.12166735
-0.16249871
0.05905368
-0.09461839
-0.114823796
0.10890256
-0.09069884
-0.015489409
-0.10591439
0.1017317
0.00504149
-0.009462718
0.021719625
0.010250404
-0.08591915
0.071010455
0.12041669
-0.023439042
0.05169606
-0.115222685
0.0027772186
0.019776551
-0.069272056
-0.052883882
0.112429425
-0.14086002
0.01796881
-0.078460716
-0.028967245
0.083109245
0.039948117
0.03257438
0.023029992
0.10356024
0.090558864
-0.024914635
0.0392325
-0.03269646
0.044113632
0.11553694
-0.078164876
-0.093581304
-0.07689288
0.019073581
0.075963825
0.01628357
-0.11829801
0.06064569
-0.040361404
-0.019810269
-0.09861742
0.07787033
-0.06834722
0.020030612
-0.1144066
0.10811667
0.12245564
0.015486839
0.029501993
-0.027694628
-0.025750643
0.0023575725
0.10760595
0.07449644
0.026430767
-0.09502497
0.13395019
-0.041264158
0.019150801
-0.007279579
0.054777734
0.022081614
0.082311966
-0.061557777
0.08154303
0.035586007
-0.10644105
0.04906632
-0.019379212
-0.009093615
-0.09653146
-0.051440604
-0.01197302
-0.02625722
-0.10256978
-0.12390409
-0.11823077
0.037442327
-0.06220784
0.062484503
0.08399788
0.015084021
0.013755439
0.10042613
-0.08402709
-0.097666845
-0.09358821
0.091681115
0.06938904
0.039212782
-0.07755338
0.03446648
-0.09379778
0.06519254
0.119566664
-0.010942162
-0.058166225
-0.054662433
-0.023189671
0.065191574
-0.032655578
0.12688659
-0.0858559
0.12366381
0.030912902
-0.048213206
-0.114224434
-0.05465131
-0.076688446
-0.06369061
0.07052571
0.02321652
-0.05493236
0.103107125
0.008301225
0.11958662
-0.074689865
0.0027160416
-0.029795974
-0.104238376
-0.026597532
0.00430173
-0.031132817
0.11144471
0.173301
0.036813255
-0.013291765
0.13372184
0.061227683
0.009728259
-0.06449087
-0.0031206023
-0.08881871
-0.08274979
-0.06485939
-0.044560425
0.08547453
-0.081748344
0.09389112
0.0701515
-0.07125147
-0.017355952
-0.05302188
-0.10194219
0.07888154
0.14368853
0.08384678
-0.11205706
0.04379674
-0.01075608
0.12133819
0.075573064
-0.03802518
-0.049757138
0.059112236
-0.017512593
0.077325515
0.076161295
0.11768564
-0.08656742
-0.0074938703
0.00018824832
0.041961398
0.036009964
0.050234348
0.11086597
-0.1115531
0.060010158
0.08102698
0.014445785
-0.056036975
-0.01656371
0.08045861
-0.005625409
0.099101305
-0.042099807
0.031598914
0.016730359
0.075326756
0.098598145
0.07476717
0.11044551
0.10638303
0.052302144
-0.051784646
-0.07303114
-0.047060743
0.0074537783
0.0041894345
0.1398287
-0.07951031
-0.013301923
0.030856796
0.11604351
0.00125445
0.020438142
-0.115751415
0.034433547
0.11423644
-0.09301643
0.020904688
0.054955747
-0.11276938
0.05019074
0.08740614
-0.052255318
-0.036191337
-0.044111498
0.0028203197
-0.112663575
0.090737924
0.021986706
0.04603124
-0.057841122
-0.0003153296
-0.057764716
-0.063076004
-0.0422338
-0.028964983
-0.104683965
-0.07367109
0.0052824514
0.14115655
-0.051960833
0.038126294
0.08129003
0.0923826
0.013321173
-0.078171074
0.034079403
-0.031939127
-0.03955681
0.09391984
0.10375579
0.059483167
-0.042152878
0.12789188
-0.038390763
0.05380951
0.10965218
0.03329636
0.09663178
-0.006961119
0.1141189
0.05781333
0.0048288754
-0.11632068
-0.18641043
0.059175264
-0.039373226
0.10434222
-0.0016347459
0.14150192
-0.039575707
0.0070743454
-0.04854661
-0.119983405
-0.08467075
-0.0372916
-0.005929777
0.10416646
0.10254402
0.13742864
-0.0018560691
0.067310005
0.07524421
-0.022149697
0.053995118
0.05325119
0.07609743
-0.019843673
-0.03148769
0.0033130134
0.12917662
0.08383047
0.098772086
-0.048810303
-0.0447894
0.05090943
-0.032199215
-0.1546458
0.050050776
0.017746294
0.12409156
0.028271321
0.11237019
-0.05077655
0.105905086
0.10420274
0.063490525
-0.09483113
0.08155177
0.07437946
0.094748564
0.027443126
-0.06419641
-0.06348569
0.005342857
0.015856573
0.08230298
-0.033968743
0.0016148183
0.11112533
0.009676658
0.10411616
-0.015918769
-0.04340577
-0.09189417
0.0065475893
-0.06861971
-0.06390577
0.021909757
-0.089047275
-0.044653684
-0.074214146
0.12138654
-0.025250932
0.043511033
-0.05124766
0.1279561
-0.038557973
-0.059027877
0.015259464
0.088058256
-0.12773454
0.055035975
-0.0034158728
0.040758032
0.065486066
0.034317773
0.107674725
0.077145785
0.03245832
-0.042261746
-0.09192258
-0.016019592
-0.08307319
0.06547792
0.11400836
0.13191573
0.040072273
0.031096816
0.005196896
-0.10231867
0.16899243
-0.005845208
0.017672008
-0.051155664
-0.09787974
0.051191904
0.0392623
-0.069293685
-0.047694907
-0.059660304
-0.13153376
0.07629397
-0.12777518
0.006751716
-0.08912093
0.032473437
0.07264448
-0.074082285
-0.13569915
-0.007965528
0.13496386
-0.0597595
0.11593818
-0.0039228424
-0.07242353
-0.034128543
-0.055797983
-0.045673903
0.0064001875
0.030413916
0.013349597
-0.06549177
-0.055828225
-0.037480887
-0.029561756
0.07287432
-0.10112566
-0.13786437
-0.15391158
-0.07833395
0.020177647
0.00022082847
-0.003264423
-0.017512644
-0.111459754
-0.073373504
-0.075474896
-0.10426102
-0.053513795
-0.0973699
-0.029295096
0.06308197
0.12035544
0.013554349
0.015235388
-0.10908651
-0.14228363
0.070129305
0.10044846
-0.017201263
-0.010975918
-0.044306777
-0.028539514
-0.02735894
-0.0800721
0.0068116817
-0.035275094
0.117390044
0.16242845
0.01201124
0.041002497
-0.12876323
-0.038408343
0.10541687
-0.063718654
-0.0144719975
0.0783066
0.07709651
0.077610634
0.0486573
0.093735486
0.02293089
-0.036607783
0.04752314
-0.035676256
0.009229809
0.11896662
0.122136846
-0.10204789
0.017586464
-0.043401904
0.12711242
0.12523529
-0.05881471
-0.0941182
0.074449055
0.08035776
0.019792547
0.07555652
0.029248256
0.081521735
0.09708244
-0.09680965
0.044892386
-0.079475954
-0.10515526
-0.08270754
0.06925666
-0.13105887
0.06499099
0.046643853
0.03782218
0.0151713975
-0.060832378
0.13598429
0.055380795
0.07989225
-0.10680558
-0.09414319
0.09401048
0.021184618
-0.032860715
-0.10442224
0.04281808
-0.010988768
-0.034238506
-0.04292631
0.12330133
0.12098718
0.12977377
0.019770805
0.024258623
0.0038582732
0.038524695
0.09973396
0.050681602
-0.099970385
0.038837682
-0.07358232
-0.024674661
0.0007962129
0.06235344
0.08182598
0.01555748
-0.0151145635
0.075336635
-0.067346804
-0.04985145
0.008884182
0.08047085
-0.048480626
0.050752345
-0.017367173
-0.029976375
-0.052833214
0.04372055
-0.02398768
-0.057032175
0.13162807
-0.08495067
0.03675492
-0.12136453
-0.08786178
0.08519814
-0.083281815
0.079988115
-0.0075086616
-0.07551379
-0.07246628
0.04796499
0.089833796
0.022452028
0.096591495
0.100967646
-0.0135209365
0.024484195
-0.051545177
0.09098191
0.123553745
0.036244437
-0.0054178056
0.090842605
0.10854674
-0.12604667
0.10493592
-0.11391775
0.038784973
0.057472438
0.114019185
0.048721563
-0.012030636
0.060344815
0.15565221
0.026407158
-0.02127614
0.104114234
-0.05429473
0.056575105
0.09815402
0.087642126
0.0396081
-0.090640046
0.040295217
0.124317855
0.07247801
0.010536659
0.12309669
-0.06310071
0.014733071
-0.06559619
0.12889847
-0.09219354
0.036666974
0.07020673
-0.035278
0.0401812
0.0033357476
-0.009613005
0.0010200713
0.06568985
0.11886495
0.021326529
0.07764019
0.09798441
-0.0030205739
-0.03932895
0.12914164
0.08497053
-0.06871222
-0.026971933
0.110049516
0.14916122
0.018152267
0.13674511
-0.1692914
0.15740064
0.030708954
0.04634812
0.0060227388
-0.12917113
-0.0021012037
-0.020920508
0.051775523
-0.015060069
0.05710162
-0.020993672
0.04324624
0.124709666
0.0748435
-0.038034026
0.17747983
-0.09155334
-0.036054876
-0.114766784
-0.010123825
-0.16906221
0.094197676
-0.27046156
0.19052477
0.15476179
0.04753288
-0.09433248
-0.046440378
-0.103410535
0.009948098
0.038534686
-0.13947375
0.021586183
-0.005316389
0.03029717
0.048046038
-0.23963271
-0.0038100218
0.040459145
-0.123924285
-0.044536807
0.11722369
0.035530567
0.10697465
0.02002596
-0.0100817755
0.15093033
0.11152434
0.28768048
-0.028019855
-0.060321737
-0.15991935
-0.019619755
0.006760791
0.12341719
0.0019929102
-0.14474458
0.15554886
-0.020941455
0.1417294
0.096219204
0.090224855
-0.0036111323
0.08944614
0.12537846
-0.091146186
0.13593908
0.050416376
-0.08181648
-0.034115963
0.041332297
-0.010137297
0.26079622
0.12630546
0.10444696
-0.04186253
-0.07283295
0.061199665
0.0329524
-0.15297225
-0.09249221
0.05763987
0.030427184
-0.061066266
-0.15357551
-0.020694938
-0.025257418
-0.15378244
0.23835891
0.12482828
0.0347558
0.019453391
0.17503633
-0.08528993
-0.002805155
-0.054531597
0.011179725
-0.011786496
-0.19963211
0.089149214
0.1108248
0.020381756
-0.009198327
-0.12545526
-0.027313268
0.06844402
0.11457811
0.45060253
-0.1452964
-0.10570188
0.071594
0.014790369
0.017224338
-0.056247257
0.006033879
0.04492428
-0.039438207
-0.24173343
0.15498
-0.07447998
-0.06646062
-0.19642568
0.1959785
-0.1294928
0.11656102
-0.0060398704
0.10996159
0.020250965
0.024756119
-0.026572423
0.11763216
-0.11870816
0.09372954
-0.11573881
-0.19923665
-0.0044616987
0.09065873
0.08654811
-0.07034705
-0.03372772
0.020594722
-0.04667851
0.022037998
-0.09065605
-0.057858307
-0.019264283
0.044751182
-0.11623677
-0.051546693
-0.11567938
0.011524776
-0.047255173
-0.016283588
0.12982212
0.028693218
0.08979844
-0.03517346
0.0107777
0.061558664
-0.09786176
0.094662175
0.03029246
-0.08477454
-0.036254212
-0.0012436035
-0.06613962
0.13700521
0.10111777
-0.027609657
0.026975594
0.11246903
-0.022023985
0.029558819
0.06784073
-0.015757736
0.043741986
0.1362057
-0.06703855
0.11887132
0.0011129249
-0.0066389185
0.074847996
-0.10717167
0.06235306
-0.029429767
0.14848244
0.004445862
-0.026623115
0.062823765
0.026568044
0.053769715
0.0555875
-0.07067975
0.05014978
-0.09594737
-0.056060016
-0.03428979
-0.031205809
0.05903178
-0.09614049
0.12985435
-0.03452032
-0.10090286
-0.036290094
-0.12272699
-0.031092463
0.059079237
-0.13122074
-0.033267897
-0.09614533
0.075957194
0.04613623
0.1608502
-0.15520273
0.09413185
-0.16146229
0.13512895
0.07747046
0.0051352656
0.011367518
0.00794723
0.03623442
0.049831383
-0.031893693
0.08337715
0.09338312
0.11839625
0.013985322
0.19676085
0.1545639
-0.09978485
-0.07305939
0.12303908
0.1519907
-0.0077372203
0.1658075
-0.12288365
-0.1288159
0.06858722
0.04105087
-0.114323094
0.042081706
-0.014671912
-0.09356118
0.058193684
0.033176485
-0.05308889
0.03174754
-0.0766348
0.039199
-0.0962661
0.029481681
0.07203924
-0.0955075
0.08350841
-0.022662563
-0.073088475
-0.021470638
-0.13985354
-0.13132711
0.06727588
-0.14519604
-0.032801684
0.038904283
0.055902768
-0.0045564184
0.014638497
0.056503832
0.13486283
-0.057795424
0.012224523
-0.13217518
-0.13501461
0.11300558
-0.031096904
0.08351811
-0.04706129
0.07214103
-0.1121649
-0.04661127
0.10343672
0.15041524
-0.034874354
-0.020399166
-0.02112245
-0.1489378
-0.10679393
0.1092606
0.033457812
0.11037582
0.09098185
0.08904729
0.06355318
-0.012034391
0.13556653
0.046443444
-0.09253342
0.068480395
0.04317645
0.09166397
-0.014640701
0.114065565
-0.0452571
-0.0013381857
-0.06677124
0.10484056
-0.06106095
-0.091441505
-0.036268234
0.068765216
-0.12828583
0.09676324
0.061581686
0.08255067
0.06733204
0.03259107
-0.055595778
0.01502658
0.008016605
-0.109368786
0.107658684
0.11907138
0.052210405
-0.14759876
0.06438923
-0.09158226
0.10342685
0.0883099
-0.041760735
0.06532222
0.059671234
-0.00745573
0.028755702
0.1922865
0.0024088607
-0.086424895
-0.12813422
0.06128339
0.11842549
0.02862022
0.11957545
-0.06785483
-0.11510535
-0.01687299
0.07591896
-0.047286395
-0.048876118
0.031899724
0.13632903
-0.008126199
-0.056748185
-0.086851485
0.11440526
-0.036361855
0.049760614
-0.11797729
0.025865637
0.00588763
0.09659731
0.14878756
0.13449055
-0.0050674384
-0.036262285
0.05736626
-0.020068428
-0.058044422
0.070063055
0.041942813
-0.09415345
-0.0024474987
0.07744451
0.038842935
-0.07481644
0.13229428
-0.12297592
-0.059770092
0.11564489
-0.0077190134
-0.07773679
-0.08744744
0.06302985
-0.012093244
-0.105654225
0.010225258
0.045366157
-0.034523096
-0.045829974
-0.022170134
-0.04043813
-0.020168284
0.021590302
-0.032248605
0.03761224
-0.009860359
0.11149984
0.06970129
0.12980479
0.08481319
0.04316775
0.017893316
0.054310624
0.06844632
0.037983775
-0.023092566
0.019825663
-0.07572643
0.08333643
-0.04346744
-0.048018068
-0.053511154
0.019501768
-0.04651983
-0.045487296
0.036347646
-0.014599592
0.09587673
0.033435088
0.031750165
-0.041870274
-0.07261581
-0.0027786565
-0.07900357
0.061804347
-0.11822102
-0.023285465
0.028038327
-0.012763088
0.12792638
-0.07464481
0.0098001305
0.0018873989
-0.020456411
-0.026257122
0.043219313
0.017098023
0.13135983
-0.079097174
-0.10639527
0.107604064
0.019924263
0.08446346
-0.08046985
-0.012322818
0.0627439
-0.07645583
-0.13679901
-0.07954845
-0.038588002
-0.049780406
0.04167832
0.07763798
0.040746436
0.09369721
-0.06678672
-0.007655766
0.027847992
-0.07706115
-0.10061389
-0.023278456
0.09700093
-0.12025349
0.09481974
0.010251827
0.15521254
-0.08485646
-0.03309264
0.05148926
0.085557535
-0.08212618
0.09017566
-0.10331633
-0.0476162
0.1235115
-0.023606848
-0.055805735
0.027923562
-0.060332105
0.09591346
0.10935701
0.06764777
0.07144916
-0.016187746
-0.0021003073
-0.09409699
-0.0893658
0.13583857
-0.05968173
0.05889773
0.120794155
0.02302372
0.055803634
0.07955277
0.16695878
-0.072779015
0.0491579
-0.035621207
-0.0711482
0.008679299
-0.020538505
-0.06260593
0.0431275
-0.011070419
-0.09944237
0.11457883
-0.030928377
0.07584228
0.03192608
-0.057106562
-0.10897145
0.049080618
0.07917033
0.0251639
0.035408985
-0.06495425
0.114503816
0.061492465
-0.036250543
0.029393729
-0.02872171
0.009974711
-0.016135426
-0.09136735
0.005417539
-0.080312066
-0.0828488
-0.030916
0.12972304
-0.02346154
-0.08397616
-0.09306631
-0.12134466
0.054813538
-0.10264245
0.0981505
0.11783697
-0.025361288
-0.008088017
0.049672205
-0.101241045
0.00032359865
-0.03694854
-0.054966215
0.08311776
-0.0336276
-0.06725036
-0.019854046
0.109503366
0.05749314
0.059168622
0.120224304
-0.040794495
-0.090234384
0.020363303
-0.09361339
-0.087276354
-0.010420036
-0.015505013
0.036702063
0.053616486
0.057149265
0.08556102
-0.021705842
0.09252237
0.047339734
-0.065652415
-0.01948138
-0.13612513
-0.097457364
0.11160555
-0.05272789
-0.06702754
0.02965128
0.057887845
-0.0027824058
-0.067706496
-0.113534935
0.08068947
-0.056083776
0.0141605735
0.02926326
-0.022696676
-0.06395939
-0.013330015
0.12320643
-0.08908348
0.1087787
-0.06410574
0.118291594
0.15792872
-0.051255193
-0.006914795
0.06394555
-0.067466
0.12612574
-0.017080784
0.10256646
0.059700307
-0.041181687
0.056725208
0.058150165
0.003050374
0.08135873
0.020264981
0.0011653774
-0.015156565
-0.08705258
0.007877239
-0.029722901
0.11597153
0.12428132
0.08131317
-0.11779135
-0.047244746
-0.094797984
-0.06235959
-0.003161278
0.048540987
0.035097886
0.03346547
0.049174696
0.024791744
-0.03751455
-0.03927105
0.040825915
0.019543497
-0.0053355936
0.12047111
0.058910258
0.11211233
-0.0059178844
0.003092788
0.12158811
0.13796067
0.09292203
-0.1052999
-0.00079464575
0.060819305
0.112852335
0.15662457
0.000512417
0.020688498
-0.12519561
-0.0047319136
-0.11869299
-0.06444957
0.16792892
-0.04252983
0.036631607
0.02727916
-0.052755073
0.12571988
0.028792456
-0.023527911
-0.03993539
0.03410167
-0.06420442
0.10231763
-0.035420164
-0.021237392
-0.11266593
0.058183562
0.07559809
0.038925584
0.010076289
-0.023516571
0.0748316
-0.027725851
-0.06729606
-0.007963046
-0.06192782
-0.02437937
0.060585167
0.05420158
0.011807778
0.07689855
0.048477877
0.15566713
0.07697434
0.055018276
-0.014433463
0.016780676
0.08958927
0.09790643
0.03652407
-0.00040501513
0.11751765
0.024288915
-0.00789946
-0.08340917
0.06875896
-0.022059118
0.072822645
-0.1768712
-0.032067094
-0.015332487
-0.023276888
0.05234107
0.0095749395
-0.043790396
0.035224706
-0.056991115
0.10411231
0.017771143
0.08722652
-0.08328081
0.10752365
0.021830156
-0.11516042
-2.0577889e-05
-0.090648815
-0.076675534
0.06851369
0.03368439
-0.030470954
0.11858452
-0.05593914
0.107901305
-0.030555671
-0.032336537
0.097088024
-0.050707757
-0.09480912
0.023798501
0.13890319
0.06533013
-0.066757075
-0.03041325
-0.017637309
0.11752218
-0.046841957
-0.058760047
0.06636711
0.125641
0.07460014
0.028322378
0.06512418
-0.015805904
0.09318798
0.13683958
0.024978144
0.025640085
0.07052843
0.09691279
-0.08471646
0.13815674
0.019839386
0.032076694
0.008740901
0.044803895
-0.077739134
0.10014713
0.068642944
0.08990555
0.031077908
0.094761945
-0.05231078
0.047444116
-0.002570623
-0.020411402
0.017086938
-0.00397419
0.019996814
0.011954475
-0.038574897
-0.0018600747
-0.012154468
-0.04304461
-0.022957519
0.08368508
0.013822434
-0.035567697
0.01741913
-0.08795496
0.08076058
0.04894868
-0.103861935
-0.09274608
0.1047425
0.017002612
0.07610375
0.11912378
-0.07910687
-0.06352531
0.13139068
0.101823285
-0.05615022
-0.015852846
0.025872378
-0.03849894
0.027509913
-0.11031589
0.05193174
0.101792015
0.045551874
0.12486033
-0.044085376
0.17546354
0.09846877
0.0014408919
0.12403952
-0.10304875
-0.05802867
-0.12802011
-0.07089595
0.11989959
-0.11194894
0.0043397644
0.011974928
0.052289274
0.06503663
0.09032438
-0.05675668
0.03160834
-0.089618124
0.11214566
0.14639013
-0.059493344
0.036693115
0.045990158
0.013042194
-0.13244325
0.056061648
0.034281507
0.025264973
0.06836318
-0.040263243
0.08604795
0.040012628
-0.10085695
-0.049962293
0.007711684
0.021842934
0.077439934
-0.0105447145
0.08330512
-0.09104564
0.022812461
0.113002986
0.045320567
-0.017115198
-0.07435877
0.046460163
0.051116314
-0.116851375
0.1306653
-0.10093336
-0.06810973
0.02389876
-0.068815626
0.050307263
-0.0700068
0.020707704
0.100777626
-0.10615893
0.024869502
0.018664215
0.09394175
-0.032689024
0.0015938818
-0.020678317
-0.058440134
-0.08007663
-0.041045208
0.06653837
0.01893979
0.0023134435
0.004684092
-0.022655236
0.010156302
-0.08462537
0.056735516
0.04622435
-0.026750978
0.114302285
-0.028910875
0.04418125
-0.056364093
-0.0060463254
-0.07202422
0.095584385
-0.1208604
0.005850674
0.15137538
0.011502217
-0.03223483
-0.02921559
-0.08525208
0.062074248
0.07435616
0.057552587
-0.1116233
0.079864636
-0.03343715
0.08590933
0.114858
0.16815083
-0.04466357
-0.28392175
-0.050666593
0.0003996565
-0.020208135
0.07903076
0.114677064
-0.0801395
-0.0016575509
-0.049407925
0.05589482
-0.09321977
-0.046479244
0.0036832667
-0.20891432
0.13241357
0.16568337
0.0066688573
0.054993942
-0.028756691
0.0636617
0.25062978
0.07223543
0.067896165
0.05045177
-0.051983327
0.1733764
0.056215096
-0.04389163
0.008370013
-0.12941825
0.0919638
0.040448163
0.046917938
-0.082706384
0.13440548
0.043757956
0.0138344
-0.0914624
0.09455592
-0.121636316
0.21335839
0.005168325
-0.1671562
0.08889325
0.111883506
-0.13402542
-0.11536888
0.12648463
0.15242602
0.054558985
-0.10188828
-0.18566093
-0.018761821
-0.12061067
0.16966476
-0.12261918
-0.019115409
-0.22074966
0.106004015
-0.0018602432
0.109239064
-0.20842043
0.04003202
-0.026922068
-0.048758995
-0.0630058
0.040365074
0.08042432
0.07680499
0.06579995
0.06868739
-0.023229577
0.03347805
0.08545178
-0.0032056423
0.11094557
-0.03642459
-0.12837446
-0.159536
0.06560311
0.10483226
-0.16376045
-0.055273294
0.13510795
0.2001208
0.07134886
-0.1014476
-0.007876931
0.05478807
-0.11047343
-0.07515245
0.105895214
0.19121625
0.08629384
-0.029416047
0.20120078
-0.043813772
0.109880455
-0.15990812
-0.18033682
0.010896508
0.06637647
-0.08985846
-0.14472835
0.059875194
-0.14688557
-0.042736217
0.06373782
-0.07987551
-0.07658087
0.036358383
0.06365811
-0.012025179
0.10329006
-0.08560013
-0.1378267
-0.024189763
0.082926415
0.06750589
0.015665213
0.058912963
-0.063573636
-0.24207953
0.097857125
-0.108951345
0.10242267
-0.028281022
-0.017092194
0.08020593
0.002844352
0.09676371
0.02890487
0.041550096
-0.048824564
0.026401054
0.11825907
0.14472881
-0.0721671
-0.06656507
0.041356634
-0.15424357
-0.093249656
0.07083352
-0.05025712
-0.111214
-0.037867222
-0.10474751
-0.008679631
-0.06485783
0.11342834
0.037865035
0.040234044
0.08864071
0.04372758
0.0020352136
-0.07190826
0.07350442
0.109036386
-0.019115992
0.057630103
0.1470775
0.13554454
-0.09287776
0.025808085
-0.071074575
-0.0016115521
0.05820692
0.123777844
0.003640679
0.043756492
-0.11022692
0.03969744
-0.004818132
0.045673218
-0.012071881
0.11094397
-0.029609581
-0.005334346
0.053077713
-0.26193246
-0.061223697
-0.028156629
-0.16490631
0.11202109
0.048745286
-0.050012544
0.06594742
0.043822564
0.04466885
0.015069128
-0.08999115
-0.025232477
0.14196637
-0.02984561
-0.03770009
0.0011070322
0.07707292
0.0047184774
0.035112265
0.091704115
-0.024759008
0.13282035
0.006092882
0.0637085
-0.05102486
0.07013523
0.14076017
0.02915681
-0.0038746838
-0.0060082437
0.03375443
0.0107428655
0.076024316
-0.046214152
0.12569669
-0.06255884
-0.0222087
0.08296964
0.054619078
-0.07082591
-0.17134714
0.07251539
-0.026769577
-0.053926453
-0.0577957
0.04298841
-0.122166105
0.0857365
0.1403446
0.084741004
0.13547498
-0.015809806
-0.062382136
-0.090679646
0.08079921
-0.027226962
0.025322644
0.10129812
-0.07482778
0.097006455
0.14453745
0.1168591
-0.104228474
-0.07434978
0.10552554
0.0076733273
0.05145626
-0.055351872
0.07875244
-0.06721663
-0.041406527
0.11895559
-0.083087
0.22015613
-0.070331
0.09994477
-0.17637451
0.06179688
0.041320056
-0.05949331
0.22496869
-0.10585938
-0.27148134
-0.11641267
0.005837324
0.093459725
0.14047897
0.1954306
0.16106404
-0.050501853
0.33653358
-0.0019470784
-0.17886236
0.060566552
-0.067032255
0.14193703
0.07722114
-0.33923757
0.2561671
0.0068460973
0.1135582
-0.024535304
-0.16103889
0.031056961
0.0721083
-0.022124793
0.033444975
-0.1496843
0.14763197
-0.13598141
-0.06484967
-0.20391364
0.029707829
0.029466968
-0.30837595
0.06681769
0.13463013
0.060109645
0.078981325
0.05645419
-0.0042920043
0.05668191
0.39107633
0.14760926
0.12201562
0.059205387
0.018142499
-0.1164795
0.12560634
0.000390746
-0.0904106
-0.20331278
0.048634667
0.07106062
0.110153
-0.15855172
0.18338566
0.13654643
0.0086071985
-0.111083545
0.21027358
-0.082072034
-0.18764728
-0.0076467907
0.036070295
0.2270443
-0.28361127
0.2840952
0.072073735
0.29604286
-0.07741715
0.11568804
-0.025532512
0.019972032
-0.06783389
0.003682707
-0.068776436
0.115482256
-0.03684122
0.043152217
0.13786177
-0.021576528
-0.019190503
0.16310748
0.09215805
0.1010335
0.112765424
0.089432634
0.025774572
0.014475973
0.0371523
-0.18477449
0.014895679
0.13643731
-0.18198064
0.15107748
0.08297054
0.0829273
-0.14287463
-0.06353553
0.11977982
0.16398588
0.3069598
0.01563559
-0.11631951
-0.026579907
-0.24922214
-0.1571682
-0.09398367
-0.09071664
0.14997257
-0.057757873
0.03729171
0.1953036
-0.077885225
-0.049918342
-0.32093257
0.083038345
0.09388421
0.08781369
-0.065355055
0.14658317
-0.039534338
-0.040852662
-0.11157969
0.09656738
0.016421169
0.08566325
0.17002736
-0.16076924
0.17376566
0.034953773
-0.01681661
0.04926824
-0.072802566
0.0519086
0.072408736
-0.15465078
0.06344447
-0.007245065
0.011836545
0.02785085
0.026895924
0.15193911
0.009764316
-0.14425635
0.045465197
0.052081242
0.18311462
0.16542739
-0.009819363
0.15073739
0.06499116
0.059151214
0.12983102
-0.070513666
0.10573413
-0.13196644
0.08866077
-0.008813163
0.0043876255
-0.059113327
0.16767386
0.07229607
0.07148242
0.029962279
0.10436858
-0.04157198
0.061202586
0.0422068
0.22545539
0.06990256
0.1330802
0.043955594
0.11545119
-0.099301234
0.067266226
-0.06149761
0.024998099
-0.08350345
-0.0317289
0.14243618
-0.002675038
0.072115056
-0.11726974
0.14764638
0.031894162
-0.039799117
0.1681345
-0.09424292
-0.18822065
0.08121325
-0.13524911
0.2007818
-0.17182
0.15748428
0.13439974
0.06113833
-0.041777976
0.010348879
0.18552037
0.087774865
0.081347845
-0.07944835
-0.04728445
-0.01748265
-0.08384804
0.0629658
-0.25190592
0.16192822
0.073757954
-0.0020872506
-0.08379167
-0.20801687
-0.12565042
0.20702332
0.16143087
0.115015864
0.030247133
0.110353045
0.015119384
0.08523328
-0.11890621
0.18915676
-0.060181916
0.0004183194
-0.0016088706
0.005330917
-0.02737012
-0.028709842
-0.019685118
-0.062980995
-0.08056298
-0.09566295
0.08691163
-0.050493564
0.056978032
0.2549739
0.075433835
-0.105858766
-0.17717227
-0.008964428
-0.06641265
0.002226737
-0.1522944
-0.019447109
-0.017332295
0.025463311
-0.07860517
0.006097205
0.014647084
-0.24484308
-0.04652261
-0.07021449
0.077854335
0.09180835
0.092925355
0.029215412
0.08424677
0.17016025
0.19864112
-0.047774207
-0.094013214
-0.09119386
-0.008162553
-0.05827513
-0.047709715
0.13894768
-0.01710413
0.16662733
0.019233545
0.074425
-0.05873778
-0.023372786
0.025605047
-0.17034046
0.17252076
0.09481677
0.00477613
0.0673769
0.2394746
-0.08448504
-0.01936454
-0.08517099
0.12193211
0.23956698
0.05986879
0.09203088
0.008300475
0.029758584
0.03980728
0.02437387
0.0005032753
-0.10803941
-0.075382724
-0.12128707
0.01108194
-0.06649682
-0.047527462
-0.08171814
0.08088559
-0.021320593
-0.053610034
-0.08772255
0.05762019
-0.1520296
-0.025799537
-0.038386993
0.018276537
0.0955772
0.057095926
0.049080875
-0.017015586
0.0028478245
-0.2104715
0.050329063
-0.09393375
0.030333992
0.0060296752
0.019354884
-0.0324583
0.03919524
-0.080517896
-0.093784146
-0.10740113
0.09417462
0.10843553
0.06191517
0.03899433
-0.10425812
0.20733103
-0.012301917
-0.0018742168
-0.038847078
0.14978756
0.01110761
0.04348672
-0.043113
0.075174436
-0.14112903
-0.0127561595
-0.0722019
-0.22873603
0.14591289
-0.0760848
0.118923
0.036198944
-0.034806162
0.106724285
0.098678336
-0.026334811
-0.026841018
-0.0252624
-0.09972274
0.24072354
0.06406399
-0.09436357
0.10662667
-0.1839992
0.11446241
0.20165737
-0.084865496
0.04725918
-0.13296466
0.040876504
0.16642863
-0.040311787
-0.18535766
0.15283625
-0.23664722
0.104257196
0.07986345
0.16674511
0.021393986
-5.330285e-05
-0.049691774
0.08655453
0.028527765
0.071228735
0.08747577
-0.027923457
0.014020317
0.0919902
0.0032878835
-0.0146005815
0.058566373
0.13748711
0.16212948
0.04364675
-0.05947112
-0.04313284
0.069850214
-0.015212632
0.1086704
0.0745528
-0.018467668
0.008843741
0.073833585
-0.05747988
-0.06854095
-0.08124286
0.03560526
-0.051773857
0.008544137
0.029809864
0.015114103
0.005086972
-0.051285908
0.0052694357
0.0690439
0.100044
-0.044218842
0.06484157
-0.09988323
-0.0025830017
0.06250484
0.085245736
0.05542995
0.06104937
0.09601556
0.09276957
-0.09236476
-0.13217053
-0.04549749
-0.022689931
0.15142763
-0.04103667
-0.056166008
-0.024214365
0.047190778
0.10847363
-0.045165874
0.0889535
-0.067714214
0.07856009
-0.09839301
-0.06365742
0.01223387
0.062507465
0.09993413
0.011084063
-0.06693909
-0.06047635
0.052390277
0.13277276
-0.03277121
0.07511205
-0.066461004
0.058850646
-0.113715
0.010988386
0.12190221
0.027377587
0.05590263
0.047192503
0.07771851
-0.065286934
0.05885362
-0.058606174
0.033861935
-0.06371819
-0.0641877
0.053945668
-0.07466699
-0.16631463
0.008798903
-0.0644627
-0.015481159
0.09644025
0.020113785
-0.031259578
-0.0671227
0.092464425
-0.01759101
-0.046030995
-0.0942586
0.1007378
0.0322086
-0.12424439
-0.080889896
-0.14734945
0.09528176
0.010035399
0.10098787
-0.15249747
0.15071024
-0.057607386
-0.18865958
-0.006235513
0.053044047
-0.12356435
0.054189466
-0.15157403
0.072109655
0.118084386
0.06844207
-0.06930579
0.035908137
0.004438042
0.0019457877
0.04351228
-0.034841016
0.043097198
-0.097167194
0.09557371
0.0033900593
-0.017949881
-0.0018178673
0.061913077
0.0658995
0.06610861
-0.08267147
0.11106813
0.00608849
0.024964456
-0.03159253
-0.022938918
0.025559174
0.10538068
-0.063238315
0.082316026
-0.02616183
0.041930556
0.078097925
-0.01120059
-0.03582483
0.100925915
-0.023811739
-0.104778774
-0.018216658
-0.0062825824
-0.055005737
0.0768275
0.036709595
0.099294156
-0.10214916
0.06799076
-0.09864467
-0.044634845
0.07299866
0.10378653
-0.035072893
-0.00060930446
-0.0045722113
-0.11646266
-0.0913317
0.032960538
0.1247763
0.08774152
-0.052723423
0.049520686
0.093073994
0.05696539
0.1009638
-0.086568154
0.08523876
0.114447154
-0.06425257
0.08707618
0.057517543
0.0043457695
0.01646196
0.09604202
-0.048898544
0.06108983
0.04039788
0.07638936
-0.11749033
-0.026122637
0.06096408
0.0032079339
-0.04122247
-0.016594041
0.037985925
-0.09351372
0.080118164
0.005675136
0.0039127404
0.08003453
0.020957548
-0.05495024
-0.10784291
-0.084695265
-0.0044850265
-0.052459303
0.07289097
-0.04745481
0.0032633266
-0.0956948
-0.09090909
0.09464726
-0.008432554
-0.0017659018
0.11435761
0.06511637
-0.0069137174
0.020987643
-0.073972896
0.13594672
-0.0052983924
0.058288008
-0.096954845
0.08588539
0.115306936
0.06703374
0.062362038
0.048807785
0.014232549
-0.08814209
-0.07618321
-0.08733599
0.05206082
0.11259799
-0.004733809
0.0043609706
-0.0800363
-0.034483496
0.12562257
0.01613565
-0.0077901925
-0.027032834
0.011033022
0.10665043
0.058916792
0.041417375
0.076372534
-0.03335635
0.13924591
-0.020412236
-0.07802845
0.10284162
0.07528045
-0.0460659
-0.07631467
0.043244105
0.03996444
-0.04309339
0.015742138
0.014433195
0.091018155
0.036270276
-0.07927885
0.14021902
0.053107016
0.04025845
-0.037104733
0.1359933
0.021582577
0.13083081
-0.04520736
0.049658302
0.14634949
0.06488374
-0.040766034
0.02809879
-0.14820033
0.025370475
0.056847636
0.06773568
0.13826612
-0.021852463
0.019901097
0.008199169
0.026294608
0.12515463
0.16866626
0.016718064
-0.0535647
-0.07572017
-0.07134478
0.04871174
0.05740813
-0.09835482
-0.054803412
0.0063074487
-0.0019782986
-0.15690115
0.06610568
-0.016704263
0.05163693
0.05697336
-0.05813257
0.07032992
0.046320975
0.023161821
-0.05240021
-0.009887569
-0.013513741
0.037608944
0.11914716
-0.100712076
-0.0553757
-0.07220624
-0.08634748
-0.053800058
0.07834034
0.02906673
0.11397671
-0.067659006
0.051923998
0.04347828
0.047565922
0.032826323
0.098310426
0.004167715
0.040158488
-0.030503241
-0.011758627
-0.08353028
-0.20045364
0.14118232
0.02735956
0.094947
-0.0068802712
0.11276815
-0.024381844
0.1048334
0.11216275
0.11699448
-0.13582131
-0.01598512
0.08070836
-0.16021521
-0.116114646
0.038189165
0.1199529
0.1363412
0.03917891
0.007941483
-0.019544775
-0.05410374
-0.05971743
0.08192879
0.09258294
-0.18262376
-0.027062094
-0.096815996
0.0054413956
0.064886235
0.19455284
-0.055848412
-0.06714613
0.039189965
-0.038664844
-0.0019313971
0.04884629
-0.08281321
-0.1338128
-0.11793722
-0.017930193
-0.046201397
-0.039315477
0.11394677
-0.011478761
-0.027279822
0.11193736
-0.092074074
-0.0469186
0.112275675
0.034660887
0.037392672
-0.11237744
-0.031783827
0.15538777
-0.019934326
-0.14777896
0.09321184
0.0063045304
-0.14556912
0.046434272
-0.067622095
0.11659501
-0.062548384
-0.01075166
0.03352801
0.1291208
0.10217243
0.029718671
0.017213766
-0.05860072
-0.023854088
0.047391757
-0.061251655
-0.14577794
0.0053799734
-0.03477202
-0.049619824
0.050282948
0.003778754
-0.11973232
0.00043608874
0.113707095
-0.068433695
0.060840614
0.004452416
-0.07030447
-0.040907063
-0.09779581
0.11374897
0.14822106
0.13215455
-0.061485417
0.04430995
-0.031019386
0.12134229
0.14536045
-0.12280898
0.044417992
0.02087832
0.1616208
-0.067985214
-0.09120902
0.038312573
-0.0681251
-0.06647308
0.049645588
-0.08498535
-0.05557986
-0.041250445
0.08595979
-0.10735347
0.15584391
-0.016067108
-0.056203336
-0.10793037
-0.19880007
0.0796628
0.0860469
0.007336899
0.041908033
0.017360725
-0.034484692
0.11935691
0.020373045
0.038405444
-0.05409889
-0.09227908
-0.11855181
-0.038015336
-0.04906288
-0.1366117
0.1335555
0.03233814
0.030531622
-0.054411165
0.061473604
0.055540122
-0.089576416
0.14151949
0.023229996
0.08572274
0.061879832
-0.008836038
0.046718024
-0.029734053
-0.14493024
-0.09421971
0.12060808
0.057824507
-0.035980817
0.024924288
0.05390952
-0.12702492
-0.10526433
0.09651871
0.017211648
-0.07374258
0.14796534
-0.08790556
-0.0679957
0.09970939
0.013274556
0.0032710545
0.1636841
0.10668555
0.02363149
-0.09308104
0.05817216
0.039981592
0.08179019
0.014003626
-0.047760516
0.027913569
-0.11259845
0.06346888
-0.02648854
-0.022576554
-0.0630457
0.076137856
0.06533568
0.019366426
-0.17983557
-0.008567319
-0.13987908
-0.07686737
0.066670075
-0.119057626
-0.04962874
-0.027484104
0.07133977
-0.059301395
-0.031525426
-0.09179453
0.052531116
-0.104904905
-0.08291231
-0.037883718
0.056842074
0.050495528
0.07892504
-0.002623888
0.068840735
-0.011274881
0.08681866
0.043526463
-0.1332693
0.10763324
0.024926018
-0.099693835
-0.06381707
0.06576307
-0.25237972
-0.15010044
0.07816965
0.10619122
-0.091968425
-0.008105742
-0.08464244
0.14203317
-0.29414394
0.17149518
-0.045980044
0.031763274
-0.05555634
0.059102453
0.122445635
0.060403775
-0.07400233
0.1012415
-0.07264836
0.14004983
-0.101158746
0.026454834
0.031078674
0.22903824
-0.027577989
-0.08522425
-0.020597912
-0.16900891
-0.046809994
-0.060941637
-0.08212573
-0.08518104
-0.04217094
-0.0705854
-0.025856927
-0.042931426
-0.13569014
0.07796887
0.09655511
-0.06929573
-0.0748458
-0.08396877
-0.06385755
0.14974013
-0.038436417
0.028196063
0.07288911
0.088247396
-0.21981731
0.04466992
0.04812166
-0.07097755
-0.13212942
0.012168856
0.034637503
0.1775195
0.13430636
0.07269015
-0.06717536
0.11831276
0.035818458
-0.08324029
0.015145565
0.08233132
0.099095784
-0.033846837
0.052733075
0.022185123
0.07685481
-0.058561314
0.04903868
-0.007495201
-0.13899165
0.08749016
-0.20918834
-0.052097052
0.06484865
-0.08544403
0.17700005
-0.017683396
-0.0031339142
-0.05440879
0.034140144
0.18032037
-0.020941352
-0.028931463
-0.068480074
0.079123616
-0.11726578
0.09527092
0.0006154993
0.045737743
0.0034916855
-0.20192312
0.0054936484
-0.013135589
-0.0033179354
-0.05121782
0.09689911
0.2828669
-0.06177478
0.050174944
-0.08564109
0.07687735
0.078595184
-0.0886338
-0.08033534
0.023595672
-0.13604777
-0.027471539
-0.056293443
-0.10390254
-0.03565907
0.11085195
0.002058919
0.13414925
0.045025438
0.029931298
0.0375076
-0.0061746985
0.037290115
-0.04625403
0.0837056
-0.07166634
-0.09774719
-0.012025237
0.07922161
0.24456629
0.049108025
0.014936517
-0.040939566
0.029019572
-0.23646025
0.05954757
-0.109892674
-0.07162468
-0.21361113
-0.09980369
-0.01952965
0.0138266
0.12065539
-0.0064634993
-0.0013241741
0.084708
-0.078005254
-0.081261724
0.06309547
-0.13630207
0.016382435
0.04683429
0.054726195
0.078998685
0.044438988
-0.03345334
0.0146980705
0.012965801
0.027127026
0.05441042
0.09038484
0.030117447
0.0043855724
0.05355845
0.0628333
0.0050747455
0.13771474
-0.010569214
-0.038085002
-0.17643647
-0.12829009
0.11171229
-0.116169766
0.12662247
-0.006304093
-0.01377501
0.056207523
0.08453655
-0.097313344
0.059448574
0.04965334
0.0027913349
0.068160914
-0.041538443
0.022617081
-0.17281191
0.049173173
0.082568616
0.1046997
-0.07252113
-0.17083946
-0.04534685
0.08610751
-0.021127196
0.08790084
-0.09073347
-0.010119049
-0.060916863
0.12822269
-0.1375433
-0.056918405
-0.033809565
0.08306909
0.065549284
-0.008777751
0.024086833
0.047407974
0.045699626
0.009940437
-0.09522082
-0.05494818
-0.039205935
0.055371944
-0.04785295
0.027435761
0.022449758
-0.114890315
-0.01775578
0.103281334
-0.12878911
0.12312342
0.08208582
0.07290924
0.03162116
-0.21477562
0.016257148
0.01845617
0.120571956
0.4779494
-0.021009637
0.071046524
0.09724339
-0.14408539
0.022774242
-0.123523794
-0.026083793
-0.22055279
0.14751817
0.058458824
0.17421636
-0.008726055
-0.006236336
0.09236009
0.23987266
-0.16188872
0.066904426
0.12222441
-0.14037171
-0.312662
-0.027559182
-0.058194272
0.08574093
0.17704776
-0.004383496
-0.3034249
-0.08112191
-0.14383575
-0.04493916
0.26906407
0.012546778
-0.09779846
-0.015592586
-0.09974308
0.21328059
-0.040341817
-0.053471744
-0.14271145
0.04303236
-0.07225527
-0.00682144
-0.013133001
-0.1621002
-0.00408427
-0.10986772
0.14423442
0.0048113493
0.2923606
0.057540424
-0.1171458
-0.05542358
0.0626689
-0.24735573
0.15296099
0.07219248
-0.18238485
-0.004232625
-0.04640847
0.1279551
0.14247242
-0.0532602
0.12057531
-0.020491494
0.03138725
-0.006243722
0.0062367255
-0.08560885
-0.061234493
0.20020314
-0.0045154938
0.11380486
0.06812024
0.15200089
-0.2559289
0.118720084
-0.02854142
-0.079752
0.13253762
-0.06888433
-0.19847193
-0.10225187
0.08359572
-0.06021094
-0.17403662
0.16493428
-0.08672127
-0.16822883
-0.11484737
-0.088027395
0.21321984
0.07465139
0.06764293
-0.13608682
-0.19171587
-0.19375665
-0.14540525
-0.021013895
-0.024860691
-0.1793979
0.19750677
0.122617595
-0.0023973386
-0.112904325
0.028456317
-0.11731313
-0.100263454
0.22739017
-0.14832321
0.062539116
0.13425247
-0.14864202
-0.38813066
-0.27469435
0.098214716
0.1265493
0.06688723
0.04298913
0.21511413
-0.03362411
0.1440774
-0.10505045
0.03206116
-0.021749126
-0.020753741
-0.1296158
-0.049914796
0.055207476
0.005576005
0.20390165
-0.055296805
0.2216297
0.21429539
-0.14391333
0.12094603
0.3098511
0.13929522
0.024863554
0.073768675
-0.03655964
0.117332004
0.073314555
0.13497704
-0.37654364
0.17394519
0.08331903
0.2244742
-0.064208284
-0.22572997
0.19630997
-0.018724877
0.0135657005
0.3252229
0.08041067
0.12700553
-0.14108297
-0.03981382
0.006884831
0.12237742
0.07711382
0.11338493
0.10725535
-0.07919136
0.28204107
0.06447591
0.12417163
-0.14335234
-0.02216537
-0.0716799
0.08022506
-0.04403576
-0.2663704
-0.2558981
-0.08107527
0.08277879
-0.44769686
-0.12508798
0.0153908115
0.16787641
0.076198526
-0.09232338
-0.120787956
-0.12513515
-0.21258414
0.110580534
-0.07427821
0.10332349
0.2856863
-0.33213943
-0.043719735
-0.21597347
-0.080855064
0.18335564
-0.18973754
0.1254418
-0.08376724
0.10277975
0.23433052
-0.06025704
-0.04386008
-0.07559719
0.30590317
-0.23769605
0.13082236
0.09362999
0.22847469
0.042409953
-0.109893456
-0.020484457
-0.11960113
0.17280552
0.07628062
0.1447646
0.14529285
-0.119559765
0.18840231
-0.20198593
-0.16562268
-0.024956629
0.043829225
0.17103195
-0.09336369
-0.106483586
0.050032523
0.08451426
0.30954865
-0.111874826
-0.07073856
0.1266613
-0.03381665
-0.10474314
0.07538426
0.04730533
-0.14101921
0.10814709
0.0069063157
-0.22865161
0.10348039
0.16738845
0.07395828
-0.09573293
-0.09749798
0.013471531
-0.35103288
0.018990437
-0.07503095
-0.036214307
-0.10980231
-0.19621293
0.05688861
0.10818571
0.007397659
0.038010713
0.2210381
-0.07476988
-0.043704152
0.08501513
0.023455674
-0.0144295255
-0.11047523
0.05283196
0.090347044
0.1860302
0.064479575
-0.001463186
-0.16004731
0.113034196
-0.26685607
0.045429975
0.05427229
-0.14230289
-0.028401818
0.15829732
0.1171651
0.062124327
0.092537455
-0.045578312
0.19777495
0.048765384
0.007111438
-0.15293664
-0.081409924
0.15815166
0.050041344
-0.05608601
0.47979304
-0.059855867
0.09675618
0.13742895
0.23911035
-0.11812577
-0.28020307
0.07451348
-0.012376553
-0.24048148
-0.035300862
0.18316418
-0.020496696
-0.124531284
0.097045645
0.01774885
0.1998402
-0.14848584
-0.21591322
-0.104647994
-0.06187067
-0.0971571
0.097885594
0.18682906
0.17131044
0.023098718
-0.057003137
0.2007977
0.08328574
-0.057535227
-0.028557332
0.10122439
-0.021690331
0.102057345
0.010587771
-0.098771095
-0.048465483
-0.24206163
-0.011494641
0.0063153924
-0.29969892
-0.14405443
-0.04756921
-0.08470096
-0.045815658
0.12200045
-0.033506356
-0.10834461
0.074766465
-0.1632958
0.10275978
0.0044331383
0.029408481
0.025552303
0.102167554
0.23510316
-0.108656734
0.03293852
-0.077933
-0.07600204
0.035859738
-0.28705806
-0.20353204
0.13323274
0.08911013
0.022657845
0.15251124
-0.011419153
-0.1135186
0.06919928
-0.17600681
-0.093174845
0.023963636
-0.0391657
0.16478638
0.12520678
0.036874272
-0.0569185
-0.26343197
0.09465948
-0.080988765
0.077209055
0.15824054
0.0018716588
0.193746
0.009480264
0.093212485
-0.18006921
0.028838575
0.06487892
0.05058181
-0.1648354
-0.0041724686
0.0015816968
-0.13701557
0.04243801
0.05475967
0.006045146
-0.013360882
0.19329506
-0.062108222
-0.04548697
0.023115352
0.17769827
-0.09164522
-0.012044297
0.09698458
0.037884124
0.14029449
0.016072387
-0.1628215
-0.05737115
0.04327334
0.05235688
-0.0031265565
0.10728544
0.031601414
-0.058850408
0.07465136
0.19601442
0.13631725
0.07925783
0.051370256
0.13027072
0.059904817
0.041467007
0.07163909
0.07347132
0.041272257
-0.105776824
0.1864275
0.06962295
0.12114256
-0.14456896
0.0745261
0.0706429
0.013935233
0.016903423
0.06624287
0.05931106
-0.030815586
0.03878768
0.092019394
-0.08201332
0.094290465
0.096892044
0.13077146
0.06564596
0.08589265
0.082858734
-0.059778012
-0.04964533
-0.024316523
0.017097889
0.0027381196
-0.05393861
0.008648262
0.11380472
0.15265942
0.1679624
0.008030636
0.13347626
-0.012892549
0.032482065
-0.069544666
-0.03831025
-0.01366858
0.041925885
0.12453263
0.0046332297
0.112320356
-0.045191623
0.084037095
-0.087051556
0.08293065
0.10066575
-0.07088912
0.058029603
0.039311983
0.0010473891
0.034186617
-0.06564285
-0.0071586724
-0.11400882
0.05738222
-0.02763423
0.006582972
-0.0045011323
-0.05744288
0.038997944
-0.09420505
0.12320757
0.10393681
0.10828623
0.075543605
0.046059016
-0.06363423
-0.023650989
-0.13007236
-0.06482862
-0.027007032
-0.0011529339
-0.018475367
-0.018082414
-0.09698298
-0.10761317
-0.13394378
0.07700097
0.0068367263
0.08444783
0.14664559
-0.13776687
0.011404847
0.16758268
-0.029506883
0.04724695
-0.15055671
0.031803705
-0.13671105
0.16133744
0.11649537
0.05091903
0.053874373
# B
0.008443601
-0.004808512
0.018017614
0.020007394
0.0033934424
0.004628409
-0.0019362682
0.007380509
-0.01860309
0.011613616
0.0064910753
0.021667995
0.012802455
0.0024923931
0.009386823
0.015209816
-0.005319983
-0.0048370957
0.012377487
0.0068841567
0.005783151
0.022794146
0.003628896
-0.00031680078
0.009920021
0.0101449
-0.0020422863
0.01965194
0.020286746
0.0017995809
0.009060972
0.003948159
0.0077978973
-0.006744474
0.009002251
0.009589786
0.0011840523
0.010739255
0.005068561
0.015198362
0.025029391
-0.0067023924
0.005398599
0.012041296
0.014956924
0.013655081
0.024733024
0.024801964
0.022261422
0.02299108
0.03074967
0.010993514
0.0011696338
0.040263806
0.009719987
0.020321418
0.024647856
0.0047371252
0.008948292
0.0037539483
0.0070574502
0.008212611
0.023536516
-0.006619501
-0.001965002
0.008136791
0.026006501
0.009178222
0.008346671
0.0065067615
0.018983914
0.01292278
-0.010662966
0.016763398
0.009591247
0.016351268
0.022067023
-0.0009892057
0.0020213658
0.023580227
0.027729899
-0.00010829439
0.0028729897
0.02185546
0.010388947
0.012688871
0.005110447
-0.014323352
0.009028462
0.026675468
0.006226047
0.018193685
0.009231115
0.026078744
0.020528795
0.020359043
0.008709656
0.0022585304
0.027561784
0.019188808
0.009459042
0.012752992
0.038307726
0.03250933
0.021741422
0.012189733
0.008880468
0.03310624
-0.00077683537
-0.0021383262
0.010265857
0.01110788
0.012775049
0.0067035
0.016518205
-0.0024140328
0.005528307
0.018027632
0.008097111
0.01794034
0.021397393
0.008464856
0.005486324
0.024397321
0.024130153
0.010138019
0.0011279129
0.0034900059
# Layer Number: 1
relu
64 128
# W
-0.27047592
0.034268945
0.12161484
-0.13559589
-0.13244481
0.04983489
-0.12534252
0.18977526
-0.16811427
0.055079624
0.15930218
-0.23215859
-0.1488447
-0.14670703
0.057586752
-0.23275921
-0.13378309
-0.055468254
0.079426534
-0.05371842
0.19061127
0.022100484
0.13765675
-0.14475638
-0.090242125
-0.083377704
0.14762434
-0.051029313
-0.038593248
0.1717212
0.22117524
-0.021819497
0.1885933
-0.021219075
0.175708
0.02290156
0.096297786
0.036565043
-0.016723404
-0.0748392
-0.18736516
-0.07650385
-0.18269268
0.07224837
0.17533155
-0.10780589
0.23464309
0.18637808
-0.05111127
0.16932562
-0.17951179
0.07830723
0.15970674
0.0945679
-0.18590143
-0.061621275
0.13041241
-0.081658274
-0.06375413
-0.045662
-0.15274698
0.01482727
0.019717759
0.1885208
-0.0861682
-0.14398833
-0.04165135
0.047694366
-0.01150428
-0.08214485
-0.05443353
0.00017725644
0.026572922
-0.2743053
-0.24960907
0.049290184
0.075193144
0.113448344
0.0715789
0.14781009
-0.0938126
-0.04283746
0.12326065
0.1909559
0.1905062
-0.12632832
-0.038772795
-0.038815748
0.060929153
0.054758064
-0.0070767673
0.1607421
-0.111345075
0.124286585
-0.16989414
-0.13417044
-0.09896001
0.09640458
-0.14396693
0.10501175
0.023265608
0.12323774
0.009223065
-0.05947848
-0.048827965
0.15133405
0.022481361
-0.15898307
0.14083046
0.09614738
-0.024609074
0.097224936
-0.07564248
-0.13864996
-0.04992894
-0.091621764
0.08598663
-0.2345982
0.17092334
-0.09652102
0.04421954
-0.0791846
-0.045116894
0.04985042
-0.008127261
0.08597936
-0.1314087
-0.27414206
-0.13361785
0.19426277
0.0038780957
0.03724721
-0.011078126
-0.052190274
-0.0007594896
0.105019435
-0.19441034
-0.10661175
0.0011504253
-0.16859709
-0.12882516
0.041397747
-0.14169767
0.08009175
-0.0131516345
0.22324432
0.040407225
-0.059934348
-0.067650944
0.20819806
0.1595929
0.20315076
0.18369238
-0.16440578
0.0014449402
-0.17842993
-0.10465399
0.082929105
0.03857249
-0.062456977
0.20919323
-0.14858228
-0.1398523
-0.08332554
0.10713155
-0.08266061
0.1755351
0.096028164
-0.042978976
0.06391812
0.06717581
0.01208801
-0.13869162
-0.14247516
0.20512807
-0.22892451
0.022712529
-0.06620316
0.17243306
-0.18021502
0.01338063
-0.08180916
-0.088102706
0.05285765
-0.03209984
0.106962994
-0.08322331
-0.025491454
0.2803119
-0.0052303504
0.22151731
-0.08529884
0.08779689
-0.01742235
-0.1760055
-0.076190315
0.13985012
-0.17628679
0.07081881
0.19157344
0.00051824
0.1229713
0.0058323587
-0.04679686
-0.1827306
0.12593481
0.13948017
-0.075708345
-0.15201733
-0.102386944
-0.13585518
0.1092646
-0.11395493
0.086257964
0.119123116
-0.094871335
-0.15622145
-0.115877725
-0.0767942
-0.014076316
-0.13034832
0.0023863872
-0.020540277
0.17785178
-0.0011033472
0.0726361
0.17195806
0.08223966
0.18501495
0.09180088
0.11747572
0.14847177
0.17048576
0.07143027
0.18292204
-0.09836448
-0.19747652
-0.07592301
0.1260419
0.08538162
-0.08144712
-0.206559
0.22505237
-0.07939725
-0.15464517
0.08598916
0.18617418
-0.16751431
-0.16196093
-0.07518815
-0.1283671
0.120230764
-0.029414203
0.06710313
-0.14832632
0.07567651
0.17510727
-0.11613116
-0.07512944
0.19097097
0.20229782
-0.25087002
0.09089618
0.07480656
-0.029497905
0.12524107
-0.115545414
-0.04239719
0.13736568
-0.22223668
-0.004907144
0.22400291
-0.107649215
-0.008710925
0.023189096
0.069641724
-0.1866518
0.08619149
-0.0063933837
0.27032757
-0.0075355703
-0.06461772
-0.24103901
0.09847246
-0.28105968
0.15242009
-0.0036434568
-0.090046555
-0.16911489
0.21633399
0.11247535
0.1364843
-0.030836906
-0.09168364
-0.036368813
0.10942798
-0.14405741
0.12263558
-0.1247999
0.0741494
-0.21282333
-0.0876402
0.058239557
0.10189939
-0.17273323
-0.1369914
0.16256787
-0.0150343105
-0.22372277
-0.13120022
0.1281122
0.048189864
0.080857985
-0.15653667
-0.15965386
-0.01767773
0.20365462
0.085606925
-0.051140584
0.10769625
-0.15768686
-0.08678701
0.21938497
-0.023614846
0.2174302
0.08196591
-0.046584617
0.069607064
0.0030432565
0.07586366
0.13683215
0.02105643
0.122880414
-0.19788828
0.18637875
-0.20530313
0.20348984
0.28899488
0.027811946
0.039089322
0.06355822
-0.31540135
-0.22548357
0.18509974
-0.02434823
-0.34850743
0.24511649
0.06560145
-0.13154621
-0.20802961
-0.1259203
-0.10504175
-0.038979214
0.22742072
-0.057817154
-0.05059978
0.055382956
-0.01544645
-0.027362105
-0.08579613
0.1794836
-0.038519893
-0.19496001
-0.049730923
0.14770815
-0.08417282
-0.015179441
-0.09199727
0.023181384
-0.2002876
-0.0797551
-0.33068508
-0.06380314
0.22616413
-0.1865767
-0.057821214
0.16570036
-0.10787575
-0.05026666
-0.08200214
-0.24186619
-0.06764256
-0.11631843
0.24317905
0.11378122
0.08071652
-0.197247
0.24492314
0.13540612
-0.033515032
-0.10964259
-0.1474286
-0.017089015
-0.074274294
-0.0564533
-0.15354125
0.10918631
0.16986267
0.01497924
-0.015733458
-0.12615523
-0.0625074
-0.012853403
-0.041025616
-0.15440601
-0.15791528
-0.046138674
0.11750807
-0.110460356
0.12015082
0.055757374
0.08931086
0.21545376
0.15288608
-0.025126746
-0.15204449
0.12019818
-0.14363731
-0.1930807
-0.05286902
0.2429175
0.06368985
-0.1595498
0.14183109
0.14137481
0.11413617
0.29607052
-0.18219845
0.057374246
-0.1459566
0.147978
0.10177707
-0.09140311
-0.10769356
0.25477675
-0.11599659
-0.023940485
-0.22382075
-0.1653881
-0.2145112
-0.008676784
0.2112821
0.18763286
0.1876474
0.08418434
-0.16028193
-0.03165297
-0.1413552
0.2213417
-0.058868024
-0.1214675
-0.14361294
0.0063350764
0.11083172
0.00012530985
-0.22701636
-0.117517166
-0.13020997
-0.084144145
0.1724897
-0.0043281433
-0.14768122
0.09966494
-0.10835605
-0.09279423
-0.1879253
-0.17167403
-0.051414955
-0.019320328
0.062840536
-0.106493086
0.19382758
0.2178304
-0.105870545
-0.14249
0.018637735
-0.39760262
0.08255605
-0.09543855
-0.13078865
0.066497125
-0.18067937
0.13441022
-0.058912158
0.10961102
0.17314908
0.061054662
0.039070804
-0.10374202
-0.17962293
-0.12308759
0.014808116
-0.18669327
-0.07002147
0.06440915
0.11284637
0.2703369
0.17616439
-0.14274386
-0.1489035
0.14644237
0.24114344
0.13144599
0.06440159
0.044882447
-0.036013044
-0.08587589
0.1490267
-0.028508794
-0.050553583
0.16394512
0.052537113
-0.098040715
0.061900456
0.14118554
-0.050685987
0.27705297
0.144429
0.13671152
0.008432095
-0.03818702
0.13163236
-0.067513816
0.20337197
0.14435376
0.06104883
-0.13577369
0.11886076
0.067754515
0.08628065
-0.05689658
-0.06831256
-0.1504368
0.061208673
0.16722809
0.20485799
0.16112106
-0.07823859
0.13627231
-0.015605568
0.12786606
0.10642054
-0.17697239
0.0068332753
-0.16470025
-0.0019207281
-0.14759898
0.14771013
-0.11155705
-0.07320381
-0.25051406
0.15980583
-0.1117245
-0.044462148
-0.05826374
0.1402915
-0.030262811
-0.13853402
0.21860072
0.15215649
0.14944956
-0.20327717
0.2915059
0.2626298
-0.25763935
-0.17772742
0.070307516
0.037331037
-0.20133315
0.19693863
-0.123746134
0.26675716
0.019278407
-0.14540695
0.16192348
-0.30241698
0.012598557
0.15234435
-0.15455292
0.037087426
0.07114448
-0.12081894
0.21093646
0.07809247
-0.20648266
-0.04457217
-0.1767497
0.121847674
0.12870547
-0.017573668
0.17732489
0.08233851
0.13103339
-0.06109104
0.20412064
0.26566315
0.05192661
0.058332365
-0.21235739
-0.11175639
-0.08167251
0.0743065
-0.04921541
-0.17522542
-0.252458
-0.060551696
0.07880163
0.12631333
0.23146819
0.0040545724
-0.16049063
-0.21721168
0.27271515
0.22174382
0.08014469
-0.13122211
0.13324502
-0.039411645
-0.037487708
-0.016646573
0.036292013
0.19745456
0.03335335
-0.14452332
-0.09573566
-0.12865108
-0.013491404
0.028871583
0.22382689
0.10867206
0.040630206
-0.009129698
-0.16622512
0.066204324
-0.021370765
-0.04428721
0.13383894
0.009308955
-0.23800756
0.0024660595
-0.2694143
0.10733721
0.06079539
0.16634458
-0.30146125
0.12682636
-0.16389723
-0.0052120215
-0.059374493
-0.044538777
0.20825009
-0.5148614
-0.11655862
0.21439692
0.052395936
-0.1370227
-0.46676445
-0.27978936
0.11879639
-0.19937679
0.21598807
-0.19878724
-0.09218013
-0.24448432
-0.097084045
-0.09496041
0.3016657
-0.14894105
0.02000156
0.08246063
0.1285347
0.19444679
-0.25798965
-0.013439272
0.23078375
0.12017293
-0.0121164
-0.15741245
0.2757425
0.1409604
0.171044
-0.0789161
-0.016354322
-0.12847723
0.17013045
0.08450863
-0.19242756
0.08467357
-0.096223675
0.1477897
0.11783332
-0.069344595
-0.16088575
-0.22281916
0.28797045
-0.017876087
-0.059418824
0.17655598
-0.01358284
0.079820424
-0.08257413
-0.004654441
-0.1731969
0.24158022
0.10934371
0.037913274
0.28186938
0.19152948
-0.13266054
-0.020030651
-0.10682434
-0.065015756
-0.16770719
0.0210174
0.19633314
0.15651749
-0.004818244
0.099048816
-0.031777326
-0.07210086
-0.0805424
0.12088313
0.069654725
-0.098917104
0.010415758
-0.1630602
-0.22643068
0.20303814
-0.114629276
-0.10669994
0.19310299
0.14273062
0.06576202
0.046268813
-0.035077967
0.06550198
-0.053618647
-0.09345476
-0.06405561
-0.19659701
0.19794443
-0.084001146
0.0021170087
-0.0016163185
-0.096994504
-0.0046500224
0.17943381
-0.06794467
0.008259184
0.1634426
0.1627128
-0.123154804
-0.07349964
-0.15364902
0.17053796
-0.30278108
-0.0029412224
0.15622172
0.19341007
0.14748673
0.15565553
-0.08708819
-0.07408394
-0.0036544048
-0.1662839
-0.049045917
0.116914734
-0.043570794
-0.11593912
0.100565396
0.18454398
0.032508813
0.15670033
0.22672793
0.17012139
-0.05412435
-0.26299217
0.08081676
0.024231263
0.14070843
0.11872161
0.20547278
-0.13439061
0.10368048
0.008740889
0.0013205297
-0.126675
-0.18538643
0.019887218
0.12237739
0.08201689
0.05303979
0.20866938
-0.022002727
-0.1574656
-0.06999636
0.12818868
-0.13343588
-0.059624128
0.1561971
-0.09296274
-0.0935704
-0.008936877
-0.03064913
-0.10266172
-0.21094713
0.0423849
0.11606521
0.1774088
-0.09608267
-0.16495429
0.09412771
0.21358036
-0.08356331
0.14847538
-0.106636636
0.051123343
0.01283097
-0.06632226
-0.10259286
0.18010317
0.07242583
-0.07924881
0.005028044
0.016912144
-0.18162076
0.19234248
-0.123972625
-0.14158952
0.13277328
-0.009859853
-0.19265133
-0.14572714
0.14172848
0.13958777
0.07755813
0.17869443
-0.16101417
-0.1271868
0.13748863
0.02489024
-0.020375485
0.108756326
0.12257948
-0.02038737
0.055956487
-0.047395293
-0.026236659
-0.07430933
0.24991588
0.13216545
0.14988874
-0.21401918
0.091363415
-0.1329641
0.23998132
-0.015424394
-0.1784618
-0.18562092
-0.25009298
0.17022891
-0.27976128
0.05390989
-0.09063815
0.19713707
-0.12436044
0.07837598
0.08673293
-0.011921279
-0.05349991
0.28696948
-0.115686975
-0.107439786
0.011815574
0.1208765
-0.052846625
-0.19629629
-0.066485174
0.017740425
-0.08936541
0.0150227845
-0.02024796
0.22204356
-0.19185661
0.17194165
0.055727232
-0.13696553
0.03375827
-0.15848823
-0.06450382
0.21884112
0.06075571
0.03866433
0.105229795
-0.017366422
0.018450258
-0.10687418
0.0969749
0.22520722
-0.19721684
-0.09375157
-0.07069397
-0.22338289
-0.08180926
-0.05556274
-0.17426145
-0.11168632
0.12409546
-0.2047546
-0.100281894
0.124939896
0.0697725
-0.22015846
-0.0078944685
-0.02937049
0.23293358
0.049164172
0.056756902
-0.13739845
-0.043225557
-0.073950544
0.06940602
0.20908643
0.09543814
-0.019404965
0.0034294452
-0.23651323
0.12782788
0.2375906
-0.26060227
0.060993653
0.030030716
-0.02804447
-0.026128354
0.23275138
-0.031716887
0.09996342
0.17057185
0.0008348036
-0.07740537
0.098546304
0.10629796
-0.12203781
0.052346233
-0.103756264
-0.13063505
-0.13565363
-0.1449406
0.26936466
0.07158457
0.15026636
0.06855091
-0.11399979
0.15994637
-0.18239418
0.05785127
-0.09191664
0.095195025
0.060075857
0.24513112
0.07431724
0.16155154
-0.15605836
0.13040663
-0.04054389
0.08458351
0.03474228
0.20138952
-0.15871388
0.21185672
0.029940438
0.011794561
0.14495869
0.033207458
0.063874304
-0.2180586
-0.009180502
0.009485377
-0.113243476
-0.15296747
-0.080056444
0.1616008
0.09671069
0.19241826
-0.07652146
0.10036776
0.15971631
-0.286698
0.0050313254
-0.1979686
0.066085815
-0.18654615
0.11074567
0.051290028
0.113520354
-0.24171117
0.23320691
-0.048458543
0.13985519
-0.16015379
-0.13821866
-0.1811914
-0.08934912
0.23337837
0.13303398
-0.13686095
0.06304134
0.18554746
-0.08222413
-0.05737573
-0.08222778
0.031041432
0.043806568
-0.07475407
-0.23400725
-0.14753446
0.20976639
-0.025340598
0.092644595
-0.16413899
0.17092544
-0.17933269
0.16508403
-0.006636029
-0.035470176
0.17354311
0.15021041
-0.055778667
-0.026606483
0.023180302
-0.24487251
0.16620673
-0.203678
0.019226383
0.25314194
0.22416279
-0.048529185
-0.0001992583
-0.21859899
-0.12448106
-0.01953366
0.06957831
0.02260948
-0.16188528
0.047436412
-0.02441799
0.23656945
0.12747583
0.0150061
-0.22394285
-0.06936772
0.05813609
-0.17225027
0.082288265
-0.06591556
-0.17389514
0.18160574
-0.047940396
0.31816915
-0.16809338
0.04149234
0.06626228
0.24241303
0.30001906
0.033343036
-0.29812342
-0.19612256
0.27645823
-0.061111547
0.027020086
0.07512365
0.16246095
0.17510867
0.16506603
-0.100418314
-0.20363683
-0.19401644
0.19426346
0.11653291
-0.09913584
0.031365212
0.004656462
-0.04837595
-0.067725845
0.086843856
0.0636959
-0.116901465
-0.058093563
-0.30742687
0.112864815
0.09190098
0.16219872
-0.28296795
0.22563156
-0.2623945
0.113324866
-0.02725804
0.09033536
0.37783363
-0.1457398
0.1739403
-0.28810528
-0.12108063
-0.124556325
-0.14010811
0.17004701
0.14400835
-0.008681112
-0.042041395
-0.07085289
0.2768024
0.06458354
-0.14833601
-0.1719229
0.020533124
0.12834993
-0.1958045
-0.1644288
-0.14757107
-0.12713517
-0.08358063
-0.1020295
0.3448129
0.088611014
0.16009432
-0.040688086
0.26596555
-0.061444107
-0.11007887
-0.18169299
-0.17686547
0.028237175
0.16747476
-0.20224977
-0.15656798
0.08484089
-0.15929015
-0.010612267
-0.03529587
-0.12242823
-0.05605405
-0.09504508
-0.1623895
0.11406657
-0.105223
0.070653945
-0.06298866
0.07720195
-0.19641386
-0.13325498
0.08785906
-0.22516517
-0.020914702
0.089334235
0.16400966
0.22442342
-0.055887043
-0.09807129
0.19177158
-0.06496082
0.04300947
0.24533236
0.1332685
-0.091374286
0.009224375
-0.11465751
-0.10859292
-0.06625892
0.07498364
-0.17323218
-0.04553338
-0.21157217
0.19894466
0.13896114
0.014106932
-0.040733065
-0.01810848
0.14843316
-0.118599154
-0.09987681
0.016314084
-0.11667458
-0.0033229815
-0.10092654
-0.18892844
0.023091568
0.26058927
0.011805154
0.1117627
-0.088598244
0.1759346
0.07152104
-0.13706416
0.12972495
-0.21202925
0.05907167
-0.13078511
0.0071863984
-0.025136763
0.056251466
0.08290263
0.117074944
-0.106469594
-0.05100278
0.1160478
-0.1108639
-0.0064058993
-0.09943143
0.032329526
-0.11831033
-0.072684325
0.0408161
-0.085247636
0.11510345
-0.089433394
0.012157702
-0.018619547
0.085744046
-0.14310153
0.104280904
0.08785014
0.029967396
-0.1081745
-0.09688093
0.018435532
0.13737985
-0.05591102
-0.20585845
0.06993171
0.04330332
0.14878097
0.19353022
-0.12874915
0.12663084
0.09212972
0.13190894
-0.07563251
-0.0322085
0.15305273
-0.023020655
0.25610414
0.06833479
-0.17649072
-0.027208103
0.108834304
0.16218498
-0.09236455
0.097756915
-0.039113026
-0.06741979
0.13721396
-0.03238012
0.20956309
-0.12578128
-0.119916365
-0.079634346
-0.08481889
-0.0023202766
0.090548456
0.20159084
0.056264978
0.10782405
-0.10943021
-0.09677193
-0.040672675
-0.043135908
-0.12824102
0.09118774
-0.022754706
0.18581027
-0.10406535
-0.018269923
0.12030373
0.031134164
-0.17244276
-0.033687457
0.026470402
0.19397119
-0.07605618
0.015366278
0.10487517
-0.111772865
-0.07011761
-0.0972954
-0.08299485
0.032707058
0.10283484
0.04353989
0.07898073
-0.09516414
0.15882006
0.007943643
0.10019984
0.18588284
0.09179841
-0.16691086
0.04336185
0.079868205
0.17433327
0.12995033
0.09174854
-0.021995112
0.18602993
0.07589343
-0.031313397
0.00079059025
0.023064418
0.1566898
-0.09511242
0.12671493
-0.023731591
0.09728523
-0.020464757
-0.14492957
-0.06603776
0.17486691
-0.14032876
0.13011551
0.023045575
0.13999343
0.1342698
0.167286
0.15437949
0.015137807
0.1958251
-0.020383392
0.1019994
0.02896249
0.11038853
-0.18244064
0.12535812
-0.08629342
0.07732862
-0.15441412
0.0359888
0.10224057
-0.13127333
0.18011504
0.04349747
-0.16421758
0.16960393
-0.1031834
-0.12317036
-0.1510845
0.19656081
-0.058789693
-0.108920895
0.13132808
0.015575563
0.15381955
-0.049221814
0.09274608
0.19226949
0.1101288
-0.13025431
0.20264623
-0.068257034
0.16438685
-0.11323655
0.08832092
0.039897103
-0.025787499
0.12050805
0.17949674
-0.067253225
-0.17100556
-0.12708518
-0.12046379
-0.07601793
0.061690155
-0.032022763
0.13883874
0.087610856
0.09927779
-0.0799979
0.055385385
-0.13780482
0.013591764
0.08139836
-0.1965055
-0.066682555
-0.1265265
0.12795185
0.19470018
0.097602814
0.0907908
0.1672862
-0.09360498
-0.11599519
0.18468264
0.15498394
-0.12519066
0.19616006
-0.17398788
0.21754774
-0.056831855
0.2296755
-0.14990065
0.1732329
-0.009986021
0.03348018
0.12590934
0.13516413
0.12656677
-0.0890388
-0.032042947
0.11152621
-0.1847316
-0.11688544
-0.10173389
0.23546128
0.043346092
0.15428206
-0.14536677
-0.099266805
-0.18474686
-0.022769013
0.10501964
-0.012717453
0.18193871
0.11890695
-0.10813854
-0.19945587
-0.26748827
-0.15910198
0.20797168
-0.080066904
0.10467186
-0.20623948
-0.14644343
0.18286343
0.113649495
-0.08411381
0.01697429
0.09108841
-0.1249022
0.046763867
-0.12828869
-0.24271703
0.018763015
0.1800346
-0.07482102
0.032636203
-0.28847843
-0.038437072
-0.05882565
0.25532302
0.039046444
-0.04354089
-0.14741988
0.08294965
-0.052900128
-0.0062103546
0.0772767
-0.030932985
-0.062522545
0.14768475
-0.17968054
0.031002177
-0.17828098
-0.10089571
0.22498877
0.06365183
-0.11797084
-0.06849561
0.15223661
-0.09978064
0.028368983
-0.113302104
-0.089150935
0.02856381
0.10173029
-0.36071092
0.08219299
0.30098853
0.09431633
-0.270115
-0.07328058
0.025207955
0.03809945
0.1117505
-0.048866402
0.27673542
0.043630283
0.09241639
0.08068278
-0.068948545
0.14688796
-0.10842146
0.07397866
0.3548084
-0.2402398
0.122081645
-0.067779414
-0.17337102
-0.15427066
0.041983254
-0.20594332
-0.103353664
-0.13465707
-0.011091237
0.20278105
-0.16518502
0.14678839
-0.060784575
-0.05867227
-0.10389431
0.09644673
-0.091509
0.18917602
0.06982658
0.24428816
0.07111283
-0.0570842
0.15144601
0.10647931
0.20109975
-0.24064577
0.02899568
-0.09109893
-0.15741552
0.008333313
0.1009408
0.0016615548
-0.10098893
-0.034256905
0.078883275
-0.04961429
0.030378472
-0.1538576
0.1124032
-0.25973782
-0.05660345
0.027924446
0.11102306
0.08573565
-0.08246833
0.009809686
-0.046934158
-0.088862404
0.06630234
-0.015341329
-0.16159217
0.18900307
0.02710027
-0.09969348
0.021053983
0.10555782
0.08460588
-0.19501667
-0.20501108
0.0643272
0.1346088
0.20585728
0.15180868
0.070346706
0.106363826
-0.16131923
0.10651987
-0.111232154
0.0429402
-0.1328698
0.005504332
-0.115312204
-0.27434617
-0.04197365
0.11686322
0.18869457
0.0040527754
0.037900377
0.17832716
0.19340962
0.07834012
0.17275679
0.011214003
0.25643757
-0.0027414425
0.009387766
-0.18728492
0.01265782
-0.0031822445
-0.19201061
0.0068446295
-0.08430322
0.018017845
-0.19660315
-0.1200001
-0.02390369
-0.12008384
-0.035524126
0.14601018
-0.018410869
-0.0051587946
-0.22301622
-0.13591519
-0.062244784
0.008180473
-0.15431532
-0.051587053
-0.09119335
-0.14199558
0.06516204
0.099781856
0.13525625
-0.21083423
0.061770227
-0.047214992
-0.18519537
-0.038988575
0.20802368
0.08878835
-0.1890078
0.18219693
-0.01594196
0.23287664
-0.18486404
-0.04918795
0.021432484
-0.0055934926
0.18334818
0.31974342
-0.20902652
-0.17138354
-0.15168087
-0.22044289
-0.15351295
0.18004994
-0.16650876
0.0996835
-0.112819605
0.15229599
0.19271095
-0.18848814
0.03764718
0.046700668
0.048675176
0.004387311
0.05559229
0.20204085
0.0014434934
0.02571887
0.016335173
-0.01586355
-0.07487307
0.15012906
0.2833678
-0.041720092
-0.11287205
0.055169098
0.1787386
0.17985915
-0.15477777
-0.015007204
0.033477724
0.2896546
0.033710912
-0.07221121
-0.16409281
0.13427946
-0.061470784
0.059253313
-0.049291845
-0.13806196
-0.08021985
0.17628159
-0.08400942
0.17794189
0.21330239
-0.18396838
0.0994954
0.09727068
0.18161625
0.22386338
-0.11051512
-0.09204333
-0.25241712
0.21355157
0.18823151
0.0052635428
0.2144436
-0.007239615
0.070149265
0.039985806
-0.0753809
-0.11636116
0.16383874
0.21747507
-0.09709757
-0.025323715
0.20773287
-0.074371055
-0.035890613
-0.11210051
0.18490511
0.17977582
-0.14476894
-0.0707783
-0.15046689
-0.036379546
0.05342335
-0.10944115
0.0657786
-0.1133116
-0.02738009
0.10099977
-0.15356171
-0.011268162
0.13376695
0.054891642
0.08135543
-0.16328749
0.088052824
-0.04094962
0.020341177
-0.02340163
-0.09813827
-0.13885562
-0.19061342
0.07585158
0.007151717
-0.15303172
-0.01839305
-0.048579063
-0.037671193
0.040777344
0.14045349
-0.060385823
-0.092906386
0.18848504
-0.10081354
0.005707662
-0.086702175
0.096719615
0.17346026
0.06143867
-0.004105356
-0.054095764
-0.051108453
0.16813332
0.21086113
-0.06594602
-0.025586259
0.12184931
-0.09699076
0.08277584
-0.1694953
0.070615746
0.2024136
0.11660472
-0.14379
0.11005491
0.09885905
-0.09280915
-0.078927204
-0.1334026
-0.07096225
-0.07998897
-0.020515876
0.012429593
-0.105175674
0.11734703
-0.051156048
-0.16286741
0.049615175
0.14259268
0.009408045
0.21065028
0.114131935
-0.11933921
0.1933198
-0.07377275
0.009544616
-0.04826254
0.06739007
0.106760696
-0.14045148
-0.054439623
-0.20872557
0.05414917
0.019270416
0.1863027
-0.06422936
0.14618677
0.15309677
0.06970534
0.08019117
-0.14910972
-0.047769055
0.101642475
0.018037193
-0.027506266
0.065790676
0.014652738
0.1445771
0.18481505
0.0062590614
-0.0010253456
-0.17098127
0.1423395
-0.034038816
-0.039781306
0.2756653
0.2701698
-0.20470731
0.03185413
-0.019838536
0.22733434
-0.14006136
-0.17693663
-0.3153589
-0.1299295
0.032609567
-0.010563873
0.22649898
-0.16998395
-0.036758743
-0.112426326
0.10118244
-0.17533728
-0.027158841
0.18672062
-0.11577028
0.080048695
0.024275012
-0.23558031
0.15676704
0.20482218
-0.06277037
-0.011427979
0.06259088
0.14025518
-0.32327643
0.17050883
-0.015049118
0.18275195
-0.0417282
-0.14076518
-0.03171971
0.18673323
-0.15509254
-0.038844876
-0.12915824
0.09899499
-0.27360275
0.11338043
0.056461144
0.12349559
-0.12849738
0.07578703
0.3543561
0.14363992
0.1592393
-0.062280253
0.07931101
-0.1298529
0.24476191
-0.1321545
-0.03634895
0.22003016
-0.11441214
-0.03253025
-0.1579062
-0.23089314
-0.22103047
-0.03946813
-0.06828322
0.0374791
0.21044214
0.060645692
0.041791447
-0.20071667
-0.03853781
0.012087634
-0.1558995
0.1612673
-0.14765231
-0.11631011
-0.17194992
0.08028837
0.24856731
-0.0726042
-0.15988797
-0.014326251
0.06706876
-0.30679524
-0.09268573
0.04240627
0.047486484
0.12744479
-0.06312955
0.09282399
-0.04556664
-0.20406783
0.19299608
0.07296798
-0.019025307
-0.21061224
-0.079636596
-0.023980567
0.029127609
0.03888008
-0.29548576
0.21744421
-0.042159308
0.14679381
-0.13251242
0.007743971
-0.22718167
-0.09149661
-0.01234581
0.043702602
0.10356567
-0.16888134
0.19616552
-0.30699673
-0.27097583
-0.10538205
-0.024666158
0.2832689
-0.029117728
-0.13860747
0.038343526
0.13906159
0.09631629
-0.089630604
-0.1158633
0.15490362
-0.051336534
-0.008946849
-0.20887135
0.0055470564
0.19915347
-0.22712332
0.16155414
-0.16927691
-0.13996181
-0.06403248
0.2366978
-0.00021741986
0.08824784
-0.059309658
0.015551033
-0.12424126
0.10962921
-0.046679627
-0.026273599
-0.034365017
0.2072051
0.09837545
0.26799238
0.012226975
0.109457545
0.11258361
0.007919378
-0.04054351
-0.032371134
-0.09024274
0.12228409
0.22329967
0.13144858
0.20498502
0.059100933
0.1875054
0.10809397
-0.03291653
-0.13257131
-0.06350634
-0.06605565
-0.018375209
-0.03518687
-0.11999332
0.1583114
-0.11414824
0.027244247
-0.06320843
-0.17422518
0.032502607
0.05390906
0.09957266
-0.06434331
0.21804407
0.11502536
0.18954366
0.042061843
0.08642415
-0.2613999
-0.07171275
0.103541985
-0.15047367
-0.19146037
-0.16914214
0.15879942
-0.34254912
-0.09538136
-0.16366626
0.2863252
0.12372109
-0.0020303715
0.1816982
0.1317252
0.13525073
0.111565456
-0.21340947
0.04658362
0.03551015
-0.06454268
-0.097991824
-0.006369157
0.15831977
0.012945034
-0.17237793
0.11124392
-0.065124206
-0.0047321664
0.011598543
0.0002638868
-0.08865682
0.11262397
-0.23137264
0.109357305
-0.20885725
0.13568906
-0.1343541
-0.11196199
-0.19512247
-0.092241906
0.16314964
-0.034769323
0.25196823
0.053291515
-0.05280894
0.037036918
-0.055755276
0.08202248
-0.00020167505
0.083121404
0.04246551
0.24604368
-0.08966751
0.0841199
-0.1143163
-0.10716085
-0.19361806
-0.24478193
-0.10765621
0.018833444
0.2154432
0.083948486
-0.06061684
0.08523174
0.12375983
-0.14958902
0.18823773
0.0530846
0.1773702
0.17396277
-0.3020005
-0.16552728
-0.027413735
-0.08952615
0.09101595
-0.08165837
0.009491724
-0.06009599
-0.06001565
0.19567709
0.048169542
0.20328262
0.18583882
0.13552764
0.059252333
0.13238896
0.037734117
-0.1485915
0.19525874
0.12774993
-0.08382599
0.12462281
-0.12699562
-0.14036936
-0.08207022
-0.16614085
0.090162344
0.10049665
0.14417064
-0.0968839
0.06566504
0.17660357
-0.12833107
0.122331746
-0.11905979
0.20579585
0.062168177
0.008273791
-0.14201517
-0.16647176
0.1747852
0.10912593
-0.029267838
-0.014757417
-0.1124981
0.011092953
-0.016947536
-0.05716364
-0.06768392
0.108580224
-0.01229484
-0.0772434
-0.015114991
0.20662959
-0.09159447
-0.036939356
0.13678077
-0.011734682
0.1581392
0.011966342
-0.13399623
-0.07170708
0.098819695
-0.18491782
0.043473292
0.0056501324
-0.055135313
0.2386778
0.113072924
0.22067197
0.027377
0.2489583
0.16976422
0.20266014
-0.054868516
0.08077687
0.15745951
-0.099542685
-0.23290193
0.0063956496
0.08421167
-0.043796588
0.22164087
0.17517346
-0.30576605
0.13308188
0.019390304
-0.057213183
0.04416526
0.030546421
-0.3144735
-0.16823746
-0.3079716
0.086085916
0.15780438
0.18504144
0.24721499
-0.12024987
0.20688449
0.17914061
0.061942447
-0.13551806
-0.039426874
-0.06498759
-0.10744182
0.07902607
-0.005858652
0.01348088
-0.0034735717
-0.24240409
0.17490251
-0.12428479
0.2136572
-0.09480288
0.0014980219
0.082214616
-0.13013831
-0.16882674
0.10173682
0.24079768
0.13977343
-0.1846203
0.057415422
0.075522885
0.18431006
-0.11309414
-0.12482459
-0.1162322
0.2916396
0.09120445
-0.08629615
0.06942083
0.14482068
0.16150633
0.22119577
0.13031033
0.03468103
0.10935265
0.12927952
-0.1065367
0.0067074127
0.18568717
-0.17089859
0.11409766
-0.051128577
0.14181833
0.090430744
-0.0052504158
0.1848533
-0.14621784
0.12664042
0.17066668
0.0039517423
0.09356864
-0.1745275
-0.1487138
0.25257987
0.1699656
-0.01608171
-0.07467655
-0.16839336
0.11055217
0.1417981
0.0013169212
-0.21806443
0.079166465
-0.02708084
-0.18655854
0.16532476
-0.06936131
-0.011911123
-0.37859222
0.121399954
0.04789669
-0.12829353
-0.13252242
-0.0426444
0.13544525
-0.023448462
-0.004976715
-0.02690123
0.06954113
-0.091293566
-0.10249077
0.025679298
-0.07176198
0.16808163
-0.009183315
0.20045538
-0.043864578
-0.0042702523
0.016083969
0.18935683
-0.11509157
-0.12099942
0.08129095
0.16353719
0.15133393
-0.0754689
0.062809415
-0.020391008
0.05210503
-0.01647865
-0.09822161
0.059822448
-0.099376634
-0.18562141
0.13472739
-0.009426729
-0.08290505
0.029724643
0.1914825
0.06152299
0.15558304
-0.15083756
0.08504836
-0.11027924
0.053865552
0.12320138
-0.16373
0.16094692
0.1918954
-0.087429635
0.18753068
-0.11117741
0.013797383
0.19939514
0.04214687
0.103133276
0.10322794
0.085771546
0.1533367
0.17985784
0.13558151
0.04184552
-0.19633684
0.2153034
-0.08346452
0.17133936
0.07212636
0.025942275
0.084701404
-0.1964787
-0.41996688
-0.20523253
0.062824726
0.13674311
-0.19852169
0.1979298
-0.1387813
0.06452999
-0.16740717
0.086406514
0.042642824
0.06411947
0.07298081
-0.26734784
-0.21592094
0.013319284
-0.10086007
-0.03214355
0.09522988
0.159644
-0.14088318
0.215624
0.20041344
0.0116045745
0.051306136
0.0052677374
-0.060626764
-0.16527313
0.1544604
0.15971112
0.15898685
-0.03712341
0.14328331
-0.122621395
0.007876857
-0.047470484
0.21324773
-0.15548281
-0.105409585
-0.14751504
-0.08705818
-0.24736413
-0.019449692
0.10560525
-0.0644819
0.09034601
0.08947845
0.18932752
-0.081610516
0.19270177
-0.031490803
-0.22113791
0.118826576
-0.07232745
0.019294698
-0.16576593
0.010784115
0.073560044
-0.09508153
0.10691237
0.16058548
-0.14607547
-0.10589339
0.17625049
-0.13479953
-0.03485986
0.009971761
-0.005233454
-0.1693557
-0.017074613
-0.09607664
0.11356657
0.06459008
-0.06857401
-0.04853561
-0.04534633
-0.09448582
-0.09824927
0.03377278
0.23193301
-0.03397626
-0.109441325
-0.103697106
0.07261006
0.047050595
0.117587306
-0.15359502
0.090065636
0.14036909
0.14800093
-0.017392034
-0.023994796
-0.08515414
-0.027786657
-0.114330344
0.1325972
-0.025527222
-0.09378282
0.22865854
0.22767009
-0.14490473
0.08828653
-0.3202612
0.1548136
0.0926871
-0.11424895
0.051376812
0.19811289
0.23337458
-0.1356705
0.12209429
0.09261183
0.13794032
0.230142
0.033632617
-0.029422488
0.2290959
0.15721165
0.1347977
0.091462
0.016193774
-0.0757511
0.10508805
-0.08780745
0.04032636
0.0699277
-0.12005263
-0.08329776
0.115589276
-0.1510811
-0.1301327
0.22039868
0.09456451
0.05508936
0.09402081
0.12488801
0.15079038
-0.37585685
0.29975626
-0.15684426
-0.067458026
-0.16026402
-0.014735747
-0.00020675156
-0.33045056
0.12423268
0.31019726
0.12264248
0.09884484
-0.24734074
0.021120433
0.14516577
-0.08838455
0.1382971
-0.13248044
-0.28740174
-0.13788477
0.01238795
-0.10581542
0.015810335
-0.08343916
-0.14320408
0.089200296
-0.0783526
0.1667367
-0.23086135
-0.15788765
0.12964182
0.06620422
-0.32816985
0.12705356
0.22167936
0.10270105
0.09417461
-0.070483714
-0.11975922
-0.22664627
0.20844315
-0.09426171
-0.34195518
0.27876458
-0.06888323
0.19912586
-0.106237106
0.23267339
-0.07998418
-0.086776964
0.3078331
0.05489614
-0.031817146
-0.12803389
-0.005448689
0.22170642
-0.027254418
0.1882885
-0.17710237
0.09558963
0.086587965
-0.097899355
0.082222246
-0.04879924
0.12016069
0.19375986
-0.00838508
0.04883474
-0.19109946
-0.038978554
0.2084499
0.12628551
-0.15868326
-0.18699215
-0.23389015
-0.2769281
0.12376343
-0.07269095
-0.04046623
0.0027359708
-0.04899527
0.105422445
0.05603499
0.047930878
-0.0140782595
0.09549123
-0.42632103
0.12323652
-0.048176393
-0.20824389
0.026456026
0.021663906
-0.19522838
0.1290109
0.036597367
0.037968203
-0.050417345
-0.0982155
0.22687931
0.22795375
-0.13281018
-0.26176786
0.10555143
-0.0017988468
-0.042547826
-0.25254297
-0.1800922
0.07430844
0.13803768
-0.037206247
0.18912691
0.16491264
-0.1174738
0.21398976
-0.15216057
-0.04846104
0.14357331
0.13643977
0.028817127
-0.08798391
0.06370836
-0.022217551
-0.05654149
0.22069506
0.2195219
-0.08303729
-0.03199791
-0.099129796
0.050203525
-0.045373157
0.13000633
0.20452398
0.10817128
-0.22443137
-0.012758163
-0.0054387604
-0.12998915
-0.0039618886
0.04406377
0.002329807
-0.04422197
-0.017521573
-0.12523144
-0.045542628
0.165405
-0.15511791
0.09457365
-0.05193995
-0.102256574
-0.17725772
0.2166425
-0.005000837
-0.3894762
-0.1236913
-0.06515473
-0.08276361
0.07950631
-0.26443735
0.19158085
-0.09206847
0.02081597
-0.15929753
-0.061897498
0.13853018
0.085862994
0.047795326
0.014834841
-0.11434984
0.013174558
0.082503654
-0.13985538
0.0980646
0.008257314
-0.1407472
0.17794728
0.18554614
0.14730726
0.082490966
0.199663
0.25809327
-0.15726867
0.07976708
0.23932742
-0.047099296
-0.20466682
-0.065481395
-0.012990159
-0.21309347
-0.1817438
0.12615453
0.053082358
0.19531596
-0.22605886
0.21646672
0.13156901
0.07146531
0.07579825
0.10748657
-0.06966932
0.019432783
0.17986181
0.10782823
-0.1877302
-0.09892182
-0.2062791
-0.08798341
-0.1676925
-0.1846188
-0.15025854
0.13086294
-0.017980505
-0.13002495
0.18606937
-0.08892916
-0.23137553
0.016776511
0.16821043
-0.10699264
-0.19911666
0.016924962
-0.24769424
-0.12382666
-0.20595258
-0.030997291
-0.079497814
0.017003065
0.07469378
0.1969252
0.18679158
-0.063103646
0.057289526
0.050998412
0.27595308
-0.04030725
-0.28245887
-0.048572153
0.1222397
-0.0059539117
-0.16486338
0.09239228
-0.19339374
-0.19867738
0.097289145
0.19404647
-0.0073497207
-0.07673245
0.20961556
0.19024831
-0.0069399243
-0.11966415
0.02331393
0.009402
0.30158085
-0.20760384
-0.04941539
-0.10380033
0.09660792
-0.10356198
-0.01021179
0.057628863
-0.25621837
-0.051942606
-0.03062483
0.15109855
0.22589067
-0.26822212
0.08392514
-0.12919483
0.044224158
0.109036885
-0.2526311
0.1909632
0.13197558
0.07766036
0.20211948
0.25047532
0.17706566
-0.0851107
0.18981315
0.20205878
-0.16584244
-0.0059051076
0.2808619
0.046464372
0.014790055
0.07329458
0.22202191
0.082381085
-0.10266937
0.16578619
0.15495901
0.18560138
-0.15029357
-0.14108048
0.061120283
0.15871304
-0.0028422964
-0.1633441
-0.12810214
0.32835954
0.37650558
0.022130301
-0.06566763
0.024862653
0.26308817
0.3565159
0.15899156
-0.21628597
0.053470843
-0.04124122
-0.16735828
0.19356595
0.10634095
-0.20429301
-0.08634714
0.17390817
0.007286427
-0.20460106
0.020903533
-0.124673255
0.21350406
0.002161453
-0.01734353
-0.16152382
-0.0371018
0.16628888
-0.10386453
0.3381276
0.16774656
-0.019536607
-0.21541238
0.17807522
-0.0119692795
-0.023172785
-0.18595882
-0.13147575
-0.16837898
-0.073768884
0.0011725975
0.3572353
0.2230842
0.13302937
-0.10489009
-0.10346785
-0.22875129
0.22222595
-0.08902501
-0.2223852
-0.063274115
-0.064861275
0.08295683
-0.10941031
0.03007997
0.026936917
0.14464311
0.10435108
-0.0831276
-0.21068652
0.06283383
0.21488824
0.012806635
-0.15227462
-0.022968791
-0.0605606
0.05210125
-0.07785775
-0.14170764
0.25395578
0.21290767
0.11324241
0.12201497
0.13541606
0.1705432
0.04441018
-0.021605091
-0.28662735
-0.19912446
-0.23600025
0.17122103
-0.024648197
-0.08685701
-0.18830658
-0.01658132
0.003200462
-0.06676069
-0.12755048
-0.033009224
-0.1943262
0.023622068
-0.14995301
-0.124345206
0.096576564
-0.06532107
0.111392885
0.07962393
0.07637545
0.0024038767
-0.19279863
0.09388313
0.1480138
0.18555559
0.023042442
0.17865886
-0.11572277
-0.029123055
0.08839985
0.024403583
0.07916156
0.12612969
-0.067753196
-0.12176258
0.13407917
-0.03425138
-0.29450184
-0.0054551703
0.13863729
-0.08239813
-0.22972086
-0.10192113
0.17107333
0.08256615
0.03927813
0.0004491627
-0.036204882
-0.08226575
0.096074775
-0.08191284
-0.06663109
-0.06042476
0.11434579
0.1958945
0.092514955
0.16921322
0.16523463
0.004557072
0.00418588
0.21369687
0.034754608
0.14054783
-0.007386627
-0.027808443
-0.16557802
0.058250073
-0.058246836
0.09988478
0.0787284
0.14427444
0.027811307
0.051210724
0.12433658
-0.03943029
-0.24024971
-0.031158553
-0.2270952
0.030729044
-0.11519626
-0.08413309
0.076794825
0.020690165
-0.12357299
-0.15285218
0.079826094
-0.08914511
0.029142452
0.15549165
-0.19685169
-0.06548133
-0.024043344
0.15264404
-0.049536318
0.045372125
-0.23183836
-0.20887679
-0.027055187
0.014112322
0.10152112
0.1779843
0.11931343
-0.1997792
-0.0061476575
0.011631651
-0.17592189
0.2596716
0.03598655
0.049192913
-0.13651669
0.17310289
-0.060991146
0.06066674
0.058910884
0.021929538
0.17041786
0.119798675
-0.06842276
-0.0925026
-0.041107856
0.13705392
0.043052647
-0.0065736193
0.0882269
-0.133048
-0.081598476
-0.13799502
-0.16765767
-0.16592908
0.07699018
0.0968946
-0.06262999
0.07485743
-0.08655993
-0.07780366
0.0136523275
0.14258438
-0.22403951
-0.07091185
0.1905978
-0.17101799
0.05076483
-0.0054935715
-0.0786465
-0.1166671
-0.19686097
-0.056006756
0.0625911
0.19037339
-0.079787545
-0.09593878
0.0065096933
-0.21103792
0.18876284
0.10980383
-0.11781005
0.30367547
0.13473317
0.07433577
-0.22215042
-0.106471345
0.0020024334
-0.025402632
-0.035989758
0.0133196395
0.111250415
0.011563652
0.15559763
0.06351453
0.07776863
0.25869656
0.0019641668
-0.19296339
0.03928778
0.20951341
-0.008863723
-0.00014351761
-0.10419853
0.10470574
-0.04978942
-0.014896285
0.14572504
-0.023555303
0.10461227
0.09021846
0.15306525
-0.09269289
0.037945405
-0.2274202
0.18886727
0.027565347
0.009484174
0.12715414
0.13651092
0.113845974
0.11059691
-0.12967212
0.21090935
0.059187483
-0.070670106
0.21608002
-0.22803093
-0.21012206
0.10124431
-0.37050432
0.12913346
0.17445348
-0.05373095
-0.18527037
-0.12738185
-0.0025369597
-0.054100342
0.27385154
0.25217298
0.14674702
0.24677803
0.15399526
-0.2555391
-0.00021875635
-0.28188974
-0.051474296
-0.09604768
-0.18650717
0.10718852
-0.15719008
-0.17529613
0.16009603
0.095992625
0.19137765
-0.01635454
0.36379364
0.0076337834
0.20774315
-0.20536204
0.056823045
-0.063985825
0.22723114
-0.14018632
-0.187499
0.08890359
-0.037592094
0.081706144
0.0586142
0.16213733
-0.29310012
-0.05197253
0.061412282
0.12894301
-0.085181214
-0.13866417
-0.11956973
0.16307563
-0.061613414
-0.19018456
-0.09539836
-0.015676534
0.11565134
-0.17117126
-0.15304378
0.09818746
0.11251588
-0.1466851
-0.09361121
-0.23767835
0.21888721
0.08644663
0.09724907
-0.1604038
0.0005151185
-0.044253383
-0.1775317
0.03587578
-0.10433255
-0.034959048
0.18509264
0.19470492
0.05415952
0.11571767
0.06063205
0.13178477
0.14053948
0.1610552
-0.081964836
-0.027754314
0.086792044
-0.040771823
-0.09632019
0.042133905
-0.2510925
0.16020985
0.05473918
0.078408845
0.21462722
0.07258998
-0.10404672
-0.18041413
0.1858309
0.09903288
0.03536255
0.11412297
0.0061330516
0.19816755
0.132577
-0.12116587
0.15884337
0.061688032
-0.16819748
0.12604849
-0.0038403603
-0.09847578
-0.059989695
0.0073684747
0.13423745
-0.13390283
-0.011974804
0.12876889
0.08287742
-0.123178035
0.21143119
-0.07543537
0.109796524
0.065645225
0.1797957
-0.040893048
0.1506082
-0.05705952
-0.07797743
-0.11287524
-0.09890984
0.025142645
0.1176756
-0.11461829
-0.043363225
0.08370649
-0.12931076
-0.06258989
0.014555144
0.09733207
-0.11803127
0.010908211
-0.15729925
-0.0017082528
-0.042802565
0.18036592
-0.13999009
-0.090753436
0.018979853
0.05191516
0.20785148
-0.023787556
0.25935438
-0.02503797
0.2243187
-0.037775937
-0.054964043
0.14439794
0.18861045
0.034910202
-0.23986936
0.02340121
0.0017689537
-0.16782366
0.13770106
0.047957044
0.060433056
0.20798536
0.07377478
0.0029215193
0.19252524
-0.07331091
0.0648488
-0.11376803
-0.149965
-0.31491718
-0.11241154
0.09990293
0.20649762
-0.08148307
-0.014995662
0.10462804
0.088197686
-0.26326543
-0.20874245
-0.12630737
0.031155517
0.085521095
-0.18781348
0.06352602
0.11185781
0.106621586
0.07810082
0.16309355
-0.0561377
-0.081295766
0.14486259
0.11497487
-0.15261096
0.15125717
0.17730983
-0.12816414
-0.14920011
0.17395085
0.050853517
-0.14633508
0.047755532
-0.19429082
-0.08122715
-0.025759103
-0.03839961
0.09025361
0.14375414
0.15708502
0.19970544
-0.122112796
0.13508914
-0.20095152
0.025416255
-0.124051474
-0.11770343
0.10477311
0.10287989
-0.18797818
0.01287322
-0.014352583
0.14133717
-0.037292045
0.1150093
-0.109587915
0.06530187
0.19755548
0.046140127
0.111289665
0.12178054
-0.14060454
-0.05734607
0.05296862
0.14687134
0.06947298
0.02399109
-0.061950896
0.029685764
0.10151429
-0.050647635
0.07839502
0.07208745
0.033649534
0.11500774
-0.25289288
0.12599091
-0.039889257
0.043818664
-0.03923532
-0.08092237
-0.111356474
-0.022818472
-0.055077188
-0.053935055
0.10320424
0.022554882
0.12533645
-0.29135862
-0.037200443
-0.029393947
-0.17436385
0.09829757
0.056056034
0.17559154
0.02363933
0.18172963
0.024606122
0.2148311
0.12535764
0.028371368
0.051069334
0.16114819
-0.17622636
0.16746795
-0.14944482
0.15738261
-0.15392673
-0.06402758
-0.1314248
0.21584208
-0.090975635
0.1940998
0.24625508
-0.16648662
0.0961919
0.20666842
-0.2313913
0.108700216
-0.016432656
0.062448308
0.029475953
0.104474425
0.22062875
0.115458764
-0.16599357
0.048704583
0.022479994
-0.13296147
-0.043744516
-0.21046977
-0.070831165
0.09004414
0.09638518
-0.23200756
0.00032664128
0.015043232
0.1253721
-0.055300806
0.07993712
-0.20589747
-0.014666422
0.0734246
0.04457026
-0.049266994
-0.0012944347
-0.12589437
0.08298465
-0.06163922
-0.12893768
-0.15969451
0.0019513151
-0.051796515
0.17308511
-0.0051843096
0.021003632
0.14519921
-0.16461918
0.06603234
-0.092099234
-0.041104585
0.18063988
0.03360036
-0.07724449
-0.13221511
-0.15295601
-0.13172448
0.2482182
0.16419002
0.085576415
-0.0020810596
-0.19982995
0.05283647
0.124616794
-0.01598332
0.072808206
0.15251231
-0.042033937
0.14399469
-0.18405049
0.16487852
-0.13068978
0.09484978
-0.09918785
-0.21949798
0.11465527
0.040572356
-0.0033847862
-0.09982714
-0.17798774
0.16803838
0.01484581
0.03570055
0.042575307
0.10266483
-0.23947883
0.23258144
0.17551664
-0.14012639
-0.06768627
0.019816205
0.19994967
-0.058593113
0.14044768
0.31239757
0.030193955
-0.07479483
-0.107893325
-0.0027951605
-0.029925626
0.020704566
-0.04406945
0.0027884431
0.11259402
-0.1594063
0.11896318
-0.25018126
0.044249665
0.15367717
-0.17695962
-0.1442225
0.102950275
-0.10021448
0.17094946
-0.12936527
0.10575157
-0.07946003
-0.105130635
0.19250901
-0.0032624442
-0.20987113
0.05593497
-0.010383388
0.02755086
-0.06736526
0.024960073
0.08851447
-0.0034425647
0.03454044
0.08766215
0.02182706
0.17109606
-0.10081512
-0.20799196
0.19977531
-0.16411677
0.1668325
0.08929448
-0.070477106
0.20367669
0.06415985
0.099595465
0.008391453
0.16679762
-0.025611077
0.052196756
-0.022012684
0.054492954
0.081791855
-0.2506704
-0.00041251743
0.2242709
0.08038315
-0.019979348
-0.0066183596
-0.1279493
-0.060194034
0.11962975
0.21823438
0.23612493
-0.1398472
0.2160706
-0.15160549
-0.17950198
0.19539236
-0.16895145
-0.061682504
0.12345142
-0.17084764
0.14021228
-0.31974202
0.10133138
0.1871701
0.06112903
0.16560675
-0.0456123
0.16439843
-0.22036874
-0.004037899
-0.020190999
-0.21354248
-0.049192287
-0.08758154
0.15889613
0.09197974
-0.040376637
-0.028420782
0.063514434
-0.18459564
0.051536616
-0.07728813
0.088073164
0.088815875
-0.12689395
0.120788366
0.10262236
-0.15510178
0.17644218
-0.14353089
-0.11234657
0.16845305
0.07996254
0.04328218
0.134778
0.17660986
0.20068257
0.13500111
-0.17500967
-0.101431146
-0.12871759
0.2378802
0.016845925
-0.013806282
0.07008731
0.10595468
0.19888748
-0.010335157
0.24419953
0.15836605
-0.019263959
-0.08594169
-0.06338905
0.08598273
-0.08587023
0.08238134
-0.12014583
-0.07128371
0.12941274
0.16278794
0.13296294
-0.15831994
-0.17072144
0.14335054
0.1829416
0.09328666
0.18084998
-0.058056805
-0.110649005
-0.21358155
0.07787371
0.1487568
-0.09492224
-0.02604554
-0.12401971
0.11352322
-0.12209811
0.13390125
-0.12451766
-0.042061713
-0.0067112544
-0.01543836
0.13662489
0.19423683
-0.1677483
0.23999874
-0.18362999
0.20183934
0.029121485
0.086552575
-0.20500721
-0.058921862
-0.15914373
0.20733836
0.05711734
0.1722474
0.09054144
0.13751788
0.15884839
-0.22861159
-0.14265105
0.039966375
-0.04630733
0.13030441
0.07658149
-0.19755979
-0.12228464
-0.16128707
-0.092251144
0.15968443
-0.00830795
-0.047204677
0.09862478
-0.03852452
0.20773217
-0.06159616
-0.08877887
-0.12553191
0.07043634
0.14189555
-0.27287993
-0.021297555
-0.01842122
-0.35189903
-0.008259109
0.24317722
0.04563898
-0.036679637
0.25986588
0.08969731
-0.18801434
-0.25152257
0.38386297
0.026207723
-0.15085948
-0.0069260374
0.0067333123
0.1845772
0.24042423
-0.09524261
0.08245347
0.05753853
-0.25014988
0.0043686097
0.21015216
0.1044702
0.03488401
0.28995314
0.17879115
0.08111641
-0.23074673
0.09611104
0.16182359
0.07706912
-0.033594973
-0.031083437
-0.056973144
0.026902054
0.16340427
-0.22861801
0.26286554
0.18478958
-0.1539482
0.17838505
0.095108576
-0.010471207
-0.10215159
0.101593114
-0.0854092
-0.23998694
-0.26551908
-0.0015064754
0.06510992
0.16538934
0.24678527
0.09799562
-0.0067654196
0.2622145
-0.26350728
-0.09795225
0.16149807
0.21902353
0.015458169
-0.17851909
-0.0032522231
0.05334254
0.039369497
0.2665937
0.015765773
0.18993893
0.102813795
-0.052738156
-0.31474218
0.011118907
0.04455738
0.009619862
0.21071118
-0.13618074
-0.038792223
-0.05751356
0.027924353
0.1814687
-0.016198138
0.014866006
-0.03136298
0.08040139
0.047601655
0.021402184
-0.20326973
-0.07361059
-0.08709421
-0.047240924
0.006401216
0.12998465
-0.21936978
-0.24370171
-0.030421408
0.25214177
-0.0006906208
-0.1678804
0.19613722
-0.28860265
-0.14385113
-0.3033892
0.3631623
0.114497244
-0.06928244
0.023031436
0.064538226
0.10498278
-0.25276187
0.13561186
0.06272485
-0.005719383
-0.29219335
-0.22794065
0.042485956
-0.14670254
-0.03505951
-0.12481984
0.02524088
0.2815535
-0.22023402
-0.2938162
-0.015623349
0.061850253
-0.23804721
0.10978013
-0.33129826
-0.090329975
-0.006529544
0.003848245
0.009335078
0.07631898
-0.051947434
0.026036004
-0.20029661
-0.24593858
-0.05693295
0.065252215
0.2371318
-0.16530827
0.18763842
0.17775021
0.23778398
-0.20032988
0.061537325
0.005206894
0.19598149
-0.16573448
-0.38653627
-0.23075132
0.007951986
0.057828814
-0.29346937
-0.025771353
0.14652552
0.047759913
0.22275537
-0.20550783
0.2953046
-0.14673865
0.13578288
0.026566735
0.099562876
0.086523294
-0.030218808
0.113635674
0.19769058
0.060460974
0.2503483
0.04746733
-0.085951366
-0.011438863
0.040451106
-0.16442922
0.29638624
0.09606767
-0.060072936
0.043307953
0.09057788
0.25762132
0.050492942
0.31510073
-0.22403562
-0.026334051
0.14339557
-0.07948312
0.07974706
-0.14599755
-0.028911252
0.036552526
-0.0014699657
0.19901481
-0.04860617
-0.2724422
-0.20093152
0.12238618
0.11767507
-0.12264299
-0.12795791
0.07175514
0.060560755
-0.12900744
0.13603875
0.16029587
-0.027024547
-0.049080905
-0.2123043
0.1917396
0.16073577
0.028621158
0.20985295
-0.2681396
0.09842788
0.02906754
0.0768405
0.13402404
0.23513304
-0.05609029
0.083407655
0.1770899
-0.10161913
-0.027457992
-0.09558313
0.18197113
0.16032726
0.10549941
-0.101364166
-0.1404494
0.12649694
-0.009263098
0.08615583
-0.25743225
-0.034966625
0.27879328
-0.106168374
0.024089329
0.06008482
0.01948269
-0.20527008
0.2075307
-0.24203917
0.063503616
-0.090679295
0.1097893
-0.11286186
-0.06880558
0.044545066
-0.26477575
-0.075418435
-0.20661604
-0.02771299
0.13016547
0.074345805
-0.09929995
-0.002329842
0.022719372
0.072918095
0.15472789
0.023800611
-0.09825235
0.053045414
-0.10814512
-0.1172336
0.027935395
0.18416835
0.008975549
0.10645472
0.18159355
0.012314994
-0.14795886
-0.1541497
0.033724803
-0.17386836
0.14720227
-0.16522542
0.20621306
0.026284765
-0.10151443
0.1284443
0.08174632
0.20865545
0.14065991
0.0019066177
0.093913786
0.16324942
-0.08887333
0.13141066
0.015667284
-0.13610442
0.1256936
-0.15557228
-0.11407026
0.1626853
0.061809104
0.102089725
0.16686508
-0.1064132
0.117077194
0.16544245
0.22302102
0.106162824
-0.11696431
0.18992674
0.07543918
-0.08942894
-0.1713773
0.09492501
0.0854064
-0.15832934
0.02522651
0.18703829
0.0022316915
0.15505253
0.06445683
0.08964257
-0.090324044
-0.19529282
0.058502216
-0.0964349
0.035257053
-0.05775762
0.014240619
0.0005005218
-0.009654176
-0.24608532
-0.25278965
-0.06477213
-0.16038254
-0.1512879
-0.2104639
0.122647665
0.08728881
0.14536515
-0.11473767
0.2369826
-0.10837018
-0.08587011
0.08564422
-0.15667494
-0.20207465
0.12719817
0.05261218
0.18984449
0.053888645
-0.10106292
0.2208418
-0.10560629
0.069639385
0.005478458
0.13658325
0.041106112
0.048439827
0.09528841
-0.2123734
-0.19763695
0.07099124
0.045436524
-0.030091142
0.13212584
-0.03699839
0.15836553
0.41639394
-0.08576232
0.20393056
-0.061946906
0.069127865
0.071095996
-0.0065698572
0.0970273
-0.11075035
-0.11916914
0.33091867
-0.0088347085
0.18572217
-0.06244197
-0.024391793
0.09585605
-0.03582889
-0.08094309
-0.018228134
-0.0558501
0.26302868
-0.11925919
0.09398023
0.084170446
0.24948725
-0.03968997
0.15773284
-0.031003483
-0.1300475
-0.16846381
0.10485331
0.20794263
0.081829876
0.034828003
-0.13254213
0.21779661
-0.017847873
-0.13975838
-0.11736415
-0.059629638
0.017765991
0.13423668
0.048093442
0.09687623
-0.1329281
0.062843286
-0.09910381
-0.08951782
0.04282491
0.009196371
-0.16961135
-0.1436421
-0.06358698
0.0895716
0.06959745
-0.23444274
0.16617984
0.10119698
0.002156179
-0.15344544
0.026932547
0.06156648
0.030785631
0.09556086
-0.20097528
-0.009582565
0.10462303
-0.12486087
-0.15147445
0.1739275
0.10516911
0.18644528
-0.13267733
-0.19789326
0.08684649
0.31410554
0.059939414
0.26352087
0.18301186
0.045467682
0.010063485
-0.04439977
-0.12449356
-0.017919172
0.0067174714
0.11482305
0.0990868
0.085594915
0.21433695
-0.24953218
-0.04461797
0.053435683
-0.18379985
-0.041035406
-0.13784146
-0.21871768
0.048967686
0.00089847506
0.12706402
-0.0040741106
0.08722342
-0.18456508
-0.048119094
0.19824827
-0.16473672
0.15792115
-0.027078737
0.09617734
-0.17503312
-0.025165198
-0.040961534
-0.33007976
0.06835328
-0.020646734
0.10913635
0.01808946
0.069565274
0.22879504
-0.1098448
-0.15700719
0.12910369
0.12883057
0.087566994
-0.108469255
0.29454342
0.051423993
-0.014809784
0.08931376
0.015651423
-0.04004173
0.10139481
0.007710928
-0.01790681
-0.055774678
0.13599877
0.17075822
-0.14957589
0.2262938
-0.12029797
0.27269244
-0.04283487
0.14080292
-0.06508569
0.047520455
0.021476846
0.062633924
-0.041949827
-0.027845223
0.055704262
0.2632824
0.063767746
-0.17388655
-0.171467
0.053881284
-0.2194087
-0.08991032
0.042576868
0.22286627
-0.27571902
-0.1662821
0.088604555
0.12604274
-0.1356441
-0.17765434
0.34553513
0.020341752
-0.077368945
0.04435459
0.063929565
0.06955215
0.11414336
-0.30786604
-0.18689686
0.029244233
-0.17302094
-0.2905341
-0.10920918
-0.15268525
-0.11558179
-0.123826176
-0.13040869
0.08996869
-0.02253803
0.15303068
0.050389953
-0.11982963
0.12031419
0.06535818
-0.11598098
-0.09785167
0.060185265
-0.014370653
0.06809969
-0.24935439
0.15408407
0.14581166
-0.12733883
0.15898594
-0.15957575
-0.23084286
-0.18073803
0.100177616
0.19786744
0.21823959
0.14872542
0.021340577
0.21556838
-0.12961902
-0.094533116
0.1381084
-0.14765733
-0.14327766
-0.20240802
0.048945356
0.22145195
0.23188272
-0.17799486
-0.113380246
0.15702084
-0.08053952
0.10348259
0.04084683
-0.139957
-0.0027511453
-0.18436445
0.08400866
-0.27876055
0.1518502
-0.0484727
0.17290594
0.27542225
-0.087381504
0.009018342
0.21360205
-0.21237072
0.119017154
-0.11573084
-0.054691482
-0.017071871
0.23922232
0.22188886
-0.07599113
0.08641647
0.16424233
0.24086027
0.0895794
-0.030422645
0.12142169
-0.11925131
0.18826538
-0.053949326
-0.004917272
-0.010246038
0.10211573
-0.052583564
0.19231747
-0.110767104
0.017573401
-0.20040141
-0.024386873
-0.08256949
-0.23002991
-0.0234768
0.07960416
0.28569376
-0.14521705
0.07997077
-0.03520221
0.21883243
-0.032932732
-0.07091418
-0.06955852
0.22489937
0.09597558
0.24800272
0.0711703
-0.17640403
0.13155998
-0.08784468
-0.00985841
0.1141414
0.15691929
0.1329098
-0.19608115
0.3346754
-0.11922689
-0.051852133
-0.26554972
-0.13828288
0.006531892
0.11252297
0.2575824
0.037750363
0.22335443
-0.068649344
0.0297028
0.19828795
-0.09571624
0.12629336
-0.23536374
-0.041955266
-0.2105488
-0.11269848
0.019079402
0.063777186
0.07026536
-0.21996261
-0.18898511
0.1093877
0.24948974
0.16768993
-0.20177007
0.09948709
-0.044654883
-0.019024534
-0.10099407
-0.06402856
0.21137147
0.14116326
0.004002433
0.058379382
-0.06714227
-0.0015501108
0.017709613
0.08927196
0.07964645
-0.21330665
-0.13166046
0.07727876
0.066487715
-0.10871905
-0.10868989
0.224084
-0.064852215
0.19611774
-0.03944728
-0.041681416
0.20808838
0.0048601693
-0.092365764
-0.20095885
0.14924821
-0.06512956
-0.11138075
-0.2162543
0.08496257
0.33247685
0.054348517
-0.14067075
-0.25742793
-0.47938037
-0.08922965
-0.186955
0.21463776
0.014836237
-0.057627972
-0.10541747
-0.07760698
0.02403947
0.0085059125
0.0865373
-0.10366287
-0.119569555
0.21967888
0.22812432
-0.015263177
0.13703622
0.13673522
0.001030488
0.1274386
-0.16695324
0.08376508
0.21274161
0.04180403
0.005460727
-0.04093948
-0.38634858
-0.1102038
0.057256892
0.13071589
-0.19564947
0.09355174
-0.061253563
-0.08484913
-0.07534758
0.24008948
-0.20646538
-0.1475506
0.092010416
-0.13220166
-0.1782001
0.1401425
-0.21719216
0.22853148
0.19959843
-0.1924672
-0.15226558
-0.0025737807
0.07859732
-0.08891802
-0.039864507
0.16473372
0.1603232
-0.0995412
0.102604635
0.24720827
-0.21334457
-0.051693514
0.1707629
0.23067369
-0.1987195
-0.01941584
0.10792203
-0.006787781
0.036131345
0.06729714
0.21617787
-0.19590122
0.07017464
0.2089089
0.002990659
-0.038071774
-0.09871569
-0.22317168
0.1040151
-0.18492197
0.15390523
0.08154746
-0.2626104
0.08798623
-0.13911512
-0.13309057
-0.1406566
0.27797836
0.02610867
-0.24768485
0.03430004
0.20073754
-0.22506998
-0.16126053
0.21842201
0.15322591
-0.019898413
0.21408223
0.3032898
0.12639737
0.2467293
-0.2061706
-0.1011792
-0.12218022
0.09969906
0.09763623
0.040462658
-0.02163182
0.18235017
0.17998624
0.118402496
-0.14558457
-0.065393545
-0.16790424
0.19373304
-0.07008801
0.11923943
0.051556285
-0.058156405
-0.06051466
-0.1256842
-0.086102575
-0.15474303
-0.07777
-0.08108107
0.15485628
-0.0085216975
0.0799435
0.2565958
0.0032393902
0.07854777
-0.023961669
-0.011919308
-0.16173886
0.106274776
0.14812228
-0.15852278
-0.15451486
-0.15927427
-0.09839085
-0.05342667
0.28621393
0.17665008
0.024219172
0.16554599
-0.1175056
0.12126267
-0.07708218
-0.011250537
-0.22644912
0.17178541
-0.09771281
-0.098506905
-0.19743967
-0.052204855
0.15299405
0.11297548
-0.2602628
-0.08291572
-0.17225122
0.20292254
0.059220303
0.012498783
0.08480107
-0.07762558
0.12940304
0.15157658
0.1373162
-0.15884452
-0.19681753
0.06494438
-0.25348786
-0.0971842
-0.18171158
0.098454334
0.04742288
-0.042877894
-0.078056276
-0.20223555
-0.03761296
0.16321313
-0.17754005
-0.004838464
-0.17950827
0.14507055
0.07032351
-0.13299014
0.04996005
-0.1016853
-7.7821314e-05
-0.13858226
-0.16633311
0.060007285
0.19649358
0.09711937
-0.13187675
-0.32497698
0.2003242
0.13330105
-0.07981766
0.2106911
-0.06639731
0.14759143
-0.020475332
0.14956214
0.05903646
0.019246193
-0.047575437
0.18901286
0.16771124
0.09367659
0.016202265
0.09733085
0.08317491
-0.0006857275
-0.022711227
-0.094239034
0.12281255
-0.069944695
-0.15770164
-0.036833894
-0.04635575
0.0694697
-0.12612157
-0.01784893
-0.19775285
-0.0002563622
-0.013639997
-0.058405824
0.111636996
-0.029045448
0.033371095
0.14610371
-0.0521411
-0.038577646
-0.014660836
0.11489294
-0.035736986
-0.17045656
0.030942043
0.20284417
0.14350036
0.020403005
0.13745657
-0.11038975
0.18779927
0.029560262
0.066026814
0.20527224
0.023438284
0.17074698
-0.11990358
0.19993192
-0.22328621
-0.07251772
-0.10899753
0.06752262
-0.11458552
-0.020603092
-0.1395685
-0.07452165
-0.1810422
-0.1002744
-0.08320884
0.23108236
-0.056630436
-0.00028440548
-0.004227897
0.019556852
-0.17696345
-0.20223042
-0.0289573
-0.051816415
0.18716292
0.19048208
0.0018879925
-0.00559943
0.108610734
0.12809461
0.035123408
-0.18120298
0.021217924
0.0014576269
0.105789654
-0.019036196
0.07955457
-0.1725276
0.1254329
-0.0700036
-0.0391155
-0.14272301
-0.07518486
-0.00555149
-0.0021014647
-0.09805157
0.09141896
0.25341925
-0.055552494
0.0708655
0.15279733
0.018833743
0.09873837
-0.020198584
0.062386792
-0.02900586
0.062010247
0.17922048
-0.0720969
-0.10174042
0.036245562
0.09641097
0.04168695
0.10743183
0.21964502
0.07617358
0.12703982
0.0791023
-0.12967013
0.14913951
-0.24404311
-0.13253923
-0.028589293
-0.047585778
-0.12307519
0.08644702
-0.15765072
-0.22876664
0.27341482
0.06489703
0.08171149
0.03647545
0.46908173
-0.14641804
-0.08386793
-0.2708913
-0.08309289
-0.05981779
-0.07141675
-0.3262871
-0.013137808
0.033648126
0.26426852
-0.10095153
-0.17132315
-0.08318461
0.049945187
-0.11790841
0.2040223
0.106251724
-0.006002731
-0.31010062
0.0069502844
-0.20246778
0.038436368
-0.12518387
0.27481163
0.2646285
-0.046120536
0.4033359
-0.16112082
0.1986421
-0.11901217
-0.016579356
0.19141711
0.024935743
-0.057293817
-0.09421084
0.057032373
0.1928897
-0.10010093
0.053168748
-0.048539303
0.040025506
0.10021506
-0.20715137
-0.044152882
0.2032087
0.21292645
-0.0380098
-0.21843775
0.14664525
-0.1759208
-0.06458805
-0.12607469
0.14780138
0.015376573
-0.20230538
0.13949911
-0.08237574
0.17299683
0.16489832
-0.050243393
0.13406694
-0.116957456
0.27286804
-0.12780327
0.09160874
-0.19405164
-0.108947724
0.07522937
-0.16192573
0.16479948
0.033265743
0.16904013
-0.103382945
-0.17992976
0.13887404
-0.17027617
-0.054174412
-0.23210444
0.07273379
0.04066985
-0.07617638
-0.31993118
0.07149235
0.055725668
0.10791149
-0.031428117
0.11211263
-0.28600946
-0.024019416
-0.109999634
-0.15174818
-0.10214243
0.09964602
0.06789421
-0.17123225
-0.0067910673
0.03185811
-0.08368192
-0.065198295
-0.21378161
0.13138026
0.24719489
0.07636595
0.001673577
-0.19538651
0.030582644
-0.10995682
-0.001122493
-0.04132918
0.119803675
0.05417709
0.12162796
-0.11421877
0.2635278
-0.04125318
0.14657003
0.11548064
-0.11239332
-0.3239306
0.19530609
-0.024763612
0.2485456
0.20924966
0.023630755
-0.08817264
0.07544599
0.078526534
-0.2527572
0.11247221
0.005881918
-0.013586273
0.14264129
0.050598286
0.061916407
0.10052944
0.116631016
-0.16943766
-0.19382986
-0.055564027
-0.11406488
0.24663466
-0.15484492
0.040889386
-0.24683829
-0.022451496
0.03141984
-0.09702202
-0.06447018
-0.01530601
0.17332184
0.04252209
-0.20047878
0.0420751
-0.24531735
-0.15625416
-0.054247677
0.029407276
-0.1510893
0.01779949
0.01862825
-0.05069406
0.033242192
0.042969108
0.049979884
0.13424212
0.17660667
-0.20083573
0.16646384
0.13474692
0.06028912
0.095462084
-0.02214823
0.16016279
0.11137207
0.014822735
0.24798778
0.110528015
0.082169786
0.12270954
0.18343832
0.0045285877
-0.07376183
0.09338254
0.18434785
0.055830896
0.12893356
0.17438035
-0.11567043
0.21008968
0.10269541
0.03986932
0.13678348
-0.02002062
-0.06674021
-0.10248501
-0.13403562
-0.14367366
0.040313844
0.18766744
-0.117418386
0.01886334
0.120141715
-0.15629072
-0.0721863
-0.03970084
-0.0018394279
-0.10746555
0.13855952
-0.13705057
-0.06906414
-0.031808116
0.046846934
-0.0055375462
-0.18652311
-0.02762002
0.18232292
-0.12664057
-0.0280143
0.13397604
0.10287576
0.14807291
0.12053565
-0.13291067
0.10141696
-0.07234215
-0.09751891
0.027424859
-0.0036771686
0.088358134
-0.19670083
0.021439794
-0.026657537
-0.040690035
0.048486635
0.09224208
-0.060814086
-0.0005365229
0.13512298
0.17011431
-0.19792128
0.039317932
0.0027593372
0.19640118
-0.13085727
-0.18315916
-0.17273077
-0.28940812
0.13993348
-0.21408369
0.0420139
0.21098746
-0.23021813
0.082087025
0.0042495094
0.23810829
-0.12433445
-0.16342221
-0.09694408
-0.1594462
0.17141032
0.05242244
-0.076474056
-0.2624931
-0.056290027
-0.19352308
-0.12747021
-0.023633804
-0.32503644
0.08394935
-0.030344317
0.1353933
0.081897385
0.19902611
-0.07761805
-0.15374541
0.2112354
0.1634379
-0.13587502
0.0004962347
0.076758154
0.20014505
0.042957474
0.24647476
-0.07848058
0.06750721
0.14167161
-0.009502535
-0.039412484
-0.17037162
0.068585515
-0.27477083
-0.25520697
0.12937798
0.034518078
-0.0936209
-0.08508042
0.036246315
0.17621069
-0.24061102
0.18812121
0.20839235
-0.14676355
0.0009654643
0.22929852
-0.011607668
0.18276347
-0.012103372
0.060730226
-0.19267908
0.17637475
-0.21689698
0.028479973
-0.21956009
0.052518737
0.24830116
0.08782014
-0.05067033
0.0408824
0.3140867
0.15628491
-0.21539776
-0.1293995
0.116942145
-0.15931629
0.04897463
-0.26803625
-0.2490295
0.039207183
-0.240562
0.061015606
0.071836926
-0.18060623
0.08174405
-0.054167107
0.27287924
0.13621306
-0.11696322
0.22799407
0.13646904
-0.22693051
0.10056185
-0.19741504
0.09596758
-0.14109695
-0.10505885
-0.10685139
0.071031794
-0.1526826
-0.14354454
0.015195913
-0.11279955
0.01897268
-0.15537082
-0.053611193
0.13550147
-0.34066302
0.1013327
-0.09464875
-0.038246457
-0.056433033
-0.15021673
-0.052476216
-0.22711618
-0.14787458
0.023146927
0.080217786
-0.18898022
-0.19762638
-0.0015820332
-0.118959665
0.047152758
-0.15122375
0.12282261
0.08849648
0.14926742
-0.18634146
0.017325245
-0.06406303
-0.14825742
0.10704688
0.09058844
-0.04208366
-0.012613528
-0.062897466
0.26914155
-0.17031091
0.0988069
0.23867205
-0.00034652618
0.17325242
0.009510773
0.1069661
-0.03548004
-0.15775298
-0.08467022
0.053480055
0.035984665
-0.26856518
-0.0150131835
0.1994617
0.25119016
0.14815152
-0.14622025
0.16249491
0.03990454
-0.063408405
0.09327927
0.23084958
-0.01954089
-0.07621813
-0.1340786
0.22032088
0.09531424
-0.12904412
0.1326598
-0.2680242
-0.008223076
0.10664518
-0.02378643
0.0668947
-0.18488553
0.058070473
-0.079414435
0.052015886
0.18655916
-0.16227144
-0.04078026
-0.101930425
-0.18793638
-0.054813016
-0.1866586
0.03675108
0.09177447
0.12799485
0.16393548
0.23530018
0.022331811
0.15687709
0.18506745
0.06363815
0.11574071
0.06484479
0.08988663
-0.070356846
0.12782244
0.028879829
0.08499727
0.09719078
0.020975765
-0.15935978
0.11326198
-0.100718945
0.1824171
0.097627886
0.014257003
-0.007306893
0.015164868
0.20800954
0.07874453
0.1851295
0.12081795
-0.01324528
-0.33060536
-0.002979751
-0.07362284
0.13828643
-0.06553229
0.1918044
0.07756219
-0.010084693
-0.08851349
-0.0018237435
0.09240857
0.195199
-0.14301774
-0.097988755
-0.08724838
0.20643738
0.041545533
-0.19470365
0.06218677
-0.12639225
-0.0472421
0.011401095
0.017796583
-0.044288214
0.09251446
0.117057525
-0.11299485
-0.021361591
-0.15785658
0.088369876
0.05116595
-0.052512407
0.022975855
0.013143157
-0.34371305
0.15545101
-0.20480987
0.11069633
-0.08462619
-0.07701014
0.12311355
0.12119824
-0.25867605
0.1174743
0.22833209
-0.019056955
0.12421169
-0.023023235
-0.028273387
-0.06084268
-0.12288286
-0.0048569394
0.066433854
-0.27925932
-0.005873842
0.10787349
-0.0114412755
0.12163387
-0.11630478
-0.18072619
0.22369851
0.0041501266
-0.05986281
-0.18414368
0.2541544
-0.073780045
0.06647413
0.07325473
0.20293042
0.078568384
0.07611983
0.1288957
0.0020364777
-0.109400816
0.22624715
-0.1080019
-0.08998853
0.014890432
-0.052593287
-0.0022408192
0.07280972
0.054442957
-0.12356612
-0.014543766
0.10166753
0.14792192
-0.031556066
-0.20225641
-0.08423786
-0.019881986
-0.14681678
0.28337198
0.10076751
0.08005587
-0.2422756
-0.28828767
0.0068132537
-0.05513202
-0.088345654
-0.16196269
0.07758112
0.031576637
0.18475723
-0.087986864
-0.06213816
-0.052695774
0.052941915
0.098911665
0.17300719
0.38532037
0.12953089
-0.01223949
-0.21530388
0.03518915
0.23636748
0.25522664
-0.1592936
0.20652264
-0.19755983
-0.0091285175
0.07295899
0.24825105
-0.14449675
-0.17491582
0.1451825
0.16650859
0.07646402
-0.03713674
-0.03498318
-0.2645863
0.01804956
-0.137903
-0.1364832
0.19898736
-0.0065072165
0.022863036
0.07386145
0.13272485
-0.33788833
-0.21956536
-0.19649579
0.03771335
0.03336261
-0.13040316
0.24422657
0.14960897
0.11027661
0.15791596
-0.16343236
0.069364555
-0.060348283
0.288987
-0.07569096
0.07242773
0.19393693
0.119196154
-0.32398224
-0.14538498
-0.32998425
-0.0043001994
0.17841516
0.08825281
0.07475061
0.1955212
-0.046444263
0.07380354
0.29112273
-0.1223694
0.0496101
-0.05670503
0.07607886
0.2258363
-0.13855354
0.017110273
-0.109612
0.123995684
0.1273293
-0.09811202
0.21337397
-0.085201696
0.124732226
0.14390267
0.11577627
0.06457908
-0.0830286
0.009759372
-0.015557976
0.19064818
0.004109023
-0.042138956
0.115115196
-0.18458897
-0.14741115
-0.13780372
-0.15790364
0.0029221291
0.054459624
0.07212878
0.20311683
-0.08526193
-0.09804925
-0.2575596
-0.2406458
0.017148625
-0.05133985
0.11250985
-0.1348053
0.19426167
0.22787398
0.05281652
0.17126305
0.17899932
0.020262063
-0.013856897
0.0071044303
-0.13969298
-0.11528583
0.09406674
-0.24315768
0.25162417
0.19166844
0.10875816
0.27691793
0.22408761
-0.087226726
-0.048857518
-0.04321956
-0.18119018
0.13539733
-0.041841414
-0.15946938
-0.054352526
0.20498031
0.14973065
0.0490199
-0.0312858
0.14575556
0.08295832
0.19173795
0.18689165
0.16546369
-0.10099132
0.18109696
0.15447143
0.10706173
0.15195589
0.18804787
-0.20679317
0.15370776
-0.056571614
0.0042202417
0.06586556
-0.13807409
0.024835631
0.10830252
-0.035232674
-0.051421277
0.16182618
-0.08231531
0.07674529
-0.097592264
0.110442765
0.20062524
0.12950446
-0.13614
-0.008241409
0.23141915
0.040802304
-0.16996148
0.111668624
0.1647755
0.15589605
0.034424502
0.0692217
0.007270249
0.15054063
-0.042601123
0.19815291
0.094461896
0.09047129
0.045956466
0.09792636
0.08075026
-0.020529263
0.018637376
0.088327095
-0.13256983
-0.05853159
0.07133069
-0.22785395
0.21240152
-0.12179328
-0.1621144
-0.03764395
-0.15055372
0.03265342
-0.06808559
0.0267198
0.11368486
-0.067080945
0.16804786
-0.16119581
-0.08803819
0.06598341
-0.10759064
0.05714963
0.18695903
0.08878581
-0.0053839325
-0.09879242
0.033766706
0.0892762
0.019976351
-0.08712944
0.23954645
0.018618874
-0.19660427
-0.017473092
-0.1711203
-0.05075369
0.17471573
0.15323257
-0.09315158
0.11230064
-0.021148201
-0.07362343
0.05859975
-0.12768449
0.021947784
0.22103888
0.12371683
-0.038580216
0.008977965
-0.15429075
0.21739806
0.1740541
-0.12601438
0.080360614
-0.02460317
-0.033319153
0.11696977
-0.016911132
-0.1391045
-0.060045287
-0.010224712
-0.029296217
0.15398437
-0.15859465
-0.0010672582
-0.23385762
0.24921852
-0.051177308
0.13383906
0.0057476233
-0.15275875
-0.063386045
0.170834
-0.11801706
-0.122545026
-0.19518659
0.09201009
-2.7975166e-06
-0.036271755
0.17846541
0.20843597
0.18588254
0.19706567
-0.012546287
-0.062110636
0.019279404
0.03979939
-0.027377041
-0.17126395
0.057305627
-0.15343109
0.22137102
0.22619644
0.19208738
0.20441839
0.24729522
-0.14968161
0.0900554
0.19084458
0.1259689
0.079977795
-0.19446528
-0.04035088
0.14696325
-0.025138943
0.21072038
-0.011373585
0.07495385
0.10055032
-0.21196868
-0.020617686
-0.23838183
0.013825826
0.103327416
0.10916612
-0.30979264
-0.044766624
0.2840009
0.14347905
0.16396335
-0.012162791
-0.022961212
-0.009941249
-0.010805246
0.027413186
0.163884
-0.15516847
-0.031248879
-0.029887531
-0.04266343
0.058539435
-0.19719271
0.31713757
-0.02260142
0.053027507
0.05009658
0.0377089
0.15678187
-0.0036784597
-0.039422493
-0.15583697
0.10846239
0.22417358
0.24598749
-0.09568778
0.034431323
-0.16866721
-0.06094079
-0.1677954
-0.08071601
0.018865636
-0.013374919
0.10423604
-0.13761303
-0.20835926
0.28334087
-0.03595355
0.098157324
0.06399892
0.020363905
0.031350005
0.18849601
-0.13316202
0.017672267
0.097717
-0.08840762
0.09762548
-0.23176926
0.27439797
0.16936916
0.061972894
0.097644895
0.06903799
-0.01031546
0.08170829
0.06901864
-0.21493413
-0.0205932
-0.15759112
-0.17102407
0.25588566
0.15175702
0.19891922
0.13292234
-0.13550283
-0.15640287
0.008576918
0.20637962
-0.10334374
0.0022425388
0.26201153
0.17602484
0.012341938
0.1690667
0.2662614
-0.03639004
0.16604732
0.13026963
-0.008512522
-0.022771318
0.23886527
0.015983956
-0.13571677
0.06298115
0.14805782
0.1647257
-0.1266086
0.26191843
0.2909866
0.12724167
0.15243134
0.05003772
-0.25949717
-0.20337963
-0.011176767
-0.19395575
-0.0028704612
-0.22099707
-0.013927991
0.015971122
0.28704205
-0.17416479
0.11942398
0.15565702
0.02787834
-0.12677483
0.28461534
0.02256716
-0.10061502
-0.05053607
-0.30912703
-0.018924626
0.09554065
0.0025783083
-0.020825703
-0.14956348
0.24622239
-0.058528215
0.045433905
-0.23552065
-0.06790835
0.1782682
-0.023791835
0.15237974
0.05085346
-0.15517105
0.01232709
-0.11622059
0.26451772
-0.04189997
-0.37162924
-0.041694112
-0.14574067
-0.22442129
0.04449259
0.041311752
0.29423648
-0.121449456
0.0063472413
0.19682953
-0.0017778984
0.19329731
0.072619274
0.06483794
0.28354105
-0.029718585
-0.16370086
-0.124261975
-0.065936334
-0.017776215
-0.2510607
0.14048527
0.13041967
0.121183746
-0.015193104
0.20202357
0.1398761
0.12239903
-0.16120249
0.15034461
0.14053702
0.103624515
-0.12249969
-0.10190321
0.031028105
-0.15653428
-0.18086004
0.17909217
-0.13573407
-0.1368089
-0.04115755
0.31451225
-0.07805213
0.14952733
0.15327503
0.109637655
-0.17605521
-0.09746225
-0.14882177
-0.040737815
0.10008069
0.046658963
-0.112950094
0.11562193
-0.08173622
-0.061024986
-0.12073141
0.038861286
0.0992525
-0.15007079
0.1474743
0.054341946
-0.10672331
0.22463872
0.13710862
-0.1898629
0.23686242
0.13436508
-0.06797761
-0.047726523
-0.015997896
0.04861232
-0.025733123
-0.19840372
0.03146016
-0.12687968
0.17048094
0.19982518
-0.045292433
-0.014260803
-0.15581256
0.30065757
0.12500264
-0.1845226
-0.2045239
-0.032186322
0.1754591
-0.24391098
0.2511064
0.13098334
0.10258672
0.052773315
-0.15126152
0.043558303
-0.119778186
-0.22136286
-0.12719303
0.11726195
0.13521193
-0.11562335
0.21697654
0.21958072
-0.076974355
0.22122993
-0.05032428
-0.18702629
-0.104568444
0.091516644
-0.18506636
-0.011653532
0.026501335
0.012514706
-0.057557404
0.1527417
0.1297214
0.01842904
0.090599336
0.017541446
-0.015723178
0.072299145
-0.16281424
0.15803483
0.0077903518
0.117404856
0.040099647
0.16035725
0.27614078
-0.0906392
-0.0528439
0.13896792
0.23562439
-0.1900163
0.096032426
0.0057547716
0.17871846
0.22423519
-0.06540971
-0.13204555
0.052477125
0.15709688
-0.180863
0.10417113
0.027308678
0.19574137
0.12068177
-0.14136414
0.09415617
0.17072353
-0.2901961
0.13640955
0.14798477
0.20685296
0.03887189
-0.13691893
-0.21398117
-0.20636183
0.18502554
0.16577782
0.14807887
-0.10988222
0.05324912
-0.13125971
0.15583932
0.09134128
-0.085247055
-0.11728053
0.07642154
-0.019258978
0.014617986
-0.21398126
0.11687449
-0.056112316
0.0028328039
0.29994315
0.18799575
0.15107119
0.16152987
0.17692153
-0.14349927
0.022271933
0.043714248
0.052146222
-0.18984732
0.21367171
0.06592957
-0.020839157
0.1869445
0.18585388
0.1543863
0.1144723
0.16893974
-0.026182413
-0.06336353
-0.21063815
-0.25034583
-0.08326302
0.11405896
-0.11996705
-0.08171082
-0.03884375
-0.06636951
-0.067942895
0.2386415
-0.19902728
-0.108822644
0.013816304
0.14019269
-0.011918787
0.07851255
-0.070469305
0.05240022
-0.051364884
0.121894434
0.0046082223
0.1282694
-0.086831704
-0.15847033
-0.17598088
-0.09456973
-0.12721756
0.19783968
0.07747678
0.07561926
-0.11093387
0.1601729
-0.16420734
0.20063606
0.010586808
-0.042726852
0.046502065
-0.19135565
-0.1440241
-0.0082495
-0.045186337
-0.07684249
0.003262126
-0.057559185
-0.094934724
-0.091206305
-0.14138576
0.13759767
-0.022374958
0.17842832
0.09613722
0.16926788
0.015218151
-0.19876297
-0.095117204
0.17674795
0.115120724
-0.020619791
0.07629845
0.17342393
0.1782807
0.09088401
0.03190209
0.14070988
0.08457426
0.11544619
0.10050959
-0.13231549
0.003827841
0.066736326
-0.15439641
-0.039399352
-0.06671959
0.08604626
-0.0024250296
-0.071489364
-0.012359556
-0.11758512
-0.06703398
0.099498786
-0.05781035
-0.07740541
0.1513709
-0.20886159
0.022417607
-0.03661323
0.11298534
-0.18522201
-0.21056513
0.044516467
0.069808014
0.16222207
0.20765923
-0.075565
0.30531174
-0.18702632
-0.15854308
-0.12849031
-0.15060918
0.17387967
0.15253608
0.023420542
-0.059923112
-0.04220889
0.11620429
0.09103567
0.08247629
0.017571056
0.09366755
-0.09271081
-0.08163862
0.018218376
0.1315988
-0.19205634
-0.038958974
0.050259106
0.0055180695
0.22389632
-0.07179268
0.02777183
-0.04053178
0.14340168
0.050590888
-0.006303385
0.13599181
-0.059376318
-0.11587156
0.16143791
0.21156476
-0.11941865
-0.00013572541
-0.010102375
-0.16303453
-0.22726472
-0.0013449074
-0.061325517
0.1806138
0.06912069
0.044860423
0.04911212
0.15181647
0.015270689
-0.051920697
0.071324125
0.11029053
-0.13903241
0.15827836
-0.056372732
-0.1099344
0.20838915
0.082772076
-0.014634494
-0.04723116
0.1959552
-0.03567825
0.12476218
0.10457617
0.15005943
-0.08276671
0.1398872
-0.046046764
-0.057540216
-0.16152515
0.10523595
0.2021734
-0.035792124
-0.09284961
-0.08919762
-0.07783378
0.224902
0.101236425
-0.061350692
-0.21014494
0.06045238
-0.22765477
0.11507155
0.10954838
0.0709346
-0.040421344
0.12677993
-0.05581493
0.14932697
-0.2054837
-0.055641644
0.011630159
-0.06138351
-0.14367622
-0.17499402
0.056915108
-0.13720676
0.1770149
0.18436056
-0.027754704
0.07532951
-0.13658679
0.07035385
-0.16673018
-0.09783215
-0.10467017
0.03249929
-0.22229578
-0.103313774
0.05296893
0.18552072
0.22401036
0.16264705
-0.054519303
0.057974532
0.1768578
0.0345048
0.09440338
-0.26333734
0.09326579
0.0031810347
0.030969184
-0.026202083
-0.05616011
0.0585882
0.173851
0.18670763
-0.11266217
-0.0999279
-0.041620016
-0.17737196
0.18563446
0.17099549
0.17496245
-0.08557496
0.2337825
0.10023731
-0.026187
-0.17475852
-0.21368249
-0.05265313
-0.17285411
-0.113371484
0.04634149
-0.111899845
0.007010878
0.059044957
-0.15041289
-0.023326065
-0.17569251
0.01778039
0.1489072
-0.13735704
-0.16278204
-0.19913949
-0.014924425
-0.06997316
-0.04689229
-0.12364207
0.04338122
0.17517824
0.09288167
0.05202148
0.23612139
-0.18059258
-0.095286086
0.006847486
-0.13249616
0.02458937
0.07037392
0.2768826
0.06893432
0.105182365
-0.080561414
0.046266597
0.11928144
-0.007066016
0.09887445
-0.05793476
-0.20776798
0.1588763
0.013560306
-0.29725763
-0.01863114
0.14158717
0.00043824187
-0.050131403
-0.050056815
0.04061737
0.1014177
0.14449072
-0.14069909
0.036191702
-0.072714284
-0.11380141
-0.0014712354
0.22125924
0.15574104
0.032876648
0.17568311
-0.23024411
-0.06861286
0.17676942
-0.079112455
-0.0882764
-0.14064167
-0.009078889
0.022725616
-0.024311606
-0.037485853
0.20784907
0.11500897
-0.023006542
-0.15717159
0.029676767
-0.021376437
0.085674986
0.16214085
-0.13167088
0.17093636
0.106093
-0.07048001
-0.09174529
0.19531779
-0.16816744
-0.045064304
0.090033695
0.12586811
-0.068654954
0.06935533
-0.01621921
-0.015529824
0.13519886
-0.24030918
0.066322036
-0.08573582
0.24445856
-0.21927786
-0.07761872
0.15205912
0.21666183
0.12944438
0.124099545
-0.15982552
0.066131696
-0.23501277
-0.40931636
-0.015196392
0.11921557
0.23395859
0.11451149
0.12061325
-0.24621004
0.0071248813
-0.1271584
0.08683506
-0.15283345
-0.20646036
-0.012198048
-0.23781133
-0.008700801
0.2638783
-0.037288778
-0.21163975
-0.0065534073
0.18284714
0.014748933
0.028432844
0.10048333
-0.08774468
0.11338019
-0.19135235
-0.13133149
-0.18702202
0.10055175
0.07424766
0.26747957
-0.09051649
-0.2287719
-0.12136314
-0.01500986
0.21449775
-0.10242659
0.13119572
-0.095718354
-0.21296957
0.15398923
-0.0709741
0.17843373
-0.15677887
0.0031444344
0.08264216
0.06859719
-0.012925073
-0.027634906
0.050549943
0.07956467
0.092904754
0.08213281
0.017878864
0.09266993
-0.038495064
-0.12684081
0.25748894
-0.12163496
-0.108624935
0.1425671
0.18893674
-0.09461612
0.14548619
-0.13201283
-0.13304201
0.03563563
0.07364555
0.06867321
-0.12126468
-0.17320567
0.0057296115
-0.018638173
0.31311706
-0.091164924
0.16074388
-0.39010265
-0.050428964
-0.008087108
0.09563181
0.015615187
-0.17188412
-0.046724696
0.02814018
-0.12850821
0.15471725
-0.1950584
-0.24797076
-0.04879991
-0.1275032
0.16714738
0.004637597
0.24774766
-0.13518685
0.3540438
0.069391124
-0.25330648
-0.16897173
0.2762909
0.046054482
0.09199961
-0.30870828
0.009126591
-0.14993694
-0.086039804
0.20293471
-0.20073742
0.13670439
0.20745638
-0.23811707
-0.0754
-0.101997234
-0.13821974
0.20332472
0.06181671
-0.060336888
0.036626652
0.14771093
0.24401012
0.1198961
0.063356355
-0.11694318
-0.00038310103
-0.03870595
0.15857612
-0.102110915
0.19343306
0.16062945
0.119857416
0.061991267
-0.17678753
-0.14558181
0.04272721
0.12036472
0.09743633
-0.048164
0.12773138
0.012268741
-0.112710856
0.09148807
0.020531986
0.10849951
0.0082707675
-0.1825613
0.0952953
-0.14104538
-0.06809132
0.0053873067
0.06685463
-0.06734396
0.09637863
-0.10317153
0.07813457
0.09446669
0.093830355
-0.12025961
0.031851027
0.08990961
0.12342033
0.19926147
0.19065948
0.20341747
0.046691034
0.06203972
0.046595063
0.14162081
0.028524742
-0.011744035
0.102218166
-0.017171554
0.10329975
0.10917817
0.16998048
0.14137277
0.07753447
0.1595798
-0.032085575
-0.17546956
-0.035361964
-0.029645989
-0.07053289
-0.09715823
0.13747115
0.09762819
-0.04757127
-0.033803694
0.13064599
0.0268258
0.102566734
-0.18027619
-0.19604419
-0.009130218
-0.105580755
-0.2548096
0.030818515
-0.09394903
-0.06050682
-0.011727874
0.13757738
0.036908343
-0.024993774
-0.07065499
0.16481067
-0.16093716
-0.09650207
0.11223594
0.042850636
0.101789206
-0.05472277
0.24192353
0.07509887
-0.14542598
-0.10851264
0.13176176
-0.18998651
6.4601256e-05
-0.062212072
-0.09633637
-0.13579997
-0.11028735
0.08700028
-0.17010951
0.009550424
0.16008896
0.18382017
0.17633575
0.1479569
-0.007422674
-0.05073948
-0.024177473
-0.1018441
-0.02830852
-0.12712426
0.22051968
-0.09353069
0.05121786
0.02270452
-0.15387473
0.1603637
0.13518423
-0.17137966
0.02018311
0.032290664
-0.12473398
0.059670452
0.08837736
0.12182174
-0.21214359
0.10214396
0.034650724
-0.030242618
-0.11720097
-0.049762797
-0.11909342
0.063670434
-0.07299443
-0.14691983
-0.14638814
0.11516719
0.2945472
-0.03777023
-0.11894687
-0.17155884
0.10025307
0.098831415
0.16052406
-0.15059443
0.11229747
-0.12892865
-0.24847206
-0.102977484
0.06714053
0.027109746
0.087578245
0.1116622
0.17957292
-0.20916392
-0.056389853
-0.028145658
0.18556878
0.11146054
0.14257747
0.02277593
-0.17605375
0.13998052
-0.21327065
-0.05126525
0.16351856
-0.022255445
-0.054766178
0.1531408
0.15686923
0.10915332
-0.04894838
0.019552121
-0.15758988
0.14929888
-0.2730408
0.22340384
0.08115867
0.021337269
0.06614588
0.008941508
0.17481056
-0.15271948
-0.013788522
-0.010004932
-0.08288818
0.07900014
-0.09117736
-0.07327514
0.19747269
0.27340284
0.117741935
-0.10134743
0.059844263
0.09021103
0.16568199
-0.09974288
-0.08152737
-0.03625714
0.02040494
-0.0538606
0.05213501
-0.041604124
0.005059335
-0.0061725182
0.009266802
-0.19039953
-0.14702998
-0.124588974
0.023021324
0.061150398
0.025700502
-0.1809185
0.25657985
-0.009809457
-0.05898504
-0.2056234
-0.09142523
-0.037689883
-0.05834348
-0.19057915
0.21277392
0.12683631
-0.20320414
-0.019196188
0.18865308
-0.026290672
0.08065041
0.20257615
-0.2154211
0.12532891
0.104587354
0.11501582
-0.20905223
0.16612072
0.23181744
-0.097862676
0.10486134
0.03698221
0.12774879
0.11068231
0.03855905
0.30502108
0.26158735
0.0952281
0.18767929
0.0711111
0.22954476
0.0144259995
0.11083814
-0.073784694
-0.08322458
-0.06512786
-0.34669155
0.007633075
0.020019025
0.16210516
0.25666696
-0.013191603
0.08135944
0.055644587
0.03128588
-0.00036764328
-0.15029584
0.16667622
0.037696645
0.0080012055
0.018171055
-0.111720905
0.17993581
-0.00935726
0.19799335
0.09136369
-0.004466043
-0.059613135
-0.026082676
0.1925087
-0.017671265
-0.012972754
-0.03733371
0.19013312
0.0022857455
-0.09583212
0.20768213
-0.12984732
-0.03879164
0.047571342
0.17069225
0.011970747
0.17319068
0.24016389
0.046333723
-0.042435646
0.08617609
0.13585426
0.12730257
0.16555661
-0.10304562
-0.12468773
0.022137364
0.05957415
0.12790158
-0.008508921
0.10728341
0.030299231
0.13298848
-0.03125323
0.108998105
-0.06692715
-0.13280663
0.038816325
0.1054692
-0.028454222
0.0033430252
-0.03049264
0.14233585
0.16787525
-0.15742753
-0.13047138
-0.16710448
0.1531366
-0.26619062
0.0710927
-0.13129482
-0.33972722
-0.108961456
0.14229576
0.019935627
0.16481268
-0.1579055
0.23994589
-0.047605157
0.10552988
-0.07823494
-0.40027168
-0.13091016
0.01933473
0.27553764
0.08211668
-0.42301214
-0.21425028
0.12642962
0.03512365
-0.026001751
-0.08666694
-0.015307559
0.16112357
0.10869493
0.29562408
0.044166807
-0.1589096
-0.05131044
0.12965283
0.012516299
0.14180073
-0.160455
0.29865897
-0.01846575
-0.12064494
0.04244207
-0.14135295
-0.15772784
0.07597378
-0.0020694546
0.030008795
-0.13122684
0.023676252
-0.1121873
-0.015835946
0.067431204
0.20215933
0.09976431
0.132924
0.13864584
0.1570271
0.11965431
-0.054831117
0.010362751
-0.20992632
0.022855299
-0.14945504
-0.07014712
-0.21152729
-0.11415986
0.06924986
0.15235801
-0.25445497
-0.011916824
-0.055995386
-0.10414693
0.20742662
0.3405892
0.2838523
0.08208966
-0.047444675
0.25525776
0.1964787
0.0789108
-0.13959326
-0.13605322
0.1951275
0.040960077
-0.032415837
-0.04198876
-0.22354639
0.098994896
-0.16744709
0.21778437
0.078192145
-0.14604871
-0.14204748
0.04210363
-0.08840853
0.1158967
0.10071854
-0.20925245
0.0019109169
-0.09135184
0.17336838
0.034363445
-0.038523886
-0.3011169
-0.19961625
0.07659517
0.15246184
0.06920555
0.123336025
-0.066622786
0.08047859
0.1431112
-0.2068948
-0.14851557
0.003611808
-0.23919924
0.06571582
-0.07134366
-0.12742327
-0.118640214
0.12179558
0.16311577
0.031812098
-0.044318955
0.124063045
-0.12630047
-0.06628129
-0.0523234
-0.1848243
-0.01652617
0.03863165
0.009356924
-0.111851305
0.12732285
-0.10427405
-0.06740376
-0.07826411
0.073036745
0.23096581
-0.15319905
0.15833446
0.0033580458
-0.097869694
0.0074037053
0.10994688
0.051258013
-0.03644168
-0.19336796
-0.12133353
-0.06538462
0.36459976
0.045733094
-0.07379448
0.0056042722
-0.08251427
0.17461093
0.13011707
0.05932164
-0.024311068
-0.02815488
-0.023839291
0.1914765
0.020378822
-0.18947314
-0.11657896
-0.14841563
-0.11581632
0.2080474
-0.039023772
-0.124535315
-0.21470405
-0.007099836
-0.19459027
-0.00087234384
-0.10267565
-0.11793198
-0.07943985
-0.16200596
-0.033379238
0.11458619
-0.18109933
0.1837546
-0.124363475
-0.27308303
-0.07384649
0.1212132
-0.09120538
0.15560076
0.081921324
-0.12917536
-0.0045824046
0.20161489
-0.012657031
-0.060706105
0.19794464
0.111927666
-0.0346845
-0.014188472
0.07061216
-0.03303778
-0.08283258
0.15527162
0.0753692
-0.07885772
-0.07673491
0.13420025
0.20880511
-0.05899468
-0.22160812
0.09318254
0.14233474
-0.11360178
-0.09073212
-0.20950013
0.05766327
-0.12962696
-0.109847225
-0.21960191
0.18739647
-0.110464506
0.16131721
-0.10352025
-0.027716296
0.14448303
-0.09035508
-0.037985627
-0.017602507
-0.12690823
-0.014278772
0.27255157
0.21680044
-0.010659681
0.2793852
0.20671098
0.10824493
0.048954263
0.107129924
0.07970973
-0.002170892
-0.08793502
0.062011868
0.08811198
0.13243191
-0.054879714
0.1373478
-0.14616722
-0.029482042
-0.16288106
0.25089294
0.006821505
0.10816012
-0.03441768
-0.13900068
-0.29528055
-0.030895513
-0.04370018
0.015598006
0.10806473
0.083380744
-0.04786345
0.092230484
-0.02460845
0.20472738
-0.08860893
-0.12015312
0.085769534
-0.10782352
0.12961215
-0.1705091
0.072645806
-0.0051459735
0.10066468
0.02339899
-0.010659427
0.09923842
0.037980184
0.11112526
-0.0003662962
-0.01545818
-0.023932021
0.21224418
0.17285715
0.16401176
0.10206731
-0.038510963
0.13425642
-0.030331321
0.039089963
0.023705048
-0.06020752
0.0830726
-0.035112463
0.15777318
-0.028091714
0.12261384
0.20820963
0.0147135705
-0.0377144
-0.15705785
-0.074796796
0.07739984
0.10736002
-0.14249772
0.10638451
0.064286456
0.025118202
0.15562099
-0.11185467
-0.08948243
0.1407657
0.08495103
-0.03014398
0.1755461
0.031860385
0.0011366697
-0.0070907143
0.04743851
0.038075812
0.06620579
-0.18680598
0.10873743
0.0839173
-0.079725794
0.17483713
-0.029937608
-0.12924555
0.013023723
-0.1331481
-0.052721385
0.11528943
0.13213536
-0.1540603
-0.11308432
-0.04273939
0.2130029
-0.08607003
-0.051353212
-0.22402169
0.20429341
-0.122336
-0.030444548
-0.012041314
-0.09392139
-0.10432269
-0.27824566
0.16470215
0.010959975
0.049390227
-0.037431274
0.032259658
-0.059613667
0.026185418
-0.14271854
0.2091236
0.11035114
-0.045220677
0.22445756
0.04391662
0.14692794
0.070595995
0.09319861
0.14188692
-0.062642224
-0.20241497
-0.28803122
0.13541329
0.043136787
-0.38115624
0.12376648
0.049689822
0.18675709
0.009845367
-0.13404846
-0.071859114
0.21672556
-0.17586175
-0.1062798
0.026190493
0.29685712
-0.1877654
0.24323544
0.39733163
-0.23509935
-0.22653659
0.16554666
0.035186652
-0.16076615
-0.13068755
0.04835688
-0.120351985
-0.10821999
0.1823691
-0.026781844
0.01547966
0.1205406
0.12438865
-0.120843954
0.06975825
0.013010484
-0.03191843
0.25234523
0.031369396
-0.13806331
-0.16170064
-0.06198235
-0.057723783
0.21360807
-0.10004223
0.11671342
-0.057867426
-0.032447416
0.098956466
0.007406109
-0.057964318
-0.17002682
0.053011335
0.12748288
0.0207411
0.035564054
-0.07642121
-0.13486479
0.17788352
-0.086943865
0.2169942
-0.06262268
0.012104037
-0.13459459
0.21567461
-0.13691624
0.026383733
0.058297727
-0.19980587
-0.018040143
-0.1603135
-0.15862405
0.06209033
0.13705878
-0.08657765
-0.13318932
0.11848347
0.08760405
-0.07167308
-0.116312906
-0.14433667
0.067045294
0.060356434
0.06466644
0.10250996
-0.1540477
0.19135565
0.24179624
-0.16345036
-0.0034169608
0.030400699
-0.032418784
-0.17767128
-0.034850437
0.21761315
0.13460945
0.038609844
0.0679741
0.1503407
0.024538629
-0.16987991
-0.12330561
-0.095183894
-0.012035874
0.14629659
0.10424264
0.12939619
0.074124396
0.087695196
-0.20723823
0.0630734
-0.10530294
-0.19413109
-0.26360473
-0.19112307
0.097930446
-0.020362142
-0.011811127
0.10520213
-0.07692944
-0.14505225
0.12227894
0.10847632
-0.054399323
-0.19230336
0.11840462
0.12751143
-0.17231631
0.14469738
0.23187882
0.13123512
0.10867043
0.083334915
-0.19192865
-0.02980714
-0.11154661
0.02591195
0.1906904
0.052415177
0.09243731
-0.14862128
0.19051142
-0.014285594
0.16099747
-0.06006884
-0.24983214
-0.07262484
-0.108452946
0.024249408
0.1391217
0.08925842
-0.20054774
-0.09956997
0.13029139
0.12938452
-0.08690356
-0.075302124
0.008532228
0.20395058
-0.17883915
-0.18885075
0.14354554
0.086756
-0.095426805
-0.16524807
0.09988557
-0.2001196
-0.1260999
0.10326489
-0.1470458
0.24381037
-0.07103125
-0.119022354
0.004915674
0.101982
-0.13936579
0.071988106
0.04321688
-0.15123194
0.10971455
-0.22252944
-0.0500133
-0.0082043335
0.01526361
0.10346035
-0.09498582
-0.021248093
0.06265186
-0.23882145
-0.14213784
0.076925725
-0.10398914
0.08340812
0.037476588
0.023508962
0.13452768
0.14997807
0.047876474
-0.05850539
-0.10048091
0.06475189
0.070286244
0.12967433
-0.15564357
-0.08168304
0.040474195
0.2011914
-0.0406284
-0.042913467
-0.057289902
0.06201095
0.20241356
-0.19533545
-0.09846843
0.21144089
0.0822289
0.08187073
0.1466107
0.14466628
-0.012630768
0.22626588
0.18192829
-0.07707197
-0.11079923
0.06899911
-0.15438117
-0.0946889
0.1657518
0.008562363
0.10233493
0.2093134
-0.13139305
0.19304769
0.06549253
-0.12607554
-0.013660594
-0.12383584
0.019898264
-0.23034622
-0.044064227
0.03282451
-0.15531756
0.19991769
-0.15078537
0.067381844
0.14252704
-0.027170662
0.06161346
-0.11164455
-0.16413184
-0.004583098
0.06258188
0.30261862
0.19206423
0.18288009
0.011497142
-0.14210829
-0.05931244
-0.018605676
0.090823606
0.032704245
-0.11224905
-0.049831297
-0.20634142
0.14051569
-0.13601004
0.09092284
-0.06066936
0.14058496
0.022890314
-0.077512324
-0.14935032
-0.060848095
-0.17871594
0.10966877
-0.111854486
-0.14668037
0.1528156
-0.16806221
-0.0007939838
-0.05294866
0.20856965
0.049908474
0.14527711
-0.06865587
0.1285726
-0.18977746
-0.120614246
0.052647505
0.053582523
0.10965662
0.04674292
0.013521196
-0.14421925
0.0010703437
0.16252734
-0.094510324
-0.063381515
0.19186892
0.013039913
-0.010110708
0.19067493
-0.1038204
0.14793429
0.048844483
0.12773037
-0.17872435
-0.09957353
0.16890888
0.05734966
0.07105835
0.17297706
-0.040634092
-0.17471887
-0.14906347
-0.017490057
-0.048161224
0.12666556
0.080471165
0.055520084
0.060810577
0.109330036
-0.08131018
-0.046816956
-0.11049425
0.030056907
0.06350223
0.1766167
0.110830195
-0.058957323
0.19033474
0.16768691
0.17959805
-0.05470489
0.012545494
0.03188704
-0.10110393
-0.030211711
0.15024225
-0.15201068
-0.1428094
0.0761422
-0.023800459
0.10981495
-0.040727735
-0.09931484
-0.17224757
0.05998141
-0.10199925
0.09869055
0.05427329
0.15850618
-0.14609244
0.100782946
0.16883884
0.25545603
-0.07744364
0.062222876
0.090297766
0.006362387
0.015942525
0.080999024
0.032370728
-0.09276743
0.10954474
-0.11909148
0.1686675
-0.040884234
-0.008239831
0.10029684
0.1578314
-0.035976797
-0.10731298
0.01803741
-0.20325044
-0.010115424
-0.15463507
0.12987316
0.08999602
0.25938496
-0.22052129
-0.06475636
0.1918296
0.17387697
0.01629948
-0.12726136
-0.04039999
-0.054344792
0.05248054
-0.011004108
0.083424054
0.16670197
-0.27724588
0.25137028
0.07127229
0.16185382
0.093926445
-0.16536388
0.24683516
0.20610742
-0.086874776
-0.021918537
-0.11523108
-0.09286785
-0.3907171
0.13247173
-0.21881603
0.35100368
-0.13006262
-0.25601366
0.047780864
-0.25808758
-0.10599319
-0.20923811
-0.15701513
-0.10820428
-0.050454564
0.31430414
0.10362688
-0.06979144
-0.096447386
-0.22165716
0.100428455
-0.108474545
0.043507367
0.112055644
0.07322868
-0.18200743
0.12014501
-0.13085996
-0.1519914
0.04470226
0.11720071
0.061622772
0.27749053
-0.015212477
0.16072933
0.012766952
-0.007065018
0.058111858
-0.12046697
-0.18785357
-0.16690272
0.116439335
0.24695575
0.11646558
-0.17470257
-0.071089365
-0.076128386
0.33132333
-0.15577048
-0.31356627
0.07782431
-0.04629377
-0.04337513
-0.25175676
0.07967151
-0.09173549
0.15704642
0.078014575
0.21429354
0.19801784
-0.2668887
-0.045824796
0.023461116
-0.34522536
-0.19903727
0.10284617
-0.04995731
0.0020714155
0.2230093
0.17421417
0.101167254
-0.1869377
-0.10938556
0.04148006
-0.121566534
0.1222486
-0.17582786
-0.14029343
-0.05414369
0.003681395
0.12713917
-0.08142852
-0.06401538
0.047490742
0.017666405
-0.11997119
-0.05686284
0.19035035
-0.097052805
0.061331555
-0.24621744
0.006574856
0.11113882
0.05931151
0.09191816
-0.028123442
0.17439756
0.20765832
-0.09340415
-0.06968414
0.15064903
0.03463959
0.15498482
-0.014687172
-0.21265204
0.04735979
0.22552909
0.20359227
0.10648463
0.16618603
0.17021821
0.13416684
-0.19212307
-0.15890554
-0.00068160193
-0.16628745
-0.08151452
-0.12655458
0.2193977
0.07740359
-0.24759908
-0.12579617
0.074485235
-0.0110736545
0.14844327
0.03194994
0.21314082
-0.018935999
-0.15467665
-0.07871985
-0.052231543
0.049295075
-0.008321682
0.050833203
-0.20020618
-0.06549682
0.18336329
-0.16848843
0.012116416
0.013615451
-0.037072074
0.11164467
-0.1762796
-0.08303962
-0.032951027
0.056671698
0.16730136
0.06537247
0.11054705
-0.14579405
-0.0030761792
0.2175592
-0.137985
0.05713361
-0.19805373
-0.05808123
0.009587258
0.20891304
-0.18104172
-0.074393585
-0.028224295
-0.1253258
-0.02349215
-0.05305368
0.1683501
0.011607984
0.024417026
-0.16243207
-0.109758876
-0.14326298
-0.0026128092
0.18828766
0.031799205
0.035534773
-0.09541665
0.025223274
-0.0019647202
0.1501633
-0.10015504
-0.0629634
-0.068931215
-0.09446482
0.15867397
-0.11084639
-0.0065516704
0.12444882
0.02133182
0.030711759
-0.17260726
-0.028465493
0.16682741
0.1635441
-0.12608264
0.09021282
-0.138684
-0.16834295
-0.06970982
0.07571097
0.17911555
0.21459867
-0.028807072
0.22466463
0.039971855
-0.09517823
-0.14255668
0.05832798
0.14097261
0.001346145
0.078502305
-0.10366824
-0.11588608
0.021741126
0.18119723
-0.11089762
-0.014302264
-0.05488674
0.15094294
-0.11089647
0.057917837
-0.11956487
-0.21310008
-0.10818072
-0.08717696
-0.09633018
-0.070271544
0.064903885
0.05170665
0.12260004
-0.08431941
0.16644791
0.07778259
0.18795359
-0.10217056
0.172499
0.09585567
-0.06983404
0.11994543
-0.16911434
0.033685654
0.00049137004
0.07275411
0.21604517
-0.013243254
0.09902105
-0.16524261
0.16435827
-0.15697546
0.122543976
0.035294704
0.12845682
0.13379486
0.019724192
0.031725135
0.16179481
0.13716087
0.029993078
0.0034119454
-0.18051022
-0.020157235
-0.048152305
-0.024613032
-0.18591
0.06833432
0.02869745
0.10204329
0.011439335
0.18756507
-0.15504946
0.12698096
0.12965922
0.020427624
-0.20521083
0.11758528
0.21617249
0.11450933
0.11919511
0.22444734
0.24270114
0.14646533
-0.13564952
-0.12367462
-0.052402608
-0.024455937
-0.13851029
-0.066813715
0.08212949
0.08919303
0.18790613
0.09600516
-0.12096091
-0.12626985
0.18971793
-0.055933535
0.21207839
0.1484475
0.32854384
0.10224098
0.026430406
-0.008896049
-0.08183752
0.092808366
-0.21481408
-0.0022890803
-0.18358098
0.03249347
0.25946248
-0.19383763
-0.15645458
0.040489476
0.12857915
0.12171407
0.11780457
-0.13249798
-0.16027263
-0.13977255
0.06135385
-0.055660482
-0.07509817
-0.056611057
0.15669131
-0.033337347
-0.051541165
-0.028971871
0.09799429
-0.021335885
-0.23120563
0.22613601
-0.1232265
0.049958646
-0.008720232
0.03462283
-0.00010140868
0.13927487
0.045428008
-0.051018637
-0.15119803
0.116925046
0.18011367
-0.11065481
0.05390719
-0.04537832
0.17071873
-0.03642933
-0.12450444
0.21348304
0.16480197
0.15396838
-0.043587174
0.2640482
-0.1786559
0.00451149
-0.0732909
-0.16287827
-0.0034979193
0.07832957
-0.11254663
-0.13184619
-0.067016885
0.07631055
0.15554784
0.06689373
-0.047909822
0.050248124
0.037271865
0.18050607
0.05650721
-0.1656234
-0.28120276
-0.0119250165
0.07876598
-0.1470566
-0.014220653
-0.10621412
0.23361246
0.0040048314
0.13115187
0.06637172
-0.19130546
-0.06453771
-0.012526582
0.11251263
0.08363601
-0.1721791
0.015958441
0.09191386
0.13802925
-0.020807462
0.15214218
0.038492385
0.0715953
0.012143504
-0.05565247
0.14636932
0.36639354
0.12910286
0.107628055
-0.07591931
-0.37802833
0.058397364
-0.006117787
0.13035066
0.018725904
0.07833781
0.30992666
-0.03847518
-0.19400312
0.11247878
0.29916313
0.08033602
0.015019289
-0.10954355
0.31781924
0.15803985
0.15755716
-0.05722064
-0.043930892
-0.036848355
0.08875626
-0.024199756
-0.0325521
-0.026718644
-0.16857226
0.22528188
-0.23845144
0.03242294
-0.42342946
0.2566257
0.08581223
-0.053799555
0.08299865
0.07477675
0.04973839
0.22733745
-0.13871276
-0.04070946
0.051647395
0.12542857
0.009450615
0.0073329704
-0.2846976
0.058824643
0.26407602
0.009697252
0.16011968
-0.33145073
-0.19997972
0.1574549
-0.06419428
-0.15305889
0.03678138
0.08070314
-0.14066197
0.028556263
-0.07346578
0.19325247
-0.10468918
0.08399986
-0.017052583
0.2096312
-0.17558026
0.11740909
-0.180457
-0.11901107
-0.098476276
-0.11092724
0.10056157
0.004196733
-0.019801322
-0.08400645
-0.111381166
0.13005492
-0.25258756
-0.06456936
0.28366953
0.21760815
0.32347888
0.20766892
-0.007954807
0.0052701654
-0.31220564
0.17297423
0.17638747
-0.1577443
0.044080243
-0.15871072
-0.020019285
0.2252173
0.19827619
-0.15634821
-0.06178386
0.07044576
-0.16218957
-0.16669858
0.21109079
0.1458934
-0.1876852
-0.20282052
0.13675915
0.12564462
0.004244194
-0.07905603
0.17210649
0.12661137
0.1556877
-0.16176717
-0.19091663
-0.15888947
-0.054258283
0.0720599
-0.10710309
0.17949776
-0.007842104
-0.07808538
0.24167418
0.13141999
0.17088705
0.11278347
0.176034
0.14785549
-0.05165001
0.08962807
0.15777445
-0.062610894
-0.2507829
-0.018976983
-0.12758636
-0.07821721
0.121293
-0.0738772
0.06860668
0.21607615
0.05935789
0.19203056
0.04901569
-0.13439102
0.11241693
-0.18321347
0.015107019
-0.11844447
-0.11681209
0.014384962
-0.16600192
0.004339367
0.11136162
-0.16461669
0.051781747
0.16663061
0.10995785
-0.059357885
0.01040668
0.12882937
0.156304
-0.1044934
-0.12884331
0.12225063
0.07318434
-0.009323511
0.11589888
0.14772214
-0.14301834
0.011650265
0.1025066
-0.0040828986
-0.055914506
0.028652987
0.0059095277
0.10605261
-0.039112892
0.028514484
0.1742172
-0.16806196
0.042069484
0.13862632
0.1750191
-0.22558719
0.03976001
-0.16572957
0.16232695
-0.114746906
0.020549761
0.0070315045
-0.13232844
0.25233254
-0.12634662
-0.189971
0.17963648
-0.093709625
0.11803942
-0.074948385
-0.06802738
0.01169621
0.22378674
-0.14040555
-0.07150872
0.19025292
0.16481756
0.1426951
0.13066925
0.1062246
0.018782347
0.09723612
-0.05587413
0.09046088
0.21938922
-0.10963082
-0.14591655
-0.2028361
-0.05509377
-0.15415038
-0.057028033
-0.16183478
-0.10734394
-0.12660281
0.19530347
0.17699927
0.19814746
0.16272053
-0.09203549
0.14318514
0.1051626
-0.03179634
0.16754395
0.03451275
-0.16421527
-0.15620035
0.046216294
0.009225897
0.1557575
0.12988335
-0.12979266
-0.07329894
-0.13307716
0.016664682
-0.111951716
-0.1763109
0.029782034
-0.13244969
-0.112564266
0.13091178
0.24745184
0.0218404
-0.08740871
0.17271265
0.10722632
-0.14237514
0.20304629
0.05468672
0.000714329
0.118721455
0.020962505
-0.12867644
0.15009366
0.0029191105
0.009347933
0.16999502
-0.098121144
-0.10266618
0.12139329
-0.059344936
0.04819045
-0.01426968
-0.1640082
0.1932824
0.12980182
0.0705572
-0.0795467
-0.025076216
-0.1070285
-0.02301022
0.1390342
0.20043193
-0.07875873
0.06853955
-0.005958974
0.17136948
-0.17795266
-0.17747271
-0.077867374
-0.1403865
-0.07689557
0.009981153
-0.044854898
0.078745395
-0.0022503948
0.18244223
-0.0033377586
-0.035164542
0.055051703
0.20057839
-0.16991211
-0.20535994
-0.037459414
-0.19128907
0.23926197
-0.085732095
-0.13257411
-0.14059326
0.2203423
-0.11643107
-0.21790472
-0.008283257
0.21978879
0.021936236
-0.09894793
0.10538867
-0.10331389
-0.12668262
0.05984598
-0.2341896
0.012639225
-0.09782936
-0.21320696
0.09004682
0.21753351
-0.23040314
-0.15460932
-0.14708652
-0.18699832
0.15209438
-0.013713078
0.19014692
0.20231336
-0.072775654
0.1399078
-0.0019505093
0.07327669
0.18805027
0.18460675
0.11472064
-0.3134476
-0.038188614
-0.18079564
0.15674224
-0.20654564
0.00059185456
-0.15734115
-0.075869
0.07130484
0.22728775
-0.14761814
-0.1288077
-0.16963528
0.11219439
-0.07390065
0.23125939
-0.16394497
-0.09715417
0.18005183
0.053508718
0.114589505
-0.17610572
0.0151463365
0.32930773
0.0034254098
0.22818792
0.06789608
-0.0180677
-0.1130052
-0.10307433
0.0063183885
0.051046498
0.29161462
0.046867624
-0.060869727
-0.20149736
0.16724734
0.08720908
-0.16725059
0.067439765
-0.2555594
0.13395618
-0.22901264
0.18754756
0.19734061
0.16425422
0.055687148
-0.22401616
-0.06934747
-0.016770424
0.107054
0.16676907
-0.07681299
-0.16694994
0.04573978
0.08629613
0.02131867
0.09788571
0.16012672
-0.20700559
0.16113119
0.07056688
0.07433884
-0.15755707
0.19601327
-0.016731905
-0.025233226
-0.13163815
-0.0057701934
-0.01627795
0.04321779
-0.091209754
-0.039659165
0.008556981
-0.029128939
-0.18661919
0.16634814
-0.17764507
0.115183964
0.11390383
0.07004198
-0.08163985
-0.04869173
-0.1314734
-0.07448983
-0.076183714
0.0077131107
-0.031289246
-0.0031415229
0.15548585
0.036234275
-0.05716417
0.04409451
-0.13968612
-0.1422993
0.12077104
-0.12753265
0.07550884
-0.009203103
0.17067435
0.102464646
-0.042485066
-0.035560753
0.11150437
-0.075399466
-0.28256238
# B
0.008837616
0.032578386
0.027612517
0.031857572
0.020200683
0.014427857
0.012780705
0.018101742
0.025067473
0.0074428236
0.010475572
-0.0033235191
0.021019368
0.0070829378
0.016501902
0.024751466
0.020167127
-0.00050106284
0.011154992
0.012826735
0.024575323
0.008754559
0.020797832
-0.004970332
0.037525088
0.02128301
0.0087288115
-0.0053118006
0.011568875
-0.0046388167
0.027157241
0.0073365415
0.011480071
-0.01773915
0.028879495
0.0018060473
0.026576996
0.004308431
0.035644256
0.05128478
0.02970545
0.0035005559
0.022621552
0.015993284
0.008689896
0.014081038
0.0042638094
-0.0056237075
0.012086552
-0.010559574
0.020094277
-0.0016806796
0.0113870185
0.028032416
0.01985842
0.009544826
0.018215144
0.0059703193
0.008309944
0.010856643
0.0325564
0.009234318
0.03466916
0.028735302
# Layer Number: 2
relu
32 64
# W
0.3060099
0.123971485
0.15484574
-0.18478961
0.1838039
-0.036903944
0.09783863
0.2762451
0.23111227
0.1629102
-0.017895183
-0.060737424
0.08224015
-0.3049541
0.13041703
0.22281145
-0.19721565
0.18490882
0.14090315
-0.005139394
0.17463027
-0.1913552
0.18647517
0.1213862
0.18604495
0.15606993
-0.15595755
-0.069666706
-0.14350371
-0.17483503
-0.20167077
0.19106206
-0.30808872
-0.17464203
0.26180384
0.5393484
0.2369797
0.20796199
-0.11440672
-0.44917515
-0.057677366
0.1398358
-0.0900479
0.1874922
-0.16686513
0.30139345
-0.3651427
0.28106347
-0.00172969
-0.19945447
0.26579317
-0.07954535
-0.26820102
0.15225105
0.04950481
-0.11261745
-0.38436475
-0.18580836
0.16978581
0.07439558
0.10653953
-0.010454359
0.19756714
-0.20566556
-0.16297528
0.0016906738
-0.051697835
-0.17123945
-0.22900434
0.055993423
-0.116766706
0.08127023
0.06043895
0.26978916
0.006816779
-0.11910745
0.10576942
0.2320752
0.14448829
-0.15791069
0.024396308
0.17150661
0.23077993
0.32936993
0.15781546
0.29265878
-0.059847977
0.05111242
-0.06881613
0.15483001
-0.16985911
0.092490144
-0.03396095
0.24976262
-0.027802816
-0.12729432
-0.118613236
0.038961753
0.20003276
0.17106971
-0.22382417
-0.35781994
0.06686198
-0.2036998
-0.24052303
-0.15017249
0.22504435
0.15899481
-0.12845305
0.24975507
0.10265406
0.05308052
0.07177609
0.09355965
0.105033875
0.14309978
-0.2662212
0.23656218
0.17761679
0.30797407
0.031343408
0.0983395
-0.015434807
-0.040778764
0.2027705
0.12577073
0.21974704
0.026550679
0.070536524
0.34019202
-0.26358533
-0.35565004
0.3765212
0.31044537
0.009667641
0.35850054
0.2776715
-0.17693551
-0.016263988
-0.08926854
-0.15303825
-0.16312447
-0.13654216
-0.0056590238
-0.110344544
-0.02628148
0.20262405
-0.22561543
-0.098101616
-0.051914632
0.3763952
0.047625422
0.01156506
-0.056060314
0.18112008
-0.08890337
0.0651826
0.16742383
0.3417111
0.16223766
-0.120985724
-0.07976584
-0.49815884
0.18816264
-0.3891206
-0.108519085
-0.4593445
0.20093358
-0.015744997
0.15531279
0.030773113
-0.23511533
-0.15777786
-0.22546846
-0.0051329797
0.2002565
-0.056130905
0.05918026
-0.21177152
0.0546523
0.41707593
0.3415602
-0.24405785
0.41872856
0.2215261
-0.24452877
0.04678973
0.1511912
-0.13435344
-0.12240836
0.15716673
0.16561127
0.25095892
0.19322275
-0.15313397
-0.13121481
-0.20607795
-0.022454025
-0.24541149
0.06314701
-0.16394864
-0.07385981
0.16190408
0.10794788
-0.21745458
-0.19290508
-0.11717346
-0.12051648
-0.12898971
0.016886339
-0.07116576
0.14072607
-0.2746313
0.1776917
0.20776552
0.29054254
0.13915476
-0.18894325
-0.23663056
-0.21815202
-0.19423714
-0.3454691
0.31672266
-0.35282356
0.40778336
-0.034094337
0.004083455
0.3076242
0.21255249
0.08448627
-0.16714457
-0.005044274
0.059589054
-0.3915633
0.17027065
0.28274962
0.21762756
0.18304545
-0.2899997
0.07940051
0.22418122
0.17447822
0.18726528
0.219839
0.22123799
-0.22190174
-0.11959848
-0.07814228
0.2727418
-0.069318295
-0.12807624
0.31809825
0.42446214
0.10982464
-0.21152991
-0.11414782
-0.2288565
-0.13529035
0.15342563
0.31287664
0.13974804
0.122358315
-0.12899993
0.13201801
-0.04610656
-0.3324469
0.08091801
0.3003461
0.05860397
-0.019914625
-0.1657789
-0.13103443
0.14048445
-0.117573805
0.13426699
-0.30992803
-0.29462987
-0.17420116
0.27258053
-0.10738223
-0.06632643
-0.11544669
0.25625134
0.09534947
0.16900638
0.3267454
0.27584055
0.012967458
0.15490292
0.021942044
-0.14021035
-0.022255315
-0.13865189
-0.25651655
0.18942085
-0.35470632
-0.34942037
-0.09924038
0.05664397
0.010203829
0.081362575
0.29984152
-0.23390378
0.03643747
-0.079586685
0.0058668684
0.2996392
-0.012435664
0.23139697
0.04838385
-0.12624718
0.22965078
0.14441273
0.0018709213
-0.014707367
-0.28435123
0.026403077
0.14250202
-0.13215941
0.14101315
-0.087356925
-0.10251777
-0.17446896
0.2787416
0.2195084
-0.29591316
-0.16058736
-0.01644222
-0.27912012
0.018968204
-0.22712705
0.14604123
-0.09885655
0.2995807
0.2009251
0.023707524
0.018414335
0.08260453
-0.034672797
0.20839384
0.11302577
0.17049034
-0.25169846
-0.21284427
-0.11317669
-0.048812803
-0.015090908
0.18842784
0.15348771
0.12205139
-0.08555318
0.111858815
0.36723205
0.017529964
-0.014408874
-0.17052539
0.08053288
-0.5089432
0.16038254
0.3250148
0.27017337
-0.18138523
-0.1805917
0.22464009
0.3334599
-0.08682793
0.10647489
-0.3535462
0.044928502
0.05991945
0.045755506
-0.16956165
-0.0053475243
0.15050794
0.19741254
-0.2949468
-0.12569715
-0.24359167
0.10117362
0.11145229
0.032850657
0.033891868
0.36185977
0.25746614
-0.022997502
0.17906949
0.073819354
-0.18392241
-0.2512141
0.017325535
0.11097277
0.07031228
-0.33198318
-0.22392315
0.3192562
0.082153305
0.17031434
-0.03324319
0.3718167
0.06235442
0.20654581
0.21772356
-0.20714101
0.09121527
0.27913845
0.258273
-0.4021003
0.15840612
-0.10956441
-0.12631473
0.05452123
-0.10171204
0.097489744
-0.2269939
0.021814933
-0.237945
-0.16564871
0.13380978
-0.11451525
-0.025609883
-0.101376146
-0.2569991
-0.108921655
0.008600105
-0.12848128
0.2650618
0.1815892
-0.08822388
0.15100816
0.18921146
0.21225464
-0.151325
-0.10103253
0.14143294
-0.14652844
0.0393186
0.04514487
-0.108518384
0.2226449
0.12922896
-0.15714952
-0.06058847
0.09268599
-0.0051343697
-0.16699857
0.055516027
-0.16757686
0.119791195
-0.03742694
0.10475611
-0.09068304
0.13709366
0.2150006
0.25039673
-0.0037822824
-0.19158891
-0.16699801
-0.08086492
0.2140436
0.2100109
-0.42332003
-0.26289752
0.28694007
0.093534455
-0.101034485
-0.20855032
0.008706883
-0.09786857
-0.05600399
-0.21292263
-0.28708288
0.1265111
0.26677248
-0.23918276
0.008095588
-0.16143534
-0.082482
0.04199528
-0.3601792
0.15216051
-0.27723345
0.32463756
0.1134145
-0.37340903
-0.2933977
0.18139315
-0.0042788275
0.20122163
0.3330283
0.119618006
-0.21774489
0.13180733
0.1596464
-0.15065815
0.3700695
0.1429668
-0.21520917
0.008920807
-0.3195108
0.30977947
-0.30249062
-0.51561165
0.025957696
0.053338777
0.41242772
0.015660822
-0.07705612
0.07218526
0.032464996
-0.17554829
0.059465595
0.0027904517
0.30328435
0.37729868
0.24605373
-0.04207997
0.15676975
-0.1478757
-0.08213411
-0.15846969
0.15602852
0.08064034
0.12287254
-0.13376577
-0.2322194
-0.094181396
-0.26353636
0.06325698
0.12722766
-0.23226477
0.15587704
-0.19123295
0.28230494
-0.099834815
0.22125421
-0.0024866902
0.34183088
0.23934896
0.024202878
0.07070711
-0.1956736
0.10984667
0.14906785
0.1086871
0.098568074
-0.18990037
0.09546631
-0.21317002
-0.024916971
0.31257775
0.25084448
0.025204452
-0.031900078
-0.003485751
-0.17535904
-0.07030893
-0.013428974
0.08179978
-0.25157854
0.07999834
-0.16727859
-0.25203407
0.100101195
0.24088281
0.1654125
-0.26531112
0.25576714
-0.13348448
-0.020300863
0.20512335
0.10331944
0.44538814
0.24031614
-0.15809342
0.27846768
-0.18000199
-0.19224001
-0.10858323
0.1718507
0.29740313
-0.18009305
0.009903847
-0.26181865
-0.08645975
-0.06153176
-0.14626446
0.028724736
0.21860522
0.0872593
0.3299539
0.024023827
-0.2552752
0.0084439125
-0.076972485
0.27479377
-0.11545758
-0.13318776
-0.20162252
0.1231151
0.2867286
0.07167807
-0.109595954
0.018994248
-0.035638135
-0.19841579
0.26249617
0.036613125
-0.19731961
0.27259272
-0.08996474
0.18795407
0.06731556
0.2629125
0.07035219
0.20029013
0.47716162
0.07272535
0.109575175
0.2870634
0.094254166
-0.16040802
-0.32481465
0.2532113
0.03955387
-0.0029946994
-0.34719178
-0.007896731
-0.37051466
0.09537901
-0.34123895
0.21577004
-0.13179637
-0.04494486
-0.117318034
-0.12925085
0.08421459
-0.2948676
0.20596409
-0.043106515
0.063087426
-0.14950566
0.0020271947
-0.2871919
0.21474272
-0.32362705
0.23262267
-0.24733824
0.16450012
-0.2150541
0.09931435
-0.101241305
-0.04894348
-0.14419834
-0.021507837
0.022623325
-0.06510445
0.0793903
-0.28616437
-0.1330381
-0.019795703
0.20483837
0.10020607
-0.059131164
0.30712852
-0.07145417
0.12638265
-0.0929466
-0.12219574
-0.31699494
0.1749784
-0.21026644
-0.15409309
0.17802386
0.18129936
0.16932295
-0.285517
0.22962125
-0.084490284
-0.19371842
-0.26331186
0.24257796
-0.0967888
-0.18763931
-0.19338219
-0.10820436
0.22335039
-0.28246734
0.15181354
-0.104680225
0.26367664
0.27479312
-0.19563314
0.2713072
0.21218191
-0.10646838
0.011385857
0.13603805
0.13168561
-0.0694913
-0.31149766
-0.11988437
-0.28158802
0.33006725
-0.1554557
0.11890715
0.22910003
-0.061231047
0.2880781
0.21844813
0.050249502
0.08870598
-0.16230391
-0.235905
0.15090361
-0.02458065
0.034078527
-0.13600074
0.025988182
-0.38279128
-0.19934933
0.015916191
0.3092681
0.022226654
0.005945526
0.29178748
0.12814474
0.079305574
-0.0057285028
-0.04392307
0.08477983
0.058342125
0.27140713
0.19074184
-0.17277302
0.2701268
-0.31093368
-0.006191303
-0.16160549
-0.012236795
-0.11368961
0.1085811
-0.36874723
0.37888512
-0.08898256
0.13484795
-0.29612604
-0.086909875
-0.21901192
0.14545368
0.21690196
0.065750115
0.24516284
0.11328171
0.03482968
0.19939105
-0.07096307
-0.065944865
-0.15208112
-0.048982207
-0.35477802
0.009626635
-0.1950327
0.107823305
-0.16521908
0.27309448
-0.028775448
-0.1687368
-0.04287673
0.14396976
0.2840939
0.25259697
-0.02599475
0.011520678
0.119787976
0.10345789
0.20023493
0.22701396
-0.12897277
-0.054080803
0.041363437
-0.31293714
-0.13699342
-0.27425689
-0.17132139
-0.15157335
0.19632494
-0.031676963
-0.006093713
-0.057908837
0.26507065
0.041300442
-0.14260629
-0.028642084
-0.23168576
0.23867264
-0.13432807
0.10583499
-0.22676967
0.31568983
0.08017642
-0.12145647
0.2599086
0.3108584
-0.032485012
-0.16606425
-0.13690235
-0.15789297
-0.39521086
0.13568339
0.007994792
0.14718582
-0.08200037
-0.2815151
-0.32701185
-0.036162473
-0.19827032
-0.11682991
0.41048166
0.24362674
-0.13742486
0.15722816
-0.14931092
0.15631743
0.05418365
0.0024172098
-0.047396302
0.08685918
-0.13139102
-0.14026742
-0.06373552
-0.11366625
-0.12575391
-0.25280145
-0.19184983
-0.28803805
-0.14930874
0.22515137
0.3118738
-0.09213542
0.36020768
0.05395183
-0.21837996
-0.16154574
0.1993538
0.15376906
0.26773673
0.29388562
0.04408183
-0.054168727
-0.32455057
-0.12192469
0.27312964
-0.46215346
-0.200473
-0.13345383
0.16013624
-0.13555053
0.054575324
0.24463308
0.2037696
0.10538587
0.3935593
0.06376948
-0.07888343
-0.12160412
0.42337513
-0.2409595
-0.10132725
0.027722685
0.23590708
0.28487286
0.2599439
0.27138537
0.034751385
0.23176643
0.0727121
0.029461667
0.23860869
-0.36580235
-0.52761
-0.028769819
-0.15383175
-0.0088065155
0.21439661
-0.045450434
0.04311583
0.3299611
-0.08315931
-0.09714026
0.13998449
-0.2712481
0.44791976
-0.16476548
0.42755988
0.51740074
-0.14084716
-0.33170426
-0.31646466
0.18876655
0.2866563
-0.21616976
-0.09626467
-0.23783006
0.03956706
0.083867975
0.22967172
-0.015336226
0.2892947
0.102486834
-0.14408389
0.14180121
0.0025928342
-0.033181727
-0.37550423
-0.072722636
0.21252899
-0.27733323
-0.29334614
0.031938445
0.21478255
0.19200502
0.034948766
-0.26776192
0.4574412
-0.14501162
-0.02295862
-0.09322594
-0.09309747
-0.17903332
0.010666879
0.47545266
0.20832537
-0.1212953
-0.051215574
0.36097762
-0.3654887
0.08145587
-0.14181879
-0.0035066982
-0.08480232
0.14605008
-0.011055174
0.25531897
0.22087052
0.21472466
0.2575996
-0.26317865
0.33435667
-0.3535721
-0.25866628
-0.06392375
-0.4884433
0.019875253
0.15718508
-0.12487611
0.17086929
-0.16951513
0.046070386
0.059853252
-0.046571877
0.13303348
-0.19448292
0.2199759
0.23274052
-0.03526437
0.56214225
0.15831093
-0.067072354
-0.006711003
-0.24329636
-0.044086922
0.09109441
0.23023638
0.26453775
0.067284055
0.1453227
0.21123742
-0.24831647
-0.18571298
0.12285687
0.30573052
0.21592818
-0.34656915
-0.3258494
-0.35000175
-0.09886199
0.2619565
0.46733573
0.12604295
0.25410834
0.013114561
0.162543
-0.15369412
-0.07468771
-0.18447106
0.02460429
-0.12756692
-0.24188867
-0.14903037
0.19771178
0.09351227
0.24296881
0.22014257
-0.11274212
0.21248998
-0.035909787
0.30602124
0.029939208
-0.20307396
-0.15103316
-0.2240396
-0.06379827
0.0022584528
-0.084825
0.054314423
0.18298207
-0.14446704
-0.05417837
0.05933227
0.2813044
-0.04517764
-0.09846924
-0.15535346
-0.2604992
0.025971543
0.31421328
-0.1647412
-0.20732081
0.042515513
0.32097572
0.15052165
0.12343847
-0.019350978
0.1184181
-0.083085604
-0.10999955
0.15556382
0.17031467
-0.23382542
-0.25640962
0.20318665
-0.28434315
-0.2908551
-0.2677472
-0.23149623
-0.2366122
0.27182424
-0.21222919
-0.32071438
0.014066339
-0.32996455
0.15064456
0.13945615
0.4163314
-0.16232336
0.15322913
-0.1639809
-0.19393837
0.41204208
-0.34399948
-0.0793196
-0.30893815
0.46603027
-0.0011955168
0.028679239
-0.31875446
-0.114408575
-0.045073275
-0.08647471
0.38040516
-0.27625737
0.16393629
-0.17162652
0.039076768
0.112553395
0.16013803
-0.040298972
-0.07090351
-0.1231778
-0.5257223
-0.17552204
-0.045080423
-0.15069994
-0.3822594
-0.0788236
0.18732345
0.19048771
0.18596952
0.16182709
-0.34796023
-0.013044589
0.22585739
0.039123774
0.1586256
-0.24132311
0.11883294
-0.19347087
-0.32051587
-0.10669141
0.22935246
-0.12084238
0.44419962
-0.18385056
0.14841633
0.22605167
-0.09579849
0.27019846
0.24661025
0.30809894
0.42667684
-0.22090128
0.068698175
0.17764524
0.24656168
0.26124606
-0.055124972
0.09098171
-0.0033928936
-0.1819395
-0.01223657
-0.031954423
-0.0754447
0.14713399
-0.39188778
0.34724152
0.29941255
0.3319548
0.19314732
-0.409258
-0.07084183
0.23210362
0.1243946
0.041994017
-0.03415606
0.040778883
-0.12772149
0.071880676
0.20096534
0.07754093
-0.4655674
-0.3199618
0.03341534
0.12747419
0.032231312
0.18546522
-0.197151
-0.22597511
-0.3820659
-0.40630314
-0.19825718
0.044720482
0.2503543
0.116054274
0.11385141
0.088690825
0.062273268
-0.016885268
0.25767687
0.10034907
0.20674254
-0.27180845
-0.05142773
-0.11751073
0.062858574
-0.246372
0.27030578
0.22024733
-0.15334232
-0.051340315
0.19202946
0.20833905
-0.12697336
-0.1823786
-0.0024986581
0.1056199
0.26167914
-0.07868047
-0.031957805
0.0812813
-0.03658468
0.13663839
0.22834915
0.045811884
-0.09284864
-0.24949656
-0.105697624
-0.19375393
0.2352926
-0.21474923
0.04008813
0.14678608
-0.44812417
0.046207964
-0.16517648
0.46390778
0.33914462
0.49640036
0.35712373
-0.28027666
0.19663471
0.1870562
0.04621398
-0.28933612
0.15397157
0.13879497
0.2599403
-0.0772435
0.12633717
-0.27423462
0.11742139
-0.01754072
-0.35619077
-0.10292271
-0.019624013
0.3253434
-0.26983532
0.27112868
-0.20231162
-0.12085867
0.14007442
0.18760844
0.048122518
0.19617866
-0.24915059
0.14053687
0.1801078
-0.020001845
-0.21020491
-0.11025344
0.28855884
0.29144388
0.0014023961
-0.185902
-0.1110528
0.24794738
0.26497042
0.037700325
0.16985968
-0.08422986
-0.1253175
-0.185415
-0.17527811
0.09909555
0.10400909
0.26582628
0.09861058
0.08701252
0.016731344
-0.12906162
-0.008651967
-0.026739947
0.12319516
0.030317277
0.12066109
0.17526868
0.14579804
0.16151477
0.18961534
0.13513061
-0.19033155
0.08823001
0.21794964
0.13223627
-0.16303203
-0.16350041
-0.03352767
-0.28234962
0.247349
0.043689318
0.11766491
0.22663303
0.13249572
0.1529351
-0.21722747
-0.04547105
0.2669532
0.14860351
-0.058816776
0.16353275
0.24248283
-0.28784794
0.16251796
-0.19899175
0.24793825
-0.34459728
0.18083519
-0.07526036
0.08473021
0.047799233
0.25106782
-0.09066638
0.24385837
-0.2642223
-0.13966952
0.16387933
0.1238525
-0.04464219
-0.24016768
-0.11854343
0.29859954
0.0700868
0.009601461
0.091327764
0.2621465
-0.10828781
0.050359577
-0.2597013
0.14811096
-0.2018667
-0.21120267
-0.032859564
-0.033992466
-0.17772439
-0.12141178
0.23984699
-0.077327564
0.19265378
-0.17533994
0.054434333
0.25807947
0.14275697
0.3050481
-0.23395096
-0.20196636
-0.26513803
0.182003
0.122984804
0.21749596
-0.120426394
-0.16380242
0.103897154
-0.07014047
-0.021165362
-0.19947143
0.10859548
0.257031
0.09740489
-0.2058844
-0.2319653
0.010294079
-0.23015839
-0.03972271
-0.15387885
0.024912331
-0.18649074
0.16654858
0.33205554
-0.18853523
-0.20489474
-0.012835024
0.29343772
-0.1680791
0.26359686
0.03867636
0.1689522
0.1581607
-0.11381575
-0.026140973
0.27110213
0.17720212
-0.18693902
0.21826957
-0.22621703
0.09236581
-0.40824434
-0.09445238
0.12672529
-0.06566412
0.21512951
-0.06434739
-0.033253916
0.11060088
-0.06283383
0.056209385
-0.2238533
0.25478923
-0.11331121
0.39969316
-0.11859631
0.07784368
0.07063466
0.072879516
-0.113710426
0.19332492
-0.009045861
-0.19900328
0.088563845
-0.005479082
-0.033065222
0.24095239
-0.21617296
-0.0203394
-0.13671811
0.14080346
-0.10605513
0.1908194
0.095575206
0.11798371
-0.10659206
-0.10753347
-0.14837386
-0.20258261
0.246612
-0.072740294
0.15280832
0.07474645
0.26502264
0.0121472115
-0.21149746
-0.0059305676
-0.046782978
0.14679241
-0.17177914
0.1561567
0.24801764
0.11466561
0.04218469
0.14257067
-0.23764618
-0.11485388
0.085749365
-0.07121412
0.1953959
0.0760529
-0.15248074
-0.2104472
-0.14235005
0.009496603
0.26848257
0.028513882
-0.31660217
-0.20557548
0.11962582
-0.14205919
-0.12261399
-0.010811887
-0.10919019
-0.20889567
0.21020122
0.23446746
0.13192971
-0.06569006
-0.20665896
0.07511731
-0.061872374
-0.06498478
-0.15117835
0.208922
-0.27590537
0.3497316
-0.14863978
0.10994771
0.078701064
-0.3060423
0.1241926
-0.26854995
-0.23472726
0.043301784
0.1982777
-0.04323819
0.029066984
-0.19726552
-0.013982544
0.20316528
-0.14558317
-0.21058083
-0.26821113
-0.21355453
0.0699472
-0.21223728
-0.023651771
0.044455446
0.18549755
0.099877656
-0.093847126
0.09928412
0.2103943
-0.22519219
0.11498091
-0.13850453
-0.08828916
-0.16341719
-0.07306983
-0.04153251
-0.09190808
0.15475121
-0.10818417
-0.2808526
-0.038497567
0.0033020729
0.16631489
-0.3456914
-0.01803396
-0.2013332
0.33644995
0.22870402
-0.13793926
0.08985373
-0.053438913
-0.097002536
0.12252562
0.36210397
0.18758637
-0.2056019
-0.21660577
0.17772979
-0.12738049
0.40779236
-0.14586389
0.013616726
0.26048842
-0.03555813
0.026429895
-0.17792869
0.25849223
-0.18212971
0.07609799
-0.080541134
0.1368338
0.28052175
-0.04978292
0.06497703
-0.42150423
0.08961564
0.5648089
0.15454453
-0.21405293
-0.017921768
-0.04771057
-0.22551644
-0.08164027
-0.15563357
-0.2348601
0.018578801
-0.15711343
0.11167214
0.24966408
0.025182774
-0.055413563
-0.24416444
0.13213924
0.0937578
0.09922808
0.057908423
0.15985884
-0.08621826
-0.16829465
-0.20875195
-0.12500626
0.16581301
0.111578695
-0.06619495
0.20077546
0.20710912
0.044695802
0.28295502
0.23791184
0.3274613
0.15823577
-0.16522568
-0.089826755
0.15137523
-0.03886631
-0.035702713
-0.18188168
-0.21761975
-0.01138049
-0.19633174
-0.26109853
0.07247787
-0.11792674
-0.4231533
0.38947555
0.09162945
0.17331366
-0.010687602
0.029355843
-0.03795675
-0.36656135
-0.53197515
0.097895935
0.39875734
-0.08525713
0.06660249
-0.1599881
-0.027826747
0.19819506
-0.42120647
-0.1623985
0.07014237
-0.05112195
-0.07540621
-0.14140327
0.042778015
0.2613675
-0.23364007
-0.18850917
0.38661888
0.23897235
0.32130548
0.3836817
-0.29069373
0.11098461
0.17831889
0.0775272
-0.30903265
-0.32625586
-0.080009624
0.046522006
-0.007120545
0.17282927
0.09936238
0.15069398
-0.004607362
0.015126087
-0.013578989
-0.038290717
0.20268781
0.4217404
0.27282006
-0.27509516
-0.23641926
0.36422154
0.122319475
0.22801982
-0.13167787
-0.13330814
-0.21310939
0.09028566
-0.22500134
0.12979737
-0.058037844
-0.21488068
0.06343336
0.0779906
0.24151826
0.045014653
-0.07013211
0.04301676
-0.3645306
0.388282
0.0055701025
-0.03803873
-0.05924297
-0.29114547
-0.31665137
-0.2967435
0.32921764
0.093782015
0.20441511
0.17840955
0.3781154
0.23326352
-0.10552109
0.11581183
0.14679737
0.25434452
-0.028154135
0.2787912
0.4469209
-0.119897775
-0.3747595
-0.079494976
-0.24334471
0.26567718
0.14190498
0.12333441
-0.014050143
0.15289105
0.023134017
0.07352056
0.10106558
0.18129686
0.29492885
-0.28014803
0.15670316
0.03839829
0.06446952
0.28378716
-0.12519087
-0.20859827
0.16344325
0.038995285
-0.020037409
-0.19599357
-0.14915033
-0.270227
-0.015557582
-0.26199707
0.011409876
-0.09908822
0.0076922127
-0.26719758
0.2659011
-0.05303398
-0.20088021
0.31008777
-0.11549105
-0.24345219
-0.21328792
0.013329084
-0.2435453
-0.10267404
0.23509087
0.15731609
-0.057236444
0.04299323
0.23373023
0.23454116
0.0722121
0.18980853
0.15045851
0.23144954
-0.057586618
0.051523674
-0.29811534
0.33391604
0.028464893
0.09888241
-0.223584
0.17415258
0.1852644
-0.030487949
0.054893713
0.25973955
0.31748673
-0.20427038
-0.16966687
-0.13044594
-0.3377406
0.040199153
-0.09890681
-0.19042121
-0.12504551
0.034619667
0.18475366
-0.022500342
0.36827123
0.1492963
-0.00970622
0.19253209
-0.33207032
0.44181433
-0.0378658
0.143473
-0.17114721
0.075420745
0.34191117
-0.042525116
0.16654958
-0.08094218
0.25398368
-0.28671378
-0.1695351
-0.24559131
-0.31255367
-0.10800813
-0.2781118
-0.057521686
-0.1525762
0.09172465
-0.09317021
-0.062145803
0.03567695
0.107194446
0.09659245
0.047618195
0.19608949
0.2425988
0.12466851
-0.10632377
-0.110090256
-0.03199236
-0.08929309
0.26433197
-0.0072796755
-0.07902457
-0.11560992
0.00022561822
0.009162095
0.17311949
0.037864394
-0.20033832
-0.119745255
0.05092473
-0.079842634
0.115302995
-0.18396802
0.041189663
-0.062047996
0.1140945
0.30785176
-0.055884976
0.136481
-0.00047562717
0.013566478
-0.041671768
0.3400499
-0.094238274
0.39996842
-0.11885695
-0.2909188
0.07969163
-0.018047858
0.011339864
0.19432883
0.17172009
-0.0727174
0.23104526
-0.3695882
-0.40524217
0.1735692
0.14770047
-0.17673309
-0.13134238
-0.28215438
0.09392205
-0.07420814
-0.21539181
0.16553158
0.019873757
0.20259544
0.044268705
0.08434499
-0.037828818
-0.043034606
-0.21769503
0.026720103
0.24559851
-0.095505215
-0.024700332
-0.34872207
-0.2130725
0.19473113
-0.029607166
0.26981145
0.26143265
0.13909592
0.08560219
0.10907965
-0.10423149
0.23296483
0.2864442
-0.19058803
-0.33227494
0.06258168
-0.21152186
-0.10020703
-0.2597027
-0.04489399
0.12047362
-0.23319744
0.15356535
-0.10050183
-0.08068324
-0.0044232495
0.21590035
-0.2818628
-0.10131272
0.21943149
-0.002078604
-0.20602901
-0.29194728
-0.14831622
-0.08529887
-0.18745427
-0.15135704
-0.26249272
0.090586215
-0.12213737
0.27519616
0.2798739
-0.118403904
0.32739428
0.40702692
-0.17619272
0.104079865
0.13142599
0.39109686
-0.032042857
-0.121099204
-0.101071835
-0.243647
-0.24441054
-0.073705286
-0.4356969
-0.0684636
-0.17418055
0.518558
-0.15366118
-0.2507382
-0.08185917
0.48227304
-0.061057456
-0.1850689
-0.10063885
0.07844438
-0.22924636
0.23696011
-0.21479356
0.07551763
-0.1556122
0.08437262
0.31117392
0.13286291
0.07513583
0.49243554
-0.35242352
-0.07969629
0.09055685
0.56868416
0.07174519
-0.20075929
-0.0019512773
-0.12699074
0.058153946
0.07985052
0.08087529
0.1574244
0.11002406
0.0014483326
0.22580367
0.25203252
-0.30835536
0.0529971
-0.17554463
-0.18642624
0.057153028
0.28866258
-0.11440645
0.11005085
-0.0036860602
-0.07208284
0.03478995
-0.4170317
0.2576182
0.022157164
0.2639535
0.19027361
0.05177103
-0.1580871
-0.07262742
0.29528594
-0.044122443
0.25242355
-0.1904962
-0.11354431
0.18001196
0.34795886
-0.0994384
-0.0016788155
-0.18183249
0.0075708157
-0.06678296
-0.10758574
-0.49874154
0.40389222
-0.057628687
0.2864391
0.3289792
0.42990386
-0.09153922
-0.34882882
0.056770667
-0.20656438
-0.1530246
0.1639164
0.066375785
0.198602
-0.17952847
-0.16930161
-0.017177466
-0.022539012
-0.00021485421
0.20164773
0.010520715
0.010760059
0.1574683
-0.18197924
0.06549947
-0.023586743
-0.10372782
0.10505385
0.079116225
-0.18816215
0.26101783
0.10147633
0.10941333
-0.050216462
0.14836082
0.2716228
-0.25404605
0.24057293
0.20967309
-0.11169336
-0.072171025
0.08235309
0.23273596
-0.089480504
0.06617778
-0.15510589
0.27772403
-0.02149349
-0.059864476
0.18119417
0.13147126
0.13821815
-0.015156655
0.099333666
-0.22833826
0.122026555
-0.15254919
0.013116483
0.09953175
0.25426242
-0.050510954
-0.26791534
-0.12486327
0.30953035
-0.26677766
-0.12751271
0.7246904
0.4474415
-0.28877643
0.2897842
0.53287363
-0.110480666
0.25457305
-0.17120878
-0.4312234
-0.52487105
0.068708085
-0.24976861
-0.09813369
0.17662847
-0.09178027
0.08562865
0.04631833
-0.037940625
-0.16054411
-0.6355985
-0.109504044
0.20599985
0.21833958
0.22894832
0.31626374
-0.17877603
0.110594906
# B
0.024330597
0.053045068
0.011221029
0.028669396
-0.0069924393
0.028484521
0.012562964
0.0035013708
0.017016876
0.044431005
0.01924357
0.026271246
-0.035738166
0.0006791279
0.0183525
0.028523225
-0.015103837
0.0016252164
0.0028899154
0.011050138
0.017810794
0.033412766
0.005208509
0.02837304
0.005850149
0.0016494413
-0.0008045244
0.03513516
0.023086334
0.006336986
0.03502549
0.005652542
# Layer Number: 3
softmax
12 32
# W
-0.71389246
-0.83013636
0.5943098
-0.104828134
0.4351426
0.14711529
0.19682145
-0.028592024
-0.35074636
-0.31128305
0.21949866
-0.049799383
-0.34464768
-0.6300107
0.15958288
0.5084618
-0.21554889
0.19848074
-0.04761987
0.15855922
0.29337662
-0.22990352
0.26325098
0.051268034
-0.18232709
-0.37369537
0.30062336
0.027256055
-0.033564094
0.32430172
0.15364271
-0.41140428
0.52784616
-0.3734933
-0.613968
0.32571596
-0.47992077
-0.577816
-0.22705664
-0.3108025
-0.41081724
0.16597296
-0.029913098
0.34577224
0.025754659
0.36926144
-0.09662512
-0.6249533
-0.39646998
-0.36406118
0.07317752
0.34511462
0.46237087
0.1574723
0.32502753
-0.31729054
-0.51005423
-0.6063334
-0.29188788
-0.38919577
-0.44646487
-0.15767837
-0.35749862
0.20189926
-0.54065305
0.16061999
0.26912674
0.3657197
-0.35640648
0.31532314
-0.07448123
0.44690073
-0.46019793
0.08039135
0.2726612
0.123917446
0.061149403
0.102250166
0.06456461
0.060911976
0.262104
-0.5187744
-0.53157943
0.39438903
0.010770843
-0.39200974
0.09349349
-0.15732224
0.0072174966
-0.51759964
0.2628003
0.00084100827
-0.3724882
-0.084286585
0.3526552
0.4088697
-0.5988169
-0.43841502
-0.3771262
-0.05207656
0.017674534
0.2845502
-0.036755513
-0.20112567
0.13596204
-0.44981334
0.12235472
0.24483725
-0.4810667
-0.49777526
-0.28080806
-0.06486494
-0.33854595
0.28466073
-0.30717474
-0.2055608
-0.0806083
0.108969726
-0.013412391
0.18075956
-0.4365522
-0.25570926
0.38473204
-0.39943326
0.318527
0.33823365
-0.40194616
0.14424074
0.3079602
0.05119132
0.5095241
-0.28993034
-0.014062813
0.05814584
0.44453135
-0.05088591
-0.53411037
-0.010025009
0.016606439
-0.28832844
0.17550652
0.2054979
-0.10012091
-0.18376872
0.20118211
0.12670559
0.5351524
-0.05981549
0.29189235
-2.4329677
-0.26537237
0.18995054
-0.3251996
-0.2831054
-0.9195647
0.14123237
-0.35299465
-0.35958597
0.03011336
0.413524
0.15153654
-0.44092607
0.37146375
0.36324513
0.14964683
-6.925913e-05
-0.21663359
-0.22911406
-0.22210366
-0.31866455
-0.014608632
-0.38041335
0.020165864
-0.50424904
-0.37068942
-0.1983292
-0.28193974
0.372981
-0.33006307
0.39235502
0.22062223
-0.1335
-0.44826403
-0.36794496
0.5353075
0.14731097
-0.4920369
-0.03063524
0.12407215
0.26420176
-0.34350923
-0.37995186
-0.21830764
0.23033628
-0.19580388
-0.1451339
0.14288205
-0.36176768
-0.043799717
-0.37386858
-0.090305515
0.21225011
-0.24530253
-0.008995799
-0.37738663
-0.010192443
0.2667442
0.125354
0.35111848
0.34924546
-0.38767156
-0.17452231
0.49856192
-0.24465868
-0.33498195
-0.4659805
-0.3866382
-0.33355144
0.21232897
0.10428533
0.4136145
0.30679744
0.09898778
-0.20183879
-0.24186525
0.25326142
-0.083748676
-0.25742817
-0.3388244
-0.35232797
-0.21039946
-0.50600916
0.08552217
-0.19569342
-0.0051135174
0.15998988
0.5019956
0.28667665
0.14122057
0.19293427
0.13599473
-0.33555672
0.03371436
-0.35831693
-0.22994144
0.26429972
-0.5043583
0.58718544
-0.1574509
-0.3393578
0.24411361
-0.0123412
-0.87306327
-0.32846877
-0.5456949
-0.20143664
0.26777005
-0.2593798
-0.37421343
0.4404514
-0.03243481
-0.3333824
0.07837098
-0.39660528
-0.24205987
-0.4318277
-0.25348893
-0.071867995
0.20888993
0.09181373
0.26828864
-0.6870711
-0.07654465
-0.09305229
0.42492023
-0.21291547
-0.2476987
0.094386645
-0.13902858
-0.07092233
-0.20922464
-0.5026373
-0.19705245
-0.35948792
-0.17374398
0.39582023
0.37453872
-0.3453254
-0.34917453
-0.14699873
0.51891
-0.23070422
-0.25852287
-0.24548227
-0.2647907
-0.38450095
0.05423053
-0.4746546
0.36761087
-0.107063904
0.08077342
-0.11514395
0.21980487
0.04851649
0.13127658
0.2716306
-0.19857252
0.1844752
-0.14966668
0.36495978
-0.2038375
-0.33487442
0.049498837
-0.11736343
-0.021605827
0.18719909
-0.42859328
-0.063137606
-0.19561134
0.354568
-0.7295372
-0.57352096
0.19186607
0.45067587
-0.094328
0.18439205
-0.18071198
-0.33595243
-0.6887379
0.36415002
0.5569622
-0.019425122
0.12356179
0.14776091
-0.036467902
-0.16216454
-0.354925
0.06528871
0.1038375
-0.47867563
0.16985035
0.16986799
0.43726403
0.08202412
0.1713001
0.09060121
-0.19508387
-0.55937076
-0.16082416
-0.22543529
0.19961017
0.2804906
-0.4025085
0.037060995
0.42538416
0.30269802
-0.36453363
-0.22761396
-0.7863216
-0.07755698
-0.52079993
-0.12701054
-0.020694816
0.46366808
-0.0077023366
-0.1816597
0.21350661
0.20371188
0.3119847
-0.58346134
0.37360793
-0.13842274
0.03703768
0.15675989
-0.66150606
-0.13999711
-0.2608589
0.03768976
-0.34099147
-0.17994273
-0.4452587
-0.18081546
-0.5695404
0.04964488
# B
-0.07471357
-0.07472641
0.02985307
0.06286323
-0.033926316
-0.024222696
-0.06232256
-0.00083285297
0.031421408
0.025314381
0.027845493
0.009758185
