# Layer Numbers: 4
# Layer Number: 0
relu
128 290
# W
0.05804796
0.050849
-0.00468594
0.18236305
0.098991536
0.119283676
-0.04218997
-0.06954838
-0.034587238
-0.018946858
-0.07197881
-0.00080020254
0.13328347
-0.038224697
-0.053601306
-0.05594408
0.03964425
-0.01219673
0.11173321
-0.07210299
0.19355567
-0.012398547
0.07244437
0.025788628
-0.07669568
-0.13268209
0.06464357
0.06854802
-0.04954784
-0.0068766437
0.037001286
0.075747296
0.030538233
0.095009685
0.08417405
0.05109239
0.08027604
-0.12117735
-0.079898275
0.1136648
0.00081133936
0.080588385
0.096702754
-0.053664092
-0.010834679
0.05915393
-0.012426695
0.12880069
-0.01830362
-0.030910512
-0.09634413
0.0050388426
0.035829686
0.02633658
0.011069993
-0.0081581585
-0.10998598
-0.035949312
0.15872435
0.042881977
-0.08215054
-0.11633581
0.096717164
0.17035517
0.026643747
-0.020553514
-0.053828795
-0.019098338
0.010997632
0.08193121
0.028725153
-0.1218844
-0.012692266
0.049127083
0.015223693
0.0029128077
0.0053914897
-0.09871202
-0.01681866
0.053591218
-0.011311217
-0.07964091
-0.12599379
0.05638901
0.0008464404
0.03554169
0.077465266
0.112348385
-0.1219683
-0.13314977
-0.071055606
-0.08150589
0.0036388915
0.022438396
-0.07252866
0.07005345
-0.06651735
-0.028145637
0.15859349
0.060790535
-0.018066714
0.06478441
0.099509135
-0.02154049
0.0011731656
0.0014163087
-0.064863056
-0.11589883
0.14836054
0.09549758
0.031791214
0.048612025
-0.08640377
0.017299173
0.12495262
-0.053680107
-0.08871919
-0.099795856
-0.012015764
0.086838536
-0.03620886
0.093546964
0.10608913
-0.08105038
-0.02351746
-0.040874347
0.09568083
0.063297145
0.10757683
-0.06455601
-0.015649768
-0.059643883
0.086629644
0.049531586
-0.022482365
0.1009414
-0.10181139
0.020525683
0.08412784
0.05185459
-0.10187165
-0.028161924
-0.1447906
-0.053477686
-0.033801388
0.01976915
-0.031159883
0.048322782
-0.13036217
-0.010358331
0.086697266
0.06702099
0.13264701
-0.15696216
0.016993629
-0.029448535
-0.045893952
-0.038537443
0.054813884
-0.02660299
-0.044214897
0.1333176
0.019954339
-0.06420842
-0.059652913
-0.004969978
-0.10674703
0.023910709
-0.0044353507
0.063988775
-0.00029235717
0.09499038
0.106329605
-0.030399919
-0.09901902
0.15163186
-0.034104183
-0.024031084
-0.073582195
0.080154695
-0.041982107
0.13359764
-0.0005929153
-0.12187821
0.1286267
0.11572967
0.044041105
-0.0787939
0.09293003
0.02074083
-0.054456417
0.03449819
0.039005727
-0.0042275772
-0.01796336
0.044509295
-0.042302296
-0.0026419903
-0.10444265
-0.05589418
0.0037915914
-0.14352088
0.10073739
0.12152115
0.061133064
-0.0065909047
0.06806525
-0.12748536
-0.039058056
0.08266501
0.10283052
0.0033430355
-0.10852367
-0.004009898
-0.115912996
0.07319028
-0.10070787
0.05808169
0.03397479
0.033457924
0.10022106
0.12428591
-0.08993971
-0.036685172
0.11081956
0.042809624
-0.07013349
0.098215535
-0.115137674
0.06347797
-0.037533093
0.007856753
-0.018811328
-0.03939329
0.078341976
-0.024176925
0.026794316
-0.02106961
-0.066622436
0.05752449
0.094714135
-0.0036628377
-0.06055746
0.0005630719
0.061545458
0.10343663
0.096080676
-0.12858075
0.026908573
0.058856174
0.07512888
0.0146147255
0.16748327
0.06420218
0.047710508
-0.039344784
-0.07796271
0.0725033
0.14689392
-0.113548286
-0.06642834
-0.0069843424
0.039419618
0.1762384
-0.029646581
0.08548852
-0.10062342
-0.20451818
-0.013347863
0.08002749
0.20166361
-0.029431682
-0.03464773
0.08045908
0.09327164
0.011179997
0.16734242
-0.13247298
0.14046088
0.030177282
-0.107489124
0.030817363
0.108829
0.047504164
-0.19543207
-0.087838195
0.07955386
0.07458476
-0.017120825
0.057268377
0.10376189
-0.04536087
-0.034862295
0.17410158
0.06345379
-0.039249115
-0.18498102
-0.0557439
-0.13626368
0.090559706
-0.004882006
0.06337771
-0.043367144
0.17717907
0.024795428
-0.015748639
-0.028023854
-0.062293757
0.0716166
0.002202788
-0.052314736
-0.02063303
-0.019479146
0.08571119
0.008675767
-0.111131266
0.027814958
0.078413345
0.08642803
0.066529505
-0.06251907
0.031181095
0.041137833
-0.09178586
0.07847192
0.010747663
0.00867914
0.11588495
-0.090270124
0.09761639
-0.045640968
0.019602764
0.21387087
-0.044781614
0.053964026
0.0059205852
0.08006215
0.08487775
-0.105433844
0.044775378
0.07287833
-0.035712272
-0.12189809
0.06684348
0.10817539
-0.040630642
-0.06728854
-0.0033425011
-0.13564113
-0.010557236
-0.0420194
-0.083098166
-0.08059376
0.09272823
-0.0037357777
-0.058741882
0.019007225
-0.09888757
-0.07727914
-0.0071965335
0.009005228
0.13644083
0.16043432
-0.14960386
-0.058439948
0.058524717
0.10163117
-0.039979663
0.04835442
0.17017244
-0.082669996
0.057578977
0.124766886
-0.033541575
-0.064737104
-0.046214353
0.096948035
-0.1655439
-0.1733828
0.028689096
-0.108759075
-0.02655221
-0.07176582
-0.055912174
0.122193925
-0.10902986
0.07081318
0.081477955
-0.04086119
-0.06307869
-0.13595538
-0.0054913172
0.07948123
-0.17225556
-0.15168968
0.052942645
-0.06379718
-0.16354822
-0.019262737
-0.042780384
0.014656884
0.059332527
-0.079564944
0.049710806
0.0016340456
0.049872704
-0.09686246
0.0029741633
0.121195324
-0.022708803
0.10238727
0.11064298
0.0006219443
0.021859635
-0.0436885
-0.088262305
0.13093923
-0.012705043
0.050516576
-0.08803615
0.08708301
-0.14853594
0.08860436
-0.172161
0.16723824
0.029763145
-0.039974045
0.04008312
-0.0039502615
-0.043854985
0.07954369
-0.08271112
0.026424615
-0.04955031
0.030982578
-0.049655177
0.09316475
-0.064065784
0.10078629
0.085945725
0.06574793
0.06036703
0.03261333
0.11793208
0.09302759
0.07332441
0.078032225
0.12712151
-0.03278326
0.017562013
0.12788013
0.13130577
-0.05816494
0.097537
0.05944883
0.12627162
-0.058009386
0.019356301
-0.024144806
0.09600133
-0.039810948
-0.046828073
0.108788155
-0.0008231952
0.029253783
-0.062389836
0.10014021
0.16510156
0.062023982
0.020653734
-0.1054038
-0.032072052
0.01119072
0.0045967507
0.04404143
0.07539426
0.09590938
0.085926786
0.041217543
0.119643055
0.0260211
0.029154163
-0.045667727
0.09032329
-0.11073019
0.059714936
-0.0116739515
-0.075931914
0.089904055
0.07759872
0.127196
0.01838213
0.02604957
-0.11205138
0.0016816008
-0.016913671
0.029406456
0.05473908
-0.13269588
-0.094508044
0.13861421
0.07030254
-0.06961866
0.08406131
-0.005025538
-0.04161087
-0.04980091
0.021524271
-0.06872924
0.09096317
0.09626523
0.075338244
0.11663501
-0.12886758
0.08943868
-0.07082803
-0.13628747
0.0005578612
0.037658162
-0.1310883
-0.10149957
0.09267925
-0.02295472
0.07077888
-0.13391013
-0.004413462
-0.006339527
-0.050702345
-0.031676278
0.046436206
-0.035513632
-0.014168215
-0.059752166
-0.06351765
0.04246238
-0.02281102
0.076729886
0.056126103
-0.017564869
-0.020810463
-0.04306742
0.06886368
0.016844045
0.059371594
0.049957924
0.006909024
-0.02692715
0.028288411
0.06702945
0.1641832
-0.0052736746
0.07869356
-0.058663346
0.031595156
-0.08692203
0.018913662
-0.01853714
0.06394427
0.008219405
0.009142244
-0.04808391
-0.05802987
0.030448444
-0.063085526
0.11313277
-0.05855359
-0.099993214
-0.05769367
-0.072867446
-0.099989705
-0.052514695
0.060926486
-0.057313196
0.015065636
-0.07319567
0.116161965
0.023028184
0.08359966
-0.069187775
-0.06932214
0.034250442
-0.06075042
-0.019001143
-0.08341885
-0.0046360497
-0.058864914
0.07475615
0.04385068
0.015987048
0.090235904
-0.04919026
-0.104764886
-0.119691014
0.07855137
-0.108873405
0.051339168
0.058136184
0.05310202
-0.07513053
-0.016046094
0.071649194
0.042201187
0.042159017
0.08042858
-0.027398448
-0.0030425005
0.06761614
-0.010925935
0.08042339
-0.06584701
-0.1109877
-0.032147262
0.08095475
0.047118016
-0.03122268
-0.11314439
0.11906352
-0.11030709
-0.050758637
0.027387572
0.01405031
0.13415611
0.06383059
0.057103623
-0.009739269
0.11387416
-0.10692565
-0.018871186
-0.08235986
0.106318295
-0.1062986
0.012803933
0.004152191
-0.06457816
-0.0871617
0.06472395
0.012464226
-0.070240095
-0.11295832
0.037671693
0.029724374
-0.038850628
-0.09026597
0.049125936
-0.020227756
-0.044618256
0.013690782
0.0036760445
-0.07328707
0.10037021
-0.058807395
-0.0870308
-0.015593978
0.021611542
-0.04496873
-0.08513585
-0.02325546
-0.042087574
-0.061747648
0.10804278
-0.13231838
0.03157761
0.008895192
0.06964251
-0.0028936476
0.02542729
0.042788737
0.11487864
0.079404466
-0.010893039
0.0076964973
-0.0046570203
0.0073047504
0.02206367
0.020738775
-0.09510541
0.07857146
0.14668189
-0.07065774
-0.107906476
-0.065001704
0.089293264
-0.025939738
-0.026079834
-0.018008845
0.12146753
-0.07553932
-0.049753282
-0.081274465
0.004011568
0.07646351
-0.037765563
-0.001034723
-0.099510044
-0.058854524
-0.047005586
0.016290376
-0.079371825
0.009233772
0.07993046
0.08461427
-0.062387805
0.017317249
0.046481613
0.08972315
0.12234612
0.23242024
0.0645937
0.10718603
-0.06656463
-0.1037043
-0.014846077
0.053031962
0.0017906723
0.0056892647
-0.008031944
-0.029268248
0.04689438
-0.08949074
-0.009925874
0.034478046
-0.032308068
-0.04897101
-0.042257205
-0.027567804
0.031115344
0.094284885
0.07412874
-0.1346661
-0.020269737
0.07168198
-0.06916157
-0.0569808
-0.060435347
-0.030351516
0.065523855
0.07719866
0.039406322
-0.08582724
0.046730954
-0.026988002
-0.058990136
-0.10872989
-0.08425556
0.051710203
0.040597945
0.005646845
0.017224088
-0.08916624
0.1330578
0.09400581
-0.121802576
0.10272589
-0.050639067
-0.05216523
0.041492227
-0.007000618
0.08395046
-0.0332696
0.06597178
-0.03773384
-0.055939008
-0.07215921
0.040287424
-0.08193633
0.12364203
-0.07100599
-0.08216331
0.10579816
-0.0014602264
0.067826584
-0.030612603
0.07559071
0.016389025
0.045137342
-0.13835943
0.07817566
-0.10437469
0.06635807
0.020624792
-0.094138935
-0.034760337
0.068527624
0.023886895
-0.08155798
0.04167837
0.163682
0.01042919
-0.11348346
-0.09881629
-0.0643272
0.04989234
0.07680524
0.05397193
0.0045915325
-0.05561916
0.001440395
-0.06663262
0.06886396
-0.11141184
0.09709638
0.005477175
0.022962783
-0.0034037165
-0.0477939
0.10278134
0.1030314
0.06509926
-0.07463575
-0.059092466
-0.043370675
0.07415435
-0.06832511
0.10932564
0.021875063
-0.088828355
0.020693183
0.008417857
-0.011891546
-0.05562644
0.021711996
0.044005908
-0.025895268
-0.009996645
-0.004391322
0.08468192
0.08696114
-0.045001045
-0.055428542
0.05471696
-0.0956677
-0.019529603
-0.008428517
0.008133878
-0.10950647
-0.09445496
-0.03507726
-0.08156157
0.045841906
-0.0409551
-0.058592446
0.110590756
-0.08386499
-0.025073025
-0.032484453
-0.04484704
-0.10433053
-0.02999896
-0.08019917
0.07835881
-0.08339052
0.035614222
0.08801582
0.005742764
-0.09345142
0.013979239
0.058509704
0.04515751
0.03304769
0.09397496
0.07579921
0.033937797
0.03829358
0.0313795
0.02843753
0.05607958
-0.06589813
-0.019087791
-0.10547556
-0.06593666
0.040038213
0.062765144
-0.0824355
0.09936513
-0.05477893
0.07920954
0.087467685
-0.046085685
-0.061103527
-0.109347515
0.06231572
0.09248766
0.059655346
0.04485907
0.039122533
0.08096826
0.02553738
0.0069006984
0.081698395
-0.06312732
0.12636161
0.049468163
0.07138581
0.1347926
-0.10264281
0.10089869
-0.012131534
-0.05281353
0.08533743
0.03660308
0.039415978
0.00011821787
0.004536653
0.034990516
-0.09419499
-0.022429552
-0.043266717
0.12035724
0.086045265
0.09573352
0.06686646
0.031215051
0.1242719
0.042421255
-0.01098077
0.020177122
-0.07706956
-0.07944543
0.062457267
0.057797026
-0.11898574
0.04394646
0.14252186
0.039468914
-0.05010174
-0.00235045
0.011913047
-0.01454751
0.07160347
-0.09285714
-0.09052913
-0.005362709
0.05371257
0.026600843
0.047583297
0.024528652
0.001983514
-0.027161317
-0.036551468
-0.04100871
0.080643125
-0.03225456
0.08267169
0.10861944
0.006315002
0.082743034
0.044492926
-0.038118385
0.08501061
-0.08145721
0.06770654
-0.0705311
-0.12921159
0.011809096
0.016643995
0.015014509
-0.039904486
0.05013526
-0.044693172
0.013996458
0.11346832
0.006616685
0.06714986
-0.008871493
0.046338648
0.10316401
-0.074120596
-0.06883863
-0.0054637673
-0.11365332
-0.12038856
0.05545407
-0.09190036
0.06656925
-0.041130252
0.09064316
0.020378174
0.08826443
-0.0695305
-0.103601664
0.0147735225
-0.117342785
-0.050416403
-0.05186142
-0.03260481
0.014397174
0.077256374
-0.02611814
0.10375092
0.0041445117
0.09901854
0.014300277
-0.0075333654
-0.030932086
-0.0029876549
-0.13776463
-0.030508017
-0.034405213
-0.035890374
-0.026313549
0.024204927
0.041669775
0.115868114
0.09952704
-0.040488113
0.12549834
-0.03980256
0.118718594
-0.034029156
0.09574729
0.06731266
0.04057607
0.057573568
0.072183795
0.0757818
-0.022723878
0.040739194
0.09656287
-0.032404948
0.0954445
0.052775506
-0.089692995
0.10418692
0.032891624
0.026206173
-0.059765995
-0.1341099
-0.020180078
-0.075187124
0.009502646
0.12695056
0.105529554
-0.07506651
0.043861613
-0.013567421
0.035989206
0.07592531
-0.03963593
-0.076800294
0.002482814
-0.027230704
0.018187918
0.0065093753
0.09623963
0.013134352
-0.05470369
-0.047581
0.14336787
-0.09034596
-0.10376225
0.010610141
0.0066941287
-0.12384821
0.11605169
0.10920488
-0.041525844
-0.059192836
-0.110172085
0.060137596
-0.052262705
0.05155342
0.067688875
-0.08040424
0.11512856
0.10262367
0.12448074
-0.07017734
-0.1018318
-0.059698727
0.090753496
0.048139475
-0.04387867
0.10203196
0.12482879
-0.02609117
-0.017741948
-0.078549005
-0.03677598
-0.022309322
0.11897992
0.07153114
-0.04818454
0.03046934
0.06765696
-0.0630722
-0.053103138
-0.09358567
0.01165295
0.12470446
-0.05236747
0.000894171
0.048793506
-0.06318407
0.030149512
-0.04297583
-0.026988355
-0.061236706
-0.038486894
-0.055954393
-0.09714918
-0.023702674
-0.100643605
0.100029975
-0.021109385
-0.07618871
-0.06257223
0.026396232
-0.030872416
-0.0589911
-0.12749499
0.073612735
-0.0024341359
-0.0010616808
-0.050546404
0.026988877
-0.1363847
0.05761548
-0.0449152
0.038594674
0.030111294
-0.050300818
0.024159556
0.005441491
-0.123504296
-0.042334564
-0.012792716
0.044741247
-0.13267551
-0.08765416
0.08415876
0.107789956
-0.017825723
-0.02312142
-0.04392645
0.02075899
0.052845947
0.0015069019
-0.10076535
0.08468877
-0.083916605
0.069068715
0.040149476
0.026271123
-0.064307325
-0.019607743
0.04850426
-0.051368207
0.046339907
0.12357299
-0.016624177
-0.04951626
0.091241114
-0.092198856
-0.14919408
-0.101083495
-0.1516357
0.058302365
-0.109611265
0.008354503
-0.0071841846
-0.09678274
-0.09902031
0.025882585
0.08055976
0.0731367
0.06080358
-0.09060664
0.0010747834
0.107427575
-0.061392136
-0.03868169
-0.11651778
-0.13907914
0.014520757
-0.038586788
0.052611332
-0.08441645
0.12875031
-0.043292247
0.13141124
0.025170363
-0.11643848
0.07421754
0.019914603
0.08136533
0.063084684
0.00227766
0.027261507
-0.1258292
-0.045238785
0.034112085
0.05500273
-0.0679754
-0.08218029
-0.14284879
-0.05561542
0.01617542
0.051223334
-0.0382744
0.0037894305
-0.01097813
0.03657121
-0.03693355
0.05966589
-0.037155863
-0.11003305
-0.05235536
0.015022392
0.08234966
0.03929031
0.043490745
0.01654359
-0.06348682
-0.10192362
-0.039803956
-0.008287701
-0.074453905
-0.1047512
0.03964854
0.044800103
0.026041752
-0.014802757
0.066604145
-0.025344186
-0.004176728
0.052077875
0.028988583
-0.08191354
-0.046396017
0.054111645
-0.07072749
-0.061108302
-0.038428225
0.061800014
-0.104801714
0.040450532
0.017436042
0.1023821
0.03246287
-0.027815195
0.02612064
0.026621243
0.03749338
-0.031354453
-0.14932306
-0.025683999
0.021023117
-0.023397565
0.024780758
-0.06423727
0.07543635
0.04321181
-0.037452742
0.06631963
-0.04681777
-0.039317664
0.08020624
-0.040508408
0.07895666
0.080352746
0.07735709
-0.037760925
-0.108943395
-0.039597165
0.12775397
0.0037273443
-0.05487074
0.0013768129
-0.09448579
0.0940382
0.007378833
-0.06869834
-0.06402158
-0.093347624
0.0386433
0.065069035
-0.07594222
0.06755034
0.11230295
-0.0759183
-0.0782942
0.034532685
0.08597066
-0.027210834
0.023973929
-0.100186564
0.0017078816
-0.19866854
0.13620399
0.075972944
-0.07265563
0.13041076
0.07187734
-0.0799618
0.005438181
0.05602113
-0.0321516
0.06689112
0.00918759
0.09942015
-0.10056114
0.03822743
-0.12127966
-0.09272639
0.092003755
0.104655005
0.1682759
0.06843195
0.027623357
0.02864697
-0.0011912433
-0.022001158
-0.014303927
-0.12855275
-0.113729574
0.09299104
0.006640109
-0.0025445267
-0.0096185235
-0.08868902
-0.036478825
-0.050018523
0.071863405
0.025008071
0.0661744
0.007964664
-0.084004685
0.081839494
0.107127
0.13164012
-0.03295446
0.093233354
-0.08849775
0.094942324
0.02704989
0.031027088
-0.12151235
0.09789083
-0.04909288
0.061557133
-0.048782587
0.059294526
0.104294315
0.017136972
-0.040777672
-0.081689276
0.1084217
-0.079501346
-0.02720404
0.07665841
0.050941017
-0.022811184
-0.08102886
0.08173393
0.040751632
0.04841916
-0.04187628
0.017168248
0.122003555
0.09957163
-0.10601844
-0.051179864
0.081634186
-0.11327213
0.0152290845
-0.09062962
0.025528826
-0.102388695
0.07754956
-0.024385458
-0.051591072
0.018272214
0.04581803
0.06130207
0.020924693
0.13143489
-0.04732018
-0.0132117225
0.014519049
0.009998579
0.02817318
0.02275118
0.0376806
-0.027067106
-0.11918939
-0.030677868
-0.014098432
0.020085216
0.051224325
0.04101777
0.05650881
-0.093991354
-0.10339873
-0.05236047
-0.08223458
-0.079865105
-0.0406666
-0.12451641
0.059262414
0.046616998
0.005157331
-0.115795046
-0.10621151
0.049494963
-0.1976934
0.11945971
-0.10541544
-0.071540914
-0.022743795
-0.069111586
-0.062816255
-0.0704461
-0.042768337
0.044834904
0.12090487
0.093988806
-0.031857643
-0.04797966
0.06274957
-0.059293933
0.035908855
0.00135923
0.10691411
-0.020799039
-0.0063206973
-0.05387904
-0.039248172
-0.07675305
-0.07821673
0.07021689
0.019331891
0.06469315
-0.032261983
0.031626545
-0.08004248
-0.0048559597
0.02265288
-0.0065821195
-0.09460338
0.0033580505
0.09098106
0.026845112
0.004818242
0.08325353
0.010590477
0.020604847
-0.04992252
-0.025062261
-0.054431766
-0.05956447
0.09218825
-0.0011265603
-0.09611085
-0.04731903
0.09678191
0.06169545
-0.024479302
-0.022036875
-0.022312108
-0.079181954
-0.1221176
0.09133937
0.10545243
0.097135246
0.054448355
0.057764795
-0.11231695
0.1307576
-0.04082996
0.12244353
0.10486031
0.0564738
-0.03155913
0.08392798
0.037988964
-0.011458928
-0.024611508
-0.04959194
-0.094705485
-0.09201348
0.0074091163
0.10979557
-0.112822644
-0.11765335
0.08433035
-0.099134035
0.099869676
0.07780083
0.08994893
-0.0649737
-0.080019765
0.025700461
-0.028854407
-0.026568588
0.037415184
0.028789308
0.09252809
0.09710106
0.018175812
-0.12962797
-0.07850885
0.064141646
-0.0633651
0.12650308
-0.06296503
-0.05584359
-0.03360697
-0.105544634
0.027167361
-0.048261564
0.013496332
-0.08706707
-0.019466512
-0.019789763
0.07496313
-0.01880697
0.024721283
0.13665712
0.04646168
-0.097483866
0.10138845
0.1080784
-0.12827648
-0.12100733
-0.009346516
-0.011624155
0.08450816
0.08444307
0.061250534
-0.05618779
0.022873716
-0.00019266576
-0.1491306
0.0012159635
0.066675685
0.07992765
-0.004253345
0.15504909
-0.050168652
-0.013409036
-0.037173517
-0.033699453
0.039447725
-0.15162417
-0.015373957
-0.06858476
0.0020623172
0.022809973
0.04303823
0.06362283
-0.0936057
0.014831863
0.07796766
-0.050430186
0.021589702
-0.00805332
0.066613205
-0.04550285
0.010038039
0.046575945
-0.038387585
0.16728635
-0.0052490663
0.12228584
0.13659613
0.05433223
-0.022875503
0.03826641
0.105579674
-0.114508905
-0.045048095
0.075491264
0.09761433
-0.012976506
0.018316887
0.086274326
0.041898113
-0.09259022
0.12497892
-0.063477576
-0.0906766
0.08448021
0.0012590766
-0.011210159
-0.05520491
-0.05839358
-0.12635407
0.11488432
-0.04650506
-0.05565615
-0.030188086
-0.17842858
-0.015156026
0.11809004
-0.039504226
0.05489178
0.0028662118
-0.09417398
0.072852135
-0.071578965
-0.07674081
0.034877356
0.02487002
0.10027956
0.002349957
-0.050027974
-0.05219153
0.0184473
0.0094882855
0.0636651
0.013924002
-0.07909227
-0.028777095
-0.110831805
-0.009067717
0.09571637
0.06531645
0.09593294
-0.04593109
0.037811354
0.08733651
0.041151688
0.014976518
-0.076516025
-0.06050084
0.10182459
0.097126625
-0.009847317
0.088786855
-0.01944918
-0.08011207
0.093941435
-0.14281428
0.06273017
0.09033349
-0.077630244
-0.036166593
-0.08457503
-0.040373564
0.038583875
-0.1227088
0.09736764
0.007629028
0.09261509
-0.02040158
-0.09491979
-0.07830747
0.06657236
0.07663651
0.095125616
-0.1413998
0.12655747
0.028345218
-0.011107358
-0.03958012
-0.13163678
0.05419142
-0.023969088
0.050442085
-0.056642603
-0.13767336
-0.05273355
-0.081640534
0.002940676
0.0702432
-0.004870307
0.05322627
0.018364029
-0.06601454
-0.09663747
-0.0017541911
0.042113632
-0.10270888
0.02141868
0.09579661
0.052897163
-0.12730233
-0.06794482
-0.07538457
0.027288869
0.055291954
-0.08472145
0.028787354
0.038050212
0.022884538
-0.08008361
-0.07633295
0.061281394
0.080090456
-0.11689385
0.1296651
0.03961079
-0.07369773
-0.009300841
0.033334102
0.024831317
0.016533727
0.040318944
-0.096367136
0.018816669
-0.035792615
-0.005826876
0.06836347
0.0035790792
-0.092116095
-0.027088678
-0.091571555
-0.12083652
-0.027163649
0.110953875
-0.05105868
-0.067026936
-0.09028293
-0.031796567
-0.08801762
0.006133004
-0.06413797
-0.028866341
-0.008084071
0.047515567
0.024874168
0.047712512
0.038747825
-0.040582452
-0.043369792
-0.07370628
-0.08655927
0.11440879
0.011759716
0.054996226
0.082814135
0.04242155
0.10133735
0.06431404
-0.08903047
-0.072317064
0.109287806
-0.10966199
0.105142
-0.04560546
-0.02040982
0.09058951
0.0047660004
0.011932763
0.041737333
0.07132629
-0.04501608
-0.0025092491
0.082844146
-0.009921489
-0.08575141
-0.12102055
-0.12266023
0.059235007
-0.02801671
0.09610715
0.070201
-0.008845303
-0.051535215
0.03523206
0.11166356
0.02436295
0.014349752
-0.12159075
-0.06170746
0.10455451
0.046065148
0.081322365
-0.078061484
0.059756745
0.098905645
0.1228174
-0.01280039
0.02805065
-0.0012981016
0.06552441
0.15133876
-0.02895852
-0.021325693
0.0615349
0.09319421
0.013894742
-0.031555377
0.04042682
-0.015880946
0.035799462
0.059077032
-0.031373233
-0.09378067
0.056526028
0.10005653
-0.09164274
0.064512305
0.0805138
0.004812209
0.035298668
0.053943515
-0.088678926
-0.0664339
0.033771604
-0.00874763
-0.005216053
-0.030047499
0.08894198
0.06321711
0.0019198731
0.056077
-0.076869346
0.09711708
-0.018925197
0.025247358
0.09799758
-0.06372043
0.028532092
-0.013227097
0.040154792
-0.034730174
0.13953622
-0.04015879
-0.12484494
-0.060515944
-0.035507526
-0.046140507
-0.031533897
-0.07213738
-0.01461126
0.02574705
0.08757851
-0.088384144
0.16662003
-0.12595293
0.07953199
0.083350785
-0.0823824
0.06621205
0.051355332
-0.056291845
0.13594781
0.029771375
0.046541452
-0.10505365
-0.027868068
0.06889854
-0.15523885
-0.056406766
-0.026911037
-0.054033563
0.09599412
-0.040348433
0.070624314
-0.039990548
0.051059816
-0.074023485
-0.107756935
0.06229665
0.013012839
-0.09679928
-0.064053245
-0.010929133
-0.07638584
-0.08554209
0.14065877
0.020100797
0.02226951
0.0013533933
-0.06336498
0.074263364
0.06909221
0.09336452
0.015597046
0.049864717
-0.015295879
-0.028289083
-0.14386314
-0.084319204
0.0006944154
0.098079465
0.00470126
-0.0052861827
0.014569943
-0.027557958
-0.10657555
0.014967233
0.04298064
0.021722334
-0.08261647
-0.057400506
-0.034540642
0.05976144
-0.006549185
0.032827217
0.08108926
0.103824876
-0.08469919
-0.029484946
0.008298671
-0.053348534
-0.05664411
-0.033196263
0.1511816
-0.06027006
-0.098097526
-0.09125552
-0.013357216
0.21892154
-0.047407225
-0.13706161
0.06797488
0.0015239511
-0.06426488
-0.007098022
0.057500932
-0.010166787
-0.082897246
-0.08662801
-0.021294309
0.09769421
0.04966158
-0.027945813
-0.04815417
-0.11350926
0.085459255
0.011975178
0.033877805
-0.12064542
-0.05552542
0.07138095
0.009673617
0.017054796
-0.1002893
-0.052658673
0.018074216
0.10363161
0.0102846855
0.013852279
-0.08967734
0.019800426
-0.05057138
-0.00018157705
-0.06729666
-0.085045815
-0.1156542
0.07731331
-0.079662986
0.037012205
-0.018890655
-0.057655808
0.10393022
-0.059223305
0.10722779
0.05534325
-0.1095262
0.005026629
0.051709585
0.04888926
0.07817085
-0.035508007
0.10378201
0.016515726
0.11136159
0.07073069
0.116342746
0.053848322
-0.035673417
-0.027663687
0.092987314
0.09220423
-0.009164662
0.043917358
-0.06525517
-0.11060272
0.09328881
0.007532717
-0.10144627
0.07293431
-0.042335212
-0.107298
-0.08246268
0.09486464
-0.0037446509
-0.07935149
0.08424916
0.12312244
0.11094948
0.11048649
0.019599786
0.03426602
-0.01979625
-0.07472192
0.02682983
-0.054032534
0.024546526
0.05812703
-0.072713844
-0.08558794
-0.016911924
0.09472395
-0.014251864
-0.067141086
-0.014824069
0.05046627
0.028118938
0.0059776404
-0.092687
0.005245885
0.11151072
-0.04775599
0.05709636
0.042451613
-0.057597846
0.044079687
0.120658405
0.027497191
0.106253885
0.028847547
-0.010909469
0.068528034
0.08942078
0.074394174
-0.1788521
-0.073815905
-0.014205909
0.05594659
-0.014034683
-0.022589732
-0.016381692
-0.08020892
0.11213335
-0.11700979
0.11503818
-0.12104626
0.06700742
0.04861368
-0.07352935
0.040240914
0.058327835
-0.099379584
-0.12429248
-0.013999796
-0.006729529
0.058043636
0.050815396
0.12834671
-0.07115985
-0.026725875
-0.04205088
-0.07606392
0.0122492965
-0.1581904
0.012931367
-0.0858821
0.11976447
-0.11711454
-0.002841242
-0.043128256
0.095459126
-0.03752792
-0.030527998
0.0889171
0.075967975
0.12568483
0.02646558
-0.078608975
0.015364013
0.0063977335
-0.09005242
-0.09966041
0.08737537
-0.13556947
-0.017582458
0.09687072
-0.043154642
-0.11919362
-0.028167922
0.0376919
0.02263978
0.12061233
0.050381064
-0.004226986
0.08996756
0.00018754696
-0.12867135
-0.082742125
-0.0693935
-0.09314456
-0.012007051
-0.027165262
0.08673101
0.040519018
0.009881819
0.09429029
-0.080116875
-0.092405595
0.08280663
-0.014168974
-0.039977193
0.04673809
-0.07513426
0.071904205
0.09681481
-0.053835765
-0.12816443
0.062112525
-0.12570304
0.009791171
0.045949917
-0.0679503
0.038594563
0.003223835
-0.09402711
0.0982123
0.06138984
-0.10619588
-0.011726972
0.033287976
0.14485748
0.026744794
-0.008179188
-0.078545496
0.111111395
0.07290728
-0.022027483
-0.07576675
0.11517133
-0.057827543
0.0014625163
0.02893047
-0.011843073
-0.027885072
-0.07794637
-0.11695883
0.06873805
-0.06014625
0.023641285
0.006734099
-0.06873371
-0.0073550437
-0.0015995341
-0.19924897
0.0958563
-0.13847119
-0.020329533
-0.084571645
-0.024497414
-0.08910771
-0.032959852
0.10213165
-0.14445268
0.05040758
-0.0972413
-0.0006155426
-0.03025602
0.120213
-0.10218573
-0.1422465
0.039691906
0.105932154
0.016834162
-0.071824394
-0.0009972677
0.0067856153
-0.11709318
-0.02985459
-0.009234057
-0.09104376
0.046652924
-0.07157413
0.018248621
0.08736093
-0.0389541
0.101372026
0.022344857
-0.03909991
0.024493461
-0.10925848
-0.09547694
-0.11794095
0.04555501
0.08654844
0.116082825
0.06956077
-0.044403777
-0.08755205
-0.036533434
-0.074915044
0.11115314
-0.0031697229
0.019493243
-0.02576599
-0.09704985
-0.11002627
0.048173025
0.042518515
0.13555248
0.011408617
-0.089713626
-0.028591853
-0.06946345
0.13801649
-0.015042608
-0.013319266
0.06968332
0.083867185
0.016204813
0.084488474
0.11566676
0.012738969
0.10394587
-0.10675387
-0.051734786
0.033501975
-0.053947628
-0.033054374
0.04577796
0.08471845
0.024442278
0.08454091
-0.015471963
-0.052341584
-0.0027068018
-0.082990214
-0.07675911
-0.052565634
0.035769757
0.10288735
0.07602371
-0.10646172
-0.009794717
0.05852382
0.028189259
0.042608414
0.046239305
0.0637844
0.10174696
0.01392998
-0.044125047
-0.10603688
0.0062545436
0.026865982
-0.09913025
-0.07271317
0.12546888
0.25827113
0.12634319
0.08586046
-0.051785517
-0.10404293
0.0649915
-0.077210546
-0.10280803
0.063060425
0.07734287
0.071360946
0.0052207676
-0.10733848
0.06468496
-0.1395951
0.06779771
-0.0714919
0.025024073
-0.040592283
0.00070101913
0.002154178
-0.032808863
0.07682067
-0.010169632
-0.15315084
0.14049505
-0.06605299
-0.08506671
0.06767778
-0.011359693
0.045417275
0.007672262
-0.06674032
-0.05822454
-0.038191386
-0.022196474
-0.13379964
0.08690793
-0.04281339
-0.038951986
0.084024176
0.06189104
0.06647155
-0.05676229
0.014765667
-0.10980643
-0.094466895
-0.028966922
-0.124540634
0.062066652
-0.041740466
-0.016059494
-0.0059100618
-0.033024617
-0.08927414
-0.09857823
-0.027538966
-0.010938423
0.055268772
0.007649332
-0.1560152
-0.029114116
-0.010650486
0.08596017
0.087723814
-0.021076918
-0.113032736
-0.034147173
0.07473162
0.046487797
-0.022457475
-0.121270716
0.104911454
-0.008273752
0.049039993
0.1074732
0.055527046
-0.093224846
0.016849
0.038220037
-0.017403366
-0.060160212
-0.036838096
-0.056988478
0.07185851
0.014523804
-0.10845819
-0.053711083
-0.087330945
-0.08634211
-0.06942672
0.00085059437
-0.109681375
0.02094591
0.016127948
0.0074650934
-0.033342503
0.07001077
0.13748977
0.09318267
0.01941077
-0.026042512
-0.11793017
0.08037806
0.13364886
0.05095023
0.0780937
-0.020222895
0.072420225
-0.12992086
-0.08993656
-0.00040100602
0.07150549
-0.050969362
-0.042154286
-0.107238956
-0.11142292
-0.10087378
-0.055419516
0.105771266
-0.06904276
-0.060006063
0.042273324
0.037511073
0.0076557263
-0.07331656
0.07428664
-0.01534395
0.089898
-0.0682804
-0.09082843
0.08819568
-0.061407786
-0.061400607
0.05334655
-0.13719867
-0.08286643
0.0025603948
-0.08146573
0.03254585
0.100247286
-0.017817741
0.03780966
0.035009526
-0.015273379
-0.06827726
0.05898172
-0.109179385
-0.083402604
-0.07046927
-0.0144306645
-0.074698865
-0.04587028
-0.044674322
-0.055222984
-0.08174422
-0.04100799
-0.073383234
-0.12702689
0.0068797334
0.10196047
-0.027540183
0.01137958
0.07324752
0.077934995
0.06582739
-0.049844444
-0.05289468
-0.008682023
0.012503774
-0.050417904
0.066015735
0.008702441
-0.03674638
-0.061006315
-0.11963994
0.07232803
-0.03693993
0.03368123
-0.05965385
0.052549157
0.08475313
-0.013616458
0.08535091
-0.10829075
-0.04608293
-0.0047113895
-0.09251591
-0.030299833
0.097387835
0.084548056
-0.13427456
0.022971263
0.121272095
0.04581814
-0.06529767
0.08757578
0.0116785895
-0.10916667
-0.013111946
-0.10173229
-0.07716573
-0.04396477
0.009548872
-0.08436287
0.044493575
0.10830011
-0.08851415
0.12341788
0.026751544
-0.1247631
-0.10306025
-0.14152531
0.049669582
-0.06697023
0.036087792
-0.0009224931
-0.10434316
-0.037343223
-0.075506255
0.026109613
0.09818009
-0.035702724
-0.10383509
-0.0037957195
0.037929434
0.029207168
0.0049462146
0.097207166
0.06387132
-0.11377818
0.027243964
0.13775398
0.10383248
-0.12694688
0.11345089
-0.10860864
-0.040259235
0.0070505897
-0.032882392
0.0039349585
0.082978666
0.040682346
-0.07837409
0.039336856
0.083779745
-0.013569333
0.017981334
-0.023142269
-0.020786123
0.075595275
-0.11375382
-0.05923626
-0.0077045425
0.06289125
-0.054084722
-0.0060302424
-0.06465245
-0.11133491
0.08924471
0.09310291
0.04543439
0.15291801
0.01478707
-0.07590701
-0.06813428
0.049931005
-0.09757807
-0.046180613
-0.11025441
-0.090222426
0.059352964
-0.042970233
-0.04137093
0.04178393
0.017254848
-0.05530417
-0.0867068
-0.1432176
-0.07863232
-0.08724766
-0.13962549
0.025404116
-0.0062397043
0.09523766
-0.039192095
0.11742438
0.037130818
-0.07244125
-0.046772562
0.013195616
-0.010850134
0.0628264
0.10155996
-0.06429919
-0.14182867
-0.016975816
-0.012445005
-0.035958115
-0.049438957
0.13977727
-0.0079250075
-0.116283804
0.09172689
0.07956145
0.093899935
0.122016646
0.02026616
0.09960672
0.05740895
0.039347026
0.105061255
-0.053828098
-0.036414
0.03772012
-0.06991009
0.1023881
-0.04771829
-0.04398722
-0.13862379
0.053802565
-0.048494097
0.040517155
0.078221425
-0.116651505
0.06355948
-0.0023918746
-0.10317239
0.017513642
-0.009795478
-0.013183198
-0.016587855
-0.05744971
0.08453758
0.080058746
0.038343515
-0.016655168
0.024791278
-0.017608726
-0.08610934
-0.0013775697
-0.05874713
-0.06642267
0.0247278
-0.042741783
-0.0168853
0.009285909
-0.037382588
-0.052144494
0.0040606493
-0.00460801
-0.09314552
0.070563905
-0.0738341
0.010383365
0.08278941
0.06228551
-0.08978216
0.023901109
-0.012385528
0.0597221
0.113642804
0.00018609858
-0.081770696
-0.011229152
0.10357682
-0.06675536
0.071869895
0.0042248443
-0.07503219
-0.018085416
0.06827031
-0.046467673
-0.06670145
0.019197717
0.10972109
-0.0015351682
-0.066143274
0.00886123
0.030818883
-0.07254013
-0.048595868
-0.0034661451
0.006237651
0.10448668
0.008667664
0.047990937
-0.007136964
-0.1041638
0.04014866
0.03518531
-0.0024024039
-0.096048124
-0.057913158
0.11968098
0.034233432
-0.08095215
-0.11157063
0.10220354
0.05669485
0.12494956
-0.098053016
-0.050211508
0.07448382
-0.059214324
0.06204624
0.07393094
-0.04743055
0.023272354
-0.10149927
0.069745146
0.03407788
0.055489436
-0.020735865
0.0025854043
0.11587196
-0.0058909226
-0.032897726
0.058936868
-0.036642946
0.10013761
-0.068472855
0.025944881
0.056585986
0.07174472
0.10102502
-0.08659596
-0.029438587
-0.0982469
0.046357576
0.029935801
0.09023537
0.03256628
-0.011709894
-0.04285223
0.013137931
-0.012622823
0.039004732
-0.012892241
-0.060931463
0.06369083
-0.020018857
0.067148365
0.05085007
-0.116811596
0.07109256
-0.061462797
0.07724374
-0.03246384
-0.0331819
-0.04651198
0.06839509
0.12707347
-0.017207861
0.048280437
0.058993407
0.031416785
-0.022805037
0.031601395
0.055062667
0.016539047
0.019504162
-0.027350929
-0.010666199
-0.028700156
0.091854766
0.03139646
0.10784372
-0.072690934
0.074664235
-0.102194004
0.036623154
0.017574169
-0.035007704
-0.046118848
-0.038904246
0.02035281
0.045008074
-0.041249894
-0.09641825
0.035575617
0.07567446
0.021815997
0.05886793
-0.09088876
-0.13365684
0.06834503
-0.07941716
0.08334194
-0.022691475
-0.056937445
0.030049244
0.01014698
0.016085794
0.05797507
0.11124921
0.12248022
-0.038540926
0.062114716
-0.037616346
-0.09487218
-0.007243693
-0.12892498
0.03640874
0.038318127
-0.083811976
-0.10844604
0.060633026
0.052880447
-0.0082155485
0.13221355
-0.05411505
-0.04399889
0.004838917
0.0023488442
-0.045036
0.01704422
0.10613444
-0.018190293
-0.08193908
0.08766187
-0.015646884
-0.10572699
-0.041342184
0.010514371
0.022191036
0.06507324
0.035791896
0.05383794
-0.09205777
0.10196042
0.044371683
0.10596718
-0.044622105
0.065558754
-0.08616192
0.032021068
0.10319496
0.047390617
0.047215234
-0.08357927
0.06100253
0.0021079006
0.0021664568
0.07737112
0.07217707
-0.04891308
-0.07556584
0.05083392
0.036364984
-0.08725397
0.08998465
0.049268756
0.064657055
-0.022077756
-0.096399404
-0.0027421927
0.021254249
-0.11516683
-0.045391895
-0.09113341
-0.012139454
-0.0758349
0.011357073
-0.05502153
-0.08481498
0.0364694
-0.057294305
-0.020091414
0.07811111
-0.09083206
-0.046798624
-0.07081162
-0.027620433
-0.014080611
0.19091152
-0.027769402
-0.021161545
0.07728265
-0.005509911
0.03312558
-0.076468475
0.061737604
-0.05740753
-0.1633878
0.06451285
-0.068694785
-0.100263625
-0.041965276
0.025761979
0.073333815
0.091448486
-0.035214353
-0.1058491
-0.067130245
0.02080935
0.01460643
0.028056145
-0.055540256
-0.0018879289
-0.050864205
-0.033800185
0.0139205875
-0.04927701
0.06661196
-0.028689852
0.049642902
-0.068176344
-0.030836016
0.079920895
0.12312005
0.01037108
0.033068057
-0.1304675
0.05950112
0.065451
-0.026588436
0.07047239
-0.006695024
-0.016746761
-0.026539596
-0.055404477
0.00075558067
0.11284012
0.13372512
0.119262606
-0.03737595
0.062217996
-0.100514345
-0.13198422
-0.18414
0.14879772
-0.042820044
-0.11888769
-0.08054132
-0.063719265
-0.02977072
0.05691715
0.010994717
0.02977943
-0.023520658
0.04175421
0.021862794
0.046576977
0.025485067
0.026192425
-0.0074466714
-0.09117981
-0.083484545
-0.0453799
0.08729164
0.10662338
-0.072738126
0.06700497
0.07107211
0.018102184
-0.026228642
-0.03869466
0.08000525
-0.110954665
-0.04487629
0.05713352
-0.01512634
0.02609081
-0.148264
0.038759038
0.12731731
0.11246489
0.10219522
0.026682258
-0.042120986
-0.060035042
0.09048843
0.15461683
-0.011359642
0.009351084
0.054207694
0.048386175
-0.106097296
0.06583539
0.053927727
-0.06651887
0.04357895
-0.048755668
-0.13481198
-0.0069896174
-0.08035343
0.024575166
-0.1023691
-0.04339799
-0.057855714
-0.03514158
0.10386766
0.039130006
-0.054399617
0.05027122
-0.071793154
0.030263824
0.066927336
0.09975073
0.050511885
-0.013546502
0.04091989
-0.09550786
0.05138615
-0.062958024
-0.116336875
0.07501555
0.1321997
0.10091452
0.07750037
0.005058441
-0.1524723
0.050132528
0.046937376
0.0035346022
-0.07203582
-0.080734126
-0.060856014
0.041828383
0.0848116
0.06489674
0.06765936
-0.09826075
-0.08804024
-0.042813204
0.09625736
-0.110941865
0.13705194
0.061511982
0.14900205
0.004209502
0.08389965
-0.02181839
-0.04106731
-0.082465276
0.013026799
-0.05902509
0.039847206
0.06646517
-0.03345611
0.08714435
0.03889829
0.13775036
-0.021570979
0.11006242
0.016385332
-0.077030346
-0.08462216
0.038112037
-0.03679185
0.009074676
-0.011068416
0.005021848
0.006811316
-0.085618824
0.09418683
-0.11784587
-0.0702593
0.06699379
-0.009139532
-0.02368454
-0.059010632
0.07913782
-0.04033616
-0.014361072
-0.0016490596
-0.07661376
0.11999453
-0.08696676
0.102360755
-0.025260733
-0.027562859
0.03327573
-0.11933304
0.026251005
-0.07258155
0.05665245
-0.023741797
0.008174713
0.06401235
-0.028943468
0.034386914
0.12272371
-0.062482845
0.06869071
0.10745547
-0.0725376
-0.010622394
0.05282833
-0.090240605
0.05064563
-0.10133566
0.12174316
-0.027359644
0.07720649
-0.045229323
-0.08480574
0.05378461
-0.06733885
-0.11858887
-0.034651894
0.113968745
0.10261479
0.1254068
-0.102746025
0.045919947
-0.102336444
0.011253812
-0.0014594157
0.022507815
0.054237053
0.0131352255
0.050876502
0.09235929
0.027461585
-0.083278134
-0.037636038
-0.10278538
0.07303444
-0.00035526798
0.065517604
-0.022401849
-0.109092556
-0.028778464
-0.03095467
-0.053610817
0.054235674
0.09381939
0.06617102
0.13258545
-0.05768915
0.06634799
-0.14245076
0.11209659
-0.089046
-0.009870205
-0.09651944
0.089783296
-0.09620041
-0.17167336
0.07381536
-0.09390238
0.14139459
0.012490424
0.08964252
0.12056193
-0.049211632
0.06068693
-0.044642393
-0.069780484
-0.03279572
0.00717679
-0.036891054
-0.06611063
0.100461975
0.17474052
-0.050477453
-0.046231925
-0.06162506
-0.020122463
-0.1385452
-0.09189527
-0.16677652
0.070759475
-0.05651924
0.055038244
0.1878263
0.0005763019
-0.06720788
-0.050662737
0.022261629
0.07680076
-0.058758568
-0.050289396
-0.063496746
0.054811303
-0.041965798
0.0775811
0.084785
0.032325517
0.06425797
0.1399006
0.108022936
-0.13341269
-0.10870092
0.03342979
0.077457726
-0.030469863
-0.09108978
-0.03869128
-0.027161645
0.07738574
0.07969586
-0.014001959
0.10197209
0.016707847
0.039105266
-0.046530567
0.012358925
0.15113613
-0.03179056
-0.04932039
-0.19959617
-0.06490437
0.16305275
0.025296409
0.029014727
-0.055357415
0.096108615
-0.05299276
-4.6223497e-05
0.030407513
0.0109359035
-0.02432677
0.055983603
0.01373666
0.07133767
-0.13878846
0.02053177
0.09051051
-0.04265666
-0.04398018
-0.029753523
-0.11000035
0.005801045
-0.09763969
-0.041606084
-0.044045597
-0.013214717
0.07132979
-0.014815293
0.040120386
-0.03244183
-0.06943292
0.16589731
-0.020790821
0.019142436
-0.0013420162
0.062357526
-0.059067402
0.072374895
-0.05945263
0.08255621
-0.018495884
0.1307609
0.07178767
-0.06825143
0.016281119
0.039221004
-0.047644284
0.06534275
-0.14595807
0.11874152
-0.065815434
-0.028439444
0.012694784
0.06750791
0.12410254
0.11388054
-0.084942944
-0.048025705
0.1058341
0.043213956
-0.11060845
-0.01488931
0.005860461
0.08346267
-0.09334705
0.057852868
-0.061861016
0.067076825
0.07244534
0.17307521
-0.100489795
0.013172522
-0.0729704
0.059524797
0.11793354
-0.07550791
0.11862338
-0.039866094
-0.037020307
-0.069974534
0.122567356
0.0019389123
-0.036911875
0.13688986
-0.17516233
0.08015939
0.0964259
0.16858596
-0.12920894
-0.045844987
-0.0038246256
0.19052546
-0.027753783
-0.22196652
0.07675536
-0.08992659
-0.012616869
0.08210524
-0.070433475
-0.06569369
0.014215836
0.08037992
0.08309068
0.05670264
0.20601344
0.071570046
0.04728908
0.05107251
0.11766582
-0.20800279
-0.0009246492
-0.1340977
0.033494435
-0.08933591
0.16291636
-0.070383966
0.13341792
-0.10943559
-0.11150623
0.05947119
0.085500665
-0.015399426
0.040676974
-0.012337091
0.006384777
0.06005322
-0.07859055
0.14681926
-0.1756106
0.116923705
0.09214338
0.00074415485
-0.049930517
-0.11500562
-0.039681304
0.07600776
-0.022483647
-0.12381313
-0.026303187
0.044161238
0.018237256
0.054333217
0.1399774
0.1408578
-0.031343248
0.01288922
0.13114908
0.11201753
0.080021136
0.053942654
-0.07146239
-0.040340845
0.08119722
-0.09241002
-0.05534874
-0.06994369
-0.07800249
-0.0023159934
0.06001369
0.069336586
0.07714075
0.009561194
0.16702968
0.13150461
0.03925003
0.125195
0.03779836
0.1985158
-0.05649967
0.052162528
0.12810217
0.113172516
0.03713416
0.011713404
-0.04158685
0.11209737
-0.020309271
0.12162436
-0.069852605
0.019534836
-0.055604022
0.03574056
-0.1477417
-0.0074203685
0.011510059
-0.09022271
-0.13690382
-0.079442285
0.09099783
-0.099732295
-0.098568164
-0.049512282
0.019248277
0.02333178
-0.033007953
-0.0678591
0.029184138
0.07761233
0.009835703
0.08264331
-0.09438175
-0.14294752
-0.12254331
0.014872049
0.15863602
0.030321833
-0.048791427
-0.05297541
0.13461207
0.078144096
0.16292301
-0.072913684
0.07872237
-0.07049225
-0.1401198
0.058804594
-0.15308592
0.054344468
0.08735917
-0.034700383
-0.09682936
-0.06459655
-0.008832794
0.013205416
-0.06494512
-0.03803175
0.042588342
-0.018255508
-0.030423947
-0.07754729
0.023894072
0.095917776
-0.08282333
-0.1006517
0.005586515
0.0018566491
0.0660568
0.03419944
0.06176784
-0.065520965
-0.019907657
-0.046772007
0.11352159
-0.009609616
-0.086560965
0.010680988
-0.078893326
0.1127274
0.03610218
0.05641738
0.036002703
0.05196141
0.044150457
0.07222459
-0.102623835
-0.013317462
-0.059479587
0.055564545
-0.042873047
0.07377288
-0.016520739
0.075950466
-0.077231996
-0.053058963
-0.034193497
-0.048557006
-0.037450027
0.054436855
0.007466748
-0.060765922
-0.13298444
0.08807204
-0.12170266
0.032783184
-0.1881821
-0.087578624
-0.04662464
-0.12856306
-0.0069935545
-0.076059
-0.0008788588
0.17493461
0.053177077
0.0323267
-0.05982181
-0.03367717
0.04465019
-0.053368807
0.0924111
-0.045915287
-0.035643835
0.058399282
-0.080343805
0.047377538
-0.035403132
0.13055378
0.04653236
-0.10059289
0.027475169
-0.052835513
-0.056834746
-0.15329757
-0.014708387
0.0113898255
-0.02275928
-0.011385034
-0.013194748
-0.017627954
-0.015636824
-0.13598292
-0.07466709
0.03968774
0.05200231
-0.012942368
0.07664292
-0.08088175
0.12828377
-0.05350968
0.10207956
-0.02438818
-0.02353371
0.084089
-0.0037469058
-0.02807404
0.042955365
0.081502385
0.094483085
-0.13963938
0.06494965
0.09510154
0.08046848
-0.0021703034
0.07222704
0.07919301
0.054413375
-0.00043955035
0.12622496
-0.026148796
0.2296771
-0.15054375
0.00093274016
0.01813934
-0.037187196
-0.18726344
0.098462015
-0.069937125
-0.14242934
-0.13233514
0.07933171
-0.09420107
-0.12758717
0.11883635
0.010596406
0.15095109
0.11775782
0.050818935
-0.007331356
-0.15008141
-0.033904698
-0.10484385
0.09119307
0.06886783
-0.10032455
0.0010278419
-0.08811446
-0.13986403
0.0054883794
0.0575862
0.08012548
0.037645906
0.030689267
-0.07150161
-0.14313944
-0.113044925
0.07643092
0.19850883
-0.03479521
0.024184354
0.16011508
0.06576932
0.14964676
0.045700867
-0.10531538
0.037604626
-0.04959296
-0.019900244
0.06971555
-0.08791893
0.17036587
0.0977669
0.090646245
-0.10481497
0.00808669
-0.07438432
0.123245575
-0.02029794
0.06956198
0.076230034
-0.05974785
-0.047042713
-0.036434844
-0.06818463
-0.089653455
0.07639873
-0.10872022
-0.022543706
-0.026068967
0.07996696
0.108156174
-0.11958916
-0.028671063
-0.19923857
-0.025267452
0.039294202
-0.020004395
-0.12395897
0.086686
0.019053796
-0.06579967
-0.050834395
-0.10380606
-0.13077492
0.031416614
-0.03140471
-0.009019363
-0.08079666
-0.0735958
0.04469711
-0.12504403
-0.06405947
-0.121913835
0.00030625722
-0.102426775
0.09388148
-0.19250336
-0.13072412
-0.10124046
0.06338029
0.05822283
-0.0656972
-0.028415686
-0.09968142
0.09139795
0.14138688
0.1567409
0.12790601
-0.0026821622
0.16184269
-0.061910987
-0.05532964
0.09951911
-0.057628807
0.054044515
-0.055260256
0.103236385
-0.061348755
0.048986007
-0.004395461
0.101565674
0.016383423
-0.07578848
0.05969898
0.07045585
0.033090934
-0.13866659
0.023258645
0.032202717
-0.14646319
0.09292483
-0.13039003
0.100549564
0.094021805
-0.09698421
0.105513565
0.111844316
0.06698453
0.037346747
-0.13158526
-0.05765667
0.012771451
0.052186664
0.0025790327
-0.13157015
0.07791665
0.10721995
0.076813504
0.11905042
-0.004714278
-0.06073584
0.032377977
0.049732465
0.044475865
-0.011301568
-0.14820887
-0.051279
0.057779405
0.0886918
-0.045294445
0.05683753
0.033466298
0.04221541
-0.07226735
0.06832553
0.031029109
-0.04267014
-0.11228642
-0.062062547
0.114169426
-0.03850846
-0.026527759
0.020159638
0.07303624
0.10353137
0.13015765
0.006043844
0.05292164
-0.09512051
-0.1263641
-0.07919605
-0.11608406
-0.07548296
0.014239086
-0.020077422
-0.030309781
-0.057102554
0.13311113
0.06820112
-0.050978243
0.022772899
0.030004995
-0.15724188
-0.008017078
0.09664403
0.03443942
-0.06950732
0.004635476
0.101498336
0.107397385
-0.010457537
0.02205847
0.10220692
0.09059892
0.102628425
0.011244908
0.084934324
0.11810366
0.06509443
0.034190368
0.024936458
-0.08543376
0.00063715264
-0.023992488
-0.12419793
0.061450005
0.11454094
-0.11141414
-0.07033026
-0.030384885
0.15388027
-0.030288147
-0.052696712
-0.017276641
-0.03926065
-0.10194268
-0.04762805
0.040610198
-0.16256183
0.15669891
0.043910433
-0.012343316
-0.036157046
-0.0729645
-0.10725784
-0.2965945
0.0041361223
0.013468247
-0.16692503
-0.085306466
-0.007919428
0.013023205
0.031384084
-0.07300043
0.0145925805
-0.013976788
-0.029365974
-0.055016834
0.027131284
0.08239953
-0.029226435
0.022532197
0.0019847746
-0.03794241
0.10333213
0.09325596
0.117532276
-0.051444743
0.10706874
0.10034827
0.04549068
-0.050805617
-0.016951408
0.075833626
0.012036634
0.08003536
-0.05992911
0.04606869
-0.053409092
0.20239036
-0.09776827
-0.009270986
-0.09749617
0.0019147096
0.057757787
0.050861683
0.013566328
0.0039835037
-0.08362863
0.060548805
-0.08885402
0.035132095
-0.0099590095
-0.103242986
0.017167969
-0.025904525
-0.037551586
-0.03939046
-0.16762999
0.07020489
-0.10769313
-0.021144923
0.06445277
0.04270646
0.12996082
-0.08998907
0.089522295
0.057992026
0.13298303
0.019654391
-0.16535519
-0.08604174
-0.039468434
-0.055984113
0.09362083
-0.044047676
-0.033168204
-0.05629403
0.04432821
-0.08904513
-0.025795834
0.061248742
-0.02865706
0.10273411
-0.008478695
-0.10733463
-0.013214486
-0.036255714
0.00011941325
0.0073341443
-0.019097026
-0.07228725
-0.094366
-0.13910243
-0.11804591
0.077544466
-0.049604844
0.121064335
-0.08517111
-0.063233055
-0.071049
0.121561415
0.022890637
0.02281366
-0.053973164
0.00042057
0.101605766
0.015766166
0.0044790325
0.14951146
-0.13480881
0.13986965
-0.0032785255
-0.038302135
0.062059168
0.01820873
0.10804154
0.12215911
-0.028464178
-0.13286483
0.040571805
-0.07280548
-0.09624669
0.034876775
-0.13200003
0.055439502
0.004261931
0.06605862
-0.11154352
-0.0989786
0.005021315
0.07339689
0.021854628
0.07752616
0.04023683
0.15404303
-0.037038498
-0.100530915
-0.004646507
-0.1302036
-0.1421314
-0.12718268
-0.027804496
-0.10032701
0.056578763
0.029933909
-0.07756263
0.026312817
0.07197833
0.050579295
0.101557486
0.026034525
0.059645094
-0.102760926
0.09587518
-0.03684369
0.010215581
-0.024367101
-0.0072696554
-0.06688949
-0.061237037
-0.011547207
0.088980354
0.07359266
0.0908148
-0.097795725
0.02359139
-0.07242334
0.06216507
0.043408718
-0.07386957
0.07591494
-0.06566824
-0.06572033
0.08305639
0.18400116
0.009615957
0.018047344
-0.09770034
0.10025302
-0.1378196
0.09057637
-0.05232677
-0.13092564
-0.07508317
0.07845723
0.012251136
-0.11300916
0.013055507
0.08802376
0.04642474
-0.022876028
-0.072980374
-0.07409764
0.020227011
-0.060294803
-0.012178569
-0.036161445
0.041983552
-0.1161928
0.08585873
0.026685711
0.0974815
0.10699045
0.048707932
-0.066214025
0.061917096
0.061872736
0.03842427
-0.18118963
0.022986704
0.020191468
0.0809974
-0.0889454
-0.14768915
0.0469876
-0.12408908
-0.07485089
-0.16514194
0.011349595
0.012252306
0.035144623
-0.006676434
0.07177145
-0.08050929
0.091120765
0.10426255
-0.06403677
0.012590194
-0.1021036
0.044314016
0.13636778
-0.051205005
0.042463824
0.067585364
-0.09738206
0.0742507
0.07350633
-0.02918038
-0.063966736
-0.022829661
-0.07477977
-0.002116307
0.09509997
0.028924217
0.0046932003
0.047286965
-0.032034956
-0.10411669
-0.009613512
0.022269266
0.017201336
0.14175883
0.021911306
-0.009689348
-0.32086226
0.0739509
0.017936597
0.021428622
-0.07711861
-0.11013252
0.12095654
-0.0036595035
0.047715537
-0.11693813
-0.103144936
-0.06421284
0.19501102
-0.18352948
0.034381423
-0.35217434
-0.13936806
0.12002759
0.13782807
0.106049195
0.21237302
0.07872072
0.20500447
-0.06757697
0.14080179
0.03676985
-0.08894414
-0.016115883
0.100490205
-0.007073744
0.06639406
0.02699211
0.094539605
0.19194864
0.123330176
0.021106198
-0.042139303
-0.1751826
-0.023248915
0.09132093
-0.035768613
0.05077709
0.042588286
0.03839957
0.19082327
-0.020630604
-0.10894653
-0.17688334
-0.095245205
0.043031674
0.13757521
-0.05634183
-0.0018015358
0.067108296
-0.0010525519
-0.012774467
0.13437718
0.06779033
-0.029716155
0.11779543
-0.05337243
-0.0138652725
0.022248257
-0.043367952
-0.22126393
0.018830547
-0.14334238
0.094367586
0.0551376
-0.022022422
0.025214685
-0.0043096403
0.04946214
0.02043959
0.07141105
0.010858536
-0.22604485
0.053258356
0.008255034
0.019985171
0.16699381
-0.021572117
0.105748415
-0.094944894
-0.09322528
-0.06323519
-0.043393962
0.10023166
-0.061569776
-0.018082218
-0.14556201
0.070848145
-0.077924535
0.010431979
0.16569994
0.14410843
0.04449022
-0.1407025
0.15909836
-0.09556989
-0.021509564
0.0063874577
-0.03483457
0.06724437
0.063441224
0.15978771
0.021175237
0.041726958
0.108548455
-0.013727372
-0.077997014
0.17236738
-0.16448404
0.1467198
0.072267324
0.04147646
-0.008847893
0.04832388
0.18371576
0.056256447
0.040920675
-0.049915925
0.08798542
0.097497284
0.09319644
-0.0022105589
-0.027691148
-0.0797297
0.1996463
-0.048064783
0.08347855
-0.064342566
-0.10959797
0.08970145
0.2276996
-0.016604284
-0.052466385
-0.13128957
0.022918718
-0.09762313
-0.061842408
0.108782515
-0.0498125
-0.059750453
-0.06742373
-0.091956824
0.123756364
-0.096946135
-0.06569989
0.08066026
0.13821955
0.031353664
-0.08309067
-0.054612044
-0.0027902715
-0.086874686
0.012344202
0.05660432
-0.010675612
0.016666427
0.00070052454
-0.052248314
-0.047520682
0.1570774
-0.11937139
0.09347732
0.0070446623
0.052913047
0.09967799
0.07609085
-0.06318455
-0.14933857
0.10615945
0.024521448
0.11011205
-0.047650956
0.0344867
-0.049281355
-0.07532056
-0.022711113
0.04994025
-0.054501668
-0.106320426
0.028646765
0.04038066
0.05989345
-0.022257447
0.027744122
-0.07612533
0.010140083
0.024903348
0.09188445
0.14467484
0.061074525
-0.037343893
-0.054781098
0.07557462
-0.021172967
-0.05826705
0.053297367
0.015201278
-0.006575253
0.062077075
-0.07030148
0.04697065
-0.0032929548
-0.092625774
-0.1063759
0.030973028
0.04863204
-0.106880136
0.034192044
-0.02854451
-0.08581379
0.09648153
-0.043083433
0.032165032
-0.025424344
-0.014779974
-0.007901561
0.041903824
0.0723636
0.11257081
-0.074256286
0.0005624724
0.047314152
0.18362193
-0.094995745
-0.049482785
0.06088525
-0.008554596
-0.08114954
-0.11979289
0.033186287
-0.02203029
0.039164755
-0.012603934
0.03126997
-0.02763653
0.055870946
0.020182507
0.09942162
0.0039947866
0.0074650235
-0.041156325
0.066931956
-0.033534244
-0.036806773
0.03496067
-0.0929903
0.043539923
-0.0915181
-0.0046168035
0.066112794
-0.14411792
-0.009896621
0.1711266
0.06560532
0.029484978
-0.10481209
-0.053573627
0.0005805478
0.10255975
-0.037029672
0.12000091
-0.024852585
0.07088194
-0.050512582
-0.02889603
-0.032911345
-0.03277063
0.049971405
-0.011769885
0.0009898554
0.057588067
0.06773927
0.044090673
0.020344358
0.07051406
0.16410327
-0.11014047
-0.027425611
0.020904316
-0.13608156
-0.12298585
-0.035909366
0.02115392
0.0505643
-0.019265067
-0.04165836
0.10246159
0.038203597
0.065828405
0.09842083
-0.010812262
0.029082824
-0.007871821
-0.02547639
0.069475
-0.029482963
0.0055624554
-0.10004232
-0.124023095
-0.117044225
-0.0016028204
0.012782494
0.10073954
-0.047301725
0.016030217
0.08993669
-0.12339553
-0.081296004
-0.052643247
0.04687566
0.037858244
-0.083864264
0.08433715
-0.086682424
-0.038004693
-0.048439227
-0.06551318
0.012437685
-0.12706192
0.04235991
-0.09905984
0.05626378
-0.030822817
-0.04021468
0.10494498
0.07303153
0.018534655
0.08021056
-0.06091402
-0.11783247
-0.06389954
-0.08260819
-0.097675174
-0.006705125
-0.10569731
0.083558924
0.110734984
0.07529417
-0.021211144
-0.11489804
-0.1098851
0.09596043
0.10377711
-0.05588136
0.119428545
0.008701952
-0.009498052
0.013637029
-0.101030655
0.056128506
0.15299058
-0.047979407
0.02200335
0.08249598
-0.03111866
0.049508084
-0.055108607
-0.051635936
0.04937473
0.07058526
0.030791277
-0.0026774227
0.1060686
0.041479208
-0.051957276
0.1524622
-0.038977582
-0.06756905
0.0035107024
-0.059183333
-0.08537969
0.045192115
-0.044099573
0.026752887
-0.024797114
-0.06452997
-0.07054751
-0.09664977
0.06929542
-0.056504313
0.16605023
-0.0089434115
-0.0041698627
-0.036683306
-0.011994658
-0.00077621476
0.080320135
0.09325308
0.009485399
-0.10013054
-0.08565902
-0.006658341
-0.16267945
0.07362627
-0.050033674
-0.034054
0.12617332
0.12384638
-0.0074843573
0.07950712
-0.04582642
-0.028179463
0.051425382
-0.04519091
0.121532574
-0.047214717
0.015005675
-0.03314772
-0.09187651
-0.082395636
-0.08439091
-0.04990779
-0.1430692
-0.0892798
0.041801263
0.13532585
0.068742245
-0.05588972
-0.1458319
0.006801659
0.024666123
-0.06068448
-0.08993403
-0.10160724
-0.050580624
-0.0420744
0.023603335
0.08805401
-0.029920502
0.10192518
0.09843322
-0.08622905
-0.114011236
-0.08754058
0.10752736
0.01001063
-0.049471837
-0.046725873
0.0047901296
0.011091046
0.045628916
0.022442535
0.063003145
0.07882831
0.015049376
-0.063004
-0.13525821
0.116690814
-0.013340902
0.06573429
0.071453504
-0.016395586
-0.06258907
0.052270122
0.03438757
-0.021332378
0.09256466
0.0045439317
-0.020013215
-0.05402768
0.027412795
0.0018833972
-0.02477278
-0.057918705
0.02171229
-0.06448691
-0.011191792
0.14057657
-0.09496953
0.045673
0.0065043764
-0.03814669
0.13937156
0.054338932
-0.05843254
0.052057605
-0.046125606
-0.016890438
0.04867291
0.017612385
-0.10152356
0.11480559
0.0230541
-0.06111088
-0.0034523865
-0.06441833
0.10281273
-0.060193967
-0.056284033
-0.048770472
0.0046525463
0.08402289
-0.083761506
0.02898193
0.07888257
0.070252284
-0.07784192
-0.0048751542
-0.06877721
-0.013494145
-0.011721864
0.059444852
0.0653825
0.06228121
0.038699128
-0.01483456
-0.14393368
0.035837207
0.0850231
0.13819724
-0.017253814
0.09934458
0.017411746
-0.14900504
0.008974649
0.06628579
-0.07284006
-0.04760117
0.051015
-0.004912076
0.03927434
0.12827012
-0.054780502
-0.06516373
-0.0988277
-0.09790012
0.12131899
0.05122644
-0.059751574
-0.012187809
-0.01804434
0.05552085
0.040339995
-0.016289638
-0.08559884
0.11404793
0.057457782
-0.11138297
-0.034685075
-0.020951824
-0.026944216
0.026302822
-0.063034326
0.06838058
-0.067029074
-0.08384437
-0.04751661
0.0813433
0.010997336
0.08445457
-0.042256374
-0.08883382
0.05923047
0.099648915
0.043092705
-0.122120775
-0.05040875
0.10592289
0.11547289
0.00045570766
0.03850212
-0.100888565
-0.10593107
0.06566572
-0.014849254
-0.14360918
-0.032905538
-0.13487688
0.050290573
0.117499046
-0.06965021
0.09719002
0.06481843
-0.076882
0.060899667
0.089391276
-0.108721614
0.07448604
0.13798408
0.049931336
-0.07445053
0.073291555
0.042557023
-0.076231025
-0.06202523
-0.036382254
-0.022055984
-0.051179904
-0.07618479
-0.1711561
0.058226194
0.055186916
0.09795832
-0.12646903
0.043084696
-0.05195946
-0.0014300987
-0.06668542
-0.006157312
0.080837
-0.03398651
0.026826242
-0.02142989
-0.08001652
0.062148165
-0.1273236
0.12883379
-0.099035814
-0.006614005
0.0925594
0.045304064
0.11581432
-0.09341505
-0.011126957
0.078650616
-0.07367629
0.022989051
0.07403404
0.06133984
-0.060147088
0.042035498
-0.08084489
0.089145966
-0.019435398
-0.028205652
0.10003946
0.04948683
0.055258494
0.046404272
0.0665864
-0.124343164
0.09369461
0.09718222
-0.013527022
-0.082368866
-0.03620942
-0.010060473
-0.067466244
-0.13871473
0.016366627
0.053198915
0.017030366
-0.04631365
0.022361463
0.030825548
0.08044418
-0.0041075647
0.07309111
-0.08712949
-0.08419528
0.07939254
0.2272403
0.16914685
-0.19409959
-0.15826258
0.056134284
0.05688468
0.037462864
0.24063417
-0.010886408
-0.01877616
0.07012535
-0.044101164
0.20387441
-0.11068666
-0.110109046
0.06267851
-0.0737984
-0.021100307
0.03803973
0.0019949947
-0.06373016
0.15002204
0.116624266
-0.0024561577
-0.14033839
-0.12197154
-0.10416379
0.07428902
0.004838349
0.077734016
-0.0120456
-0.051602438
0.13362797
-0.064270936
0.026593512
-0.08762814
-0.0806132
0.10353723
0.046166766
0.026986556
0.07584101
-0.002050748
-0.086183965
0.075303495
-0.092604056
-0.024984494
-0.1500136
-0.11828233
0.192581
0.15776816
-0.070638075
-0.0013101319
-0.08313055
0.17930381
0.012372987
-0.106274605
-0.05489123
-0.13052754
-0.03320463
0.1602732
-0.076264255
0.03176573
0.026367366
-0.1026601
-0.085703366
-0.048462454
0.040965054
0.0057007154
0.03484584
0.018380204
0.20637675
0.14831083
-0.053350072
-0.14952612
0.002004437
-0.12955026
-0.17889626
0.031570908
-0.082189284
0.040192917
0.11592365
0.045323357
0.12110535
0.020285662
-0.060359403
-0.18093225
0.01630824
-0.07962159
0.13596353
-0.14584143
0.095130384
0.13737239
-0.006922011
0.016309198
0.13337138
-0.07037578
-0.13093878
0.02917277
-0.1195914
-0.09126018
0.006078257
-0.102878615
0.09267561
-0.09882069
0.10887719
0.04785994
0.072653376
0.105550975
-0.014880199
-0.047234558
0.023436628
-0.09958354
0.16771479
-0.033638414
0.090218715
0.0476048
0.14823356
0.050323937
-0.13042465
-0.0049367677
0.006970628
0.05114165
0.009288733
-0.031444777
-0.023598284
-0.07573256
0.09650626
0.0856972
-0.042409793
0.09567451
0.117522895
0.09331673
0.027438544
0.001989308
-0.0647824
0.09890269
0.045397613
-0.15540391
-0.016394675
0.10741609
0.13301688
0.08803717
0.058379766
-0.03949282
0.086065635
-0.062489536
0.11473639
-0.077830836
-0.0657097
0.1086768
-0.10396059
-0.026251692
0.0773859
-0.09878068
-0.037250225
-0.011574979
-0.10413599
0.069962054
0.027754257
-0.0043171584
-0.040080838
0.04759214
0.029671265
0.06547947
-0.119428694
-0.01578947
0.0011791502
-0.025976032
-0.119938135
-0.060918193
0.02672509
0.07962826
-0.012779615
0.08333921
-0.06773088
0.104785375
-0.061490484
0.030549247
0.17575441
-0.016747244
-0.064580515
0.06711462
-0.00074842194
-0.014180917
-0.15224564
0.05402287
-0.062003158
-0.12304142
0.045383405
0.017282756
0.025372215
-0.040822484
0.17741378
0.13563724
0.09704305
-0.040446933
0.06734746
-0.034729484
-0.0158533
-0.08945048
-0.062234454
-0.090899125
0.023511637
-0.03018155
0.08309412
-0.103121705
0.08527919
-0.01869281
-0.01003806
0.036929782
-0.046871275
-0.19242577
-0.02699314
-0.12360198
0.10042671
0.10133868
0.13525738
0.040196806
-0.048267875
0.023534117
-0.025431957
-0.014974595
-0.22304244
-0.05245558
-0.08495563
0.08983233
-0.014000838
0.06034745
-0.023108348
-0.1018715
0.03662314
0.10162404
0.0016608859
-0.1212809
-0.0641533
-0.079826064
-0.027405147
0.07413817
-0.06079758
0.01949922
0.15766762
-0.113812014
-0.049425334
-0.018995581
0.06900251
0.009400808
-0.010549816
0.10613665
-0.07294123
0.106912054
0.027051406
-0.007912032
-0.031113472
0.1001149
0.07912764
-0.0029017408
0.09653668
0.062064104
0.0788067
-0.025422245
0.07303886
-0.11208032
0.05245461
-0.0014560334
0.057898015
0.076620035
-0.07950256
-0.067631625
0.055315666
-0.1055813
-0.10395278
0.034237374
0.015597474
0.10088901
0.06636606
-0.108851604
0.049096767
-0.016337946
-0.04724359
-0.06038189
-0.021746987
0.025037738
0.08697423
0.0525973
0.08233339
-0.09754748
-0.07905463
0.07178819
-0.0303842
-0.04277089
0.00086023664
-0.0013051388
-0.08020337
0.08101805
-0.025559012
-0.010441004
0.038805082
-0.052815214
0.056400802
0.0055188853
0.062727794
-0.03211279
-0.05899779
0.09299537
0.14074947
0.075602874
-0.070772916
-0.084164366
0.079040565
-0.0077300263
0.023524314
0.034325674
-0.017757455
0.018358765
0.05265502
-0.05985349
0.09608368
0.034296725
-0.12650724
0.1331802
0.12924685
0.05688488
-0.04457265
-0.0042108363
0.02391601
-0.0090001905
-0.103513375
-0.05370537
0.11314567
-0.120050594
0.082003176
-0.054063052
0.0064516244
0.10842402
-0.01229495
0.03101642
-0.052960567
-0.07821954
0.002129866
-0.009051772
-0.087392874
0.0975304
0.07905726
0.09197986
-0.0009498554
-0.05865469
-0.03130946
0.0077770385
-0.011805092
0.1463716
-0.08368426
0.07700087
0.082201116
-0.04127383
0.080330916
-0.02594272
0.007022574
-0.020525537
0.018899344
0.040017612
0.09981084
0.032196734
0.023155533
0.015816582
-0.092684396
-0.053354595
0.062509015
-0.13208726
0.025142606
0.022764714
0.027715798
-0.05313153
-0.013402612
0.02989751
0.043020915
0.047745883
-0.061269097
0.10756991
0.04200992
0.04335754
-0.08174355
0.024163688
-0.019332433
0.08792374
-0.084718786
0.018285096
0.05565487
0.026262416
0.047002714
0.082712345
0.11802928
-0.14072977
-0.054418102
0.08477956
-0.093182474
-0.030698733
0.01762002
-0.05396143
-0.028751282
-0.067643814
-0.044611625
0.05566272
0.12843274
-0.0154674435
0.0016157967
-0.12710245
-0.056489665
0.07251331
0.004772047
0.107542336
-0.005448996
-0.065250956
-0.017787036
-0.09870647
-0.1131684
0.14227404
-0.091955245
-0.03608557
0.099684626
0.14008424
-0.1226321
-0.07037644
0.064908125
0.09090724
0.08503386
0.038508434
0.06240081
0.06606567
0.111354284
-0.030254269
-0.05997022
0.034367174
0.06751999
0.08832722
-0.08356116
0.0568683
0.09300863
-0.079716876
0.018623084
-0.062308762
0.055215783
0.09184379
0.044538893
-0.111863434
-0.029638594
0.13659722
0.069866054
0.057994906
-0.017449751
0.054603085
0.0024976556
-0.09176409
0.014310922
0.08740972
-0.03759305
-0.003922712
-0.05114236
0.0016728536
0.08833467
0.032453224
-0.09574583
0.009745563
0.13179798
-0.021976754
0.07378562
-0.038076106
0.10368431
0.14618614
-0.07092049
-0.01857604
-0.059288114
0.12754852
-0.05544674
-0.06308743
0.098299794
-0.12139971
0.0740009
0.017370945
0.08651126
0.017991127
0.0789259
-0.015683433
0.035720155
-0.038047023
0.04182363
0.10783936
-0.07069271
0.05833645
0.0619027
-0.084133424
0.056936722
0.059154432
-0.11858441
-0.02639742
0.06526193
0.065586805
0.0069659087
-0.025983907
0.094071366
0.10200755
0.03317501
0.101454645
-0.012876701
0.08105192
-0.07101036
0.111764945
-0.056724936
-0.09276416
0.11835158
4.3218664e-05
-0.053677466
-0.023878166
0.018864568
-0.033150353
-0.017891236
0.13247599
-0.021507263
-0.09147652
0.06332685
0.09251235
0.10670969
0.035682134
-0.12862034
0.019193243
0.04887426
-0.10650224
0.05322586
0.108715415
-0.054235056
0.12130071
-0.08921414
0.09926203
0.085739315
0.10856839
-0.056457963
-0.037225656
-0.022383494
0.035523094
0.055283085
0.06829648
0.09594218
0.10943346
-0.00014493904
-0.0063565113
0.12027542
0.049652297
0.09680488
0.077290975
0.04600467
0.0123885535
0.10831397
-0.023972312
-0.06474559
0.09250441
0.0694732
0.13585213
0.12089863
-0.082419015
-0.0058865645
0.06975598
0.068439215
0.056150813
0.058110997
-0.060919683
0.014861939
0.03592059
0.114370145
-0.07336177
-0.029981228
-0.015338013
-0.021940993
0.048871245
0.05778654
-0.07277019
0.002523885
-0.09353817
-0.028924013
-0.03327794
0.0055837827
-0.05573348
0.05375977
-0.02880257
-0.05134429
0.027722696
0.1002454
0.057311293
-0.044784173
0.014465238
-0.12613375
0.091507345
0.0808306
-0.03853149
0.09467566
-0.00511799
-0.012516232
-0.012454973
-0.10979389
0.07360622
-0.05974561
0.12636629
0.021782044
-0.07543527
0.049926378
0.11300221
0.07521042
-0.034258235
0.014749786
0.04300259
0.09057914
-0.10104209
-0.015229412
0.042123295
0.09971719
0.092768915
0.07749154
-0.09749535
-0.07558667
-0.029675294
-0.08656165
-0.0073349937
0.10581034
0.066318415
0.09829405
-0.046713803
0.027782137
-0.12502514
-0.05689693
-0.04365199
0.073228575
0.05036861
0.08512998
0.12431507
0.027187355
-0.14001751
0.081968
-0.17029223
-0.093077056
0.19114125
-0.0047678025
0.08421981
-0.0056564803
0.119420335
0.1772006
-0.07513937
-0.0014878281
-0.03497611
0.01608204
-0.022827797
0.088985905
0.18098278
-0.011831439
0.12492694
-0.11854278
-0.11112437
0.028782902
0.10323312
-0.09801247
-0.092412725
0.18383154
-0.048735056
0.0998402
0.06369612
-0.11899668
-0.16410294
-0.00227044
0.13056739
0.06274603
0.061010364
-0.1454229
0.06940434
-0.029950036
-0.08211071
0.11708171
0.009795518
-0.015622738
0.07024853
0.08136014
-0.020433249
0.14582759
-0.12769675
0.12506756
-0.034484386
-0.05128499
0.10713331
0.062686086
-0.075566046
0.12506862
0.08697903
0.06891111
-0.031888157
0.050562955
0.070838906
0.062100664
-0.09375257
-0.05488276
0.113261014
0.084621675
-0.061820664
-0.0392785
0.04426206
0.10487273
-0.079344444
0.08613039
0.05382218
0.018638734
0.043232135
-0.021711867
-0.040529266
-0.11979273
0.12616631
0.056781128
-0.030541496
0.033033
0.0747944
0.03357203
0.042027228
0.035089266
-0.05371613
-0.023288343
0.006084827
-0.10213045
0.070358545
0.04010651
-0.040790986
0.059337225
-0.076956995
-0.0380813
0.023208367
0.028323002
-0.12150639
0.14379418
0.08871776
0.12715381
-0.058520697
-0.014046628
-0.013696091
0.033895697
0.04895544
0.097085126
0.09035291
-0.08307625
-0.09929735
0.12723978
0.0062278244
-0.043079287
-0.079978086
-0.047225762
-0.041132532
0.13308834
0.003219483
0.08087807
0.01717946
-0.11577053
-0.08192734
0.04126151
0.11799827
0.07149572
0.17993556
-0.015107405
0.03039913
-0.04107791
0.054715402
0.062787354
0.09985608
-0.008974971
0.049587913
0.049309544
0.09307637
-0.16864158
0.11842673
-0.032112837
-0.037871737
-0.09905632
-0.023182195
0.077049956
-0.087087646
0.10490308
-0.045031648
-0.1257971
-0.035478707
-0.12039362
0.12826349
-0.012435855
-0.006568881
0.096983105
0.025172677
-0.06445527
-0.097051896
-0.015449416
-0.010096648
0.0013314534
0.055320784
0.12570131
0.0678931
-0.026319219
-0.07729852
0.1378139
-0.0091412235
-0.055459175
-0.053675693
0.078356534
-0.048455924
0.0956149
0.11600563
-0.056414142
-0.00024415363
-0.11360555
-0.15596314
0.06885192
0.17697522
0.033092197
0.062330466
0.0636594
-0.016193967
-0.07121511
-0.005995676
-0.07811606
-0.061215814
-0.084006265
-0.0578895
-0.06470258
0.09485411
-0.06372774
0.15926714
0.020045698
0.10041586
0.124541245
-0.019899867
-0.11112906
-0.087685555
-0.11912656
0.03301154
0.10198486
-0.025106374
-0.048572257
0.08089036
0.079673134
0.07869903
0.053361163
-0.052252144
0.012810361
0.011383758
0.15132888
0.036584474
-0.04906398
-0.062406078
-0.11705925
0.06316077
0.13443157
-0.10758111
0.10097008
-0.025521236
-0.038695704
0.02292702
-0.009617112
-0.04576657
0.015328773
-0.02255369
0.09999311
0.013864457
0.059520945
0.003138129
0.030275496
-0.039977383
0.05337909
-0.049382422
0.06987415
-0.07388048
-0.07475604
-0.05296188
0.13952866
0.03488232
0.09367747
0.09560376
-0.007860935
0.06516842
0.023082923
0.08992998
0.065741956
0.08161873
-0.06387112
-0.04890887
-0.17929828
-0.15121634
0.025732448
-0.08020778
0.1560725
-0.059954874
-0.057807434
0.0007306228
0.10452953
-0.021896126
0.05655944
-0.0638514
-0.06932513
-0.0380798
0.08707782
0.03165533
-0.091949575
-0.093906306
-0.14233921
-0.012239687
0.06719696
-0.164001
0.026825776
0.07817374
-0.08658169
0.118699275
0.040049933
-0.15389405
-0.09531553
-0.05574431
0.01313494
-0.09255486
0.0011800276
-0.13425544
-0.09120408
-0.06522801
-0.13406481
-0.02395418
-0.03730708
0.041342806
-0.18066797
-0.15322086
0.12824613
-0.09357985
0.034137916
-0.031125097
-0.09508098
0.04018248
-0.12789091
-0.035125833
0.08254382
-0.02880821
0.01543806
-0.073539905
0.073232874
-0.012768976
0.043222275
0.07237836
0.008236839
0.06679209
0.0037857357
-0.20941919
-0.027408095
-0.059805404
-0.071782276
0.09952033
-0.0013817659
-0.03674491
-0.095345475
0.086917885
0.11934361
-0.060032453
-0.085841864
-0.03962768
0.075282216
0.13238114
-0.09031662
0.10776081
0.07701129
0.06284005
-0.034932412
0.09707693
-0.0770301
-0.047525983
0.009404521
-0.14699626
-0.040280253
0.07439716
0.0051311366
0.003922913
-0.03351557
0.00808294
-0.09645802
0.03387704
0.037837848
0.025083104
-0.058019124
0.049886942
-0.13655524
0.030001812
-0.13759758
-0.09760292
-0.03320729
-0.1154691
0.06293901
-0.0090622185
-0.17967047
0.06086271
-0.021680953
0.03562873
0.06465109
0.13570221
-0.017519075
-0.11816253
-0.15001152
-0.027040787
0.025837526
0.01684488
0.015441211
-0.040403187
-0.09020896
-0.12668173
0.08503681
-0.09718812
0.035334162
-0.13465106
-0.038476042
0.048642546
-0.063997135
-0.13640073
0.025454177
0.09580368
0.024849858
-0.17737871
0.09000177
0.051411256
-0.07352865
0.09733726
0.020580385
0.10529599
0.14630239
0.0902428
0.084468514
-0.11849046
-0.08329404
0.0727537
-0.07421242
0.04565281
-0.03370279
0.007985381
-0.009123131
0.07302259
0.023596182
0.06909198
0.14367758
0.056555945
0.03425767
0.15169923
-0.13760954
-0.115356535
0.06458084
-0.11116652
0.07730664
0.09442209
0.10381491
0.0701977
-0.080082215
-0.046320535
-0.06905307
-0.020759957
0.0014633992
-0.0637882
0.0974755
-0.046546653
-0.12693036
-0.030668095
-0.1297958
0.09560454
0.024939219
-0.07378672
0.09032416
-0.028353048
-0.04343222
-0.021160934
-0.02261908
0.0101338485
0.024431733
-0.067426756
-0.043845553
-0.13417701
0.029125867
0.026709873
-0.031437922
0.035227004
0.16182497
0.045388684
0.044022147
-0.011834846
0.09695492
0.13896152
0.0011397208
0.035227824
0.07779128
0.07060718
-0.070511416
0.06906387
0.13232331
0.073035575
-0.025812063
-0.14123486
0.035684258
0.03836005
-0.11095103
-0.079541154
-0.041442744
-0.10100383
0.012758375
-0.16278611
-0.0047573578
-0.006038062
0.06489258
0.0020336546
0.00036085487
0.13350247
-0.03993162
0.07138886
-0.057783347
-0.08017505
0.00656627
0.11908441
0.14759792
-0.08379782
-0.081428505
-0.0779348
0.0016811755
-0.09503599
0.045840826
-0.04700603
-0.021910219
-0.14346574
0.08549998
-0.0521901
0.04244997
-0.10237528
-0.07573524
-0.050624486
0.038131543
-0.15045543
0.025349459
-0.059061274
-0.1284694
0.11218504
0.09110765
-0.070776984
0.12225767
0.0677204
-0.1264103
0.0071453513
0.12139912
-0.050766014
0.09063377
-0.037709694
0.05917178
-0.03359284
-0.093943544
-0.049439285
0.12905072
-0.0710237
-0.047405057
0.042430058
0.13661116
-0.072286814
0.0011768229
0.035175316
0.08277913
-0.16524667
-0.03707299
0.00026471814
-0.061599623
0.17220902
-0.018531753
0.0035268685
0.03437225
0.0626024
-0.09927845
0.09603818
-0.012877872
-0.032088466
0.14071402
-0.0128395
-0.0925624
-0.039081823
-0.02980171
-0.06484985
-0.15193996
0.10589561
0.10643552
-0.05259176
0.028423937
-0.10922663
0.13754082
0.1604982
0.06237323
-0.11397831
-0.12673527
-0.08406563
0.024504973
0.08024272
0.03902698
0.048892576
-0.019492453
-0.07314098
0.033176348
-0.06107396
0.008595186
0.048874512
0.07592991
0.09484937
0.09639569
-0.07455195
0.0707443
-0.17002852
-0.051593307
0.07005929
-0.06495266
-0.03367175
-0.035655625
0.1338565
-0.047537535
-0.053409074
0.1357205
0.10792028
-0.023976168
-0.023217544
-0.019884117
-0.008625341
-0.050000295
0.011181638
0.098372854
-0.12847704
0.099565476
-0.0353187
0.09816704
0.030628365
-0.05265889
-0.032006983
-0.070825815
0.06418153
-0.07317036
0.060672577
0.04583234
0.03698732
0.03866567
0.026786963
-0.062750496
-0.020185241
-0.13169512
-0.0732279
0.13121045
0.150459
0.017503232
-0.12843268
0.1405406
0.01923503
-0.019711932
0.048529096
-0.12498355
0.09418135
-0.11916533
-0.06814053
0.028049547
-0.04282462
-0.06725236
-0.1414037
0.012237836
0.037579224
-0.01636309
0.062269237
-0.069659516
0.012973506
-0.13166764
-0.11616674
-0.1421168
0.048633974
-0.029597968
-0.012633886
-0.040281624
-0.032585528
0.043793984
-0.09706106
0.022480592
0.09622601
0.082087524
0.008950592
-0.003976774
0.29106966
0.042529747
0.04279858
-0.10868747
0.13031304
-0.044080656
-0.12630163
-0.082771525
0.019615535
-0.041660506
-0.010896191
-0.1196541
0.08153078
0.02064833
0.1388929
0.021582294
0.0398577
0.040861346
0.021206463
-0.033089325
-0.09894697
0.065127224
0.03210475
-0.00723316
0.10776318
-0.054249488
-0.15137987
-0.027530938
0.031240672
-0.04457308
0.0048915884
-0.01664299
0.06583446
-0.085099444
-0.16461362
0.0014972549
0.16803445
0.0397257
0.041768644
0.060465325
0.065997675
-0.10173343
0.091376685
0.0048841774
-0.020538451
-0.15187052
0.110977
0.01406433
0.03937801
-0.074390486
0.041389734
-0.074077636
-0.0737233
0.07654852
-0.04287296
0.06350591
0.057619784
0.07012515
0.04556188
0.08130567
-0.016686136
0.14752483
-0.09058627
-0.06465128
-0.04004865
-0.06905166
0.013656874
0.056442313
0.08068475
-0.045101408
0.10908678
0.04592714
0.05178104
-0.023795621
0.0795867
0.028161118
-0.07697073
0.023870131
-0.12429656
-0.044578694
-0.088812165
0.06990545
0.075775035
-0.03449222
-0.06005512
0.04099446
-0.04680284
-0.04906452
0.033289716
0.02358587
0.007678301
-0.030207617
0.03636606
0.059800927
0.07701649
-0.024133693
-0.058439568
0.0048327507
0.004365657
0.017529907
-0.14662382
0.09297272
-0.060504425
-0.08075523
-0.07999797
-0.07819782
-0.098300524
0.11692276
0.17540133
-0.11881149
-0.06851103
0.0342573
0.12108996
-0.069837555
0.09406364
0.032758348
0.05035295
0.019798003
0.04496048
0.09267487
0.0629673
0.041561283
0.14706692
0.023106115
0.09645436
-0.07052901
0.03872992
0.043059446
0.091430545
0.113369256
0.03760138
-0.013286216
0.15229349
0.022093019
0.024278633
0.12984118
-0.015506183
-0.22596668
-0.11882895
0.088596016
0.10151616
-0.013509955
0.03143662
0.053657748
-0.034732454
0.057641044
-0.16014002
-0.08642316
-0.10883593
0.06916392
0.0014745456
0.09419908
0.018635252
-0.15079927
-0.13035168
0.01672353
-0.12743631
-0.102729894
0.07516721
0.08953571
0.08443408
0.111971304
0.07612391
0.14772217
-0.04432501
-0.06373511
0.020406343
-0.08486806
0.065733306
0.15758698
-0.07409126
0.035605494
-0.013518914
-0.11651859
0.14214005
0.024866631
-0.09898931
0.025379218
-0.011107359
-0.06590472
-0.07020757
-0.15644684
0.04250214
0.013508513
-0.026126599
-0.14795537
-0.025395976
-0.013656303
0.11664971
-0.0074367467
-0.09158172
-0.056977034
-0.04895955
-0.11315342
-0.011366637
-0.06922147
-0.092573635
-0.025327606
-0.04279981
-0.02599473
-0.14668114
0.13036466
0.057826143
0.054367423
0.06978017
-0.03845399
0.021844238
-0.16433643
-0.03380403
0.04962295
-0.0214141
0.06824913
0.0105792275
0.013759929
-0.07162056
0.058307316
0.036991514
0.02050304
0.13935435
0.027787704
-0.051987533
-0.055441167
0.15233465
0.041666344
0.0604826
0.02724748
-0.11870365
-0.082472585
-0.09029417
0.102806985
0.10429303
-0.12862034
0.110779785
0.0316534
-0.03808017
-0.0027404989
0.15549162
-0.08073278
-0.11051547
-0.079003885
-0.13752297
-0.038396597
0.037261315
-0.0075176614
0.055626977
0.02240951
-0.006505303
0.032641634
-0.05532088
-0.03663314
-0.19515258
0.05041493
-0.15654229
-0.02821741
-0.060752947
0.09934268
-0.20277224
-0.07918456
0.1087584
0.08424381
-0.10596003
0.061442077
-0.14616369
0.35076892
-0.025736643
0.13743363
-0.0018053286
-0.007063584
-0.09740159
0.0077192793
-0.2392919
-0.19860075
-0.0023968646
-0.1217169
0.06548313
-0.041683488
-0.1318431
-0.01810227
-0.11828271
0.01603383
-0.07752212
-0.07979142
-0.11821171
-0.03905976
-0.11355366
-0.029521288
-0.007486339
-0.20029204
-0.049275827
-0.044071607
0.066626675
-0.15963632
-0.07996344
-0.17947283
0.1825384
-0.16046073
0.000513481
-0.026991457
-0.08807105
0.19896096
-0.1452234
0.057284802
0.22034308
0.15680157
-0.039909426
0.037978634
-0.03133183
0.11465685
-0.02420371
0.13572004
0.015573955
0.07480427
-0.04052504
0.1186285
0.029256277
0.18669362
0.03181623
0.105903104
-0.10046898
0.029530773
0.2236005
-0.13950182
0.08252064
0.24538219
-0.0381748
0.06494911
-0.10803781
-0.01400176
-0.026038397
-0.15550938
-0.21006234
-0.108852915
-0.043480925
-0.15760757
0.0288943
0.15613902
0.22326075
0.15444966
-0.016724778
-0.046106737
0.11939855
-0.09027305
-0.19984032
0.010932578
-0.051901035
0.27461934
0.03707239
-0.0075079855
0.18083388
0.07232119
0.06753434
-0.018572694
-0.02785465
-0.20098698
0.047098152
0.017905202
-0.18472049
-0.014863913
-0.028986285
-0.0707462
-0.08638312
0.07682735
0.018341323
0.0517471
-0.09243112
-0.20610392
0.020699222
-0.22453439
0.103541486
-0.014893127
0.014361472
-0.15768152
0.12965003
-0.079090476
-0.032606747
0.011237899
-0.0864674
0.037233282
0.10771379
-0.019147454
-0.016059777
-0.062433492
-0.035301484
-0.11069656
0.07939574
0.04517037
-0.0006476591
-0.09150987
-0.012029992
0.013307347
-0.022523835
-0.030240595
-0.13909413
0.035005573
0.00864562
-0.13460088
-0.12333302
-0.053224847
0.08680648
-0.10356947
0.013605756
0.04414607
-0.011092282
0.025527436
-0.10984136
-0.08895069
-0.035259258
0.07370347
0.003726345
-0.10439117
-0.005802654
-0.041532505
0.081876226
0.084967755
-0.02759038
0.11119792
-0.0046152575
0.056527548
0.07127075
-0.03156249
-0.037814394
-0.07247079
0.0974209
0.06640878
0.099001355
0.05437416
-0.0667809
0.031461637
0.09230747
-0.073066905
0.114445694
-0.10989711
0.061179865
0.051727954
-0.02452467
0.101828866
-0.052228786
-0.050290264
-0.06704832
-0.039670672
0.097452305
0.04380093
0.082182884
-0.04549524
0.13064896
0.012450831
-0.0062818434
-0.022228798
-0.051724117
-0.038174335
0.10811822
-0.08127101
0.12900394
-0.00019873581
0.06154952
-0.02391605
-0.027156299
-0.010500323
-0.08115719
-0.025663098
-0.056457523
0.20145658
0.05614465
0.07817213
-0.1301702
-0.031833693
0.032083496
0.014056876
0.0897251
-0.0023510335
-0.034178946
0.049677566
-0.05892544
-0.054108452
-0.04997072
0.00969681
0.007763692
-0.047303222
0.061311837
-0.04550458
-0.0028025797
0.026435763
-0.09511527
-0.11757223
0.12643795
0.06600959
-0.012925867
-0.082640454
0.008803031
0.04224457
-0.06978585
-0.09637678
-0.04928168
0.06520649
0.061639085
-0.1388395
0.015553492
-0.09998371
0.03409057
-0.030524073
-0.05493198
0.07561537
0.06469551
-0.090980254
0.024083959
-0.055033084
0.08582471
-0.003961721
0.1380737
-0.06693724
-0.08688943
0.03297993
-0.06644438
-0.06487436
0.042310234
-0.1033795
-0.053515937
-0.04114296
-0.028972384
0.047081478
-0.011988795
0.046687566
0.029313995
-0.111601405
-0.04046297
-0.039913006
0.08350425
-0.11563319
-0.013098081
0.0078280205
0.05058777
-0.00086120586
-0.1403651
-0.03514559
0.09214384
-0.071207516
-0.1623268
0.023957431
-0.009823575
-0.03466055
-0.08722971
-0.05019349
-0.049670972
-0.0029507924
-0.12529546
-0.07882737
-0.009345068
0.0631215
-0.034104466
0.007469576
0.06788412
-0.08312479
-0.02263238
0.04774366
0.06095797
0.11389439
-0.0072129816
-0.0016051276
0.017031059
-0.1033559
0.09673619
-0.07067671
-0.024408001
0.0069743735
-0.015648372
0.06640378
0.07533416
-0.062167037
-0.008513484
0.07528025
-0.03676298
0.03538002
0.0236157
-0.026798677
-0.13406925
-0.09411676
0.058818012
0.07617031
-0.029775776
-0.10030662
0.11931963
-0.038834505
-0.062157452
-0.007598986
-0.051589396
0.03268534
0.014378137
-0.01847052
-0.055593457
0.056547057
-0.05126981
-0.09781403
0.026335796
-0.10325088
-0.01611125
-0.05134371
0.06424852
0.010907389
-0.07775006
0.07328424
-0.019193651
0.096006304
-0.082127556
-0.09867721
-0.04563042
-0.024960399
-0.035471324
-0.12116826
-0.0028812347
-0.058748186
-0.06516551
-0.018458912
0.03180994
0.03733193
0.065245
0.12005833
-0.051303204
-0.008570882
-0.046898764
-0.067462444
0.057121288
-0.10795365
0.094536886
0.033237267
0.00903725
-0.016121944
0.01761547
-0.14004612
0.021041255
-0.1325423
-0.07905215
-0.106892794
0.043509476
0.05186937
0.053853184
0.085938975
0.10189263
0.008868562
0.032707665
-0.014270185
0.015826102
-0.027602017
-0.0064981035
-0.02111259
-0.029920075
-0.012818318
0.10927529
-0.0775974
-0.10367861
0.07905136
-0.032170366
-0.0867119
0.08925546
-0.0010188487
0.17983972
-0.10419218
-0.026626782
-0.1121804
0.03413219
-0.042017728
0.008267158
0.06330223
0.04648149
-0.016234666
-0.18103728
-0.025343437
0.075122386
-0.107447535
-0.084670484
0.0006168863
-0.08190908
0.079508565
-0.0036426964
-0.035388313
-0.033968225
0.063317135
0.048789028
-0.0039712167
-0.05996468
-0.04061258
0.12593043
-0.0829446
-0.06257525
-0.0762604
0.10560774
0.08854772
0.07381607
0.05148565
0.12926686
0.105906926
0.07785197
0.10364367
0.02979612
-0.06990119
-0.09451795
-0.096582636
-0.0032508266
-0.0039935913
-0.06405573
0.11996109
0.103637904
-0.068410285
0.071948975
0.08485067
0.07681777
-0.07107031
0.069551535
0.035843994
0.15757085
0.0033300195
0.07497567
-0.09994804
-0.043393888
-0.14117622
0.11747978
0.057377335
-0.12170172
0.13177995
-0.05045102
0.021245
-0.06744106
0.060986742
-0.044327714
-0.08771024
0.10334628
0.00019489281
-0.015358169
-0.1367493
0.0069596427
-0.08479277
0.08449416
0.09069788
0.028572138
0.15164717
0.01809506
0.011366718
-0.05498578
-0.013909923
0.026876098
0.022384983
0.124198824
-0.12500282
0.069324456
-0.044643883
-0.09778946
0.09572155
-0.023648864
0.020030465
0.0013310488
-0.026604494
-0.095327854
-0.033705477
0.08630802
0.07585036
0.09843981
-0.108448215
0.02497638
0.102109514
0.14043814
-0.10668202
0.060391642
-0.08717199
-0.11845052
0.02222163
-0.04874747
0.039118465
0.07423029
-0.034964815
0.009943081
-0.06423684
0.037211526
0.0098436875
-0.07470718
0.0033788485
-0.028920814
-0.079987146
-0.11683404
0.039659154
-0.112272345
-0.021803772
-0.028168816
0.015777448
-0.024532136
0.083288714
-0.11650027
-0.11835308
0.053467546
-0.03444037
-0.0025900193
0.014117923
-0.010107928
0.0969778
-0.14587502
0.052477747
0.11348942
0.044186797
0.087866046
0.08921343
0.006981366
-0.052871607
0.007210943
-0.014640417
-0.026649537
-0.11648829
0.11776309
0.09453484
-0.012526164
-0.07139822
0.098577216
0.07542689
0.005262798
-0.00025469874
0.01220142
-0.024766253
-0.10072074
-0.04872152
0.1510631
-0.030356793
0.058967557
-0.091445856
-0.09766052
0.020234127
0.11911566
-0.08749215
-0.05872137
-0.07863002
-0.07588771
-0.044434194
0.09337158
0.012853392
-0.01771692
-0.07085385
0.03654831
-0.005863709
-0.082440466
0.002039582
0.06448919
-0.10403836
-0.011439735
-0.10365736
0.12624341
-0.065775186
0.036188345
-0.00392956
-0.09290029
-0.011073847
0.07524776
-0.03240545
-0.09653183
-0.09469889
-0.04499672
0.10259508
0.005023334
-0.05429884
-0.07304181
-0.1333114
0.049025446
0.031184519
0.03517178
0.061254118
0.017578205
0.0005400867
0.07736582
0.08547713
0.0840529
0.02830563
-0.0699455
-0.10363177
0.14967431
-0.05753482
-0.011683988
0.06819094
0.050122533
0.047692727
0.090643875
0.11382745
0.119473614
0.094237864
-0.10129407
0.11296721
0.034819465
0.024653602
0.015364878
0.113917634
-0.19002558
0.015603786
-0.03589165
-0.04887277
0.19868837
0.14450717
-0.05722509
-0.028081398
0.26941815
0.015847707
-0.08297399
0.12961106
0.31712055
0.04967695
0.06522504
-0.016739625
0.022462485
0.064164214
0.06314686
0.041870207
0.015601756
-0.19724354
-0.17458378
0.08996838
0.0586211
-0.041822698
-0.008636095
0.035906386
0.0806814
-0.09441065
0.11707953
0.11075001
-0.030716814
-0.06973422
-0.049113944
0.012148968
-0.041620452
0.054249857
-0.098014094
0.07488102
0.07911331
0.07538662
0.06039453
-0.013715195
-0.0439597
-0.029791048
-0.07028441
0.18668848
0.04308822
-0.01272133
-0.08905188
0.08732186
-0.052686967
0.057281036
-0.0412198
0.20149006
-0.037620418
0.00644655
-0.09407447
-0.15177591
-0.015470955
-0.042587727
0.025224047
-0.05714398
0.03788299
-0.012955342
-0.105411686
-0.09957303
-0.02393348
-0.11046605
-0.12072686
-0.010267216
0.12650329
-0.0722539
0.06677736
0.11255609
-0.03817764
0.025972793
0.009752683
-0.2438424
-0.059590783
0.12584487
0.15209875
0.13748382
-0.15464473
0.08604484
0.05614144
0.09974278
-0.021648787
-0.10464199
-0.019492866
-0.16051216
0.043849725
0.08239277
-0.01716627
-0.013509987
0.085767865
0.07853624
0.121546865
0.05623826
0.041635796
-0.17645822
0.10738115
-0.041169778
0.060532987
0.067336686
0.16643892
0.012425701
-0.021542259
0.09222762
0.02923778
-0.11009792
0.07862739
-0.018018099
-0.005940604
0.08778997
-0.028011449
-0.06867363
0.007617443
0.10133369
0.07276289
0.19464135
-0.15461051
-0.07733541
-0.22087158
0.11037518
0.035841834
0.009482628
-0.07249144
-0.064763315
-0.0062924405
0.08548428
0.1468535
0.050473236
-0.08980431
-0.045913197
0.008656688
0.014284077
0.092646256
0.098198235
0.13154075
0.058963265
-0.016191795
0.05055388
0.02891825
-0.090522595
0.01643681
-0.06587453
-0.0906375
-0.038660116
0.08389416
0.079470225
-0.21785995
0.07697152
0.11228892
0.015555359
-0.025362737
0.0312658
0.123934
0.08369943
-0.009602181
-0.075286895
-0.10237421
-0.08619171
0.13141407
-0.06226918
0.015142434
-0.049356833
0.050933097
0.12822782
-0.06851981
-0.052866038
-0.115864515
-0.02578606
-0.051386524
-0.030033367
-0.08414673
0.083856605
0.081198215
0.036356516
0.027711237
-0.052127503
0.076581135
0.11198777
-0.015327758
0.03671169
-0.07903592
-0.103099436
-0.04846035
0.011500497
0.06815039
-0.06507291
0.07616889
-0.119258866
0.07230422
-0.059078317
0.14127193
0.05315414
-0.056748483
-0.024431286
0.08794222
-0.101350605
0.11344935
-0.0086577125
-0.056326553
0.10795235
0.11512384
0.044596106
-0.067088105
0.07731154
0.03360473
0.08184947
0.13254711
-0.058879152
-0.0335753
-0.074303746
0.017746923
0.113453776
0.17737082
-0.10059918
-0.0051069176
-0.08869176
-0.009625329
0.009688999
-0.07520223
-0.06094942
0.006615894
-0.050418478
0.031309597
0.012599317
-0.040025465
0.12482802
-0.06520258
0.04493498
-0.009166042
0.11183085
0.055470444
-0.048496623
-0.091425724
0.043958798
-0.040310882
0.06836715
0.015128617
0.17456946
0.00092582323
0.0884987
-0.013860184
0.07745051
0.017730594
0.07339251
0.042759184
0.0703246
0.0497478
-0.022554765
0.037435677
-0.03858682
0.12449386
-0.035834838
0.0127610015
-0.09368501
0.07047011
0.10023971
0.033815894
0.10144105
-0.07405184
0.053922366
0.10855844
-0.11513353
0.03313656
0.033848178
0.04317696
0.13844657
0.04529759
-0.096049316
0.059501734
0.10489062
-0.066650435
0.0928791
0.09411882
-0.020744225
-0.02730714
0.113431364
-0.10946394
0.078250304
-0.09587138
-0.008698259
-0.07238662
0.109303094
0.08792239
0.085067816
0.106736794
-0.11826156
-0.04540336
0.0045512863
0.024014892
-0.12044327
-0.02636329
0.12917686
0.036560547
-0.15215872
0.019425152
0.10638168
-0.0067525343
-0.08264278
0.06358242
-0.04064637
-0.04325848
0.1296876
-0.023477197
0.025463883
0.07376598
-0.13216431
-0.06851477
0.016909262
0.0105030425
-0.06723347
-0.05027017
-0.049160447
0.0031693242
0.06486547
-0.023353346
-0.036746528
0.11498209
-0.030580346
0.1484551
0.013619475
0.099964425
-0.091499
-0.050993104
-0.12174592
0.09326205
-0.038657997
0.08193752
0.097596064
-0.087280564
-0.0034792125
0.031065214
-0.022145681
0.060257643
0.11894822
0.11055258
0.0043295077
-0.094610855
-0.12110974
0.09029047
0.11923846
0.06493671
0.049775675
0.10738848
0.003929154
-0.026867867
-0.037078843
-0.052630562
-0.09709521
-0.025783751
-0.0084222285
-0.07463039
-0.037212986
0.0795925
0.013439306
0.075960115
-0.100299545
0.093332
-0.03209902
-0.116003
0.12848106
-0.032143693
0.10111317
0.0731933
0.042545374
0.12685458
0.07786191
0.014575527
-0.033383768
-0.08958181
-0.037176713
-0.09283281
-0.08911868
0.07447815
-0.025760423
-0.05647101
-0.06517032
0.050448358
0.04762206
0.082650274
0.11633724
-0.10172375
0.04882635
-0.07758459
-0.071543664
0.067491755
-0.0071254284
-0.087566465
-0.0032513223
0.10811233
-0.08955032
-0.10010741
0.08166235
0.05615272
0.072163634
0.06130499
0.033276476
-0.005207392
-0.071932465
0.008413434
0.07794448
-0.14514071
0.021526394
0.096351676
-0.12532009
0.09001991
-0.056769624
-0.09661823
0.1623506
0.12533309
0.02484523
0.036262732
-0.075690754
-0.08355434
-0.071354
-0.037223198
-0.019270914
-0.06628901
-0.03231338
-0.038474128
0.022093413
-0.029641546
0.039833896
-0.09803503
0.052833416
0.04056476
-0.028098335
0.0942469
-0.056848343
0.08777837
0.10788247
0.032022767
-0.05755505
-0.053650346
-0.007427559
0.13833952
-0.10230414
0.07364409
0.116927
0.003907117
0.08191778
0.0853958
0.020637432
-0.01740651
0.12892506
0.105869144
0.0024226056
0.13300605
0.1042299
-0.03132633
-0.04284673
0.11085676
-0.07236616
-0.06503042
0.018562717
0.014357069
0.10124392
0.0016244013
-0.050373636
-0.05003032
0.015951851
0.10054694
0.130398
0.0977642
0.08332322
0.022337228
-0.040488314
0.11462362
0.10496738
-0.13418509
0.13554886
-0.011621166
0.063874446
0.018045032
-0.007232093
-0.032661375
0.044371173
0.08129081
0.043605816
-0.024974268
0.036142346
0.06820304
0.033030268
0.026349904
-0.025135359
-0.006470287
-0.054251265
-0.06945115
-0.09952569
-0.030998815
-0.05366211
0.0046509365
-0.122555606
-0.036944263
-0.06833516
-0.07659432
0.039086994
-0.05700269
-0.017614454
-0.06598873
0.09802862
-0.017394478
0.018416438
0.096767575
-0.022531668
-0.021225385
-0.011735833
-0.032729838
0.022431714
0.12835014
0.031670794
0.059285726
-0.112105705
0.0040202467
0.06564742
0.049870756
-0.06696048
-0.008308171
-0.021837678
0.13429424
-0.070355654
-0.08195334
-0.043076858
-0.045379557
0.111255236
0.109824315
-0.08885327
-0.0988114
0.06080819
0.026643923
0.08364929
0.012524029
0.06622075
0.06627758
0.016946014
-0.01592759
-0.04782151
-0.06423966
0.086983114
0.026833566
-0.087289974
0.10268463
-0.050209958
-0.059819654
0.0218244
-0.07508776
-0.09243364
0.08424995
-0.06704366
0.03552628
-0.1336858
0.037403602
-0.06665245
0.20339029
-0.057851024
0.14521469
-0.01588038
-0.028953463
-0.046268877
-0.06563173
0.10894267
-0.098796576
0.00065644976
0.04208112
-0.005414823
-0.0023555718
-0.049450587
-0.054807156
0.0896215
-0.027966779
0.09113701
-0.16161336
0.069604374
-0.03364041
0.034100767
0.02947982
0.04464235
0.09446411
0.048005447
0.030216781
-0.0466763
-0.02978261
0.038820148
0.027084418
0.052949656
-0.0043460494
0.1085051
0.1315786
0.03231121
-0.024612904
0.060429506
-0.0601745
0.056744732
-0.15249054
0.04534428
0.121376514
0.04178396
0.012203868
-0.022291325
0.051324144
-0.039188962
0.027386196
0.06280997
-0.07315841
-0.040555205
0.08328444
0.06984097
0.10716576
0.115740724
0.1059924
-0.021092856
0.008026019
-0.092418626
-0.1113147
-0.091767795
0.12755962
0.048662435
-0.044047385
0.078539684
-0.014583894
0.03941532
-0.022394214
-0.059463646
-0.021201927
-0.00488942
0.018252928
0.004305517
-0.042632822
-0.08256166
-0.044474803
0.14241095
-0.04249214
-0.026469706
-0.03746558
0.08864595
0.015875854
0.047435094
-0.018210858
0.054595474
0.015673565
-0.03975466
-0.09245034
-0.04589186
0.05912378
-0.06907113
-0.04732904
0.04379964
-0.057715014
-0.0781047
-0.0791804
-0.044768106
-0.0918791
0.008589038
0.07287014
-0.052755214
-0.08634283
0.02909102
-0.12146763
0.02219044
0.10129586
0.06301824
0.1099781
0.1062192
-0.069519855
-0.042373404
0.08467001
-0.0083863195
-0.12185211
0.14229542
-0.033835746
0.015265547
0.025781073
-0.010490951
0.030913692
-0.005859493
-0.032815244
-0.0030404027
0.09449212
-0.027245555
0.033164337
0.04315827
-0.06287264
-0.008059801
0.06647582
0.12136947
0.0042211255
0.033018153
-0.03540446
0.017091349
0.08010268
0.022663603
-0.0038921353
-0.11576174
-0.092005394
-0.06114794
0.052833494
-0.020539474
-0.00021127601
0.118617505
-0.05389712
-0.05638735
0.05909504
-0.01231152
0.019374121
0.10119887
0.116746515
-0.109428175
-0.07891867
-0.10924575
0.0058240904
0.017583635
0.030708548
0.115545616
0.09615183
0.065589674
0.064695545
0.09107513
-0.07407163
0.071297504
0.05219759
0.03658168
0.01012007
0.061920505
-0.14718477
0.065028675
0.1637679
-0.027420282
-0.0833366
0.057289265
0.0075654937
-0.03950683
0.0151601555
0.14389607
-0.049988512
0.008787638
0.0615568
0.06085733
0.07973447
-0.086157165
-0.057193197
-0.09521591
0.08793704
0.020483045
-0.1261413
-0.087511465
-0.10442673
0.013527099
0.10742138
-0.05579016
0.030626211
0.077189595
-0.101139404
-0.09746655
0.11398167
0.012488402
-0.05402775
0.001093759
-0.07377626
-0.017991994
0.14220707
0.024391437
-0.043596163
-0.081325084
0.09574925
-0.062895335
-0.03126421
-0.029702166
0.12905058
-0.12794946
0.06924341
0.010674079
0.05504623
0.016214807
-0.09060626
0.01962108
-0.092093095
0.10419632
0.093171075
0.008931935
-0.0038098516
0.067559876
0.05445122
0.05774467
0.014631687
-0.03450506
-0.049472544
0.042288434
-0.049425285
-0.02902876
0.0802962
0.08036928
-0.102431305
0.094465226
-0.07556149
-0.019876221
-0.099069715
0.14587934
0.096692644
-0.04105086
-0.05100054
0.029421829
0.030030906
-0.06325542
0.04092085
-0.0804239
0.10448992
0.059648316
-0.10511354
0.04992394
-0.08555018
-0.019238118
0.15226385
0.08938718
-0.08457102
-0.02065139
-0.07415003
-0.027786657
-0.12322242
-0.0355145
-0.124724194
-0.003014914
0.0061644386
-0.033666957
-0.05782432
-0.0795056
0.0699256
0.024529178
0.040042307
0.07353312
-0.05673416
-0.031844422
-0.11068871
-0.028435692
-0.033940334
-0.051100574
0.10866862
-0.016534358
0.004759193
0.04153132
0.07045881
-0.04507578
-0.027674735
-0.008593818
-0.03154532
0.072374165
-0.0023859197
0.0036714398
-0.014525919
0.055898223
-0.061579272
0.090792984
0.0943527
-0.058881626
0.06803728
0.068535924
0.13098292
0.08707294
0.046653867
0.055248998
-0.05772858
0.0695403
-0.024545176
0.021390175
-0.14814773
-0.06445322
0.022840066
-0.13108765
0.03438021
0.046514537
-0.14727789
0.100714214
0.13808997
-0.017904092
0.040729042
-0.0596905
-0.1456726
-0.02332883
-0.036008827
-0.106811285
0.072782405
0.025699023
-0.0017382847
0.09349397
0.0617025
0.09608582
-0.06677443
0.049848367
0.17077121
0.06770468
0.03667081
-0.1291485
-0.18709381
-0.14291538
-0.24493167
-0.12200578
-0.12676398
-0.040479247
-0.033928026
-0.07216714
-0.15320255
-0.096729666
-0.10500599
-0.09254137
0.12425584
0.08764462
0.02261806
0.12717995
0.022465361
0.07253662
0.14608148
-0.042367417
-0.059776776
0.06867939
0.0611411
0.018666008
0.11372774
0.046585407
-0.04941102
0.05931722
-0.032730166
-0.041475937
0.009818171
0.027151732
-0.06450046
0.047222983
-0.16179752
-0.030979887
0.053376824
-0.02750647
0.104253314
-0.14637272
0.016557138
-0.07744083
-0.013726798
-0.06503244
0.10815455
-0.09583653
-0.09514156
-0.12354448
0.111144535
0.05333088
-0.026757067
0.0056386422
-0.10669483
0.08248193
0.013802031
0.03318579
-0.07936642
-0.026349744
0.033823155
0.116834514
-0.11551864
0.010881357
-0.12354987
0.0926936
0.18803808
0.104923144
-0.08057467
0.09047019
0.07553871
-0.029625645
-0.009672205
-0.083844505
-0.041951194
-0.091930114
0.033773467
0.06348271
0.038642585
0.04815882
0.14999935
0.10071636
0.0086861
0.046268646
-0.12175461
-0.010699086
0.03831616
0.019753339
-0.016150158
0.07836467
0.03777945
-0.11409689
0.0418818
-0.14796215
-0.10590236
0.02749488
-0.05467887
0.029372899
-0.020878738
-0.14052229
-0.062790304
-0.056308165
-0.042876307
-0.15102945
0.047280632
-0.14807849
-0.05908151
-0.121454276
-0.0036141388
-0.12937902
0.053847466
0.002030122
0.09856488
0.06177283
0.17745069
-0.011717723
-0.10549943
0.06606499
0.05956284
0.08699426
-0.11092591
-0.13929158
-0.02464167
-0.037750576
-0.014235058
0.21353127
-0.12178753
-0.015784573
-0.04355721
0.12103378
0.07712923
0.1002773
0.039244983
0.116937265
0.012307326
-0.15828136
0.033643402
-0.047175087
0.0045002988
0.062495615
-0.12218361
-0.07466392
-0.09055879
0.092947215
-0.058648765
0.0040229214
-0.16835922
-0.09569688
-0.06417373
-0.05829426
0.015139984
0.07468344
0.03459697
-0.08830125
0.11879372
0.14957336
0.02054359
0.08851951
-0.013000014
-0.02203814
0.11788333
0.070493616
-0.11611584
0.02780272
-0.10740444
-0.07879813
0.0035702959
-0.035130426
0.013404647
-0.02312902
0.09864762
-0.014540197
0.040948354
0.09881365
-0.14037336
-0.017285319
-0.033914432
0.006249577
0.10482472
-0.0044950065
-0.079836406
0.06541596
0.14569059
-0.13644889
-0.0967413
-0.018458148
0.08925875
-0.00706495
0.0027254215
-0.0518777
-0.0082268845
-0.059213266
-0.0033166853
-0.00073929795
0.06953178
0.15414724
-0.15947217
0.050350778
-0.11659856
0.07497499
-0.02909105
0.063936904
0.059865274
-0.00065114745
0.095776565
-0.10566926
0.07595256
0.09788951
0.09274533
-0.053331666
-0.04704945
0.0829523
-0.062000085
-0.029304005
0.042170364
-0.076404944
0.038126733
-0.055885334
-0.14600497
-0.094802074
0.06943906
-0.022843767
-0.06381697
-0.03082709
-0.029864924
-0.041523997
0.13035828
0.012579005
0.021888342
-0.10366896
-0.13953745
0.09052402
0.031354368
-0.12744312
-0.059772268
-0.076495975
0.042633988
0.06172918
-0.054494265
0.10789038
-0.01772999
-0.02514137
-0.071544826
-0.007601626
0.082324505
0.018158214
-0.14265285
-0.10935949
0.15199523
-0.054476604
-0.03424861
-0.068034045
0.054831456
-0.18499523
0.024675818
-0.09590759
0.0091307135
-0.064927354
-0.00862918
-0.08660561
0.12773749
0.07242395
-0.06294178
-0.040070828
0.14083998
0.11249482
0.014550499
-0.10090094
0.021055344
-0.015155855
0.10173856
0.087572426
-0.1531232
0.11001251
0.096850045
0.09596424
0.12344412
0.07257673
-0.09696237
0.03451449
-0.060556944
0.10307323
0.069551654
-0.072571315
-0.035016086
-0.14233303
0.08845317
-0.058549557
0.052297387
-0.06522237
-0.04697039
-0.07845421
-0.06178667
0.03957304
-0.019772666
0.039132264
0.08077816
0.035718333
-0.037958432
-0.051885262
-0.063917786
-0.069287896
-0.06923426
-0.03458882
0.02323641
-0.062291395
0.0151780825
-0.027943725
0.07605462
-0.032628912
-0.066560656
-0.12847623
-0.13648409
0.013944181
0.13302994
-0.044918086
0.03176726
-0.060067784
0.08374541
-0.0143430475
0.18841802
-0.148851
0.07805979
-0.025547996
-0.05740223
0.05258232
0.12920229
0.000545827
-0.09276446
-0.034586746
0.07126235
0.021352505
0.09475453
-0.059529446
-0.10005199
-0.14820583
-0.08793195
-0.051293176
0.066039585
-0.008026835
0.09861693
0.11995046
-0.014160648
0.09882061
-0.08342397
-0.08112602
0.12831551
-0.08105321
-0.12265488
0.12512273
0.0836841
-0.09307838
-0.06735311
-0.015017669
0.035337403
-0.045162786
-0.027864648
0.11601053
-0.06918791
-0.0035531945
0.0022890891
0.014159253
-0.03398209
-0.021653865
0.020566553
-0.041075133
0.05977986
0.04532794
0.08040366
0.010615785
0.0076671797
-0.071133494
0.12420304
-0.029244976
0.08954876
-0.036359195
0.049240157
0.16676608
0.030868305
0.10200208
0.0034890557
-0.058446065
0.012761537
0.034249384
-0.13946277
0.07829227
-0.014735529
0.13379787
-0.0250387
-0.059043553
-0.024282753
0.021634115
-0.083571866
-0.04422978
-0.08006683
-0.117075905
-0.060780123
0.14315088
-0.028194396
0.03448167
0.022625195
-0.16055617
0.08973028
0.06774339
0.029736567
-0.08763783
-0.06979495
-0.09084206
-0.09060919
-0.12756513
-0.03105858
0.06399147
-0.07539898
-0.012366346
0.018675638
0.11083681
-0.08156501
0.09799666
-0.12882632
0.029047847
0.061840065
0.13903473
-0.085140966
-0.02806298
0.025304856
-0.10854691
-0.065370776
-0.07846054
0.07233721
0.08259261
-0.08960541
0.15107185
-0.014032509
-0.04413672
-0.13243233
-0.0879377
-0.10654167
-0.13493906
0.003303083
-0.094133034
-0.07129795
0.10879182
0.028264867
0.04224209
-0.06587004
0.032543417
-0.03586947
-0.055829547
-0.13374248
-0.12319231
0.06419511
-0.033416912
-0.032055415
0.08185776
-0.08327292
0.093354255
-0.071911566
0.014072039
0.012454122
-0.14863054
-0.09360887
-0.031923193
0.09153245
-0.07218158
0.021468502
0.035827685
-0.05647675
0.11532214
0.0025440024
0.10042634
0.06923784
-0.025425704
0.031937562
0.032348685
0.07134351
-0.14852683
0.08681685
-0.073084645
-0.05676889
0.025523273
0.08951721
-0.0028789807
0.09745168
-0.01105704
0.054969836
-0.07581643
-0.069888875
0.1063601
-0.06340174
0.015540203
-0.12949252
-0.08952636
0.076533064
-0.026183475
0.10297329
0.13402006
0.018818595
-0.039017234
0.15368754
-0.0013222253
-0.0766931
0.021162502
0.21335682
0.03547874
0.03915261
-0.051237274
-0.0140632065
0.0034530808
-0.09171069
-0.024506709
0.086611874
0.09272742
-0.105485834
0.038798783
-0.12523356
0.037143108
-0.013808939
0.10019561
-0.025395539
-0.017480034
0.0071440167
-0.030407922
-0.12883678
-0.12619297
-0.03037486
0.04112019
0.0837886
0.050721765
0.052847955
0.121145464
-0.010138433
0.052485093
0.15457803
-0.091992505
-0.1360676
-0.094456986
-0.015866745
0.01642132
-0.045181736
0.088656306
0.093453676
-0.039511267
0.08485186
0.03808018
-0.11629167
-0.09976904
-0.011438483
0.10111739
-0.11172772
-0.12056825
-0.017561745
-0.06202425
0.024073394
-0.11262625
-0.073304646
-0.050151054
-0.055390213
-0.09718354
0.004297458
0.09840415
0.046610054
-0.017928578
0.1326005
0.056048878
-0.115028486
0.01456293
0.030490562
-0.029167563
-0.11437719
0.1145656
-0.108631454
0.0058369855
-0.14421563
0.096076585
-0.10801734
-0.04864122
-0.028107796
0.010001567
0.10936395
0.06824882
-0.10957142
-0.099558786
0.054313134
-0.09221601
0.06457043
-0.014614723
0.076297365
-0.055897053
0.010394761
0.006299576
0.002539581
-0.054722514
-0.06079471
0.022249898
0.06629027
-0.1283894
-0.07008699
-0.14652413
0.008349577
-0.03592613
-0.006751256
-0.043651
-0.03325055
0.036642317
0.03287514
0.06842028
-0.048802145
-0.0595366
-0.08795798
-0.026785415
0.06306925
0.08649013
-0.012993249
-0.01190959
-0.14527962
-0.055683814
-0.045560848
-0.06742252
-0.044120602
-0.008082739
0.06412317
-0.07381761
-0.08560237
0.005928795
0.04992769
-0.020829417
0.051359843
0.033567477
0.07134267
-0.12381279
-0.09025064
0.04055015
-0.04655869
-0.09813644
0.064461276
-0.07048046
-0.02616987
-0.103769235
0.01968786
-0.030886406
-0.05992601
-0.0541425
-0.07066911
0.058954366
-0.0951421
0.045710783
-0.10959212
-0.1005012
-0.041027658
-0.18415494
-0.08077755
-0.09397297
0.14529072
0.12030183
-0.028579121
-0.043722674
0.068742834
0.14610222
-0.04570846
-0.1048335
-0.02834517
0.19805166
0.06648883
-0.14116675
-0.028745351
0.19400053
-0.1307215
-0.048944667
-0.028112052
-0.17000099
0.17265056
0.10085322
-0.057336707
-0.1579133
0.049810577
-0.02548574
-0.0055094883
-0.05830852
-0.107329175
-0.096587844
-0.06457285
0.02658386
0.23065008
0.07944771
0.034263086
0.13897198
0.13221093
0.011371156
0.09603913
0.016716313
0.25698453
0.029083047
0.05626573
0.14682087
-0.07160739
0.036092736
-0.088675015
0.051022813
-0.09259472
0.04792939
-0.17536005
0.008824876
0.008002412
-0.06583744
-0.04556111
0.099772766
-0.039187662
0.046851475
-0.19320892
-0.002464284
0.118777245
0.037545756
-0.24738647
-0.045257717
-0.3743289
-0.11293518
-0.055052526
-0.064127535
0.18529998
-0.116905905
0.04929602
-0.016820177
0.14132401
-0.095270164
-0.18959393
-0.25721213
-0.0100792
0.103136554
-0.114584535
0.21590787
0.02361071
0.102454536
0.006874473
0.10131281
0.07371576
-0.07198029
0.027921088
0.007224074
-0.019558843
-0.14179763
-0.079061665
-0.14161146
0.07387246
-0.064519644
0.14904395
-0.1364286
-0.21311383
0.036125384
-0.13086562
0.19476749
-0.035635583
-0.124725774
0.07969825
-0.01733203
0.080872275
0.025531355
-0.09351646
-0.015053642
-0.09628138
0.13785349
-0.17005253
-0.12535071
0.099766165
-0.03582056
-0.16149369
0.096080855
0.05205544
-0.0924546
0.06392219
-0.105848774
0.12168322
0.08744301
0.04118972
-0.09930425
0.062246665
-0.07954341
0.079231724
-0.08372607
0.010425523
-0.08325643
0.07228472
0.07244057
-0.062254664
-0.0778263
-0.06574887
0.15477324
0.12408965
0.046103794
-0.07240481
-0.13353778
0.061841242
-0.0030457955
-0.12660013
-0.12513505
0.06841776
-0.08502792
-0.059521962
-0.0546419
-0.10097189
-0.043273713
-0.070803925
-0.0860465
0.07828466
0.06567622
0.12659204
0.11821527
-0.015501204
-0.05738153
-0.051917776
0.097870976
0.13148946
-0.08257849
-0.07293968
-0.044356663
-0.011249728
-0.0303509
0.018940853
-0.09458881
-0.0031296604
-0.1169402
-0.09258071
-0.059576552
0.0667339
0.009779995
-0.03665077
0.0014186567
0.04001386
-0.11654796
-0.10694812
-0.057377312
-0.12462678
0.08841326
0.02740812
0.0059746983
-0.05413555
0.0009996506
0.10710545
-0.006373253
0.064718544
0.09406687
0.16758348
-0.05044557
0.05123806
0.16846271
-0.03431471
-0.058581885
0.024036558
-0.12846288
-0.001619802
-0.08123176
0.034497146
0.066468805
-0.09340206
0.12448787
0.15728162
0.09872526
0.065817036
0.052351706
-0.019689266
-0.014121341
-0.015816554
0.11248482
-0.11303869
0.06518542
-0.04449168
0.091015376
-0.09601898
0.031216683
-0.07531372
0.02538586
0.081811905
-0.008840472
0.04137462
0.108781956
-0.023956342
0.007430452
-0.08682718
-0.04082484
0.15029643
-0.021547202
-0.07814265
0.02843088
0.14361016
0.016567675
0.0727872
0.06894028
-0.068692625
0.15802702
0.032645386
0.09543978
-0.007353135
0.0015702096
-0.012174049
-0.020581841
0.04675371
-0.10849879
-0.1566526
-0.060537565
-0.08825293
0.1040673
-0.017986363
0.08065357
-0.023262264
0.05218085
0.037806794
-0.02754415
-0.059782486
-0.080916025
0.15384004
-0.031245438
0.06420325
0.029922795
-5.5695233e-05
0.19720584
0.018042354
0.06253998
-0.106314
-0.096198425
-0.029086296
-0.06442746
0.02312447
0.012545293
0.10112103
0.08418608
-0.09671559
0.033374082
0.083039775
-0.042014103
-0.06643266
-0.048538614
0.027770666
-0.056423992
-0.07247226
0.07917568
-0.15452103
-0.049632773
-0.036363896
0.021837693
0.019514294
-0.00791327
-0.038032256
-0.107474044
0.09479188
0.041349743
0.010419037
0.039137185
0.0862974
-0.029706622
0.037950058
-0.013454027
-0.012184164
-0.051858775
-0.07225955
0.12352415
-0.06391429
-0.0663846
0.0168159
-0.015409921
-0.013404668
-0.082341865
-0.05212953
0.020428922
0.06757738
-0.0017660805
0.014381005
0.10741594
-0.024949525
0.057478443
0.026125362
0.14923672
-0.03756157
0.056895383
0.023729727
0.083273485
-0.02546489
-0.121945135
0.04388559
-0.1062119
0.024690919
-0.068289705
0.06591901
0.031155137
-0.02405847
-0.07028786
0.018761212
-0.011695203
0.047878798
0.023016052
0.0050939606
-0.11324108
-0.035683215
0.015945014
-0.07885078
-0.007040445
0.1512122
-0.09384443
-0.1171899
0.014399108
0.058551818
0.00025750985
0.117548905
-0.07999857
-0.069676496
-0.09368472
0.12074423
0.09638587
-0.0194437
-0.06433633
0.032344054
-0.07565675
-0.07271921
0.06459731
0.11861986
-0.08817793
-0.012745207
0.11732648
0.070880994
-0.09317569
0.045710813
0.11284676
0.11719715
-0.020931385
-0.060525183
-0.08736325
-0.124283865
0.0010297584
0.12496871
0.122829735
0.056452468
-0.0057324553
0.061359495
0.09928906
0.097264625
-0.08722102
0.027638508
0.07829299
0.095121786
0.070390746
-0.11549789
-0.0406356
-0.07420279
0.08404757
0.30076286
-0.026510954
0.08867686
0.023461713
-0.024420451
-0.011568948
0.09126044
-0.03794247
-0.009334523
0.034438178
0.031203778
-0.09254029
-0.0067013055
-0.0847687
-0.089705415
0.037429187
0.19407082
0.082780235
-0.0529255
-0.070233785
-0.05779518
-0.12032885
-0.115065955
0.057963084
0.09459045
0.042165436
-0.09317741
-0.11194297
0.025984878
-0.08116798
-0.03958797
-0.027796846
0.12358968
-0.16803826
0.08431664
-0.036327206
-0.004325274
0.104423404
0.042688373
0.17461523
0.017871365
-0.06299169
0.0836819
-0.045258332
-0.11040773
0.10397442
0.07431424
0.067813836
0.11343298
0.18651225
-0.08062958
-0.05870389
-0.092872426
-0.10465766
0.0023997675
0.059172273
-0.07843143
0.10556642
-0.01060919
-0.03924734
0.12071358
0.08041212
-0.03275142
0.048167553
0.12578006
-0.11666429
-0.124824695
0.11338358
-0.04053996
0.12301441
0.083842225
0.028713176
-0.03163996
-0.006102321
-0.0715225
-0.0794099
-0.011896327
-0.01383529
-0.0723607
-0.06328251
0.004282666
0.052427314
-0.04783573
0.059564844
0.033470873
-0.027868835
-0.021012845
-0.052725725
0.03888483
0.010798744
-0.021579951
0.072474495
-0.006340352
-0.029637678
0.075297326
0.043569095
0.1704565
-0.049797412
-0.025071321
-0.054123275
-0.112798065
0.0803018
-0.07101773
-0.09161665
0.0012389044
0.058988415
0.06322847
0.10439075
-0.007435647
-0.10406987
-0.15926394
0.022968706
0.08692466
-0.015480525
-0.000983268
-0.09721717
-0.06714809
-0.06363731
0.016971352
-0.05025287
0.0093426965
-0.017582143
0.069057874
-0.08665337
0.09334097
0.013421398
-0.10062717
-0.06079417
0.1630928
0.038537163
0.04755042
0.11030031
-0.008047949
-0.0017960009
0.082484476
0.042466015
-0.039501183
0.029855374
0.004857723
-0.008496092
0.082517
-0.054711755
0.037760973
-0.05234149
0.016564425
-0.032232586
0.090566345
-0.052573886
-0.039951704
0.06959198
-0.063030645
0.102804795
0.15125605
-0.010183642
0.038642757
-0.06606579
0.09004398
0.0627816
-0.09025339
0.09597505
0.046908535
-0.03543607
0.15042593
-0.054580156
-0.040770844
0.08861753
-0.15247573
0.05612931
-0.015103958
-0.05123264
0.029000958
-0.14411132
-0.120692015
0.054508068
0.08417678
0.078581974
-0.13306361
0.047992263
-0.09646742
0.026493393
-0.123858154
0.08337346
-0.073951796
0.07953055
0.029570192
0.09324802
0.022827016
0.0365454
-0.08472925
-0.069067255
-0.07337293
-0.0009881753
0.100797065
0.008743421
0.050702393
0.10759003
0.16475262
-0.08098522
0.03314972
-0.12691477
-0.1469098
0.12139247
-0.061931677
0.027377464
-0.022777623
-0.053164266
0.078650184
0.068329796
0.024001393
-0.02663055
-0.087268315
0.13180535
-0.122795545
0.020859094
-0.00243456
0.034814175
0.064829424
0.025002671
-0.037939943
-0.044998307
-0.072496206
0.070255
0.07296395
-0.0079863155
0.068736434
-0.084731676
0.00950645
-0.05564296
0.08904324
0.12097365
0.1079705
-0.025656205
0.10313457
0.0017307384
-0.08417888
-0.05750233
0.10140369
0.0602657
-0.017480846
0.025353543
-0.15630311
-0.0063236365
0.14471044
-0.14598227
-0.07967748
-0.007055864
0.11002819
0.060779575
0.059993487
-0.09624762
-0.06424489
-0.036505852
0.1350292
0.065777205
-0.0043040523
0.12063943
-0.1622399
0.10551467
0.01122224
0.10085392
-0.06295745
-0.16056976
0.015275763
0.062514685
0.2708828
-0.01594519
-0.07162131
0.0013122448
0.09311854
0.010199039
0.17191504
0.05718857
-0.062981606
-0.032354712
-0.020001058
0.007967222
0.101784945
-0.11313004
0.01869222
-0.04345991
-0.10583136
-0.04471557
0.0061793947
-0.027528755
-0.14352739
-0.018544305
0.079806164
0.14832546
-0.104014404
-0.06346542
-0.016455024
-0.07026345
-0.007956187
-0.18717523
0.059424087
0.008815316
0.058102407
-0.062034264
-0.12617126
0.15308772
-0.015629504
-0.014214126
-0.008377427
-0.18043604
-0.0317704
-0.07041468
0.05906201
0.017947404
-0.04977429
-0.14940539
0.030306006
0.09651838
0.02350938
-0.06688245
-0.09959361
-0.15960303
-0.05350661
-0.060762946
-0.12604791
-0.050832067
-0.0321757
-0.12387626
-0.03938113
0.16130996
-0.062434476
0.08230306
-0.09007123
-0.15156074
-0.08428284
0.19653204
0.1058258
0.08212789
-0.00810032
0.04639321
-0.024670564
0.077623144
0.13278718
0.09403622
0.016765183
0.12714182
-0.018971447
0.07726479
0.088092886
0.007987171
-0.014291082
-0.1349817
-0.0006516838
0.032604568
-0.13804378
-0.079540715
-0.032482535
-0.07149352
-0.093363084
-0.08525496
0.05705037
-0.0022869618
-0.03979826
0.11155223
0.12693052
0.09874906
0.10100824
0.022844788
-0.1439357
-0.005701686
0.0036415828
0.14357986
0.012533791
-0.058833037
-0.015328371
-0.1315663
0.054802302
0.028601622
-0.08571786
-0.04968217
-0.045012664
-0.053875938
-0.039380915
-0.12134755
0.088805996
0.06843094
0.07810217
0.14798836
0.013583652
-0.035379946
-0.103765465
-0.09662745
-0.034858216
0.0055422066
0.028402677
-0.04903143
-0.050724946
-0.015421848
-0.121273346
-0.074794605
-0.04361247
-0.04327151
0.13044441
0.14632104
0.009856547
0.068723306
-0.059066277
-0.047008004
-0.00031624382
-0.14303415
-0.12617134
0.12370497
0.06244714
-0.007231675
0.022733033
0.011202834
-0.15943205
-0.043475796
0.10431148
0.12681453
0.12272108
-0.10668925
0.058990836
0.06665096
0.13280949
0.015109918
0.020248765
0.030690541
0.021033678
-0.12614068
-0.069145106
-0.061726596
-0.07589834
-0.12297921
0.0825687
0.036241386
-0.050733875
-0.021750774
0.061861575
0.010950129
-0.003634528
-0.101326816
0.1386488
-0.017777903
0.02706334
-0.045968994
0.08064635
-0.025865696
-0.08777341
-0.07182532
0.007136653
0.11037348
-0.10743404
-0.057941023
-0.07803561
-0.051872015
-0.096701935
0.06752431
0.0009520069
-0.020964643
-0.008868851
-0.07936863
-0.116847746
0.021677878
-0.023006223
-0.12473323
0.042403515
0.057020463
-0.01801813
-0.020216906
-0.0732216
-0.055804834
0.062414136
0.14017966
0.04445419
0.10563589
-0.030959604
-0.007049245
0.12798353
-0.053019457
0.04311361
-0.017199438
-0.026601017
0.09352013
0.08728401
0.16708922
0.031756483
0.043186497
-0.060004633
0.014982303
-0.006896204
-0.12446379
-0.0030815178
0.0813212
0.073291965
-0.014030345
0.054107707
0.017150594
0.060788915
0.13491695
-0.058408834
-0.051988304
0.092807055
0.023198744
0.10464018
0.06942423
-0.05161637
0.080382265
0.05995325
-0.07282022
0.057743646
-0.010541913
-0.039072998
0.0419582
-0.0955959
0.0063606277
0.013292143
0.008678696
0.08115119
-0.082701884
0.023368146
-0.034030747
0.06385794
-0.062487572
0.12179935
-0.027413823
-0.06571493
0.076966695
-0.057739995
-0.0473726
-0.06444924
0.07516555
0.03292374
0.08381337
0.06695174
0.06403129
-0.027607579
0.07700315
-0.05836436
0.022749122
0.023100272
0.10813153
-0.07568564
-0.034852874
0.015600998
0.08939377
0.083861604
0.06086329
0.007919452
-0.023354601
-0.07446356
-0.027218455
-0.06724946
0.041407052
-0.051098548
-0.056329258
0.02278783
0.107835986
-0.066901825
0.00013902434
0.12532379
-0.08406469
-0.063944794
0.10028282
-0.07885559
-0.0062465053
0.032724965
-0.10957963
-0.059634782
0.08078852
0.026893742
-0.05181039
0.058156572
-0.032411106
-0.01380848
-0.016743714
0.009209528
0.0726106
-0.012432604
-0.038119536
0.11668488
0.07057674
-0.00929448
-0.090097226
-0.07827933
0.07652982
0.013756458
-0.1196323
0.010954079
0.058903616
-0.06999341
0.032768052
-0.050057456
0.013852678
-0.021570254
-0.010709659
0.034446273
0.08094781
-0.01284337
-0.10489101
0.0348579
-0.127873
-0.08423467
0.09706344
0.023648256
-0.07240466
0.090588525
0.14145672
0.01978651
0.0654696
0.03029626
0.08396745
-0.024146277
-0.003907662
-0.006971954
0.09848083
-0.011831054
-0.0656555
-0.09557972
0.12928158
-0.07154981
0.053145755
0.038173087
-0.059590098
-0.043850295
-0.085818864
-0.006129883
0.10644367
-0.111493334
-0.12434035
-0.0755643
0.04543922
9.744018e-05
0.021422794
0.08447348
0.049910698
-0.015343638
0.029331714
0.11018593
-0.040647645
0.08115054
0.02491618
0.0011261358
0.12761156
-0.075490944
-0.084729575
-0.04224946
-0.03236818
-0.007859999
-0.0018548401
-0.037071276
-0.068588205
-0.01985215
0.057856802
-0.027066028
0.04695039
-0.020798428
-0.0027895141
-0.018944342
-0.08069297
0.095610864
-0.045673907
0.055706706
-0.14679739
-0.09743475
-0.05690889
-0.12831587
-0.07862708
-0.09647918
0.06856396
-0.1283547
-0.0066538253
-0.14711493
-0.12424385
-0.05991403
0.098174386
0.046628278
0.07404664
0.025953703
0.076192066
-0.0068618627
0.043011066
0.016297117
0.09740052
0.006382717
-0.08970381
-0.07073754
-0.12259977
-0.11100577
-0.06341943
-0.011539988
0.039352484
-0.10710671
0.08843187
0.11140597
-0.0361085
-0.011824073
0.087237895
-0.08995728
-0.08758669
0.15045464
0.058384053
0.0035249395
-0.0042256457
0.099304244
0.006725986
0.14317699
-0.009927076
0.070955046
-0.04158193
0.090349875
0.021670492
-0.07012872
0.105532534
-0.04451776
0.028714584
0.012183771
0.14010766
0.013996083
-0.013301701
-0.03692378
-0.022482997
-0.1050168
0.075046614
0.14498344
-0.03920152
-0.043978427
-0.04683775
0.06757529
0.023546986
0.082002945
-0.051541317
-0.0369901
-0.1287103
0.059950914
0.06918673
-0.12262471
0.045226265
0.010777349
-0.04418236
0.01207086
-0.043366063
-0.09348497
-0.08005217
-0.09452215
-0.08972549
0.14848264
-0.0025250309
1.947929e-05
-0.10291346
-0.05929741
-0.020904522
-0.11188406
-0.029213348
-0.034767125
0.03932661
-0.029467732
-0.08157159
-0.058952317
-0.098525494
-0.04630977
-0.05010304
-0.004436051
-0.05489285
-0.059711315
-0.039856113
0.09367964
0.10361446
-0.024731236
0.038002335
0.07356657
0.014355496
0.060227875
-0.019256191
0.104622014
0.0074544204
-0.093212344
-0.08509884
-0.008548986
0.06817177
-0.025399107
-0.072152466
-0.09413726
0.07102754
0.05037539
0.058483932
-0.07135322
-0.098774
-0.018050676
0.00091222796
-0.10708205
-0.033648975
-0.028295973
-0.053455546
-0.041225046
-0.09853702
0.09242812
-0.017696626
-0.089441694
0.03288767
0.07951716
0.09311739
0.023427581
0.097588755
-0.02306752
-0.01861405
-0.056387
0.010574014
0.12707163
0.08235612
-0.000493118
-0.00031793266
-0.1176765
-0.02297747
0.104188815
-0.025330586
0.072730534
0.08067017
-0.06865215
0.05788453
-0.0653243
-0.0061249556
-0.03825423
0.018276924
0.132509
0.09004915
0.114851445
-0.016546233
0.11326292
-0.11018748
-0.03429256
0.04555244
0.045161527
-0.057240654
0.013747028
0.072449856
-0.008649916
0.07109036
0.020059394
-0.0495096
-0.11220637
0.03096421
0.1089787
0.09731795
-0.0711915
0.044528365
0.11970868
0.08189684
-0.07148324
0.11045723
-0.03506405
-0.10295543
-0.04706538
0.0035109061
-0.055605236
0.002268783
-0.02512177
-0.0037257273
0.11894811
-0.012197502
0.031195935
-0.075492
0.05114472
0.043806184
0.07901685
0.08659605
0.05017809
-0.015102941
-0.006639967
-0.06950922
-0.052324142
-0.031661354
-0.05691735
0.07810281
-0.060827903
-0.061896812
-0.07270301
0.0414461
-0.030529885
-0.07332096
0.13552625
-0.066122055
0.12601586
-0.058723267
-0.11955217
-0.04365381
-0.10483062
-0.13829577
-0.056753546
0.0467516
0.10062872
-0.10416482
0.13035183
0.021751473
0.071940005
-0.060550462
-0.014632132
-0.028395165
0.13603733
0.09255063
0.019951887
-0.017204735
-0.002017866
0.07097593
-0.092906535
-0.07623727
0.095386334
0.0016072426
0.12296548
0.065583594
0.10762764
0.11341333
0.03437442
-0.1977221
-0.0073461607
0.05906321
-0.081374265
-0.057294756
0.08081214
0.019693159
-0.07704049
0.082097806
-0.02272571
-0.0828335
0.0017220816
-0.10162655
0.001284067
0.031423096
-0.075416416
-0.13823083
-0.044750657
-0.09544807
0.0502147
0.07830932
-0.039915893
-0.11285518
0.10326156
0.09234072
-0.07674688
-0.009662956
0.029194104
-0.011074975
-0.003187739
0.07676917
0.08349921
0.16404665
-0.092091784
0.06468417
-0.052673835
0.053680476
0.06758681
-0.021012936
0.03576136
-0.05186935
-0.074197106
0.08013963
0.14453977
0.02221118
-0.062300663
0.13923451
0.07700992
-0.03347919
0.06828503
0.043020546
-0.123067334
-0.09668921
-0.081604145
-0.038953703
-0.12879257
-0.025494665
0.074210614
-0.0662227
-0.111101806
0.08109353
0.1057662
0.03468342
0.057024714
-0.12098659
0.024331465
-0.050133113
-0.08741581
-0.0105626555
0.03938133
-0.15487115
-0.0834409
0.013541993
-0.058376342
0.15763474
0.0055473335
0.019776413
-0.032228246
0.06972786
0.17825218
0.050608713
-0.120441206
-0.027132452
-0.054151937
0.08223312
0.095348135
-0.07241557
0.08443573
0.01592993
0.08922861
-0.06009338
-0.1096551
0.09805672
0.12850095
-0.035306405
-0.038340595
-0.0030320103
0.059753913
0.10872541
-0.07956945
0.07321868
0.101263635
0.035752255
0.0743542
-0.048692234
0.018859474
0.07174013
0.008668955
-0.05954845
-0.0011172668
0.06075455
0.06935522
-0.11230491
0.010593098
0.024614075
0.11379479
0.050524525
0.08301259
0.044221405
-0.04705728
0.056918412
-0.073825195
-0.11765265
-0.006735139
0.02296597
0.010079236
0.121084265
-0.1364552
0.050873846
0.12818365
-0.0519703
0.08282575
0.047215838
0.09073987
0.028699514
-0.07400989
0.0010569356
-0.08373699
0.12562335
0.087276444
0.014821553
0.06721363
0.05468311
0.11418579
0.026721187
-0.047090538
0.08683497
0.0657524
0.016530408
-0.12544787
0.06763463
-0.009860326
-0.039177656
0.13663834
0.07252045
-0.040692694
-0.07723442
0.10719913
-0.08955983
-0.096471146
0.102606446
0.025776615
-0.1069374
0.11106082
-0.013138008
0.077133656
0.045880098
-0.02528151
-0.007932268
-0.043062594
0.15330388
0.1048078
-0.010775777
0.04601992
0.04477455
-0.08952954
0.07362564
0.06932654
-0.090687916
0.11464548
0.06706999
0.07158166
-0.067688465
-0.082760505
-0.10456071
-0.105736636
0.07544955
0.03775726
-0.042946562
0.057837486
-0.063385926
0.02447949
-0.09645228
-0.053388488
0.11564767
0.043195512
0.031457193
0.061630156
-0.1165153
-0.010090198
0.032924727
0.117183745
0.103090614
-0.06653653
-0.042059917
-0.027699279
-0.036939867
-0.02355994
0.14294034
0.025152924
0.011722551
0.0448082
-0.065378524
0.0935968
-0.09287844
0.12327901
-0.09573411
0.100041576
0.11914712
-0.03736454
0.11630519
0.07017059
-0.031145532
-0.09814895
0.05418998
-0.03558395
-0.0768506
-0.009664648
-0.048677083
-0.06569653
-0.12971616
-0.23847283
-0.014417834
-0.048481025
-0.033881344
0.029047085
0.08656179
0.09569294
0.045601644
-0.04355863
-0.14513963
0.09787614
-0.061860293
-0.018003697
-0.026928956
0.12585406
0.07007864
-0.01993475
-0.110549465
0.017942892
0.12773046
0.060076006
-0.10076611
0.23610976
0.0601163
0.12207749
0.032702506
-0.15140866
0.005774342
-0.079518266
0.0059635784
0.007729171
-0.01818898
-0.17825423
0.06438845
0.08006265
0.021441283
-0.0764322
-0.031015076
-0.03340226
-0.02119499
-0.08722277
-0.0554614
0.05227616
0.06278332
0.055341125
-0.09126023
-0.12311376
-0.11512215
-0.1549257
0.10816592
-0.16592726
0.020985106
0.106753066
-0.045687225
-0.016277127
-0.16792727
-0.108545855
-0.10594836
-0.024745628
-0.032258347
-0.01809358
0.11789438
0.14863153
-0.06515384
0.02044755
0.055706047
-0.0039238483
0.096945465
-0.0139578255
0.068612516
-0.13785236
0.0045428253
0.051228188
0.114567615
0.14290787
0.061694086
-0.055300783
0.028796287
0.038558714
0.09209147
0.05505816
0.06187751
-0.00551552
-0.046210747
-0.08726304
-0.0509905
-0.013287465
-0.013200531
-0.011750117
-0.0412271
-0.10494585
-0.10685893
-0.05836226
-0.07814911
0.0076932223
-0.069805905
0.04657576
-0.06640349
-0.015613724
-0.05108331
-0.14634573
-0.08452846
-0.058901682
0.07208849
-0.0017438104
-0.120497346
-0.092345946
0.09943591
-0.0012748129
-0.030581199
0.056132242
-0.043092817
0.028630208
-0.04518299
-0.0020083939
0.061382946
-0.120628595
-0.14643845
0.03784305
-0.16748981
0.10366125
0.21976116
-0.047850445
-0.14879012
-0.1712609
0.046216622
-0.03080682
-0.024005007
0.07874122
0.0064682933
0.067499675
0.11016405
-0.11350661
0.0647199
0.0014674673
-0.0187689
-0.0028912537
0.023107998
0.12373289
0.1041325
0.006131691
-0.043221537
-0.03491169
0.024082152
0.088226214
0.0189529
-0.056505006
-0.0570846
0.060479313
-0.0058858353
0.10935793
0.09802553
0.05250505
0.07307208
-0.05050945
0.047441494
0.013589337
-0.07442655
-0.08467868
-0.06376629
0.10393549
-0.034133315
-0.08298814
0.10685682
0.03641901
-0.014231772
0.061613925
-0.0012155662
-0.03121206
0.04293605
-0.03480812
0.16282338
-0.21143581
0.007902525
-0.07281777
-0.04208391
0.07130543
0.0032576579
-0.04602624
-0.08623437
-0.02040224
0.024588715
0.04740329
-0.03967593
-0.01686251
-0.06674394
0.059544533
0.021732919
0.09022869
0.08982395
0.029460097
0.077614784
0.057400666
0.120245874
0.061044868
-0.023886977
-0.101162165
0.098542385
0.06412158
0.09581724
0.020765947
0.009393269
0.07241483
0.0021351213
0.06178046
-0.074811384
0.073612005
-0.093494594
-0.06997202
-0.067072935
0.15599644
-0.066594526
-0.059517577
0.02025074
0.012927399
-0.049913567
-0.14927857
0.102235325
0.019014014
0.10539697
0.08499894
0.11930694
0.0811096
0.10566727
0.02208633
-0.017875979
0.0726081
0.06985184
-0.06749262
0.0933294
0.021149231
-0.09894121
-0.021196442
0.11125481
-0.01838318
-0.034107286
0.049344316
-0.011215394
-0.102539234
0.018188635
0.11108584
0.065230496
-0.045178555
0.108901106
-0.08524335
0.13593018
-0.020652544
0.055826854
0.050744355
-0.15649691
-0.007429252
-0.1146567
0.07971925
0.044766314
-0.02579809
0.06622294
0.118301965
0.09134722
0.13404882
0.0005372606
-0.0747322
0.08266437
-0.102547646
-0.117121965
0.0765594
0.14106588
0.08747487
-0.060320135
-0.041400373
-0.010778032
-0.07427511
0.10540517
-0.027487054
0.069578506
0.01589414
0.12965703
0.051724445
-0.14747106
0.16019478
0.08305546
0.13310443
0.0029412452
0.090441875
-0.089815676
0.05320462
-0.03681769
0.0009561959
-0.013407426
0.115805864
0.10486922
0.11973436
0.049290754
0.105481
-0.03536635
0.07824772
-0.1015417
-0.11867207
-0.014636018
-0.028471934
0.108575754
0.04809495
0.033019505
-0.038395226
-0.11876659
0.08970606
0.073583215
0.08486874
-0.0016610152
-0.06172742
-0.054062966
-0.11509518
-0.12190542
-0.058096588
0.03811961
-0.02092176
-0.089428075
0.08617571
-0.058359824
0.1428893
0.048588775
-0.049944557
-0.020128477
0.09067454
0.045824043
0.008259903
0.0073588733
0.051614765
0.10644249
0.10559846
-0.005672048
0.08348059
-0.07772402
-0.02656881
0.070285745
-0.02522374
-0.026161294
-0.105356604
0.0021926684
-0.0060120444
-0.010158553
0.018463401
0.1424266
-0.06380391
0.040148504
-0.1629787
0.07207129
0.07580922
0.020845395
0.10679729
-0.087851554
0.057422675
0.095178865
0.0022189235
-0.06933959
-0.12586501
-0.022967715
-0.06487844
0.05618693
0.03879837
-0.03906359
0.15183544
0.028163793
-0.06558403
0.080351666
0.06465319
-0.09066884
-0.11401832
0.0018642766
-0.04170084
-0.0004959062
0.09197811
-0.023073142
-0.022145368
0.06069338
-0.059852682
-0.02598152
0.07597325
-0.1170579
-0.061020598
-0.11696168
0.018303126
-0.06893525
-0.047702778
0.03735779
0.08663005
-0.05879381
0.107516445
-0.069924004
-0.05100708
0.12114049
-0.10671667
-0.08594206
-0.09452762
0.038083293
0.023806065
-0.010570807
-0.1129684
0.02928973
-0.07769783
-0.031313676
-0.022670038
-0.0562707
0.10359283
-0.10255246
0.054827336
0.04787876
0.0599425
-0.1116604
0.06725021
0.029440781
-0.037120096
-0.060560852
0.10550388
-0.121559665
-0.0076202117
-0.032718014
-0.052902013
-0.013678906
-0.08952653
0.03853191
0.16527745
0.19566786
0.041908037
-0.07808855
0.114300095
0.031012435
0.0277874
-0.07017606
-0.1051496
-0.028749634
-0.085674286
0.016099371
0.048701752
-0.08108828
-0.11938318
-0.0473285
-0.055390343
-0.11069896
-0.04193794
0.06827649
-0.0071622706
-0.03206277
-0.07633068
0.057786703
-0.029066173
0.03270448
0.0096679
-0.08857751
0.006789738
0.105018176
-0.031051567
0.0004426966
0.029498495
-0.07759233
0.10597463
-0.13830625
0.031601857
0.016002428
-0.07412121
0.12070406
0.09313122
0.036137864
0.029162735
0.09678443
-0.11604372
0.16045746
0.0047227135
-0.050227374
0.083992034
-0.06298605
-0.090592146
0.11161188
0.1327433
0.08087138
0.062556654
0.10202102
0.13672347
0.12492611
0.02452809
0.041729335
-0.087848
0.04759658
-0.043147143
0.043412957
0.16654125
-0.03284177
0.059755377
0.030884624
0.029170021
-0.064634055
0.13609457
0.09985139
-0.10722353
0.109815225
-0.106266394
0.03183844
-0.016179834
-0.06047555
-0.0822876
-0.008267739
-0.08197575
-0.05957556
0.14129876
0.031167781
-0.06369097
-0.11628274
0.065084435
0.14322627
-0.052755367
-0.037436537
-0.066855095
-0.13510662
-0.03180413
0.061985057
0.07146454
-0.042053364
-0.0067473277
-0.01283192
0.031084042
0.035045147
-0.14062591
0.08863676
-0.037668794
-0.027330883
-0.03455195
-0.055265944
0.01375953
0.09279154
-0.03881411
-0.099152386
-0.002459136
0.09505261
0.09564478
0.042698838
0.25161773
0.243211
-0.0057056784
-0.26015043
-0.0902418
-0.10905481
0.05433055
-0.1223025
0.08924536
-0.12395679
-0.035233438
0.037825882
0.058415055
-0.057708424
0.02411194
0.04241137
-0.14086026
0.026534127
-0.09500152
-0.020050561
0.1395788
-0.06222108
0.119243324
0.0031832547
-0.09840884
-0.012866802
0.083886385
0.012340844
0.11529983
0.11169821
-0.09288384
0.13459988
0.037898175
-0.07474842
-0.039780255
0.17220844
-0.052379932
0.014795848
-0.0014101411
-0.00033897103
0.09893374
-0.09938648
0.14234394
-0.13450491
-0.054538857
0.030870639
0.06709607
-0.05902356
-0.08486303
-0.054452308
0.021952294
-0.12397716
0.027266404
0.023748333
0.03231592
-0.034041647
-0.086011775
0.044511594
0.05023455
0.04361984
-0.0067237965
0.027452258
0.0144696385
0.17308104
0.09944777
0.05482327
0.07949306
0.036739852
0.016955867
0.0012406514
0.022577755
-0.05928521
0.055467978
-0.05224609
0.18409383
0.049752973
0.007436421
0.04971102
0.016632194
0.0759892
0.102434546
0.12944193
-0.02040915
-0.012148766
-0.059077404
-0.06392628
-0.027248634
0.041338276
-0.061104704
0.018632362
0.10158721
0.014132296
0.1266203
0.012962608
0.07896265
-0.0970239
0.0674287
0.0076473085
0.053266488
-0.011436758
0.048336446
-0.08101115
-0.08006522
-0.06743938
-0.21048832
-0.21012023
-0.10417689
-0.15439367
0.11019696
-0.08540917
-0.0061501404
0.052007634
-0.1035042
0.2144006
0.020336473
-0.017554078
0.16818917
0.0142398225
0.19774103
-0.09346452
-0.07303192
0.29522294
-0.038672913
0.13119753
0.047109347
-0.08621123
0.17413308
0.111326754
0.23754843
-0.16795541
-0.35448524
-0.050780818
0.10083883
0.07080736
0.040488064
0.12979816
0.06918986
-0.013192996
0.0017350855
-0.09300571
-0.11499068
0.01635758
0.0062303236
0.57124454
-0.048138324
-0.068456516
0.28027445
0.077698305
-0.120551266
-0.043219823
-0.16964689
0.23453468
-0.10421244
0.023819067
-0.17494431
0.1652513
0.21249941
-0.14835623
0.015984755
-0.121352375
-0.029156163
0.092344925
-0.095836364
-0.14763682
-0.090906054
0.0572715
-0.08378459
0.17485744
0.06723371
0.15041025
0.0020894238
0.00451173
0.18314263
0.015552337
0.016182948
-0.09098189
-0.18461901
0.06028948
0.3452233
0.040594827
-0.3699522
0.17481634
-0.0017537926
0.08899677
0.17575242
-0.07894
-0.053672746
0.105092086
0.101042695
-0.103510104
0.14250071
0.14455745
-0.07141768
0.27462462
0.0935966
0.1651461
0.07646189
-0.06353791
0.11876242
0.28647214
0.09818642
-0.026904592
0.25642717
0.16620064
0.075508155
-0.13636962
0.24174547
-0.044205394
0.08633869
-0.12629151
-0.08185173
-0.024265295
0.124791846
0.11338691
0.024837257
0.04498743
-0.10193047
-0.03156235
-0.06947049
-0.07500248
-0.01092964
0.08297812
0.034211513
0.09434711
0.11558653
0.021526016
-0.09597801
0.085643314
0.002074316
-0.03013007
0.06161142
-0.20904303
0.025954532
0.17197004
0.022658434
0.045576923
-0.061987303
-0.06299391
0.017003667
-0.014986359
-0.005577415
0.037297368
0.095928825
0.022514887
0.073016055
0.028788079
-0.08443359
-0.014366573
-0.11668071
-0.017555948
0.07671982
-0.012674251
0.04726431
0.02618901
0.015866665
0.05300675
-0.03136006
0.10528077
-0.057252143
0.045106895
0.099459305
-0.053691704
0.019679544
-0.015797656
0.06129967
-0.13948707
0.16164038
0.050216366
-0.16547881
0.03620131
0.035219096
0.06093311
0.06491029
0.062942386
-0.08113352
0.09142125
-0.040042333
0.015635611
0.019911746
-0.043059506
-0.08722556
-0.03902852
-0.07962996
0.030134296
0.07724532
0.0007545373
0.04025659
-0.149608
0.034062378
0.05817225
-0.0032674843
-0.15157273
-0.058866307
0.03661493
-0.069158
-0.10378486
-0.025700005
0.025897786
0.080570795
0.13762248
-0.13534966
0.051258985
0.047331396
0.024901902
-0.105490364
-0.112456165
0.02777741
0.0993357
-0.053375337
0.008192792
-0.023865866
-0.012375279
0.029442724
0.06720491
0.018402874
0.08283603
-0.032313272
-0.06609331
0.07181771
0.039961644
-0.12751137
0.18614337
-0.039737605
-0.05947126
0.033720795
-0.050405666
0.021126946
-0.030652732
0.15162712
-0.07236235
0.061694924
0.055674866
0.027514776
-0.036611505
0.035534274
-0.039514925
-0.031667456
-0.0008611537
0.11193789
-0.010982813
0.03547177
-0.0052855182
0.113908716
0.07189225
0.024964012
-0.040141895
-0.018292367
-0.045044187
0.087100975
-0.01878177
-0.084228344
0.08372956
0.025057746
0.005073538
0.13938838
-0.0014841799
0.08069434
-0.08833076
0.035807997
0.019475562
-0.09605904
-0.037144594
0.15766032
0.05519633
-0.011977029
-0.05635704
0.04341706
0.031944435
0.008942475
0.15422384
0.06107231
-0.15268676
-0.0060461364
0.008209698
-0.053555652
0.092537254
-0.028825972
-0.10386766
-0.008718473
-0.06470607
0.04632634
-0.094117425
-0.16019279
0.05670309
0.0465788
-0.058988806
-0.025113977
0.13549308
-0.082850106
-0.01703877
0.014747128
-0.064960085
0.046719003
-0.03140377
-0.0055345944
-0.12511668
0.0032413795
0.04370141
0.082680486
-0.0050462745
-0.10799746
0.07687656
0.05266117
0.08927673
0.06346221
0.06842196
0.021537
-0.09139035
-0.02613984
-0.088420294
-0.089528814
-0.040198855
-0.08933229
-0.04280999
0.12426668
0.014952385
0.050427355
0.061485026
-0.022401351
-0.06963788
-0.09250097
0.13217999
0.08500293
-0.15399769
-0.017863942
0.121155165
0.11649424
0.16078989
-0.1339479
0.081063695
-0.026516642
0.025867997
0.02281547
0.056950197
-0.017353708
0.11598412
-0.028780356
-0.04326179
-0.060087416
-0.06856079
0.10470093
0.02979079
0.033001386
0.07932833
0.036163602
-0.084961444
-0.07966246
-0.066312246
0.008551221
0.11300579
-0.13586156
0.030099543
0.05551419
-0.08370325
-0.06524389
-0.03608465
-0.06432589
0.03431873
0.2778041
-0.08538475
0.025098894
0.007962926
-0.08267353
-0.015065731
-0.110134274
-0.04249919
0.11888816
-0.058606457
-0.058160175
0.020076424
0.043684144
-0.03543704
-0.17883915
0.019716786
-0.01964316
0.15141451
0.02206875
0.03697165
0.037248623
-0.06065667
0.031149156
-0.07781851
-0.024829194
-0.098375514
-0.0033888968
0.05728848
0.0965926
-0.11564443
-0.022870699
0.1846716
0.07586702
0.0681239
0.01870762
-0.0012482621
0.016131012
-0.0016571846
-0.03144738
0.15332247
-0.0674733
-0.14169005
0.14496799
-0.01550953
-0.09608458
-0.003416274
0.041305996
0.036946893
0.09165322
-0.010617818
0.0895277
0.118684866
-0.0005963346
0.046700824
0.11984701
-0.08812193
-0.057614226
0.06944561
0.11059948
-0.14250462
-0.06945546
-0.035037834
0.13145745
-0.111096844
0.14870813
-0.107113265
-0.005283361
0.110401556
0.053973004
0.0931911
-0.030526537
0.041483745
-0.09863639
-0.1434352
0.09826453
0.064646386
0.1082382
-0.11699118
0.069116995
0.15970387
0.019699862
0.016961357
-0.13391417
0.124062866
-0.059968244
-0.012279617
0.036915414
-0.096773066
0.050781358
-0.07094991
-0.030584982
0.04130235
-0.14151242
0.09469406
0.12741765
-0.019097978
0.085371286
0.08663529
0.09399907
0.055517413
-0.11452702
-0.060691603
0.06337201
-0.027893614
-0.06709222
0.07858152
0.124475814
0.13909432
-0.09325889
0.107041456
0.13421822
-0.0058763763
0.05753127
0.1125223
0.030648382
-0.03467891
0.04468408
0.1711722
-0.040992696
0.016249884
-0.12654696
0.14207362
-0.0024811246
0.10047806
0.075678706
-0.07793747
0.029237837
-0.029835382
0.15548006
0.050857082
-0.09545633
-0.09763617
0.10580669
0.0043085814
-0.09707039
0.12948275
-0.072005294
-0.11190397
-0.08042486
0.15200026
-0.046936173
-0.03798711
-0.10450717
0.064386524
-0.091050066
0.038996104
-0.011835326
0.004896757
-0.036782146
-0.06215527
-0.1174103
0.05513523
-0.019504912
-0.0636323
-0.0027054178
-0.082618594
0.11079393
-0.1534841
-0.08057165
-0.004184188
-0.062791444
0.08472106
-0.027489938
-0.09243403
-0.018610176
-0.042212896
-0.10392659
0.1977911
0.0810471
-0.17142025
0.11503911
-0.07050206
-0.036898855
0.07645085
-0.018687228
0.08199679
-0.025101159
-0.10620434
-0.051641256
-0.086220235
-0.10421784
-0.0063979295
-0.10714052
-0.053784214
-0.16328515
0.10642076
-0.05552373
-0.11766247
0.046178415
0.078562096
-0.030675543
0.03419847
0.042631593
-0.081820354
-0.13760427
0.075280435
0.037863996
0.07970593
-0.06628812
-0.08016977
-0.035344366
0.00069579115
0.05474639
-0.03736254
-0.015374276
0.119890474
-0.039195836
0.09719721
-0.016250886
-0.022809219
0.08056678
-0.027329957
0.12328236
-0.1730019
0.071026415
-0.08228032
0.07015721
-0.05382955
-0.068617806
0.0011255898
0.11248845
0.055283997
-0.017254023
-0.023562267
-0.038624004
0.086932026
6.741447e-05
-0.0049053016
-0.103644766
0.032273587
-0.011739378
-0.04087117
-0.034343086
0.15740982
0.039842337
-0.041282997
-0.07386891
0.100354716
0.036978096
0.017094586
0.11791243
0.044925492
-0.12162486
-0.06581078
0.054167163
0.08326903
0.08681074
0.014100161
-0.15706083
0.06954947
0.0110913515
0.11385066
0.092594035
0.0031168407
0.09546282
0.010626088
0.17642353
-0.05139934
0.04316415
0.12653501
-0.13023922
0.041231524
0.065019205
0.02542838
0.026518246
-0.0007979716
-0.0903588
0.12065938
0.087747686
-0.10432346
0.0395189
-0.10702025
0.07114946
0.018577607
-0.12289051
0.043007083
-0.023337852
-0.035349544
0.01579061
-0.13987619
-0.010774045
-0.07966137
0.077308945
0.0023969146
-0.05808742
-0.09310001
-0.028683737
-0.12718675
0.1374683
0.047257826
-0.16437083
0.0058573117
0.15517376
0.16992359
-0.03826242
0.043844633
-0.11684169
0.09456492
-0.09824002
0.06275601
-0.015539747
-0.11362954
0.11838018
-0.099529356
-0.06815361
-0.120855965
-0.06412843
0.12186014
0.09317611
0.13137522
0.28134516
0.21112949
0.10935545
-0.12201228
0.07921018
-0.08461201
-0.08935414
-0.12150268
-0.04162357
-0.09195127
-0.08313756
-0.114530556
0.0952068
0.008505527
-0.050173827
-0.3126539
-0.036945563
-0.10078628
0.04156297
-0.09870472
0.18634713
-0.06352773
0.14564785
0.12624604
-0.14287296
-0.15935692
0.10259864
0.009196751
-0.16990054
-0.086506866
0.0064082667
0.10784733
-0.16536658
0.12643902
0.11799799
0.23301142
-0.09918702
0.02670557
0.020044403
-0.08333416
0.056252234
-0.042577334
0.07163344
0.009012041
-0.021234183
0.13563068
0.004452423
0.14706756
0.004722956
0.009834414
-0.04816486
-0.0076788235
-0.0013623192
-0.07745318
-0.067800276
-0.055753995
-0.17850202
-0.120746456
0.15528911
-0.037785284
-0.09343696
0.08022632
-0.042834587
-0.21183105
-0.10609439
0.19854347
-0.026966745
-0.22554933
0.030948265
-0.039641656
-0.044951323
-0.040327217
0.008490674
0.028238872
0.105557606
0.08973965
-0.21711668
0.16885534
0.048900593
0.13892813
-0.04196015
-0.059516378
0.2000309
-0.09312054
-0.10513967
-0.06961473
-0.014361237
0.10027548
0.124193355
0.08175368
0.00904817
-0.06355818
0.2661506
0.07557853
-0.073577054
-0.04818887
-0.053508252
-0.12962902
0.04362649
-0.12637365
0.11058774
-0.036582675
-0.046703305
-0.02562111
-0.034591682
0.0012275822
-0.0373884
0.0871423
0.05165474
0.08758562
-0.03396043
0.034001783
-0.08392246
-0.17995232
0.12435938
-0.026864534
0.16542932
-0.06281746
-0.050590422
0.04710482
0.011955943
0.033943396
-0.00062440685
-0.0131531125
-0.09708532
0.07325754
-0.034322873
0.099243976
-0.022313712
-0.040908415
0.069427565
0.058519866
-0.06709935
0.080531634
-0.07904032
0.11751211
-0.0034010697
-0.04688874
0.047649205
0.13169126
-0.13627492
-0.041419744
-0.08870433
0.14495783
0.061432566
0.02782674
0.10998805
0.029498475
0.052513592
-0.038175113
0.034764934
-0.06177358
-0.031491555
-0.05201573
0.12051405
0.011523487
-0.03176217
0.02318013
0.033033088
0.08724441
-0.011931971
0.1493432
0.105475605
-0.10819383
0.08892254
-0.1167061
0.0956671
0.10719439
0.002078042
-0.049205616
-0.057498097
0.0401519
-0.06674036
0.0065247365
0.083427615
0.14000292
0.044649463
0.14108577
0.122817665
-0.023625966
-0.05400397
0.10746283
-0.05736585
0.012934323
-0.12272805
0.0664867
-0.0109853875
0.047868934
-0.0050074146
-0.08116386
-0.09863073
0.011032567
-0.072011605
0.04171788
-0.09716952
0.06499048
0.13684165
0.08365097
-0.0044316254
0.07731878
-0.03757656
0.005789827
0.07407633
0.0023488062
0.033227406
-0.03394617
0.05158046
-0.0021754613
-0.03186862
0.04927277
0.011970846
-0.007573322
0.1030712
-0.0014363665
0.16175121
0.11613485
-0.0619683
0.0942602
-0.055771668
-0.12080487
0.12132206
-0.093025446
0.018950673
-0.032953687
-0.041760992
0.11565091
-0.0989018
0.18751775
-0.037219234
-0.015279142
0.00994862
-0.11026461
-0.01425217
0.051027033
0.07920479
0.08578292
-0.13991031
0.046089504
-0.10584032
0.13730747
0.0027568443
0.02404414
0.09256637
-0.008205738
-0.032712422
-0.066411376
0.09313468
0.020003393
-0.026144365
0.076989956
0.007660344
0.03529629
-0.006162981
-0.07274261
0.10840435
0.11650723
-0.089449525
-0.08596198
-0.0654813
-0.05196885
-0.072079614
-0.04655076
-0.08590871
-0.006246489
-0.060696263
0.032556627
-0.057142016
0.07603703
-0.14772272
0.026471335
-0.023826554
0.09674432
0.08415583
0.037492733
0.05290947
-0.062563226
0.07582757
-0.12934649
0.057617594
-0.021623787
-0.040669248
0.12411145
0.15450439
-0.093905926
0.020975607
-0.0423155
-0.20841062
0.036491457
-0.031552367
0.03343351
-0.02641372
0.10399197
0.10540333
0.0044975346
0.025301246
-0.0891194
0.0061372095
-0.054370064
0.067562364
0.09401287
0.11614247
-0.039665736
0.016151043
0.083904475
-0.08598606
-0.081003286
0.102075666
-0.11430797
-0.033702876
0.06569568
-0.041579094
0.0782812
0.0480903
-0.036628537
0.11487933
-0.02622327
0.036161017
0.069435105
0.09583488
-0.048790373
-0.01293583
-0.024848484
-0.02654843
0.118460506
-0.010587684
0.052274235
-0.01195061
0.100762025
-0.028025474
-0.02663293
-0.036272492
0.07974932
0.10339378
0.054070286
0.041054387
0.07139314
0.0833026
0.011670206
-0.077400684
0.0340214
0.025916833
-0.06083317
0.022238964
-0.02538437
0.08346767
0.0003058906
0.04651634
-0.10255445
-0.047743633
-0.0119398385
0.13338067
0.13869807
-0.057726886
0.04940527
-0.06146486
0.0120548885
-0.05119634
0.018127538
-0.07356188
-0.015581405
0.21098891
-0.02403502
0.04310735
0.035786364
0.11575529
-0.040330153
0.058720253
-0.1413321
-0.067872226
-0.021203376
-0.0650226
0.074385196
0.0044740518
-0.09687914
-0.021761872
0.06874041
0.11015146
0.018877355
0.11037659
0.14138362
-0.056350883
-0.04127287
-0.0018025558
0.087027885
0.027882569
-0.14524628
0.074540906
-0.109151304
-0.13283785
0.08753887
-0.10897574
0.10466762
0.12446309
-0.003706439
0.022536488
0.15177558
-0.12837875
0.057100415
0.06230716
0.14199157
0.02959669
0.109369785
-0.021455102
-0.037651084
0.12793532
-0.0023019137
-0.024252087
-0.009989182
0.13260283
0.025241083
-0.083312996
-0.07544036
0.035776485
-0.11214197
-0.012060223
0.047907893
-0.0036685958
-0.010236094
0.025104575
-0.098551586
-0.004581847
0.09569859
0.004337061
-0.08116945
0.047871795
0.16829717
-0.04379247
0.003948868
0.046966385
-0.13193306
0.06164917
-0.12839562
0.09077298
0.042681996
0.09667769
0.09679393
0.051761553
0.1482395
0.03883155
0.015562145
-0.027592242
0.021228923
-0.07034019
-0.0139364675
-0.112834394
0.123924226
-0.012260297
0.060106985
0.09123799
-0.08045685
-0.09012199
-0.02075446
-0.00014888713
0.03723794
-0.12485386
0.17032234
-0.052013457
0.17017858
0.004917099
-0.018314071
-0.020693049
-0.09197522
0.075674735
-0.03577897
-0.051152162
0.13026619
-0.029267656
0.039063003
0.039470594
0.03931133
-0.12880072
0.05347847
0.07025893
-0.0678218
-0.0564181
0.0068536666
-0.038537014
0.03224294
-0.11157202
-0.036357917
0.0066595916
-0.051685408
-0.0037402282
0.04331019
0.08302999
-0.057756554
0.070633955
-0.12127302
-0.017147152
0.01117256
0.15418884
0.09409663
-0.039961938
0.061891746
0.108509496
0.11362553
0.106935486
0.003045655
-0.03362834
-0.08253781
0.0061334465
-0.09852763
0.036880564
0.06568324
-0.072722435
-0.08374728
0.06388619
-0.011525243
-0.012072316
-0.09555649
0.06660694
-0.09181984
0.079520546
0.07705829
0.054904815
-0.07619732
0.10643148
-0.064772196
-0.0059916056
-0.02652122
0.088403545
0.06630389
0.05734497
-0.028336678
-0.05264422
-0.13909248
-0.083748125
-0.060794976
-0.030526174
0.11439026
-0.109477215
-0.004287125
0.06505704
0.0918837
0.08908835
-0.0029901797
-0.023832537
0.018838393
0.08539214
0.04302126
-0.02210222
0.044660956
-0.09353294
0.12869848
-0.05483833
0.09858804
-0.11941711
0.12591441
0.032715134
-0.0077381334
0.13185953
0.08822212
0.07128252
-0.018450145
0.14472488
-0.05641027
-0.08205163
0.07903669
-0.023039905
0.10307517
-0.04397131
0.031067513
-0.09592333
-0.090807386
0.093282506
0.025484694
-0.02312689
-0.050005864
0.029932648
0.069096535
0.056325383
-0.06806619
0.075856894
-0.077166505
-0.003448118
0.037148442
0.06495681
0.051487446
-0.07279683
-0.0670548
0.054872766
0.059921034
-0.018959904
-0.00774398
0.008697658
0.08200653
0.022439886
-0.02768569
0.04464952
0.04445126
0.08926282
-0.07452083
0.015835112
-0.063681796
-0.014419053
-0.07214539
0.12708633
-0.0075014317
0.10074071
-0.04396666
-0.04846846
-0.08009964
0.018060094
-0.06967742
-0.04805008
0.11212509
0.00540303
0.11985401
0.03587346
-0.03127173
0.11426413
-0.036004256
-0.025725402
-0.034466613
0.01898001
-0.009264665
-0.087852865
0.009469271
0.10287594
-0.037497707
-0.03298556
0.10359994
-0.0046218815
-0.01894922
0.052856658
-0.04444262
0.059600323
-0.05959943
0.074031636
0.14824258
-0.05453158
0.108365156
0.048859775
-0.08515779
0.09140809
-0.042771887
-0.09806368
0.12949504
0.0879029
-0.16098869
-0.014724362
-0.031326015
0.017422035
-0.07099464
0.02338504
-0.08266024
-0.0067789718
-0.09078703
0.17378654
0.14929548
-0.052614514
-0.09091043
-0.00060351053
0.001402702
0.08978317
-0.09056682
-0.046750747
0.09028963
0.14528593
0.12439101
-0.09082677
0.022926202
0.036842816
0.042645127
0.087605424
-0.083326966
-0.068385616
0.13770579
0.052045397
-0.05717626
-0.048669416
-0.092744194
-0.052612085
-0.04692587
0.057957906
-0.07492126
-0.025079664
0.03596028
-0.025514998
0.07230316
0.097100064
-0.010111077
0.056269646
0.14333405
0.18981743
-0.10842225
0.13915515
-0.13563587
-0.12962404
-0.038726553
-0.10076079
0.066069245
-0.07490518
0.22356069
0.012890321
0.14547753
-0.012666862
-0.067592345
0.11712934
0.1452764
-0.029675907
0.082383595
0.028175376
0.09826532
-0.09143083
0.06509744
-0.07647363
0.112129
-0.04787387
-0.079392835
0.11867964
-0.08198954
0.12603009
-0.09416626
0.11420057
0.024063267
0.060447928
0.06694125
0.10533627
0.057335194
-0.03047175
0.06556716
0.037326287
-0.113508515
-0.088084996
-0.093124546
-0.04056768
-0.04126165
-0.09483552
-0.10488903
0.029495105
-0.05270514
0.07552859
0.027775755
0.20029879
-0.026218034
-0.065876395
0.040690247
0.03228277
-0.028892016
0.08531734
-0.12353318
-0.10218378
-0.04698263
0.11294337
0.04536668
0.07966359
0.060876437
0.09783774
-0.04557383
-0.0371177
-0.04906014
-0.07173208
-0.008626278
0.056716733
0.07304693
-0.06344114
-0.018772403
-0.08014478
-0.12870915
-0.07280593
-0.07990351
-0.013790989
0.01602404
-0.1016043
0.046380207
0.033348363
0.10282358
0.045603875
-0.10531919
0.0755501
0.08484829
0.093264244
0.02608145
-0.010056442
-0.060720738
-0.10819844
-0.027497953
-0.014629361
0.07693242
0.04353109
-0.03737246
0.07662065
-0.103683464
0.042160213
-0.08495994
0.041511193
0.0940795
0.027170595
0.033728547
-0.068046615
-0.03423621
0.048912235
-0.06522908
-0.08295139
-0.06610096
0.05684181
0.08285106
-0.1830883
-0.06403239
-0.10074575
0.11511473
-0.08073819
-0.07078331
0.027069978
0.04891788
0.07235968
0.046126377
-0.0662771
-0.08719451
0.07206278
0.1535109
0.13417038
0.04417058
0.11033923
-0.19819972
-0.1812248
-0.018848643
-0.08814907
0.06803081
-0.08564745
-0.03156415
-0.14500469
0.078792036
-0.07142729
0.10997587
0.102646954
0.037660435
0.056585
0.07434993
-0.008508136
0.0023628648
0.04777888
0.031053098
-0.017884644
-0.029378092
0.14549431
-0.08146131
-0.05832686
0.097840644
-0.086475365
-0.13370234
0.0693027
0.011150581
0.1344315
-0.018121408
-0.065473914
-0.08058228
-0.08069963
-0.0077980435
0.0035270103
0.047399785
0.04223602
-0.028951053
-0.02451889
0.0051508676
-0.043664802
-0.10830143
0.11306341
0.061439965
0.08883639
0.08687731
-0.008755763
-0.029969912
-0.0418253
0.042763427
-0.003869805
0.025604535
0.025201218
-0.071826085
0.0850855
0.0040976186
0.22781028
0.11153817
-0.18052377
-0.30244732
0.19191872
0.29008055
0.08822132
-0.4035307
-0.18540554
0.14139366
-0.29333067
-0.35897556
-0.061210994
0.0024447455
-0.036577202
-0.012919062
0.051557153
-0.1714735
-0.049706846
-0.11533232
-0.17541353
0.13321593
0.06911794
0.07628908
-0.029534671
-0.030211553
-0.043577705
0.07898297
-0.3097549
-0.11455445
-0.17357664
0.33059397
0.35514355
0.04864391
0.20111921
0.025793213
0.1066918
-0.1564196
0.12380375
0.04601049
0.04943006
-0.045772146
-0.22608972
0.14792028
-0.04512555
0.14331238
0.10728093
0.042559337
-0.003737884
-0.037417118
-0.24949448
0.081119046
-0.020803053
-0.08257708
-0.09069528
0.12028369
-0.23826942
-0.1619194
-0.11549039
-0.045950446
-0.032912664
-0.03155014
-0.35199332
-0.005562459
0.04790325
0.18246621
-0.14943592
-0.015980586
0.19841713
-0.073688924
0.11958782
-0.02098191
-0.1520627
-0.010407968
0.12191293
-0.026627317
-0.07654443
0.3828799
0.19891104
0.07532479
0.10958085
0.10873362
-0.25160372
-0.028924871
-0.16184273
0.061860964
-0.049377624
0.10972873
0.18616849
-0.07829629
0.015083219
-0.15660027
0.078051314
-0.027927384
-0.15807457
0.053418748
-0.076059155
0.14863403
0.060426634
0.08087593
0.059974458
-0.096714854
0.31152877
0.13797064
-0.052816026
-0.10434814
-0.09668922
0.11031823
0.13981678
0.13855687
-0.027140709
-0.072650746
0.072662786
0.11245867
0.08766939
0.0513482
-0.07266102
-0.04013913
-0.2765123
-0.26300842
0.016677579
-0.048388448
0.08679403
0.14084975
0.018468153
0.05089764
0.08749945
0.06763128
0.057000168
0.053432498
0.07940534
0.09686139
-0.1977441
-0.1010761
-0.12470102
-0.0074460674
0.04205559
-0.017609539
0.1301971
0.083814226
-0.16323449
0.12561682
-0.017627634
0.15968342
0.006665166
0.0698402
-0.049459737
-0.090984
-0.16625729
-0.0010054908
0.09901655
-0.0721599
-0.014531498
-0.014757432
-0.02523199
0.07781505
-0.10158853
-0.0328442
0.043803137
-0.022614457
-0.07808945
0.11286646
-0.08872836
0.064042754
-0.147382
0.047517143
-0.05871525
0.045886017
0.023487313
-0.053446375
0.05476325
-0.058479335
-0.1576499
0.06674959
-0.22340551
-0.12328521
0.16497505
-0.0017034927
-0.0861635
-0.074558705
-0.08907688
-0.13355032
-0.20164475
0.024720155
-0.01889654
-0.045486525
-0.08387409
0.034773864
-0.080595285
0.00684723
0.054383438
-0.08176256
0.18303204
0.016308347
0.083566904
-0.050134398
0.077662766
-0.03915543
-0.106834404
0.09779818
0.017558547
0.0929505
-0.12461703
0.0039697224
0.012200944
0.11063605
0.15236436
0.1510222
-0.0873509
-0.018783297
0.0052366443
-0.10751436
-0.07575252
-0.058243938
0.024696624
-0.17605145
0.014530353
0.0061106477
0.12382859
-0.0070951246
-0.10271402
0.025976423
0.0057131015
0.078186065
0.034494456
0.16331618
0.006532845
0.05986541
-0.18266591
-0.05347838
-0.011332761
-0.00046894982
-0.018971018
-0.058596477
0.011131026
-0.10865667
-0.07661613
0.06008049
-0.14101508
0.08310612
0.049584948
0.06783202
-0.05169725
0.22932924
0.09801215
-0.10076859
0.15303509
-0.11227118
0.15253271
-0.119527705
-0.06108573
-0.011186377
0.074664265
0.023192942
-0.0053048967
0.111764506
-0.2617978
-0.1619636
0.22832754
-0.029301427
-0.09417131
0.006393096
0.121756695
0.35663813
0.20432338
-0.20577447
0.32141
0.3218657
-0.073300205
0.18881552
0.15889752
0.19731672
0.049851164
0.1390643
0.060587853
-0.1025873
0.029710433
0.04316179
0.123801395
0.041387826
-0.0072204066
0.036527373
-0.0054142
0.0817107
0.10962784
-0.006323045
0.21335907
-0.21996787
-0.2199775
-0.16122805
-0.27994907
-0.041583076
0.04954157
0.21137655
-0.08646042
-0.20525622
-0.13843411
-0.05251857
0.18022071
-0.01016006
-0.103977725
-0.10294944
0.022564108
0.17105582
-0.015351828
-0.02740045
0.26760313
0.04076251
-0.0013134339
-0.02962989
0.029289505
0.19171785
0.15005767
0.10789594
0.0020938774
-0.11979872
0.12579179
-0.023401998
0.32685596
-0.04825544
-0.08771781
-0.19192219
0.16477394
0.10357085
-0.0124715455
0.0012717551
-0.010482254
-0.1228762
0.18408386
0.26377106
-0.12530755
-0.1640868
-0.087865576
-0.18626684
-0.14861163
-0.10507189
-0.003677347
-0.0512092
0.11618291
-0.108221464
0.13549994
-0.14245632
0.052973833
-0.113314345
-0.094145715
0.13987088
0.08050056
0.05367748
0.120524876
-0.11719742
0.24584773
-0.1350175
-0.020693617
-0.12611093
0.069420286
-0.13906321
-0.044363983
-0.12660092
-0.1816118
-0.11782245
0.079113975
-0.09955834
0.029221594
-0.24911872
-0.08950737
-0.063085005
0.02739631
-0.0164905
0.062710665
-0.054303613
-0.15706268
0.17228502
0.18830028
-0.08213372
0.25068092
0.2898143
-0.014890665
-0.009016989
0.11869608
-0.10730447
-0.0293607
-0.077229425
-0.08832924
-0.13703397
0.0212296
0.003672713
0.061140765
0.0047226334
-0.0567405
-0.07235785
-0.089713246
0.04836843
0.041140314
0.032906722
-0.013772429
-0.04574553
-0.079091385
0.03579913
0.092003085
0.013762902
0.029560978
0.012025421
0.028133629
0.008139307
-0.06656851
0.14555658
-0.06566602
-0.020258497
-0.0019859222
0.10067781
-0.12938832
0.06469709
0.065059505
-0.076970346
-0.06721733
0.05394197
-0.048434343
0.1355661
0.07003449
-0.036801256
-0.013206586
0.047941335
0.013110873
-0.009382793
0.03656548
0.05808277
0.028171703
-0.17541836
-0.035465244
0.15547805
-0.14109612
0.04196524
0.13126509
-0.11250872
-0.020435683
0.07176358
0.09371407
-0.15275016
-0.035712205
-0.0643702
0.0903931
-0.026583845
0.13029635
-0.19230105
-0.029199328
0.08933046
0.021938078
0.070028365
0.087257914
-0.02153503
0.07990319
0.034472566
-0.095995694
-0.0096720215
0.040187173
0.063744366
0.030590702
0.040053543
-0.04291462
0.026516326
-0.039721467
0.0499672
0.1235815
0.019502126
-0.07000719
-0.13835315
0.011900977
0.021812137
0.093048126
0.043365236
0.040133562
-0.16718432
0.009488277
-0.11007128
-0.10761172
0.023680016
-0.108400546
0.049948234
0.054028586
-0.046497
0.091685764
0.0049091172
0.029604739
-0.095780514
-0.07413085
0.01844601
0.05350635
0.005424449
-0.056806445
-0.020363469
0.03586895
-0.089403644
-0.10947574
0.07253526
-0.037733614
-0.021359408
-0.107046746
0.065320805
-0.047618844
-0.0610987
0.014818535
-0.011356004
0.094802976
-0.03914919
-0.04636005
-0.15771824
-0.046916094
-0.075569965
0.0202582
-0.09980398
0.048841316
-0.0053897933
-0.27437064
-0.08725547
0.06361271
-0.10655979
-0.116473295
-0.14664172
0.13746381
0.28196394
0.18398342
-0.1702351
0.122150764
0.20505485
-0.14386074
0.047284286
0.14756912
0.21403784
-0.110120736
-0.12854297
0.079281226
0.03931121
-0.040497046
0.027492626
0.2136744
0.09954052
0.11418298
-0.068720914
0.05026196
0.12803885
0.16168481
0.016638173
0.032629434
-0.08977903
0.018579964
-0.16422266
-0.018006943
-0.19319114
-0.06777253
0.04813178
0.033980533
0.1110171
0.086745575
-0.09891376
0.038628694
-0.041155826
-0.08177905
-0.2242267
-0.09732067
0.2462183
-0.01785534
0.05949798
0.06672218
0.052813035
0.08316003
-0.10412078
-0.08296348
0.26562154
-0.023896938
0.05535959
-0.067402095
-0.049284387
0.040095493
-0.13149214
0.050932772
-0.0010921977
-0.03522287
-0.028135588
0.1275869
0.033778377
0.07940205
-0.041134063
0.0018612918
-0.02775646
0.034845937
0.039826382
-0.02672943
4.9766044e-05
-0.11227842
-0.09938946
-0.12594551
0.038516946
-0.041328892
0.08651275
0.1552309
-0.038104214
0.117328115
0.039269757
-0.027746677
-0.04027157
0.22451347
-0.042349014
0.018402692
0.008636625
0.03271105
-0.09883841
-0.041773703
-0.11945473
-0.0016834383
0.039635446
-0.022000844
0.08443729
-0.06660873
0.029240832
0.004834347
-0.17485785
0.15596499
-0.12934491
-0.079124905
-0.18950185
0.03214626
-0.018321298
0.037204266
-0.13213417
0.044615604
0.02173134
0.031492498
-0.009610746
0.13287726
-0.0752031
0.14449953
0.13097344
-0.069624476
0.11364064
-0.083541535
0.040206097
0.04799327
-0.1237845
-0.0494325
-0.09600776
-0.33347479
-0.006569899
0.068529114
-0.033480987
-0.046986185
0.0068204487
-0.12146515
0.16940664
0.28854853
0.27204323
0.37874073
0.09376814
-0.040515043
0.15483984
-0.01482919
0.11661222
0.08987857
-0.07101573
-0.09308601
-0.22099274
0.018781293
-0.09389223
-0.18454054
-0.03599895
-0.24472244
0.0064568324
0.13388582
0.15664907
-0.08604836
0.15237117
0.09510075
-0.060837176
0.019338623
-0.27425164
0.112266704
-0.12446632
-0.033977333
0.22453758
0.18329158
-0.035998072
-0.13112976
0.00093297294
0.37442008
-0.14471391
0.06212429
-0.18847561
-0.038857434
0.07074375
-0.0077435113
0.027631937
0.12903069
-0.045243878
-0.065392196
0.13921808
-0.17651388
-0.017554738
0.3001691
-0.042246334
-0.12946269
0.23165606
0.19289222
-0.09566183
0.3758337
-0.09388503
-0.05504409
-0.19823876
0.23419157
0.11244306
-0.2285713
0.19565696
-0.06599748
-0.016140234
0.1478687
0.052108064
-0.07077008
-0.02709284
-0.12462217
-0.20639901
-0.051709097
0.009991517
-0.13534495
0.15438512
0.17562523
-0.052594528
0.20680787
-0.032999255
0.22647202
-0.12725003
-0.079708144
-0.07836437
-0.20233607
-0.043499988
-0.038541846
-0.10089687
0.06035955
-0.2058604
-0.14274843
-0.15384968
-0.17799775
0.038517475
-0.16057913
0.05413852
0.01452007
-0.0921025
-0.21206571
-0.29885724
0.08589872
-0.096298344
0.15514436
0.00058610353
0.09769144
-0.15304601
-0.110054284
0.042011566
0.008627408
-0.07444789
0.19186631
0.15873347
0.1772581
0.13722315
-0.10428486
0.20069255
0.084300436
0.15547101
-0.09212989
0.0074330084
-0.10565363
-0.091849774
-0.07058576
-0.07248663
-0.064834066
-0.031168807
-0.07087233
-0.04833132
-0.012345753
0.103653684
0.100453004
-0.040927745
0.080237195
-0.02287354
0.041356165
-0.06661642
-0.042694476
-0.057817545
0.07994556
-0.07479852
-0.080886476
-0.04582067
-0.10858361
-0.011795703
0.059916433
0.06910094
-0.08116366
0.024053177
0.085315414
-0.00020368978
-0.036690295
0.06432522
0.0051691257
0.08211759
0.069349475
0.026156563
-0.16170868
-0.098926745
-0.023749465
-0.09250246
-0.015805861
-0.055455834
0.020136623
0.04276918
0.00047636862
-0.004864355
-0.07438435
-0.11943741
0.0921664
0.13367347
-0.14372434
0.096058145
-0.039874703
0.11186152
0.020118956
0.008428613
0.02036211
0.18067251
-0.026189452
-0.1459105
0.10378645
0.0137528535
-0.03724943
-0.11049367
0.03801879
0.055808235
-0.06740675
0.051972028
0.11103944
-0.08835251
-0.026358366
-0.04269143
-0.05441878
-0.115222864
-0.058110915
-0.060145468
0.083662145
0.10769571
0.001033518
0.0554821
0.07613175
0.032486536
0.03639576
0.05820082
0.1410641
0.14129579
-0.0010367708
0.009167996
-0.063659534
-0.1063434
-0.05326925
0.10489632
0.041855052
-0.0054877354
-0.017334593
-0.015149014
0.012127859
-0.051491655
-0.04101518
0.064728275
-0.069717534
-0.09573801
-0.105446
0.03940656
-0.015840553
0.019694101
0.07260096
-0.084236845
-0.096641436
-0.028316213
-0.065388925
-0.005426707
-0.041331604
-0.026232071
-0.015257307
0.04732897
0.07695748
0.07935989
0.112357
0.092059135
-0.0503475
0.08879639
0.11038302
0.050853726
0.024140276
-0.033283256
-0.14858502
-0.007846587
-0.094438426
-0.036530834
0.020646768
0.03437482
0.002421451
-0.06352509
0.11187663
0.14492832
-0.088632844
0.06464782
-0.036268618
0.052255627
0.05338498
0.109222755
-0.010442418
0.06250654
0.048939347
0.053047918
-0.07354003
0.036583442
0.108541206
0.11548436
-0.095693864
-0.00927917
0.062327247
0.097969756
0.04114881
0.07771062
0.051833503
-0.034577783
-0.14780256
-0.0076934495
-0.055366766
0.023419349
0.012184862
-0.074838586
-0.105692215
0.033012558
0.03551784
-0.014190027
-0.1313943
-0.07867939
0.10719184
0.10081854
-0.08505023
-0.044209056
0.08078886
-0.005798375
0.11245323
0.06641148
0.03445917
-0.03534145
0.047042817
-0.06660117
0.008551194
-0.14633301
-0.027010676
-0.068616435
0.121516876
-0.09315206
0.07969815
-0.0895149
-0.0115157375
-0.0057002925
0.05979072
-0.1339083
-0.044977717
-0.052607197
-0.09192875
-0.053419862
-0.0773546
-0.0575459
-0.07052028
0.0051806304
-0.021109566
-0.04923845
0.15263355
-0.014917807
0.078472234
0.0867556
-0.062445015
0.17052753
-0.07914861
-0.049227443
0.07459149
-0.017830703
-0.024824312
-0.10409809
-0.042637993
0.059754044
-0.058953796
0.11289529
-0.0038687922
0.049250986
0.058683425
0.11814214
0.06360295
-0.07740968
0.027385395
-0.018826442
-0.0019364847
0.061859135
0.063558266
-0.069520235
-0.008646318
0.12993379
-0.043282337
0.044211444
0.009951102
0.027738681
-0.035595544
0.05762217
-0.027615855
-0.107609205
0.049380496
-0.06259111
0.06472968
-0.04472965
-0.025681444
0.09704641
-0.04112658
0.06397233
0.053069334
0.032459114
0.08023548
0.0071785524
-0.0990546
0.12977605
0.14252456
-0.060424957
-0.10212671
-0.13381751
-0.08943798
0.029879032
0.06597198
0.03230532
-0.11005427
0.083376564
0.08639763
-0.12610216
-0.038598936
0.16133149
0.08743854
-0.04870743
0.057339832
0.1457596
-0.013950252
0.07607708
0.06882901
-0.024806255
-0.13476296
-0.117325954
-0.056325797
-0.060547993
-0.054506645
-0.021036146
-0.012889416
0.11309861
-0.028391887
-0.0871246
-0.014984176
-0.13504468
0.0012634941
-0.107280195
-0.18088752
0.034395617
0.10141987
-0.01880137
0.021622706
0.031231673
-0.16684705
-0.09964311
0.103999116
-0.21356152
-0.044158407
-0.038702916
0.2218669
-0.04888635
-0.011591456
-0.10616386
-0.00954526
0.1157011
-0.049990207
-0.038182385
0.027960958
0.19421846
0.022082975
0.013472416
0.00085657224
-0.10415233
0.069009595
-0.10777484
0.1285201
0.011771179
-0.124041565
0.07382468
0.028653553
0.022010343
-0.15324119
0.031909127
-0.10254155
0.027390651
-0.0010475991
0.03826128
-0.097546116
0.004301079
0.14029516
0.008341392
-0.11829656
0.10785734
0.037017513
0.11674307
-0.025032246
0.10638988
-0.012233276
-0.17952068
0.12475733
0.056095354
-0.073969394
-0.004870798
-0.05051955
0.06746329
0.019367667
0.09367533
0.115062095
-0.12741464
-0.15584436
0.018855343
-0.015091519
0.06682892
0.004597876
0.10075084
-0.036464464
-0.019241953
0.16316237
0.057636466
-0.035158545
-0.050702915
0.011113674
0.08154699
0.05042607
0.09222225
-0.10091239
0.06205769
-0.06879022
-0.014024982
-0.09615569
-0.013271342
0.050300878
0.17115244
-0.08867119
-0.03803422
-0.064178705
0.047443476
-0.04446277
-0.10896336
-0.07047807
0.078427784
0.06594179
0.069873154
-0.011642879
0.0024775926
-0.044314362
0.04234982
0.046036415
-0.0625274
-0.012152461
-0.048734583
-0.06221009
-0.101596855
0.14215374
-0.0044648987
-0.11329631
-0.0955996
0.081847474
0.048261166
0.11044551
0.033595234
0.10352103
0.06963501
-0.011452252
0.09606221
-0.13124076
0.0807715
-0.06992319
-0.100851044
-0.13093162
-0.13335057
-0.06006118
0.070578024
-0.014144706
0.015026838
0.041759282
-0.0991576
-0.026518764
0.02971254
-0.00895252
-0.0604653
0.078434646
0.15184423
-0.14012213
-0.015096063
0.036870357
-0.05826595
0.0024978307
-0.006208362
-0.08526408
0.0016523127
0.040988345
-0.032027774
-0.14245073
-0.08906824
-0.016645906
0.06532231
-0.055908337
-0.008680734
0.12256169
0.021354131
0.081066385
-0.05442358
-0.14558595
0.03135506
0.038233653
0.034549385
-0.107081
0.030038085
0.065464966
-0.036567137
-0.046093736
-0.055365413
-0.05696764
-0.019844525
0.11575183
-0.056131527
0.046537627
0.1411533
0.048671022
-0.024230935
-0.008069781
-0.0064026075
-0.012183893
-0.03734173
-0.054430213
0.04086151
-0.062160414
-0.012454482
-0.044827085
-0.058778733
0.10424382
0.05712166
-0.06699957
-0.05405662
-0.10276515
0.09260492
0.08447708
-0.05069479
-0.08275618
-0.018404322
0.021494506
0.011392794
0.04069108
-0.031446952
0.054608345
0.018851584
0.030646453
-0.033336885
0.08996596
-0.053901635
0.073907174
-0.0011496033
0.025069388
0.052807312
-0.022948092
0.083252385
0.010655987
0.095447995
0.017224224
-0.0630917
-0.024345197
0.013704132
-0.020935742
0.023791611
0.074118026
0.114836484
0.13186115
0.04408614
0.36556447
0.2451881
-0.36000407
0.011830935
0.12584412
0.10109191
0.053845346
-0.3465161
-0.73922426
0.1092468
-0.5033422
-0.3990735
0.048533164
-0.124307156
-0.28755036
-0.35206318
-0.16653812
0.0114999935
-0.0014567634
0.4350396
0.16043034
0.1263822
0.5447986
-0.20716958
0.15456095
-0.12274571
0.020873677
-0.2701421
-0.08161072
-0.12872577
-0.0008897255
0.2837378
0.3361547
0.5145687
0.16042319
-0.0007379091
-0.12277632
-0.27205718
0.058533613
0.33130118
0.12070751
0.1901738
-0.1846766
-0.017045574
-0.06941975
0.28245664
-0.039608646
-0.25298917
-0.044994455
0.15419236
-0.33641252
0.11290653
0.08531332
-0.20666069
-0.087507896
-0.39046392
-0.304739
-0.09836689
-0.009322929
-0.044799164
-0.02506207
0.0072402693
-0.2962309
0.0077351104
0.11026006
0.15354979
-0.3888384
-0.19592708
0.57135683
-0.26772898
0.2493283
-0.053950246
-0.058574814
-0.034463838
0.1936606
0.35392225
-0.008477478
0.8901855
0.23688246
0.37393254
0.26562956
-0.09928927
-0.5418104
0.19690059
-0.3574887
-0.035246316
-0.37972423
0.16172333
0.6132961
0.048396666
0.07095504
0.26419482
-0.06775671
-0.112972856
-0.33146292
0.315831
0.17726788
-0.020379521
-0.17421451
-0.06911668
0.45993617
-0.13092603
0.80914146
0.13190037
-0.049150642
0.25829333
-0.18385655
0.3761877
0.27850515
0.010724558
-0.08008459
-0.002145722
-0.043301657
0.11059746
0.087034106
0.075107045
-0.28278953
-0.07044037
-0.48419437
-0.3583294
0.19189018
-0.253907
-0.1103385
0.04201553
0.519057
0.008295528
0.26890466
0.12644695
0.11849069
-0.07092874
0.098708555
0.08184102
-0.1419591
0.10235047
-0.032094885
0.11149555
0.006622793
0.0760863
-0.04703245
-0.011611732
-0.07972404
0.0681357
0.059045393
0.0836995
-0.014196128
-0.03236272
0.0008022744
0.15195797
0.033502027
0.14467733
0.012249367
0.0067599774
-0.093931094
0.12937109
0.22548121
-0.07241483
0.14205967
0.07696783
0.06180717
0.09766775
-0.15041885
0.0068622907
0.13446468
-0.028355667
0.04245453
-0.011371552
-0.05198254
0.057123564
0.064012796
0.07861036
-0.022751085
0.18234691
0.148594
0.027852677
-0.06737041
0.14692134
0.022268737
-0.07379603
-0.027417792
0.06724365
0.15362924
0.01665132
-0.19019434
0.14133258
-0.09402756
0.035339206
0.052493628
-0.1769034
-0.06746188
0.03296191
-0.046627875
0.04599799
-0.052731376
-0.06634453
0.03967228
-0.09961273
-0.028942753
0.09464159
-0.10737683
-0.070790395
-0.09565785
-0.16248639
-0.043771587
0.012673003
0.033988442
0.114919074
0.021700813
-0.025771897
-0.06670502
-0.016659891
-0.0125195
-0.078582734
-0.019919122
-0.09014501
-0.028330093
0.05140817
0.10347525
-0.06504487
-0.089730695
-0.09102129
-0.044037525
-0.072791934
0.006401717
-0.008809103
-0.021611478
-0.019364452
0.16822378
-0.102682434
0.09994143
0.02774663
0.11187251
-0.0059047174
0.006586012
0.0598571
0.09562963
-0.10413845
-0.07175407
-0.07621279
-0.013672388
-0.11255991
0.013935084
-0.07097655
-0.11234599
-0.12241016
0.045290872
-0.009413476
-0.06151137
0.10774943
-0.08291017
0.013427552
-0.07503832
-0.039342903
0.13753264
0.013102
-0.046816092
0.058465432
0.05072881
0.0080712605
-0.070407115
0.070842065
-0.08037825
0.055579845
-0.025668463
0.0013118825
-0.080280095
-0.09330023
0.0047537712
0.09342439
-0.05623741
-0.03328971
-0.075959206
-0.014584074
-0.10868662
-0.07946246
0.039250836
0.07202438
0.03710803
-0.043977737
0.046375256
0.11849776
-0.09713012
0.038246915
-0.08175094
0.101170756
0.06889276
0.07282652
0.038297523
-0.026535124
0.062609054
-0.015894054
0.08880802
-0.071659684
-0.021816304
0.06113781
0.09384659
-0.04884011
0.08493023
-0.02845518
-0.08748941
0.037436176
0.004053164
-0.030018467
0.0075588184
-0.053532384
0.07049396
0.01292299
-0.08301797
-0.09782542
0.07775114
0.07106021
0.10393538
-0.06759521
0.025009183
0.020566342
-0.059072997
0.11113093
0.06581322
0.11180523
0.074744165
-0.047814216
0.109522276
-0.09609115
-0.011589828
0.083884895
-0.076574095
0.06760314
0.045876645
-0.10737243
0.015632087
-0.0332805
0.030330447
0.11870044
0.120428525
-0.03295567
0.13639472
-0.074383356
-0.02840787
-0.074979365
0.07157126
0.06608411
-0.06808118
0.05660628
0.006891019
0.06866185
0.007527773
-0.009772478
0.07255314
0.01402995
0.09993042
0.09285924
-0.026896922
-0.00036740297
-0.053539243
-0.08710658
0.044679727
0.0023094118
0.10878728
0.043438487
0.060526874
0.08222027
0.0965441
-0.10259622
-0.061108883
0.10262916
-0.021482663
-0.08065916
-0.0067682494
0.10031879
0.10101532
-0.025378471
0.045239702
-0.12348488
-0.019954382
0.047102183
-0.036021497
0.12321402
0.07261449
0.029204026
-0.07419215
-0.010875351
0.15282282
0.15051593
0.021148251
-0.08071929
-0.01167857
-0.017697845
0.038775776
0.095278405
0.10712013
0.12868442
-0.017840369
0.0063429303
-0.0033413586
-0.006821137
0.09639006
0.033450548
-0.042029362
0.093859814
0.0916487
-0.06867424
0.14296775
0.047980152
-0.027296843
0.14367437
-0.049271345
0.118015334
0.031989485
-0.09730684
-0.01764533
-0.11150589
-0.046830934
-0.045756783
-0.030788563
-0.00641332
-0.11379563
0.037998024
-0.04036017
-0.17199245
-0.018039076
0.023251869
-0.007737642
0.022056205
-0.039322473
-0.078124486
0.11734115
0.10535167
0.021796923
0.05012686
-0.048718218
-0.021144997
-0.06051769
0.12513208
0.13630721
-0.03643125
0.17098264
0.10967558
0.025892446
0.002697909
0.10705354
0.098137364
-0.1029473
-0.0069734394
-0.06105611
-0.13063513
0.035388842
0.060917318
-0.07517569
-0.009278415
-0.120792456
-0.09484209
-0.10598451
-0.13370453
0.12477305
0.0014819372
-0.042920303
-0.23066689
0.03716375
0.091703646
0.051196534
0.07008303
-0.07389878
0.046239767
-0.023135709
-0.051669564
-0.03197588
0.058031965
0.10734477
-0.018224765
-0.0024757937
-0.00093193434
-0.0050716214
0.1145664
0.021672497
-0.14419296
-0.14519793
0.0920974
0.05185909
-0.012138022
-0.032344576
-0.010038337
-0.006222752
-0.027603125
-0.013261582
-0.03964474
0.002833242
0.10947624
-0.049881015
0.050152786
-0.03124885
-0.008095914
-0.14151588
0.05798637
-0.010179695
-0.020754965
0.052494586
0.089821115
0.046479754
0.091706336
0.053725358
0.092674635
0.18188342
-0.014231957
-0.050575167
-0.07381315
0.02493142
0.0106403055
0.08320177
-0.09789987
-0.064390175
0.034232493
0.0018113493
0.10989337
0.03382171
-0.04379771
-0.0655706
0.015243089
-0.10224335
0.12299999
0.023383118
-0.054579675
-0.022281183
0.0126729915
0.10047415
0.08900278
-0.012036634
-0.073754646
0.020012157
0.11889737
0.10451626
-0.090254456
0.12416899
0.0016192148
-0.04750682
0.037816387
0.04298499
0.08434435
0.017671142
0.01744693
0.0025670156
-0.18955961
-0.002016788
-0.036177192
0.0823195
-0.06967766
0.035625394
-0.024648687
-0.00083847926
0.0031315458
-0.11166479
-0.018170193
0.03892365
0.063629955
-0.06957966
0.09265051
-0.09330857
0.13865635
-0.02998402
0.1192171
0.15607916
0.1426712
0.002931226
0.1040196
-0.063403465
-0.121458866
-0.10267207
0.013882486
0.07062509
0.1465083
0.11041019
0.1096678
-0.025852336
0.10821168
-0.12040501
-0.06444975
0.12776317
0.09966416
-0.07424114
-0.044529952
0.09323707
0.04942334
-0.10574335
0.056801904
0.026661148
-0.03064217
0.02377033
0.024610657
-0.06993289
-0.030882774
0.010917603
0.019170485
-0.2002734
0.073131725
-0.05554002
-0.052626666
0.15017176
0.07538228
-0.045005843
0.04925375
0.054693107
-0.02403357
-0.052989583
-0.07573459
0.06519411
0.0631708
0.06948132
0.031712703
0.0523924
0.0051543056
0.12960048
-0.0738692
0.00018131245
-0.009873732
0.14653498
0.12361639
-0.10456441
-0.028530506
-0.12521309
0.025630651
0.100800015
-0.047619123
-0.06264722
0.0060802973
-0.08718258
0.14076163
0.05530661
-0.0829754
0.0674842
0.06941378
0.16859977
0.07570851
0.0731012
-0.09960934
-0.105017036
-0.11043926
-0.05500753
0.14041027
-0.024227045
-0.022462193
0.02350747
0.24795905
-0.07270174
0.024086723
0.16021882
0.079924464
0.15965149
-0.026358718
0.05468745
0.08731487
0.016530327
0.02399606
-0.083717875
-0.015429408
-0.05846471
0.06462309
0.13295381
-0.11881266
0.015889358
0.08910171
-0.071919166
0.08736813
0.08700311
-0.104064465
-0.03807246
0.027679339
-0.009448602
0.024015758
-0.041372564
-0.03780541
-0.059641626
0.09575253
-0.06848495
-0.022116773
-0.070730604
0.1384729
-0.008134571
0.019382508
-0.08886098
-0.06479216
0.078709155
0.019350093
0.059993707
0.1418803
0.16402477
0.044833977
-0.031802356
0.11222082
-0.014538464
0.0033973402
0.055856984
0.031365864
0.030176098
0.014430515
0.18005873
-0.13572732
-0.061091773
-0.15373178
0.110532925
-0.12008249
0.050385848
-0.18834169
-0.08963585
-0.004702574
0.041623544
0.03376622
-0.06149117
0.14753006
-0.0013382146
0.0487761
-0.11624774
-0.034287166
-0.05703104
-0.1006094
0.102275744
-0.11835038
0.06660372
0.07435017
-0.01125479
0.09146374
0.060195953
0.0029653476
0.019651627
0.028162634
0.13684782
-0.091354616
-0.07685561
0.026278155
-0.044713438
0.18301459
-0.19265342
-0.03023516
0.12724644
0.17912503
0.09019162
-0.05152345
0.16628364
0.045230787
0.17141058
0.17037457
-0.100464225
-0.0043385876
-0.053038314
-0.07209068
-0.0054196725
0.0600172
0.20924442
-0.09913516
-0.016477123
0.053731214
-0.02957947
-0.024702787
0.0075275735
-0.06759598
-0.1740542
0.039269492
0.12638026
-0.018570863
0.0045113107
-0.013325135
0.19468611
-0.04735168
-0.0087102335
-0.10999626
-0.19663778
-0.15336528
0.06626416
0.03258715
0.041001473
0.029732564
0.050387196
-0.0505677
0.08370016
0.10094634
0.045139294
0.15938233
0.124620944
-0.028379308
0.04577378
0.12186775
0.12064523
-0.008134371
-0.022346897
0.10042242
0.112899706
0.054364845
-0.017292079
-0.03444497
0.0024514422
-0.060419876
0.09941069
-0.10944118
0.032647494
-0.13119078
0.1734429
0.08655144
0.05391192
0.04135054
0.025822194
-0.13340409
-0.093024336
-0.0153969
0.023714915
0.042797655
-0.010761162
-0.07032921
-0.073863864
0.012127655
-0.026308063
-0.0063392324
0.11249575
-0.047590896
-0.05122943
-0.030942954
-0.045190692
-0.019043555
-0.009123876
0.025104577
0.08883358
-0.040763948
-0.02152898
0.08617899
0.010927359
-0.04376927
0.021797933
-0.038800772
0.0020857581
-0.06987079
0.012575252
-0.19407107
0.004773562
-0.16025501
0.06065087
0.0126168085
-0.017895442
0.062116522
0.12000868
0.06532189
0.03896374
-0.019243993
0.04154103
-0.18301924
-0.06810722
0.06576723
0.029716931
0.038118638
-0.10633215
0.044021234
-0.05715675
0.1388874
-0.10945573
-0.06303491
-0.010714446
0.1154436
-0.027228022
0.008429058
-0.14039247
0.10056756
0.12122805
-0.13824143
-0.018327616
-0.07907878
-0.059612554
-0.082921535
-0.007826113
0.15797374
0.114110954
-0.08659882
-0.007194564
0.13632952
0.11211174
6.6673114e-05
-0.101239376
0.054176696
0.07012777
0.054089803
0.10994002
-0.03635026
0.14236392
0.049704555
0.008185466
-0.1951766
-0.01909705
-0.11373157
-0.016131895
-0.10806485
0.090900406
0.12574036
-0.11770325
0.060313597
0.078534745
0.0631594
-0.12024916
0.05197407
0.011952737
0.05223248
0.06582062
-0.07797731
-0.030887598
-0.11816842
-0.107329614
-0.034261134
-0.046672612
0.19716036
0.04831266
0.10671418
0.0075583393
-0.24941778
0.07208357
0.02426213
0.17336081
0.44411454
0.24943963
0.25580037
0.39186892
-0.2593455
0.25917175
-0.062602326
-0.100389406
0.029520893
-0.14210558
-0.13303158
0.29541835
0.02363007
0.04507995
0.06878254
0.026239038
0.0008611965
-0.14763176
0.115527496
0.08530616
-0.5058828
-0.18432629
-0.0776632
0.21028335
0.1364787
-0.21200572
-0.026256148
0.074610755
-0.32311246
-0.075529374
-0.13886005
-0.09587393
-0.39304343
0.21755292
0.04885801
0.351761
-0.0802769
0.024974398
0.010671128
-0.3295556
0.0073024295
-0.08345596
0.30841544
-0.30775848
0.0347111
-0.2958019
-0.13021363
0.2279733
0.065400235
-0.16952915
-0.055235524
-0.011572551
-0.11431502
0.06896569
-0.083259344
0.010059811
0.28217545
0.06440215
-0.21662395
0.023705741
-0.054719925
-0.018204194
0.17275374
0.06462743
0.102406
-0.16631937
-0.19576481
0.061588
-0.014588077
0.15926325
0.24075264
-0.034649387
0.3404559
-0.048893813
0.3458845
0.10048971
-0.09593962
-0.016416388
-0.31081024
0.023358762
-0.10269141
0.17436735
-0.08902953
-0.23419388
-0.4073101
0.14636773
0.19465157
0.084652275
-0.15507783
-0.13532564
-0.3808308
0.11505853
0.33423227
-0.11320137
-0.31779632
0.121236816
0.20567091
0.020859143
0.086564295
0.0042688265
-0.16141361
-0.27272445
-0.0907712
0.35329264
-0.16576082
0.14682333
-0.061522353
-0.27638078
-0.18868452
0.06931242
0.26613995
-0.16841897
-0.1232247
-0.4978976
-0.050763957
-0.078336
0.14770353
0.13995185
-0.12758492
-0.019985473
-0.051776458
-0.108548775
0.07032353
-0.053824544
-0.049572207
0.1330346
0.0046770424
0.047029793
0.08740045
0.11600854
0.09810348
-0.024886701
0.0013159801
-0.1315978
0.11876546
-0.034753293
-0.033235125
0.067876786
-0.039257746
0.09321809
-0.10459174
-0.080628164
-0.15511346
0.075589314
-0.10084285
-0.07301056
-0.11446375
-0.08980955
0.11717694
0.21547519
-0.1770886
0.028034646
-0.13680044
-0.045419086
0.00022516657
-0.06163784
0.14054653
-0.04114596
0.17184857
0.029128622
0.09869758
0.019494856
-0.041957688
0.16931567
0.05065791
-0.024640005
0.02184059
0.0941728
0.0014294521
-0.026984926
-0.076594144
0.14487664
0.063222095
0.0315416
0.07531638
-0.14799479
-0.043585066
0.018661879
0.101536624
-0.03303525
0.010245398
0.06744354
0.09595765
0.02910559
0.13286106
0.044784386
-0.04009482
0.009102072
0.12305605
-0.08432724
-0.03949381
-0.043703046
0.10027706
0.025798937
0.04891917
-0.13081977
-0.10818696
0.017768195
-0.033935007
0.11057785
0.12459143
0.07415508
0.10071068
-0.068890974
-0.08444047
0.15469426
0.066753015
-0.06212885
0.10391004
0.12128525
0.07186364
0.020477582
-0.011082487
-0.13983062
-0.07792389
-0.10231207
-0.03876225
-0.03851277
0.030122211
-0.05242617
-0.014261317
0.0025562225
-0.12015612
-0.13283217
0.119552456
-0.10503373
-0.0019701575
-0.1744899
0.09404768
-0.09058249
-0.077124
0.04902296
0.021048406
-0.109805584
-0.12853561
-0.07703719
-0.111963645
-0.14353211
-0.078717165
0.047099788
0.026749235
0.14102422
0.017705202
0.020867776
-0.103464946
-0.15143843
-0.36050886
0.18024543
0.094654754
-0.0839876
-0.41277978
-0.06130519
0.076109834
-0.22834395
-0.073767856
0.034038465
-0.3720552
-0.12252829
0.21258372
-0.0134970285
-0.22265507
-0.13487618
-0.25024596
0.07328131
0.026818594
-0.046956874
-0.021925207
0.2993321
0.26600897
-0.22592703
0.03816151
0.038270243
0.012326335
-0.16905929
0.30923116
0.21993579
0.26901594
0.14645597
0.16519262
0.22857955
-0.1985076
0.053342164
-0.102376476
-0.24590354
0.04977707
-0.17339365
0.07120752
0.22534852
0.19531755
-0.07447933
0.08973773
-0.1100023
0.2816625
-0.124719135
-0.068208806
0.17472906
0.13098924
0.094227456
0.14473023
0.05100165
-0.20901467
0.42090005
0.34765157
-0.1383495
-0.023982747
0.06673907
-0.069862
-0.14145063
-0.08092396
0.08646809
-0.12351285
-0.009753746
-0.04688414
0.21293621
-0.1751827
-0.18536969
-0.10320474
0.32244572
-0.19130616
-0.04864365
-0.13955203
-0.13546486
-0.10740685
-0.083722934
0.007280449
-0.26386222
-0.053198095
0.0809045
-0.043185923
-0.19894451
-0.21576661
0.07459831
-0.011336252
-0.053949986
0.2043044
0.09737376
0.16257708
-0.2656049
0.23625833
-0.11037568
0.18598701
0.010572753
0.15175949
0.05083505
0.18415594
0.24829794
0.3659079
0.04554732
-0.25541416
0.07229941
0.35619688
-0.21196766
0.22740912
0.17254893
-0.14975266
0.14203683
0.091389194
0.2366944
-0.06229986
-0.30142432
0.2769321
-0.29486582
0.15309004
0.24535306
0.17459214
0.083079524
0.104487956
0.33888626
0.44066224
0.28137812
-0.1891284
-0.0682029
-0.031208476
-0.01666224
-0.17633566
-0.09628091
-0.0031647636
0.0025295576
0.08960977
0.14752541
-0.08172804
-0.03512895
0.06628871
-0.046858612
0.011965639
0.0656451
0.18206967
0.09446156
-0.0023665729
0.09653465
-0.14072302
-0.04788387
0.009107656
-0.10273715
0.037920423
0.03783578
-0.12790835
-0.11998062
0.011835779
-0.029457778
-0.0003389184
-0.06947018
0.20611799
0.1792932
0.08961248
0.00013864257
-0.065072216
0.02557265
0.076964624
0.13744763
-0.116542004
0.020911438
0.043707892
-0.028621813
-0.018398765
0.1317887
0.018249884
-0.013911973
-0.14653707
0.118405424
0.0046993094
-0.048952784
-0.093098626
-0.059068535
0.15842287
-0.09779595
0.0977707
0.07991315
0.15413588
-0.00044088016
0.15604725
-0.10296257
0.049480278
0.020696942
0.004147447
0.009106263
0.059825316
0.039507326
-0.15128466
-0.015230914
0.21085097
0.025769418
-0.21444857
0.034970537
-0.03487808
0.048857175
-0.05743914
-0.0058345995
-0.09753369
0.10344366
-0.102614276
0.015322608
-0.1101858
0.010534368
-0.05924827
0.09161426
0.17157978
0.040209405
-0.08764615
0.041332148
-0.12801749
0.009306625
0.104894154
-0.1403814
-0.053415596
0.12967426
-0.044785723
-0.05690814
-0.02962418
-0.0382647
-0.10549988
-0.0707215
0.04612378
0.09453864
-0.0522893
-0.023769801
-0.07953597
0.11635783
-0.005378253
0.09716535
0.020798001
-0.043572426
-0.09720067
0.0796035
0.06603352
-0.07424182
0.16040008
-0.0049776835
-0.034527343
0.13967271
0.18798836
-0.15344267
-0.13116075
0.05342258
0.065549396
0.026249912
-0.05667346
-0.05324077
-0.07100062
-0.008589139
-0.09207038
-0.028439555
-0.21205294
0.09879141
0.029898128
-0.009295447
-0.13386272
0.031956434
0.019602263
-0.17672129
-0.16058919
0.1598124
-0.17793433
-0.058059093
0.15260778
-0.02099003
-0.16733079
-0.3107288
-0.20419754
0.1801908
-0.055351723
0.12674811
0.13047574
-0.3028671
0.11328061
-0.23656592
-0.0825897
0.049197227
0.24725266
-0.082711585
0.09590717
0.07936584
0.14215681
0.24149999
0.06511825
-0.15891619
-0.10639739
0.059307266
-0.19519943
-0.059902452
0.06909374
0.10723245
-0.047162205
0.1054327
0.031857755
-0.10933332
-0.08085677
0.0018123048
0.09626547
0.072924845
-0.067350894
0.22047651
0.030211112
0.3073182
0.21874523
0.036922414
0.033354387
0.33334118
0.012475971
-0.05067171
-0.1358798
0.2619326
-0.08348935
-0.026628599
0.16107364
0.28402063
0.009970073
-0.11926955
0.03911385
-0.042814437
-0.0622548
-0.22024801
-0.17091568
0.2198751
-0.031859178
-0.0628014
-0.12257002
-0.15137307
-0.11299579
-0.21217586
-0.03587049
-0.30363733
-0.12913698
-0.059231207
0.087283835
-0.10482081
0.053058896
-0.027151056
0.09560007
0.0033700468
0.21452564
-0.14680114
0.1305221
-0.13491899
0.033393953
-0.09327436
0.24196543
0.17815255
0.038333718
-0.036928598
0.19622643
-0.027079213
0.12213408
-0.13803105
-0.28343645
0.059533685
0.09544685
-0.15483999
0.02559301
0.15204106
-0.20287997
0.13550253
0.13594122
0.0912487
0.025837546
-0.1776927
0.12023651
-0.009179283
0.24025153
0.019187307
0.24331674
0.1504352
-0.06325499
0.13292785
0.33238295
0.35781747
-0.042703714
-0.100925
-0.014909975
-0.13192658
-0.14609234
0.020798342
0.0036164264
-0.07507435
-0.3358557
0.039265174
-0.053206734
0.017343717
-0.1413295
-0.05093346
-0.36316788
-0.0024654965
-0.033590477
-0.029653614
-0.0055850064
-0.36933205
-0.45815215
0.02164535
0.0041833464
0.19861647
-0.025839059
0.16020788
0.054660264
-0.19328249
0.054521088
-0.09228339
-0.1618989
0.02069366
0.15594408
0.08271333
0.31415737
0.16372982
0.024696931
0.11369704
-0.09335612
0.117499545
-0.07518648
-0.103656635
0.08450865
-0.026164776
0.07605046
0.18646201
0.29056668
0.06928342
0.107373424
-0.15672496
0.08782581
-0.18375888
0.13159607
0.30153194
-0.008733837
-0.071746305
-0.119016595
-0.04162273
0.12133995
0.18009864
-0.11391173
-0.27938277
-0.09425608
0.0077830246
-0.025115242
-0.065564446
-0.11202784
0.12023841
-0.11277158
0.06461089
-0.14557993
-0.06383017
-0.12720484
0.037211742
0.2008204
0.1242847
-0.17070901
-0.095426425
0.058439676
0.061031632
0.0035359974
-0.13901132
0.009302945
-0.01200027
-0.1701475
0.15738411
-0.055703517
0.094800584
-0.070084214
0.022923928
0.006750129
0.1808906
0.3233421
0.08326301
-0.015904196
-0.33946738
0.114647165
0.01450654
0.08204586
0.11715849
0.012303082
-0.06981508
0.17736894
0.049200203
0.20081541
-0.07101393
-0.075579174
0.13557225
0.18738914
0.023821421
0.09423933
0.008978101
-0.14944145
-0.085546665
-0.05929661
0.10734963
0.0648637
-0.29880726
0.03832664
-0.20559189
0.21704218
0.14524694
0.18529867
0.13456255
-0.016664166
0.21343361
0.1435581
0.099319674
-0.1153939
0.10382516
0.09029312
0.0009975778
0.013710147
-0.058564093
-0.047763895
-0.048220366
-0.101469256
0.0063412604
-0.111869164
0.01792209
-0.043905452
-0.0071278787
-0.19117616
0.066277966
0.095730595
0.11782492
0.031581827
0.09053297
-0.046912298
-0.042968206
0.100554995
0.050226156
0.11342662
0.08367708
0.040395454
0.04536956
0.036580816
-0.030821493
0.0370956
-0.12588657
0.0037943972
-0.08092737
-0.02017058
0.07209793
0.0795506
0.019147135
-0.106340535
-0.12344257
-0.047569238
-0.03144073
0.06417699
-0.021391544
-0.08994153
0.04551799
-0.14904962
-0.035274405
0.019068426
0.039881617
-0.10490827
0.11236095
-0.08703937
0.07909523
-0.15479796
0.08948015
0.08913643
0.11624591
-0.042532958
0.13520443
0.0018644695
0.01033321
-0.045732737
-0.045677308
-0.17950217
0.00602123
-0.008035219
-0.054995842
-0.016980993
0.09549028
-0.08304066
-0.091824435
-0.00057268573
-0.12277747
-0.10819876
-0.074030496
-0.15879291
-0.073532134
-0.1127096
-0.041419122
-0.071037546
0.10300305
-0.022454843
-0.0076016365
0.08776884
0.103393696
0.106451854
0.023793986
-0.08417132
0.19759765
0.054559324
-0.038690373
0.02261095
-0.13309309
-0.038305994
-0.03474838
0.11382239
-0.023498865
-0.13059802
0.13435207
-0.060065243
0.026197027
0.08982086
-0.06700397
0.11680907
0.013889133
-0.12022927
-0.0062344293
-0.10242876
0.072516836
0.0071152598
-0.013566063
-0.021277858
0.10655862
-0.035552796
0.11807282
-0.10157067
-0.062948965
0.044254843
-0.103389844
0.033715263
-0.02895885
0.11825868
0.065789424
-0.04902356
-0.080947526
-0.038943402
0.006900741
0.02859819
-0.07839672
0.07204271
-0.04211625
0.06403567
-0.07981965
-0.01831091
-0.0274378
0.15423582
0.1850123
-0.023677222
0.044673044
0.097511135
0.038333956
0.044488244
0.036198013
-0.07888281
0.09732027
0.08520063
0.15977423
0.05027226
-0.07059274
0.019883582
0.08463382
0.035318427
0.034937035
-0.045228254
0.1016237
-0.022012647
0.021615751
0.12663572
0.049183704
0.08120547
0.021072214
-0.03701985
-0.0702716
0.10030599
0.049300734
-0.11400834
-0.068320476
-0.12190681
0.024313606
-0.033619788
0.118809655
-0.049774274
-0.050660383
-0.15292515
-0.011808474
-0.043401327
0.024795078
-0.08553501
-0.057597347
-0.038809184
-0.18776314
0.007437281
-0.0769874
-0.08523312
0.080894224
-0.01645841
-0.053210855
-0.1194403
-0.07927889
-0.019826684
-0.08788606
-0.14281037
0.043497767
0.01547312
-0.072656006
-0.04681312
0.00853898
0.07370459
-0.14252944
-0.13970983
0.05764151
-0.079761125
-0.0052029067
0.037972447
-0.089720555
0.07950934
-0.116870105
-0.12103225
0.043825533
-0.045806315
-0.020283137
0.06903508
0.05204816
0.07887629
0.042726196
0.14858066
0.11717729
-0.06540725
-0.11593976
0.034542747
0.00052523625
0.08194894
0.14520782
-0.002910549
-0.104729064
-0.089578025
-0.10159173
0.04338407
0.022893246
0.008103011
0.09360913
-0.11844775
-0.073323786
0.070500486
0.08646037
-0.08274399
-0.105844714
-0.13414164
0.051674668
-0.044680387
-0.035921555
0.09321187
-0.13450746
-0.044676997
0.04675345
0.06914992
-0.056548826
0.05692851
-0.017853267
-0.10986357
0.06683749
0.11974119
-0.07964926
0.013101871
0.056912273
-0.01573612
0.09852944
0.017952997
-0.113012224
-0.20173894
0.14939597
0.049758628
0.02204576
-0.016688429
0.06240521
-0.019880071
-0.105518535
0.08815794
0.017775599
-0.02710112
0.15027659
0.04198939
0.014559997
-0.014782966
-0.018916523
0.0017764886
0.087016694
-0.047060415
0.09499984
0.057299517
-0.06669603
0.030818222
0.016346587
-0.03111027
-0.10300255
0.04019326
0.08479274
-0.021083672
0.08142791
0.16107886
0.02348449
0.08797383
0.014063199
-0.0030800868
0.056763448
-0.02976882
-0.057721253
0.0712829
-0.09587215
0.0272378
0.022445442
-0.124848716
0.09015174
0.07153252
0.017891407
0.022743344
-0.0455662
0.02093321
0.037529048
-0.15418428
0.0020459106
0.0063297413
0.1501898
0.048091803
0.13049117
-0.04399212
-0.037934802
0.0884001
-0.02190686
-0.09026862
0.025343938
0.0015994537
0.025113562
-0.008737675
0.086609915
0.10079146
0.05228794
-0.055332266
-0.051900465
0.059260618
-0.05516981
0.061900865
-0.039354917
0.05136817
-0.12353689
-0.12264345
0.065164834
0.08786804
-0.028194215
-0.048845436
-0.1274462
-0.0034926787
-0.12021372
-0.06794198
0.067345396
0.07298659
-0.11721335
-0.058665898
0.016269673
0.11730843
-0.053202476
0.086117305
-0.00805863
-0.03311142
0.0864819
0.03719635
0.022332432
0.13053724
0.04648613
0.06872212
-0.0836464
0.034438238
-0.048094064
-0.013906607
-0.053987093
0.0138281975
0.019687673
0.0645736
0.021487197
-0.05148804
0.104260884
0.054141182
-0.06923197
0.064789794
-0.13417509
0.031769913
0.03569511
-0.06777672
0.009382886
-0.044182584
0.022419997
-0.040437654
0.12222129
-0.06120138
0.024002634
-0.0441595
0.094504096
0.03229925
-0.034207504
0.0072582997
-0.09004292
0.025266813
0.055239383
-0.038079806
0.07511766
0.032027714
-0.0005481508
-0.0028197498
0.026411535
0.079739
0.038237344
0.08532718
0.10029998
-0.0035566692
0.051333334
-0.07287642
-0.032762785
0.01832458
0.019816084
0.08286183
0.15487918
-0.061722018
0.008996815
-0.0826106
-0.09929279
-0.09895899
-0.018509282
-0.06482072
-0.07860423
-0.07629422
0.022993542
0.05827646
-0.12114379
-0.054871306
0.12988521
0.054919634
-0.040166397
0.055931002
-0.074589014
-0.03845932
0.028657751
-0.07396565
-0.054658283
-0.060306136
0.09602138
0.045085605
-0.049738508
-0.11077748
-0.03721696
-0.07505458
0.11614893
-0.071551085
-0.033446405
0.03849311
-0.030563839
0.09942171
-0.02375995
-0.04994325
0.11401144
0.11155601
0.058909114
0.11337031
0.10593227
0.041095298
-0.11393157
-0.07713776
-0.0072089336
0.060727745
-0.053029075
0.031285025
0.056116156
-0.060948882
0.09954007
0.0818949
0.14150877
-0.049678855
0.0524501
-0.052799217
-0.06864313
0.06655233
-0.0010513169
0.09214712
0.08367646
-0.007116329
-0.10724771
-0.013265394
0.06929872
0.034627296
-0.07395513
-0.101262465
0.0016108415
0.016611958
-0.07023542
-0.048025902
-0.042018384
-0.028570531
0.036569178
0.016319744
-0.026238423
-0.12915812
0.07635049
0.027179938
-0.011289973
0.0008032961
-0.071094446
-0.019334598
-0.12647066
-0.05260121
0.052884
0.033974864
-0.06493706
-0.05963235
-0.015079678
0.080210425
-0.06708164
-0.06982015
-0.04345287
-0.070235774
-0.009365607
-0.05009243
-0.07655862
0.39612058
0.11809126
0.22173402
0.33759797
0.62448657
-0.28301364
0.06521535
0.120531715
0.8325704
0.6785612
0.11804676
0.38624224
0.402003
-0.08922858
0.83461356
0.72616
-0.60825026
0.2285651
0.4513621
0.6762946
0.6740672
-0.17155215
-0.008524877
-0.2855671
0.036151137
-0.1135009
-0.07802472
-0.17705722
-0.1822136
0.31535932
0.16740553
0.23991588
-0.737734
-0.3836707
-0.5965572
-0.19651246
-0.3944858
-0.34080875
0.4316053
-0.015008151
0.38097626
0.25279576
-0.023367563
0.1833056
-0.1358174
-0.3437235
-0.74772525
-0.085587606
0.08802795
0.1844741
-0.3585283
0.52117026
-0.14630152
-0.55293643
0.022163749
0.2890088
0.20715332
-0.24980223
0.19159733
-0.7416818
-0.53388375
0.45969504
0.04476392
-0.15353042
0.2659477
0.42617297
0.020776652
-0.44338843
-0.026644934
-0.21240048
0.7860515
-0.14108078
-0.017619887
0.39565802
-0.17451482
-0.34716365
0.19701485
0.17218617
-0.122011244
0.21464077
-0.06610072
0.19522434
-0.1396495
1.1999927
0.5224139
-0.04793843
0.44634533
0.20996219
1.1722889
-0.50842035
-0.15913397
0.014572754
-0.29830042
-0.13458335
-0.28813457
0.508292
-0.2328744
-0.01820269
-0.10704288
-0.3729925
-0.2575525
0.48574194
-0.3440151
-0.3049224
-0.763704
0.23866126
0.4547007
-0.21398935
-0.5175087
0.039741803
-0.51375645
-0.38765436
0.29577875
-0.23866482
0.12198109
-0.62355596
0.04682714
0.97580564
-0.41490167
0.3949492
-0.36994657
-0.38422203
-0.5687241
-0.033643257
-0.07678388
-0.25638634
-0.9789529
-0.48831335
-0.06847844
-0.053239763
-0.08040203
0.032479577
-0.08349607
0.17525947
-0.06792607
0.121547155
0.028944235
0.045817465
0.11013328
0.05041357
-0.10324847
-0.0017217151
-0.0546867
0.072208904
0.04102846
-0.10152298
0.09404822
0.042634934
0.020916983
0.009225127
0.13762458
-0.034159597
0.06504599
0.07484167
0.08074961
-0.08907321
0.007269051
0.082338385
-0.03793219
-0.040964883
0.15238531
0.082603015
0.026758326
-0.085932046
-0.050115455
0.12236022
0.04098722
-0.030118482
-0.021922195
0.11454321
-0.062087063
-0.04178141
0.01059184
-0.06406729
0.031144036
0.09451832
-0.19302246
-0.0951173
0.109215766
-0.040820226
0.03176352
0.1374143
0.0058816364
0.11521145
0.08613748
0.028805733
-0.15414827
-0.010096358
0.002634928
-0.018427433
0.08764648
-0.00774028
0.024723597
0.066321194
-0.039601874
-0.010717732
-0.061043464
0.051896967
0.109689735
0.04469325
-0.27179265
0.015934177
-0.1346766
0.06862406
-0.033036467
0.04036951
0.10763397
0.12675345
0.000776227
0.07219439
0.03305181
0.15290654
-0.037435304
-0.044251774
0.05676483
0.100245394
-0.017347192
0.048758153
-0.19282116
-0.1076802
-0.004487039
0.1250689
0.01572546
0.09100491
0.052534167
-0.045478277
0.10782564
0.08891227
-0.03982023
-0.032460388
-0.010341627
-0.075847946
0.09579151
0.042278353
0.081810966
0.06728297
0.007142477
-0.029823681
0.047994655
0.07857546
-0.02050499
-0.017063992
0.040563416
0.021649333
-0.03761656
-0.014696346
0.0896892
0.04893013
0.124912076
0.011946721
0.14443865
0.034770522
-0.0056767953
-0.05188118
0.13768615
0.10021623
-0.07799251
0.058140315
-0.097908065
0.09867965
0.055060998
0.058300186
-0.03997475
-0.106532656
-0.08935946
-0.0027477003
-0.09030613
0.11173445
0.09734896
-0.09927912
0.12335594
-0.005851483
0.052680768
0.09799139
-0.053531986
0.06701039
-0.03421335
-0.060784843
0.051651742
0.11226654
0.089633845
-0.012155267
-0.044920594
0.09687708
0.08080455
0.1173553
-0.033780422
-0.10182843
-0.0032008442
0.00017647074
-0.017906679
0.103000015
0.030623358
-0.10036923
-0.09115703
0.084250994
-0.015397273
0.08505429
0.036198154
-0.022342378
0.010738767
-0.059861604
0.11592394
-0.018783763
-0.07784576
0.11769812
-0.07620552
-0.034494225
0.10864441
0.12017327
0.050876994
0.04869838
-0.059756413
-0.09297388
0.124089934
0.031412013
0.05094165
-0.067117535
0.115087695
0.0034459482
0.048145443
-0.08130297
-0.06523171
0.094589174
0.0037657558
-0.10422009
0.018317051
0.008431814
-0.0351826
-0.09157206
0.028974846
0.13311356
-0.010703203
-0.06293737
-0.07130565
0.11388521
-0.08376124
-0.011821638
0.06439527
0.055642154
0.098831914
-0.024984187
-0.013673503
-0.055872217
0.061298493
-0.06507164
-0.06738567
0.1261652
-0.076262884
-0.08338904
-0.018677555
-0.045713075
0.05511211
0.07843357
0.111103155
0.08500335
0.0056397156
0.111725815
0.09330102
-0.07708539
-0.10747378
0.075180866
-0.0043495335
0.1418905
-0.010698864
0.08679714
-0.04766238
0.051539
0.11315863
0.031367823
-0.0827365
0.06047347
0.059185065
-0.062472302
-0.0040108436
0.08416736
-0.06489002
-0.0075215627
-0.08227673
0.08892268
0.093589306
-0.010796701
0.085048795
-0.005470824
-0.04394796
0.12304243
0.09770305
-0.05752427
-0.108614765
-0.06836672
-0.015145045
0.058053818
-0.05730961
0.09103928
-0.19898427
0.10772739
-0.022908408
-0.08169194
0.038172077
0.019570626
0.13913432
0.027582861
0.11569614
-0.10115694
0.12107841
-0.08614208
-0.02239166
0.11042601
-0.09362337
-0.0115241455
-0.0031980975
0.071448244
-0.012733186
-0.08673024
0.11055221
0.055923373
0.00585184
-0.0003913539
0.09421992
-0.05445562
-0.017762484
0.08433683
-0.0047261817
0.015623429
-0.025337324
0.11279509
0.059597705
0.132515
-0.043727335
0.07800407
-0.089557074
0.03600105
-0.06071238
-0.015197678
-0.059233382
9.315348e-05
-0.13071439
0.12117197
0.08857797
0.073068656
-0.09127193
0.17243376
0.14772156
-0.02779923
0.012338602
0.12088046
-0.06870216
0.048612148
-0.12574361
-0.0391916
-0.014137186
-0.05716998
0.07658638
0.009291451
0.015890623
0.04266638
-0.07795087
0.04103983
0.075640865
-0.07697473
0.13881679
0.031360846
0.07963812
0.042592272
0.014789841
-0.100178406
-0.0041619027
0.01157326
0.07958739
0.11940765
-0.10848591
0.06880321
0.09081729
-0.076019615
0.069170386
-0.053023286
0.09710588
0.068635516
-0.087689824
-0.11263308
-0.0855197
-0.12569223
0.08432636
0.061370898
0.08386812
-0.041543234
-0.004921228
0.027705215
0.02406083
-0.095285445
0.017392943
0.013862686
0.00045558438
-0.05777256
0.10033384
0.05577211
-0.056719307
-0.022796897
-0.027889555
-0.017029328
0.08599887
0.092222184
-0.025889989
0.043225158
0.045590937
0.039368276
0.014642225
-0.12225112
0.018591883
0.041045975
-0.060372185
0.06401676
-0.06260307
-0.09514069
0.08118527
0.022680359
0.08543961
0.031010361
0.09528179
-0.0025470103
-0.10254879
-0.018750152
-0.15144444
-0.03672802
-0.01695526
-0.15210119
-0.072975926
0.023855072
0.069997214
0.08562883
0.042518903
0.030205518
-0.015797636
-0.050121624
-0.060108233
-0.057657905
-0.07994993
-0.02466208
0.002919417
0.062301945
-0.10806533
-0.001558635
-0.07179254
0.043468606
0.00516389
-0.006102775
-0.059423286
0.09944917
0.124772646
-0.042428397
-0.110263065
-0.05932371
0.09000829
0.022056874
-0.0711336
-0.019025205
0.013519237
-0.053740848
-0.056433
-0.018673941
0.089333646
-0.06736839
-0.07992148
-0.0956956
-0.11979283
-0.0059504774
0.111052044
0.0010025585
0.03512687
-0.05057824
0.060368445
-0.007971385
0.027620591
0.036685143
-0.067000985
0.059551604
-0.08135769
0.01983215
-0.034001965
0.0038304531
-0.056926284
-0.034840662
0.10516857
0.11296746
0.031159608
-0.06746757
-0.11992418
0.07085421
0.08902086
0.0561133
0.053822014
-0.028454423
0.11844854
0.09597061
-0.05069362
-0.07682377
-0.030634345
0.03436343
0.060162168
-0.014961889
0.049732897
-0.033009842
-0.12678553
0.0057883784
-0.048230898
-0.005488201
-0.005682941
-0.07101168
-0.022432974
0.16388898
0.018120743
-0.061574277
0.06783743
-0.040086173
-0.027765589
0.018663898
-0.0128557
0.008683452
0.058507394
-0.11688834
-0.050786063
0.118245855
-0.031678468
0.13640112
-0.010857631
-0.022177603
-0.041860506
0.12142673
-0.014869137
0.103185534
0.12104272
0.030297993
0.08819341
-0.022430975
-0.07792749
0.027419707
0.1627928
-0.04833088
0.019604508
0.027071584
-0.024799265
0.107319236
-0.07148993
0.13753915
0.22055252
0.012681086
-0.004384912
-0.035590217
0.1224459
0.053121503
-0.057131257
-0.062088504
-0.04342937
0.046444047
0.039017297
-0.054679926
0.024736367
8.610521e-05
0.1612084
0.024138624
0.115286835
0.013669993
0.16014138
-0.05549685
-0.17693804
-0.030197857
0.046810202
-0.00069388055
-0.31184524
0.01982265
-0.008336778
0.10527597
0.025939217
-0.12675552
0.01661066
-0.045014583
0.035190493
0.12038433
0.039357923
0.000100808065
0.09339885
0.012738799
0.028006634
-0.05122317
-0.17121714
-0.020820342
-0.08794069
0.026172223
0.012227998
0.15892228
-0.08068563
0.013414272
-0.018335639
0.0914899
-0.012093516
-0.051102217
0.04455869
-0.08791162
-0.06311466
-0.00022525643
-0.093518406
0.020664534
0.048977304
0.022673022
0.13519703
-0.042652406
0.1285533
-0.10589083
-0.09300241
-0.028645324
-0.12174583
0.1139481
0.07684973
0.1427285
0.18397802
0.027239785
0.1323364
0.077420935
-0.0020574697
0.06972952
-0.0672882
-0.08811708
0.1612976
-0.014096103
0.0079491325
-0.1018694
-0.136285
-0.021363715
0.0015830332
-0.04645821
0.056280185
0.14674456
0.0029991088
0.014788381
0.03975025
-0.10231853
0.11371053
0.13594227
0.2089633
-0.020841435
-0.019420445
0.12533365
0.04049227
0.09306385
-0.09373152
0.029170983
0.031321716
-0.09270044
-0.011108854
0.14209393
-0.042853717
-0.026677785
0.13371314
0.026126428
0.05978207
-0.08744935
-0.013263486
0.08817183
0.012743113
0.0871244
0.11941079
0.008037405
-0.041056085
-0.10676448
-0.17273648
0.09491681
0.08854168
0.14741087
-0.026150163
0.0044297935
0.026081631
-0.005562609
-0.029828137
0.070035934
0.037673097
-0.07280608
-0.06510913
0.05385974
-0.10037329
-0.039853606
0.089165404
0.0754605
0.06690401
-0.09039211
-0.104016975
-0.0037528651
-0.04512544
0.062601894
0.13481447
0.108606674
-0.1247345
0.08253021
0.10372696
0.14285699
-0.07671063
0.07448808
0.029479068
-0.00435114
-0.089656726
0.091072656
0.1269895
-0.017462624
0.11120488
0.0345814
0.07455025
-0.042544883
0.05930548
-0.09888622
0.01222351
0.10288991
0.06801252
-0.02342066
-0.0677837
-0.061449587
-0.085884675
0.09823802
0.07548802
0.084456995
-0.08277992
0.05044246
-0.011017352
0.06136027
-0.1560361
-0.084543504
0.028943568
0.039950617
-0.059390195
-0.07846729
0.02149717
0.050105285
-0.0022331842
0.1175344
0.029365646
-0.05504262
-0.037767563
-0.014671577
-0.038009357
-0.019504452
-0.03384955
0.045459118
0.034396645
-0.10361285
-0.024412759
-0.008814412
-0.015095547
0.06970512
0.0045891292
0.14062576
0.0072234725
0.08783843
-0.06439704
-0.086072914
-0.09074058
0.028233042
0.09653913
-0.041813735
-0.05616136
0.009231296
-0.08592859
0.0316161
-0.10366134
-0.0389562
0.08948833
-0.068957
0.161775
0.041225497
-0.042894304
-0.08891264
0.091296434
-0.047081195
0.058786772
0.11643976
0.07498528
0.08537804
0.038066745
-0.07260326
-0.0819428
0.06519703
0.004300908
-0.03128765
0.12174297
-0.10022839
0.0017458943
-0.06857909
0.10023031
-0.09027037
-0.052201662
0.03775772
0.094710186
-0.013249689
0.12960285
0.1734227
0.16032788
-0.0636023
0.07769375
0.15658318
-0.09446858
-0.30732307
-0.26317045
-0.20502143
-0.1625572
0.08404064
0.1279411
-0.08037569
-0.05375111
0.0561044
-0.046114564
-0.26943406
-0.21774542
-0.19749513
0.02185238
0.111610204
0.24123494
0.12949641
0.21048775
-0.046680097
-0.017831834
-0.050763737
0.43463388
0.14517026
-0.16815417
0.21767603
0.078702144
-0.08540299
-0.11999913
-0.18530147
0.10184244
0.2524656
0.09098185
0.050072607
0.010643973
-0.23081245
-0.13701989
-0.024619903
0.20398429
-0.16542304
-0.40734318
0.11635398
-0.12173839
0.22819224
-0.25598577
0.044905607
-0.07313814
0.07390684
-0.13623002
0.089502566
-0.12789199
-0.17360932
-0.11516935
-0.04135736
0.1627804
-0.023003725
0.25423482
0.076024555
-0.11895093
0.2546821
0.039197896
0.06345579
-0.22328368
-0.06491399
-0.022384081
0.085297935
0.010791123
0.03764539
0.17380048
0.21015495
0.03157851
0.17430916
-0.14928174
0.09295621
0.009420188
-0.1164421
0.14940116
0.052556336
0.08638871
0.30141747
0.17280915
-0.13929501
0.12840484
-0.20915706
-0.087502874
0.34359762
-0.25214767
0.21749109
-0.20311892
-0.015230315
0.116667196
-0.2681434
0.14719632
-0.09476161
-0.14706585
-0.24063298
-0.16391851
-0.19429621
0.29541722
0.16014627
0.09352016
-0.014634093
-0.23337296
-0.25448722
0.26988512
-0.22005266
-0.3134888
-0.15983996
-0.2977116
-0.026192198
0.37919107
0.10353931
0.1854626
-0.021615585
0.17429832
-0.18159132
-0.20256631
-0.03415645
0.0774635
-0.01501113
0.054990094
-0.04521756
-0.15795437
-0.22701375
-0.044332977
0.046326358
0.26600158
-0.4344143
0.06997163
-0.04016861
0.34966534
-0.08878889
-0.11689195
-0.019951263
0.1589696
-0.21053939
0.07824193
0.014707541
-0.0050890613
0.0016232185
-0.12327518
-0.050082125
0.14485925
0.132151
0.06670836
-0.11649715
0.0077641746
0.18366115
0.05882276
-0.13332443
-0.05231307
0.032981128
-0.05638298
0.15138078
0.025178988
0.16149274
0.06718194
-0.075021535
-0.050619066
0.090090364
0.11992606
-0.18183497
0.09233689
0.05191109
0.12961057
0.054497007
0.048310965
0.06397923
-0.101034336
0.18306406
0.077359326
0.07546065
-0.002515811
-0.019912815
0.1399686
-0.16335034
0.06305967
0.07984841
-0.029494846
0.058187794
-0.13398612
-0.055233605
0.05326938
0.10243911
-0.0716121
-0.022063507
0.11568845
0.11767113
0.059851825
-0.0021632302
-0.06429437
-0.05076326
0.030195164
-0.033059943
-0.023266412
-0.06375263
0.12552826
-0.08160396
-0.0023084872
-0.056923866
-0.029304037
0.08780705
0.04324255
-0.046077635
0.18608457
-0.054463707
0.10764962
0.26320088
-0.010063256
0.029463902
0.022518625
-0.12544408
0.17962748
0.09768352
0.03408729
-0.029158937
-0.0033111337
-0.06650624
-0.115433
-0.13986063
-0.023228759
0.084890395
0.010806385
0.091069296
0.047386006
0.1204203
0.22198409
-0.19032116
-0.043796204
-0.03606924
-0.012853669
0.049386762
0.01602258
0.02815187
0.074990965
-0.08743366
-0.0627069
0.10084808
-0.046267543
-0.10644732
-0.060607802
-0.097584754
0.13651042
-0.14964405
0.10356621
0.06800207
0.09572601
0.15595281
-0.12862986
-0.0275403
0.03403713
-0.13804805
-0.11147902
0.06510984
0.09662382
-0.03833951
-0.14485247
0.20375745
0.15196466
0.21474181
-0.098644085
-0.10684782
0.0027130751
0.030583913
-0.18027507
0.08074142
-0.078659266
-0.12204255
-0.039990623
-0.14825247
0.007730312
-0.148056
0.22442171
-0.17756063
-0.030233584
0.07199016
0.13896792
0.039548296
-0.046305597
0.013086129
0.26375407
0.24759333
0.03416133
0.06341579
0.15858476
0.070431076
-0.010533467
-0.2619595
0.110658504
-0.050513517
-0.18080568
0.20094362
0.17251062
0.026698435
-0.08655244
-0.0486757
0.13562562
-0.20665838
0.064313695
-0.022159798
-0.032554574
-0.06624273
0.01098045
-0.1594145
0.23502761
-0.057557125
0.11239014
-0.025368737
-0.08030726
-0.26128855
-0.081294924
-0.12829201
-0.066105306
-0.2666298
-0.0687542
-0.05678628
-0.055388402
-0.1187461
0.18746966
-0.20991462
0.12321279
0.11028763
-0.10503879
-0.30219224
-0.14290407
-0.20070738
0.2299073
-0.07904564
0.030749422
-0.045884676
0.067418836
0.33161902
0.008772453
0.06596276
0.062777154
0.09686137
-0.21167974
0.10475612
0.0012838709
0.03650857
0.036292247
-0.3999301
0.38813552
-0.14106745
-0.0937453
-0.1904204
0.12078488
-0.03812973
-0.41925558
0.08275266
0.3491136
0.15843403
0.2838423
0.12118692
0.050405312
0.107729934
0.10858324
-0.09756657
-0.07549323
0.18673514
-0.13933522
0.30831832
0.11390914
0.019494908
0.033710252
0.027773036
0.1279199
-0.30988055
0.15165854
0.11273263
0.099336654
0.11402644
0.014354837
0.34351152
-0.17089829
-0.10218104
-0.17188075
0.058826014
0.010785597
-0.026773483
-0.2260096
0.020897288
0.12512885
0.16783948
-0.061207384
0.013890327
0.011037919
-0.04930662
0.0034691424
-0.04131564
-0.06879093
0.034999937
0.06578886
-0.13160537
0.055241898
0.107516155
-0.09850188
-0.15890774
0.008015185
0.07352656
-0.014319449
-0.02992269
0.023865722
-0.0054245614
-0.02676936
0.11568641
0.061898373
-0.09585584
0.04890217
0.043726154
-0.13381624
0.09307173
-0.02480612
-0.041535333
-0.097197525
0.07718938
-0.070731
-0.039492752
0.10846952
0.00887885
-0.03969396
-0.09863986
-0.12683682
-0.04997256
0.12191008
-0.06227463
-0.03076437
0.06641858
-0.106305845
-0.038748436
0.022031369
-0.057712503
0.06365646
0.08037231
0.17651442
-0.07911108
-0.13731165
-0.027621971
-0.078271754
-0.10705008
-0.06197089
0.1898138
-0.12037499
0.030135017
-0.059873506
-0.12079056
0.1532676
-0.05517892
0.0326369
-0.083288275
-0.084924966
-0.044081513
0.04037892
-0.04717205
-0.0032698691
-0.06566129
-0.03412437
0.002147238
-0.066502444
0.025520068
-0.09780386
0.090293325
0.06922321
0.09557296
0.08776025
-0.03243595
0.10387536
0.046464458
0.054448165
0.06984075
-0.044770975
-0.012526906
0.058776
-0.08615392
0.0147086205
0.05996594
-0.0011663632
0.02516574
-0.017434373
-0.014299891
0.13124137
0.13610724
0.17109495
-0.10743431
-0.030556204
0.12158288
-0.08497048
0.0011499417
-0.12070959
0.0034449184
0.13404846
0.0050936486
0.09058432
0.0764049
-0.043912
0.018310208
0.03652203
-0.001156141
0.019755108
-0.02042355
-0.068385385
0.06241905
0.02043398
-0.021235427
-0.012622624
0.13832736
0.06673264
0.037945747
-0.024219694
0.037384324
0.05297918
0.09608791
0.08217537
0.11560889
0.12895179
0.2346741
0.078581475
-0.028787207
-0.027896263
0.10867117
-0.1655476
0.0973594
-0.11387158
0.031044392
-0.1275854
0.028114876
-0.041892376
-0.20791537
0.32775804
-0.10969332
-0.11450362
0.21463643
0.06698985
-0.02735347
-0.05253131
-0.170426
0.24976411
0.13430011
-0.059991546
0.1576157
0.29931274
0.08356085
-0.06276582
-0.22691673
0.007492006
-0.16905148
0.0029240183
-0.05732101
0.10877458
0.063944384
-0.057857092
0.013469649
0.30638063
-0.0057473388
0.090818554
-0.18404333
0.07322947
-0.11372871
-0.10223611
-0.10996195
0.24137932
-0.037572328
-0.12220461
-0.14405765
-0.038940933
-0.20460896
-0.20960094
-0.09619171
0.28704265
-0.2539339
-0.04692327
-0.03833625
0.11838799
-0.060300443
0.23357645
-0.13874173
0.031118741
0.011042804
0.027200993
-0.2090759
-0.114133745
-0.050480723
0.15583992
-0.21638511
-0.091624714
-0.086196005
0.2845631
0.24295627
0.027161505
-0.061838362
-0.087434284
-0.14548258
-0.24877363
-0.06642946
0.29966682
-0.005274643
0.05962708
-0.42155832
0.35888323
-0.1163808
-0.053022563
-0.06904544
-0.005685227
0.11897139
-0.39653736
0.037035216
0.3247742
0.08731633
0.030993385
0.21097724
0.10230334
0.2545432
0.15286267
-0.05283878
0.0861213
0.13682689
-0.03490794
0.16950637
0.15781343
0.07226032
-0.0069207335
0.095722534
-0.096471526
-0.26968405
0.17707938
0.07371322
0.06336093
0.14986306
0.07522994
0.35101533
0.0641179
0.03517335
-0.24931465
0.109244585
-0.18249579
-0.18066868
-0.0641579
-0.037017394
-0.012628247
0.12874854
0.05378116
0.012812986
0.07413611
0.31791526
0.062439293
-0.11176892
0.052178048
-0.19034532
-0.18544355
0.005145764
-0.22792198
-0.09118916
0.07702889
-0.048251018
0.078874014
-0.13395517
-0.08092838
0.07598326
-0.05129241
0.100738674
0.024261994
-0.17118616
-0.096961066
-0.18748832
0.19499107
-0.05559725
0.16742216
0.26864186
-0.0030310263
-0.11244083
0.078335114
-0.1647662
0.16688421
-0.11461718
0.011114295
-0.1188703
0.032122795
-0.022009348
-0.21260682
-0.015743779
0.08182902
-0.1010925
0.065129675
-0.21293695
-0.00977536
-0.13322544
-0.036968794
-0.10932915
-0.045848172
0.055188492
0.014688142
-0.08539315
-0.048337832
-0.19155608
-0.12753914
0.11094573
0.16559432
-0.19961245
-0.19382672
-0.17101128
0.05271697
0.08681005
0.21648897
-0.15079248
0.08601936
0.09789318
-0.17393972
-0.1168087
-0.04137737
-0.063100405
0.2267917
-0.08899171
-0.040376782
0.0015118591
0.121707104
0.23670368
0.06873862
-0.059919704
0.072406106
-0.02720232
-0.070470236
0.08500427
0.15674295
0.27149922
-0.013463596
-0.38002765
0.21690586
-0.012643815
-0.2477973
-0.09953803
-0.016808642
-0.005236092
-0.49384457
-0.07742572
0.18169737
0.041274253
-0.020034868
0.22547753
-0.000840353
0.18614693
0.17686746
-0.07409586
-0.105637744
0.077426195
0.003887472
0.33314344
0.21239544
0.22887197
-0.07545294
-0.10700295
0.15059613
-0.32975423
0.07254007
0.06967532
0.17402236
0.27670303
0.06812232
0.3891157
-0.11839896
-0.16817857
-0.19278723
0.12789492
-0.010394009
-0.0635559
0.06276753
-0.011168962
0.051721502
0.31581828
-0.038458697
0.07345508
0.0007977219
-0.09169507
-0.13251399
-0.04093653
-0.096432574
0.016222145
-0.03381833
0.09442078
0.07162082
-0.06833859
-0.05964263
0.12179679
-0.10360403
0.05570373
-0.01066093
-0.12178403
-0.0023133578
0.01719079
-0.054011498
0.09031826
-0.08306168
-0.07325016
-0.1198458
0.1839855
0.10543426
0.12124904
0.046082325
-0.054400824
-0.13898133
-0.10230061
-0.06391027
0.02083367
-0.09651576
-0.06430483
-0.06155639
-0.14643009
0.028861599
0.05502987
-0.06172703
-0.11921445
-0.081449725
-0.14250973
0.015418905
-0.020681173
-0.10310582
0.10946459
0.1479073
-0.012635507
-0.10350608
-0.06838971
0.04012112
-0.010364206
0.030221254
-0.054877646
-0.09316357
-0.06899495
-0.13828063
-0.13083664
0.054556128
0.10897488
0.12695676
-0.16551338
0.0066280616
-0.07235599
-0.032273486
0.03185022
0.02525048
0.07067922
0.046670392
0.08631435
-0.007911889
0.057564553
-0.011373081
0.14126839
0.10440065
0.059243683
0.101492696
-0.02788067
-0.065533906
-0.06959531
-0.12149553
0.06018582
-0.07593176
-0.08465051
0.00050010375
0.069534734
-0.057919398
-0.09239233
-0.09230171
-0.1308964
-0.035883524
-0.056884807
0.035023857
0.025671314
0.12184509
0.021183725
-0.053224627
0.012145849
-0.093475536
0.08239546
-0.058186587
0.1097107
0.064483464
-0.088910654
0.044481147
-0.008442154
-0.064374976
-0.030478071
0.017722921
-0.14051026
-0.0255408
-0.01702147
-0.07659131
-0.0051449044
-0.09755118
0.13966244
0.04069219
0.089817874
-0.045214966
0.06999428
-0.07461683
0.15158002
-0.05236223
-0.05879456
0.018252272
-0.03755355
-0.06825923
0.01227152
0.004806032
-0.02279543
-0.12786195
0.03500459
-0.14321329
0.016983453
0.017948925
0.11583955
0.068054035
0.057125997
0.037643194
-0.1145784
-0.092726015
0.034548264
-0.010407839
-0.07805058
-0.09318
-0.1191881
0.018696543
-0.08136243
0.13542953
-0.09454518
0.06563963
0.03737425
-0.0038168235
-0.09661913
-0.030785618
0.09993107
0.012372145
0.063382216
0.048903838
-0.027508523
-0.110099554
-0.066255644
-0.0023049775
-0.10881429
0.0810041
-0.07947627
-0.081691064
0.039642327
0.048827205
-0.045124218
-0.049655274
0.122029945
-0.007172785
-0.042264007
0.012215551
-0.014078923
-0.117092386
0.12548286
0.14030936
-0.032036483
-0.108244345
0.041959327
0.033127908
0.08230893
0.074122824
-0.119578965
0.02898737
0.1630298
-0.011559317
0.09110488
0.07266312
0.0015470183
-0.09265251
-0.0058300872
-0.014652113
0.15720876
-0.13946015
-0.036051326
0.009699935
-0.104362726
0.050324976
0.04599691
-0.011513767
-0.03615324
-0.040852923
-0.10645373
-0.0059631453
-0.122764476
-0.054813907
-0.11292717
0.032060925
-0.008584432
-0.016363516
0.12272849
0.08187784
-0.026331574
0.057543978
0.04028616
0.013207866
-0.047978025
0.10256446
-0.10156407
0.03243995
0.0072841384
0.031099163
0.051106248
0.052657817
0.10330632
-0.004967079
0.09235926
0.09547821
0.04819686
0.038690846
-0.004436127
-0.14119847
-0.09209073
0.06927218
0.1512317
0.076565035
-0.053449333
0.028762702
-0.011003212
-0.046509687
-0.110668205
0.10292969
0.13191308
0.1337315
-0.017202241
0.13026978
0.01952653
0.12000211
-0.017512957
-0.050203934
0.09554196
-0.05175406
0.158777
0.10331629
-0.0026858875
-0.015684966
-0.06404995
0.03361457
-0.058010574
-0.20227459
0.11968191
0.051329147
0.037386734
-0.049987923
-0.055799793
-0.061593086
0.020056918
0.03324817
-0.039981585
-0.104910135
0.07780999
-0.07076644
-0.14332367
-0.014273047
0.0035320644
0.00591103
0.06033404
-0.11005159
-0.06783185
0.07447801
-0.12664405
-0.1692355
-0.14442518
0.0506217
0.07270236
0.1076959
-0.06566288
0.07251048
-0.091316156
-0.14058447
-0.08728318
-0.0121434415
-0.06016288
-0.06752071
0.051751886
0.10932458
0.025910804
0.0531945
-0.1277793
0.018403638
0.00030640166
-0.07486523
-0.15501109
-0.09131693
0.029019352
-0.14943206
0.024456557
0.07024636
-0.08170152
-0.15577024
-0.14592369
0.0068660104
-0.080128156
0.089956045
-0.051408634
-0.028032772
0.1108626
0.046910528
-0.13854349
-0.05925843
0.11465891
-0.009318421
0.034076568
0.052985404
-0.042302996
0.19003232
-0.015547164
0.03484053
0.048572414
-0.071888775
0.17027983
0.07549147
-0.06871745
-0.18733881
0.13682346
0.005782321
-0.074081115
0.06912675
0.0026171154
-0.12443351
-0.050693396
-0.08694174
0.009405777
-0.022125827
-0.04568813
0.018941488
-0.11752546
-0.06259874
-0.020870917
-0.005392769
-0.10620558
-0.056488007
-0.13442732
0.00357185
0.025495378
-0.100103654
-0.016666705
-0.06118705
-0.0026059954
-0.08036513
-0.041004427
0.031140767
-0.063952796
0.13182673
-0.03487023
-0.013835673
0.105946146
0.041339114
0.012447799
-0.0649804
0.018116094
0.010534556
-0.07497808
0.060148656
0.1224533
0.00068112765
0.09215832
-0.03388411
-0.04569992
-0.05753846
-0.11906494
0.0064412626
0.05775651
0.044054717
-0.035244
-0.08468502
-0.014495372
0.017395973
0.013017936
0.077458285
-0.021130066
0.055980597
-0.06745277
-0.0010530233
0.05053725
0.0029394785
-0.020928957
-0.03352732
0.07101314
0.037744705
0.011819096
0.115912706
-0.108663425
0.09077883
-0.087957725
0.14205718
0.07024736
-0.038829017
0.08806513
-0.1586392
0.0682514
0.010609783
-0.020973325
-0.08965931
0.012725183
-0.12830383
0.04473927
0.09590023
-0.09762222
-0.082048856
-0.009253117
0.06622799
0.123816684
0.084018625
-0.07304689
0.031425774
0.11759823
-0.038983855
-0.09119514
-0.05575131
0.16659908
0.0028082037
0.056140482
-0.10880605
-0.04266858
0.02679343
0.10658476
-0.020635774
0.086116314
-0.0019911176
-0.0348478
-0.02324368
-0.06394939
0.09357724
-0.05005577
0.09543661
0.106513225
-0.071528874
0.121331625
-0.0632861
0.0761632
-0.018041324
-0.03577606
-0.0172214
-0.08604549
-0.013525425
0.061962303
0.025570597
0.054011002
0.06466355
0.028950296
-0.001826227
-0.0002966729
0.027204169
-0.06604476
-0.009694025
0.14996506
-0.10652634
-0.073762745
-0.1130244
0.069262795
0.03276578
-0.03243172
-0.062441237
-0.14188771
-0.061116565
-0.049497
-0.029178966
-0.0780808
-0.021152187
0.10438916
-0.06355601
0.09333635
0.13861257
0.043266144
-0.04704516
0.102031365
-0.0031607712
-0.087052286
0.1451611
0.122113876
0.03137059
-0.1517743
0.09587446
-0.022003796
0.022668883
-0.06827271
-0.03463784
0.13769093
0.038265727
0.0052392543
0.08988996
0.087157585
0.06173416
0.0009081026
0.030876253
-0.089006625
0.19641773
-0.06335928
-0.5126466
-0.44490352
0.17361575
0.3532703
-0.5139093
0.077198215
0.3353386
-0.20530036
-0.10706318
-0.02249038
0.08897105
-0.079020604
-0.047725827
0.22909032
-0.56789154
0.1865447
0.37339452
-0.2418456
0.40641937
0.25002357
0.8740007
0.36359
-0.3136233
-0.2455283
-0.023842327
-0.42823485
-0.434506
0.34171513
0.012356412
1.0493563
-0.52022773
0.082763605
0.15462902
-0.37342936
-0.25780356
0.20664535
0.49482298
-0.06556885
-0.24119338
0.0848545
-0.3926655
0.9275113
-0.060112488
0.5113995
-0.039731767
0.31013134
-0.24525158
0.055357147
-0.21553002
0.47100234
0.12765881
0.47372565
0.38211071
-0.006288956
-0.12797073
0.71941906
0.29897174
0.549519
0.029161831
0.28207812
-0.43081456
0.5805101
0.021536088
-0.289781
0.13118076
0.4066722
0.66580373
0.32640105
-0.34302038
0.46573898
0.018503172
0.0458201
-0.2912085
-0.8477184
-0.106882975
-0.07922558
-0.08848564
-0.81887513
0.031786397
-0.010313631
0.039760694
-0.3872946
-0.09208579
0.9178525
-0.69988376
0.43693575
0.009136978
0.025423659
0.24792287
-0.037876207
0.8961619
-0.14799811
-0.5195676
-0.32510823
-0.37822214
-0.817124
0.21940346
-0.28760144
-0.33012292
0.22551492
0.25340357
-0.35070854
0.3122075
-0.33766383
-0.39591822
-0.35644943
-0.32721812
-0.1500463
-0.16414137
0.76785487
-0.5234547
-0.2861967
-0.5422094
-0.7723786
-0.2466838
-0.7112025
0.09165159
0.82402915
0.66961753
-0.10494927
0.18674098
0.17570719
0.099759035
-0.0075102733
-0.32050437
-0.5873966
0.10786964
0.1192898
0.11553404
-0.032908462
0.027084103
0.098479815
-0.017757561
-0.09734167
0.055794835
-0.033514004
0.0023575195
-0.043251004
-0.016562138
0.12713939
-0.010812919
-0.08658779
0.05360278
0.06234321
0.14629233
0.03480463
0.058817297
0.01082895
-0.017538765
-0.046458468
-0.07863741
-0.08122672
-0.09167201
0.083613575
0.06746227
0.089499176
0.049566496
0.08245933
-0.120581456
0.005204518
0.05802675
0.03807256
0.047729287
-0.04751299
-0.01620693
0.064743884
0.0030644299
-0.02399518
-0.014250157
0.08773478
-0.08266366
-0.037075948
0.011358732
0.00906884
-0.030834923
-0.081931025
-0.0077071986
-0.0012350895
-0.011042778
0.11574144
0.019763257
0.071790546
0.04432879
-0.025526997
-0.15825297
0.039534386
-0.11361968
0.067395955
0.15203345
0.047657475
-0.027776796
0.040477425
0.01070383
0.012101139
-0.023988267
-0.11042758
-0.027650964
-0.038151573
0.12809516
-0.107873864
-0.045465168
0.088310644
0.061235033
-0.05539097
0.04812434
-0.048519593
-0.13203983
0.055758424
-0.12474515
0.040360704
0.15866071
0.06768059
0.06156583
0.019006785
-0.048601482
0.023070104
0.064031005
0.0128126955
-0.042022612
0.06897026
-0.050502054
0.10661665
-0.036852278
0.14883944
-0.09962151
0.0072999527
-0.004097134
0.053649943
0.059044782
-0.061089493
0.08090384
-0.113313854
-0.058825187
-0.025201263
-0.01671626
-0.025909752
0.109466895
0.018552633
0.041118983
-0.0028849912
-0.109317295
-0.03908173
-0.04157671
-0.04729383
0.051499996
0.07520741
-0.0449361
0.06953354
-0.06782064
-0.099799216
0.019047817
0.074767426
-0.055587288
0.048012447
-0.076698475
-0.03639087
0.014192618
0.06204779
-0.010953443
0.037419494
-0.002000766
-0.091779396
0.09897836
0.06554203
-0.02931243
0.08035053
-0.0131526645
0.0008977249
0.021535825
0.06866257
-0.028715977
-0.028719192
0.032577973
0.08577192
-0.016283773
0.038385004
-0.035586733
-0.04194324
-0.010281337
-0.02484309
-0.037323147
-0.03874051
0.13272959
-0.04089431
0.053312622
0.12771331
0.04856819
0.013158059
-0.057623677
0.048010297
0.07338493
0.017313091
0.085779555
-0.044372745
-0.046320476
-0.05645918
0.026762832
-0.04877998
-0.03728529
0.040526506
0.055086732
0.010163377
0.06223479
0.06826046
-0.094271235
0.10349038
0.08222547
0.10087302
0.07003594
0.031226523
0.0014737062
0.0033929483
0.04497259
-0.08338796
0.09031135
0.12798466
-0.077864625
0.0673427
-0.0014350447
-0.071620695
-0.0631762
-0.045368772
0.017076695
0.06841132
-0.07003386
-0.03623363
-0.07467157
-0.108867615
-0.062389858
-0.06657148
-0.033434357
-0.055160213
0.004886646
-0.10655646
0.034266304
0.023914117
-0.030928645
-0.014230741
0.028635683
0.010673224
-0.11418673
-0.093801156
0.1085771
-0.09405963
0.0758281
0.05306627
-0.03839031
-0.010321695
-0.06556047
-0.05815464
0.12619022
-0.06389268
-0.00069885165
-0.055794787
-0.05908918
-0.051494017
0.14022435
-0.06815673
-0.023091597
0.1042101
0.13928884
-0.10916142
0.07092365
-0.067399874
0.034742925
0.06341161
0.0059045306
-0.100629136
0.024540113
0.0815483
-0.06632138
-0.060980055
-0.059885085
0.13466266
0.016487572
0.046429887
0.0122049935
0.028951995
-0.03935405
-0.10620147
0.0069466145
0.020029858
0.095846206
-0.05732221
-0.023749009
-0.015077469
-0.020313399
0.005841504
0.13536417
0.09540874
-0.036797
0.05135993
0.018357055
-0.07326359
0.035693806
-0.0913294
0.087564476
0.09975688
0.0954175
-0.009594801
-0.00089800503
0.15469666
-0.08166446
0.16255336
-0.10678648
0.07817387
0.011746823
-0.062173415
-0.08730078
-0.046009935
0.04573366
-0.0062090433
-0.03722017
-0.06398849
0.026680231
-0.036715027
0.099427775
0.08528467
-0.03909871
-0.10050942
0.02479604
-0.090298176
0.11518456
-0.03310178
0.0703252
0.08830295
-0.006484927
0.008797583
0.06376164
0.00030494886
0.0080221845
0.03426765
0.12381363
0.06581056
-0.012140972
-0.019898139
0.06607618
-0.071835645
-0.1425319
0.13412534
0.12858833
0.08301087
0.015395418
0.035494883
-0.0072026546
0.076552145
-0.09181272
-0.10142347
-0.021490868
-0.085016325
-0.006676936
0.0008616321
-0.02178393
-0.05278112
-0.08890225
-0.0795872
0.04223742
0.09556687
0.014671659
0.11776447
0.10461467
-0.14723967
0.03217241
0.12809822
0.053744417
-0.07263778
0.15289706
0.0012726362
-0.024492659
0.09096356
0.03375614
0.059312917
0.022318004
0.058816966
-0.07553562
0.115793966
0.011031959
0.01739516
0.06401412
0.03542819
-0.057277355
0.082077324
0.045201287
-0.105871774
-0.026884967
0.027418822
0.0056467038
0.0884151
0.13420302
0.058565598
-0.012260621
0.13265596
-0.098327726
-0.07146055
-0.011828662
-0.08619404
0.07892748
0.071137056
0.102316774
-0.07897156
0.015867582
-0.09633213
-0.12396883
-0.08025731
-0.035527416
0.17980246
0.077245556
-0.08703747
-0.10048515
-0.033757966
0.21639635
-0.06066782
-0.08369058
0.09117646
-0.07692149
0.18216595
0.1383966
0.18896303
0.0058064107
-0.06289515
0.011069485
-0.17761976
-0.01906595
0.11932208
0.035193343
-0.053045303
0.068008244
-0.044837553
-0.017233932
-0.00034765725
0.06846142
0.018142996
0.109752886
0.04860508
-0.092557184
0.10413271
-0.13572474
0.035153855
-0.4371549
0.13303204
0.051549144
0.07108789
-0.07801285
0.1269892
0.14234416
0.11876956
0.018439554
0.030033216
-0.15937224
-0.08515938
0.013166512
0.12928864
-0.04733786
-0.0748917
-0.18532503
0.09145179
0.20597842
0.053891324
0.10667532
0.041774087
0.019325117
-0.10164744
-0.066124156
0.13096078
-0.022926876
0.15181102
0.041194025
0.0015043595
0.12487379
-0.04239008
-0.054021265
0.034247894
0.07913114
0.040788133
-0.050805543
-0.2042198
-0.04145838
-0.03252688
-0.07150149
-0.12911426
-0.2350254
-0.042518094
-0.03093888
-0.09088672
-0.074236296
0.047476627
-0.06380327
-0.009012597
-0.20661825
-0.03814376
0.004310419
0.031629324
-0.09313924
-0.045201372
-0.015381405
0.042428344
-0.12721907
-0.20438848
-0.10038415
-0.0026317618
-0.03794176
0.0076352106
0.13535947
0.029141936
-0.04360036
-0.014413091
-0.17883456
0.10590185
-0.016289294
-0.044159237
0.025125958
0.055997044
0.106052294
-0.044883728
0.14975542
0.107801326
0.08066429
-0.18877953
0.05994311
0.21372883
-0.09598223
0.18785873
-0.16155736
-0.027298264
-0.21484396
-0.008109439
0.18405329
0.062034123
-0.02255345
0.053387143
0.06576818
-0.061499376
-0.082854904
0.023628436
-0.012879765
0.13718364
0.10932495
0.0006960301
0.015906878
0.09590984
0.048889924
0.18675764
-0.020885058
0.05364977
-0.040483385
-0.12695405
0.003915974
-0.08370185
-0.12556022
0.049134
0.1410635
0.041180678
0.07318574
0.16807485
0.024179598
-0.058134668
0.009239436
0.12808509
0.04678601
0.23833306
-0.16374804
-0.02677216
0.05307316
-0.07827336
-0.02379755
-0.02876933
-0.011670037
0.12993346
0.052949905
-0.07923329
0.0144030275
0.017222963
0.09163391
0.100950174
-0.12014027
-0.09324724
0.1078396
0.10504797
0.07009417
-0.007981635
0.12697461
0.007269184
-0.027507853
-0.111511685
0.07100025
-0.11057772
0.16786848
0.09806872
0.06785288
0.1191705
-0.11120782
0.104029484
-0.030254524
0.023566792
-0.17826211
0.010001029
-0.071336366
0.1285827
0.036867898
-0.025189199
-0.032438926
0.012241283
0.14668296
-0.14154845
0.06078728
-0.07265033
0.072144106
-0.060019117
-0.0036394377
0.0129799815
-0.007455043
-0.056499604
0.080369696
0.0037587858
-0.0627168
0.09710142
0.01284429
-0.15183362
0.06747843
0.074832596
0.0066518825
0.06118543
-0.064222455
-0.08302585
0.015211307
-0.017433751
0.011954896
-0.09206959
0.0688986
0.10519409
0.17465127
-0.055105735
0.13739449
0.07934031
0.1647192
0.103346705
0.036372628
0.013593267
0.13590598
-0.12700796
-0.018239282
-0.07609407
-0.04067204
-0.045825627
0.059482627
0.13889286
0.18799403
-0.09357115
0.12491455
-0.1590029
-0.063513964
-0.1765131
0.07443267
0.035963003
-0.1385585
0.03699815
0.015042927
0.033419546
0.08204495
0.06418089
0.036424905
-0.21028034
-0.25607052
0.055062875
-0.09281372
0.123613
0.11310194
-0.0889306
0.028513901
-0.07060945
-0.07754946
0.13437064
-0.011563004
-0.072741
0.05932138
0.13127404
0.037372738
0.13448513
0.11177408
-0.060653925
0.11707562
0.11165618
-0.105236396
-0.11319966
-0.13714083
0.13643372
-0.017850125
0.0021743865
0.09465297
0.14100671
0.015546898
-0.062113203
0.004931829
-0.05235401
0.011986207
0.039842322
0.04683476
0.07654726
-0.055409145
0.049224213
0.00010772953
0.05719479
-0.021370245
-0.06560757
0.016933717
0.057145268
-0.006111669
-0.05327267
0.07309066
0.018125476
-0.051760107
0.054728962
-0.051104948
0.06688371
0.06089931
0.06992035
0.10514921
0.15843399
0.09224002
0.011952985
0.09711836
-0.0020709485
-0.046139754
-0.012807018
0.034240186
0.1351631
-0.035879914
-0.004367453
-0.14466195
-0.038627192
-0.0756074
0.046802208
0.06941179
-0.07356066
0.0695436
0.09536631
0.08824419
-0.0967456
-0.060624164
-0.026240552
0.06718306
0.019877246
0.11348957
-0.0101678325
0.07317929
0.04174042
-0.051527765
0.004830009
-0.11957212
0.11036587
0.06594203
-0.04141785
-0.010980699
0.032776717
0.06666992
0.005009522
0.17271231
-0.042564347
-0.049044862
0.028039133
0.092940345
-0.048325703
0.124728575
-0.021379102
0.1125377
-0.037519407
0.0843145
-0.12102091
0.014386515
-0.060121544
0.03352022
-0.027532663
-0.012353865
0.076990105
0.108326964
0.07528675
-0.10497935
0.01736872
0.014962136
0.042026125
0.06469065
-0.019489048
-0.0426553
0.13816628
-0.0021977883
-0.10037305
-0.06985954
0.029805152
-0.08396683
-0.04207113
-0.1294854
-0.04530199
0.0680528
-0.06824094
0.012922087
-0.3631744
0.025767876
-0.21169214
-0.12606801
0.026413286
0.34627122
-0.14092407
-0.024551282
0.22788583
-0.100734055
0.09887793
0.04505507
0.03459994
0.004664814
0.36489907
0.06940678
0.02346893
-0.18650243
0.27673477
-0.12100405
0.17109676
-0.1420203
0.2225296
-0.100645326
0.037957042
-0.11552515
-0.08419767
0.15448758
-0.058481343
0.012097042
-0.105899364
-0.09879372
0.090735406
-0.1779836
0.06172989
-0.2938399
0.011437119
0.14504175
-0.044741485
-0.118469335
0.18105826
0.05789242
-0.010155965
-0.09297846
-0.15522926
0.05215765
-0.07416292
0.32072708
0.103778936
0.08878634
0.08019422
0.041202728
-0.20661974
0.15134223
0.07594537
0.0011387452
-0.12845576
-0.019480877
0.08401023
0.022853369
-0.0018682013
-0.14474356
-0.3337597
0.0024389054
0.10524387
-0.23331627
-0.05969376
0.11692495
0.015015165
0.088958
-0.04117021
0.08429682
0.05898594
0.11681861
0.15701169
-0.06559908
0.10677836
0.22021574
-0.18405156
-0.038961444
-0.018899268
0.027083859
-0.012885819
0.17630884
0.05593613
0.0841159
0.24129829
0.14422923
0.18216984
0.46653062
0.0072054733
-0.17495115
0.078756794
-0.14411426
0.07679122
0.07204353
0.08063019
-0.14190872
0.08126468
0.13786352
-0.014363155
-0.11321181
-0.28307348
0.042513493
-0.13024904
0.10051027
0.005611766
-0.14626804
-0.025669396
0.0806816
-0.07395594
0.030302672
0.11107161
-0.10295109
-0.0019009012
0.03246287
0.19927695
-0.0187676
0.045793105
-0.09611785
-0.26377848
0.06153037
0.27108592
0.0136464825
-0.14696282
-0.01506218
-0.14245288
-0.02202912
0.0068802247
0.13889669
-0.011653328
0.03792038
-0.019217681
0.019647088
-0.0636732
0.11427934
0.113513514
0.06730119
-0.035430666
0.0946994
0.041688375
-0.05316
0.07781089
0.02681094
-0.06623541
0.10329561
0.05722234
0.16143161
0.024553148
0.106730826
0.0659992
-0.0863399
0.039275452
0.05803784
-0.06700947
-0.22957686
0.07311516
0.049313836
-0.06317198
-0.032415725
0.0025633245
0.09222282
-0.01372944
-0.0781366
-0.04317287
0.054574028
0.095714845
-0.01200396
0.034315415
0.06365079
0.09638837
-0.05337259
-0.075433694
0.11795095
-0.08885776
0.015428073
0.09936898
0.02133668
-0.105386384
0.08594318
0.08224541
-0.064410135
0.17945771
-0.029373398
-0.07272026
0.044520307
0.06874164
-0.0007100494
-0.032903958
-0.08846172
-0.051870417
-0.099572696
0.005764367
-0.04417723
-0.022647204
0.018154304
-0.0065996833
-0.15325786
-0.020169975
-0.022558387
0.028304739
0.03558552
0.03362221
-0.08245308
-0.033216946
0.06942093
0.1354676
-0.026624262
-0.14618339
-0.14822738
0.017647173
0.0029425304
0.01771108
-0.0042315694
-0.10665987
0.108852856
0.0020003445
0.0074950866
0.032911316
0.011879375
-0.052405972
-0.11536863
0.07836591
-0.0020378854
0.07705741
0.026864653
0.033265334
-0.00625641
0.067357
0.10454284
-0.01426664
-0.04640644
-0.019089896
0.07373667
-0.08307413
0.09868948
-0.07566105
-0.120897606
0.07474544
-0.18905385
-0.14380667
-0.05858328
0.032980595
0.038159363
-0.07569229
-0.016184043
-0.05261894
-0.025465474
-0.031052507
0.047002275
-0.19645037
-0.2351982
0.06027216
-0.07933066
0.10776168
-0.09697708
0.18750174
0.03274314
-0.14705466
0.18341042
-7.754026e-06
0.21564873
-0.068257436
0.07523733
-0.029835377
-0.10879406
0.056552682
-0.12461859
0.081007056
0.17027383
-0.04575531
-0.011978049
0.28042012
-0.029845845
0.120308034
-0.102004506
-0.17755155
0.19557229
0.054214563
-0.031120563
-0.036000744
-0.11464466
-0.02394738
-0.14952114
-0.21321706
-0.036772333
0.05368101
0.015120096
-0.030221127
-0.0042661326
-0.18972187
0.26663396
0.0127244545
0.017811678
-0.10377646
-0.12286056
0.05379616
-0.23931427
-0.15316471
0.033765707
0.039005626
-0.05120498
0.008312851
-0.016477559
0.16521351
-0.21707623
-0.037046023
-0.0077008144
-0.15842208
0.24431917
-0.07181045
-0.14418656
-0.00853747
-0.07467755
-0.17208043
-0.10903448
0.2089865
0.22163256
-0.05148242
-0.1488814
0.2167445
0.049668927
0.06436608
0.024508385
0.12155027
-0.07346678
0.17861651
0.05096649
0.037665993
0.054951105
-0.17246974
0.09789772
-0.029456008
0.15155005
0.20847246
0.1801166
0.0861408
0.065145984
0.13293618
0.062874965
-0.04811438
0.03593441
-0.044966802
0.13341211
0.2764713
0.017901462
-0.10175712
0.008478353
0.09751122
-0.19561572
0.07570343
-0.16850767
-0.16262066
-0.06900846
0.024435697
0.051535998
0.06328364
0.10351666
-0.12525491
0.07527485
0.11609211
0.2641533
-0.2613723
-0.17683761
0.1739853
-0.20494701
0.061869815
0.02759154
0.2690346
-0.11306783
-0.17949976
-0.06038992
-0.15532139
0.038737312
-0.12509142
-0.12163809
0.005905905
-0.2645909
0.054378346
0.29425964
-0.05882964
0.026901945
-0.26256442
-0.085121386
-0.025396815
0.04833957
0.07930538
-0.027160577
-0.05041769
0.09824602
-0.1344804
0.06564108
0.12931484
-0.016133673
0.10657349
0.18481262
0.10843795
0.07036088
0.18989614
-0.04730554
-0.15526265
-0.12407352
0.08548293
-0.086500645
0.106187746
-0.14621107
0.03855887
-0.04496435
0.1608927
-0.06486757
0.0372728
0.04413426
0.124637686
-0.012641263
-0.097461276
0.044016663
0.12670587
0.083994284
-0.07532861
0.010251895
0.01735409
0.016694225
-0.11803183
-0.01444
0.10530691
0.14952695
0.15092368
0.009670482
-0.12618373
-0.027352229
0.012244689
0.08901845
0.15648316
0.00428542
0.11310382
-0.070201375
-0.10547605
-0.005983359
-0.065093055
-0.02968685
0.043600548
0.09561125
0.018006872
0.1406334
-0.013657268
-0.12554784
-0.104276314
0.080257796
-0.07895685
-0.18814416
-0.11367005
0.14251098
-0.025456807
0.2482823
-0.07750336
0.111913085
0.041425295
-0.018700551
-0.040870108
-0.080562405
-0.04145088
0.037824336
-0.004861666
-0.14683066
0.1154813
-0.19730346
0.1182221
0.16457127
-0.023369126
-0.077354684
0.21040618
0.14901504
-0.079349406
0.123241514
-0.028252482
0.069767684
-0.049053054
0.10399128
-0.0038896592
-0.04098282
0.10296942
-0.0601564
-0.046364315
-0.18483014
-0.0920055
-0.0480177
-0.025017243
-0.09855301
-0.15048015
-0.040156864
0.16342168
0.005691483
0.03449323
-0.027328728
-0.10141052
-0.018753482
0.017340971
0.08001947
0.13193826
0.058890767
-0.012922575
-0.04723564
0.15288346
0.073484086
-0.09783009
0.084231906
0.01981762
0.07888897
0.009349096
0.092387326
-0.08959878
0.0048546502
0.026176037
-0.047705803
-0.06505602
0.16542448
-0.12143973
0.10367099
-0.100199535
0.01612301
0.18625459
0.1811153
0.13085587
-0.2316231
0.1776998
0.07603629
-0.27650294
0.15667495
0.35730782
-0.0108374795
-0.14102903
-0.12222617
-0.21188645
0.090833046
-0.20309418
0.033066686
-0.007000229
0.040080506
0.04657984
-0.12878996
-0.37385315
-0.02351333
-0.11656217
-0.04427422
0.0018417275
-0.33193845
-0.119926386
0.088682316
-0.21856876
-0.1431447
-0.12553874
-0.20114845
-0.058178276
-0.14111206
-0.18833417
-0.0656303
0.010404711
0.029704304
-0.103814416
0.13810144
0.33450028
-0.15513636
-0.25936455
0.21846867
-0.04598346
0.11997142
0.10448261
-0.03672977
0.08884442
-0.21356666
-0.09042279
-0.01735591
0.0072498247
0.16713336
0.09818321
-0.11148655
0.06943467
0.10972868
0.32125682
-0.17125404
0.15997672
-0.13662459
0.17487837
-0.11997229
0.012141346
0.22816397
-0.06973729
0.243782
-0.23405932
-0.007271582
0.09557377
-0.048173424
-0.055832624
0.13045791
0.097013995
0.039419383
-0.22082318
-0.13736437
-0.34173366
-0.18844809
0.12752776
-0.057761732
0.023258643
-0.18721612
-0.16970056
-0.107571095
0.1842111
-0.22533093
-0.27321413
0.053051807
0.22296755
0.26870945
0.023989446
0.029984457
-0.01761783
0.035533115
-0.18132009
0.01517693
-0.2949423
-0.20720969
0.19337101
-0.039329384
0.32561037
0.02280967
0.08568255
0.051330265
-0.12916759
-0.02154315
0.0229317
0.0990356
-0.09050482
-0.07046547
0.043738704
0.12932311
0.19215438
0.29762465
-0.26092508
0.06597576
-0.019265696
-0.09062692
0.23520763
-0.09569058
-0.064589016
0.16949613
0.14210506
0.0069720675
-0.11082944
0.115047656
-0.05163246
0.054776143
-0.15033102
-0.16522646
-0.16497117
0.11710738
-0.37522718
0.06242224
0.03345512
0.0065275165
0.056981828
0.086334005
-0.20482776
0.17232281
-0.21964248
0.121546954
-0.0033558458
0.02997018
-0.11545258
-0.30735716
-0.32359433
0.080490105
0.13365807
0.1980387
0.094151214
0.088734224
-0.43606326
0.14438908
0.064548746
0.017365796
0.027103554
-0.24410442
-0.040673252
-0.12917754
-0.049942885
0.15065593
0.035530318
0.048059776
-0.04302439
-0.16161108
-0.13410567
-0.0752404
0.0486656
-0.06610652
0.063658684
-0.057711534
0.122068636
-0.10449761
-0.0367764
0.035436902
-0.18879879
0.20090312
-0.077611946
0.27869302
0.168431
-0.0344935
0.21176784
0.113090284
0.08152731
-0.14074858
-0.04789886
-0.20534545
0.08131719
0.10433753
0.11164695
-0.088617764
-0.21018629
0.3112212
-0.1260762
-0.15086253
0.10787276
0.07903964
-0.08639589
0.08454334
0.07308157
0.010328661
-0.1318218
-0.04339502
-0.40789372
0.048419546
0.08095691
-0.12161783
-0.12785089
-0.01902471
-0.092734806
-0.046642244
-0.0022377602
-0.27057773
-0.069175646
0.101478264
0.12179866
-0.08836968
0.076901294
0.18599153
0.076558106
-0.003514135
0.21636349
0.08899558
-0.2762156
-0.13299485
0.1928888
-0.16436243
-0.012018641
0.1301731
0.30711532
0.087112196
0.03900756
0.17360695
-0.058824446
0.059839778
-0.00808785
0.09221246
0.16723381
-0.08105796
0.072108194
0.023225863
-0.11440097
0.09728612
-0.12334883
-0.030464903
-0.04734564
-0.11244065
-0.002793885
-0.0063670278
0.07583649
0.06432522
0.028259495
-0.013578958
0.09688228
-0.1270701
-0.038481403
0.25924543
-0.03172803
0.13924444
0.007963975
0.07888615
-0.019461833
-0.07037484
0.074801445
-0.06672916
0.08874393
0.12380986
-0.046096183
0.0730608
0.14419772
0.058525965
-0.11107204
0.022789687
-0.008732648
-0.1339762
0.029740987
0.07541794
-0.13598765
-0.07495102
0.02750312
-0.09221517
0.0065707676
0.056731638
0.09818871
-0.003981688
-0.11283866
0.077079415
-0.09224004
0.13088354
-0.05308938
-0.11010459
-0.10996699
0.34112749
0.058483995
-0.094579846
-0.03203532
0.028473247
0.01619114
0.05885579
0.07321587
0.059379227
0.006481668
-0.16162618
0.064058356
-0.08420337
-0.085535936
0.092861734
-0.032882374
-0.09239165
0.04072386
-0.012222886
-0.07394877
0.048319142
0.016180841
-0.13633485
0.0022849208
0.18947731
0.061906826
0.025468366
0.09969397
-0.05194105
0.07741476
0.10118129
-0.08671639
-0.11144396
0.0077836895
-0.0075115166
0.05738234
-0.05326161
-0.08076883
-0.031382587
-0.143927
-0.08867636
0.11170904
-0.16308455
0.06374028
0.14023659
-0.058867197
-0.07947701
-0.08663385
0.031044379
-0.042983744
0.12595256
-0.006271141
0.07642911
0.04739737
0.024773354
-0.048478026
-0.11397654
-0.03460382
-0.0021870674
0.069528416
-0.037897136
-0.0024144484
-0.031457268
0.19364043
0.079088435
0.034177616
-0.05866014
0.07481406
-0.0853193
0.1587158
-0.096690364
-0.023020986
0.060434368
-0.12294197
0.12800545
-0.06084384
0.035597354
-0.013173477
0.07795049
0.024498066
0.00017384169
0.13149144
0.033420116
-0.046057228
-0.026634328
0.022946013
0.031278197
0.06432484
-0.109923266
-0.09086084
0.04264291
0.01899881
0.5184879
-0.038076196
-0.11351479
-0.0045976583
-0.06960121
-0.10042768
-0.14008242
-0.070257686
0.03394538
0.13077304
-0.028211273
0.034948256
0.03871313
-0.0047423276
0.2886329
-0.082328774
0.13573933
-0.08764821
0.01891061
0.006403606
0.060304683
-0.065181494
-0.012202146
-0.007822231
-0.10538329
0.09418072
0.002932257
0.004111748
0.12208653
-0.024290653
-0.07341775
0.06906675
0.7400782
-0.057481475
-0.1274786
-0.032390706
0.7622011
0.0883262
0.09206902
0.035033308
-0.124053985
0.09981293
-0.109018944
0.124130934
-0.046365973
-0.03166126
-0.19208646
0.09505901
0.001763742
-0.02938138
-0.05845867
-0.04342757
-0.14625059
0.082787916
-0.046332568
-0.13102889
-0.00094330276
-0.034966074
0.12994999
-0.15602142
0.015473718
0.014099215
-0.07776079
-0.10034899
-0.090953596
0.028446363
-0.060186673
-0.0061309924
-0.10859985
0.10320255
-0.16109334
0.11125427
-0.06468514
-0.10451917
0.024843844
0.06256793
0.029370246
-0.18018708
-0.12082454
0.044292614
0.1358536
0.008042036
-0.023115335
-0.16597658
-0.03663475
-0.05354195
0.054175247
0.011830532
0.061484702
0.03187106
0.0039874422
-0.07833128
-0.076792546
0.15233916
0.034360107
0.00908305
-0.039177127
-0.15903847
0.08439557
-0.06312917
-0.058576543
-0.06596222
0.05440194
0.1388996
-0.07714996
0.14934993
-0.10557753
-0.073476285
-0.08111272
-0.11664342
0.5115889
-0.028406661
-0.253553
0.022114905
-0.09262212
-0.040794887
0.02435346
0.16656953
0.09911018
-0.13439858
0.064571925
0.057318278
0.03428432
-0.05355992
-0.08177101
-0.02633093
-0.060862713
0.020878341
0.2466382
0.053235993
-0.054420587
-0.053513825
-0.13138583
0.051756464
-0.013357093
0.046128184
0.070972666
-0.12774828
-0.04489246
0.025900912
0.13297996
-0.059121963
0.006003038
-0.15325376
-0.05188054
0.029079301
0.020635633
-0.084302396
-0.0033588256
-0.0039874665
0.014283945
0.0022446837
0.15908407
-0.024010528
0.07963062
0.07918903
-0.19417465
0.060964182
-0.06396649
0.06005658
0.08916615
0.12174219
-0.07210392
0.07054413
0.16438144
0.09057895
-0.16244763
0.08772523
-0.00095764967
-0.09080649
0.05800669
0.10620652
-0.055768345
-0.026474092
-0.090435475
-0.056784093
0.0055262684
0.08746368
0.08766468
-0.07691659
0.030678323
-0.02636534
-0.087577835
0.1499556
-0.040688254
0.04441466
-0.06980506
-0.05004125
0.19649957
0.16439821
-0.0057665654
0.02852797
-0.04042871
0.010506113
0.043633014
0.119498715
-0.009792763
-0.06236143
0.049478408
0.027553797
0.13517766
0.03508096
0.07714354
-0.09433674
0.021345295
-0.03250475
-0.08765193
-0.12910752
-0.09889704
0.046809085
0.09600814
-0.0068298364
-0.1548213
-0.072287664
-0.058743037
0.0807439
-0.04451299
0.03563763
0.15522337
-0.09000674
-0.10990719
0.1275444
-0.044851486
-0.04245494
0.07593154
0.08489374
-0.1844452
0.2248798
-0.04542162
-0.0069964635
0.046096794
-0.14028949
0.0071446053
0.17868795
0.03856829
0.05149709
-0.014543897
-0.04907367
0.19345678
-0.023989873
0.029152181
-0.121264905
0.038144384
-0.09625093
0.0052384045
-0.02011355
-0.062371433
-0.071318395
0.014874471
0.10163418
0.082894236
-0.009326363
0.047021884
-0.035652727
-0.035056684
0.028966384
0.19951014
-0.019139383
0.029441247
0.10337742
-0.07083982
0.08498954
-0.081169546
-0.055235073
0.0094611645
0.11309838
-0.032918856
-0.0117680365
0.08180096
-0.00040442566
0.14588721
-0.18613139
-0.0689041
-0.076215595
-0.036859676
-0.113472626
0.023679331
-0.023376511
0.15046921
-0.039888874
-0.021832021
0.1645726
0.11856883
0.076447934
-0.07337184
0.068738155
0.08344349
0.03304714
0.18011905
0.15639113
-0.077744864
0.011305699
0.07602412
-0.093391806
-0.08765013
0.11064391
0.014038916
-0.06656521
-0.08868391
-0.03645156
-0.16235268
-0.014356608
-0.1639251
-0.022951618
-0.01163306
0.038809046
-0.03569728
0.03632117
-0.07469726
0.023136526
-0.033389077
0.008648877
-0.041934926
-0.13338532
-0.011955771
-0.055524766
0.13034748
0.014309769
0.05273932
-0.054823097
-0.0265616
0.015426793
-0.098290026
-0.02119669
0.057982523
-0.020958176
-0.023026923
-0.11580886
-0.070876434
-0.07059774
0.04848754
0.00810162
0.060092047
-0.12241996
0.014160346
-0.06573605
0.108258605
0.09010462
0.11200165
-0.14096223
0.0852146
-0.05910589
0.14523974
0.00026759453
-0.081460126
-0.049135584
0.14775766
0.023910997
-0.026778148
0.006484757
0.09939875
-0.01329202
0.023514193
-0.06321362
0.064197436
-0.028412353
-0.1080817
-0.016066471
0.11866033
-0.004004493
0.07716195
0.058041856
0.028153833
0.07600902
-0.013523044
0.08497852
0.1380374
0.0039346428
-0.05662141
0.090005316
-0.090603285
0.12336585
0.13491979
-0.17582473
0.08612131
0.072546475
-0.44659173
-0.016343776
-0.016059997
-0.04252827
-0.1000872
-0.15248784
-0.16677816
0.07249124
0.26230296
-0.15431437
-0.39424622
0.37446648
-0.024018984
-0.4721537
-0.18050762
0.0656863
0.07686772
0.48307797
-0.24461126
0.18830872
0.02876233
-0.2246459
0.19207186
-0.19085063
0.5976494
0.42999715
0.08398717
-0.0717557
0.09986344
-0.041675244
0.2807721
0.50663954
-0.2657818
0.14003874
-0.021739388
0.21203725
0.29851514
0.30913612
0.1848073
0.21267606
0.3770136
-0.014205493
0.03383714
-0.10985217
0.12519775
0.016143654
0.10974832
0.22086397
-0.18322353
0.04574013
-0.23937026
-0.012258814
-0.1144384
-0.017484698
0.2388205
0.18407924
0.105244175
-0.24748208
-0.12890615
-0.00844448
0.26323244
-0.124531835
-0.13712728
-0.35125706
0.0718811
-0.14506693
0.27762276
-0.2320056
0.24797583
0.065626964
0.039634638
0.2784256
-0.49868467
0.1193945
0.15886629
-0.39838216
-0.17188878
0.047822192
-0.17431416
-0.18969592
0.12961352
-0.015563623
0.07846053
0.21233822
0.11634131
-0.2629325
0.37556273
0.119117126
0.2690503
0.090600245
0.25846022
-0.04949669
0.38350096
0.4034476
0.1093537
-0.21499488
-0.18935606
0.023240542
-0.07072049
0.082916655
0.18400227
-0.084459245
-0.25688818
0.26866108
0.35064876
-0.2296154
0.10534109
-0.16524388
-0.037188478
-0.41661504
0.13224815
0.20538181
-0.1342217
-0.08791581
0.03707457
-0.041730136
0.032451317
-0.060664043
0.09446372
-0.40884137
-0.22580704
0.27724752
-0.0989088
0.3605077
0.0880938
-0.054790273
0.022056097
0.046326946
-0.09575468
-0.13439645
-0.06487834
-0.01851228
-0.028778411
0.09918844
-0.103185914
0.0005902266
-0.13857752
0.0409604
-0.022545371
0.14683087
-0.04841453
0.0369405
0.03525505
-0.07400714
-0.1442504
0.14284554
-0.033317793
0.057444807
-0.06275705
0.09801099
0.026507987
-0.13010915
0.15943377
0.05296982
0.089909725
-0.053368203
-0.08790903
0.06833057
0.047225107
-0.124465436
-0.05169901
-0.18708672
-0.051970944
-0.124851085
0.053934712
0.018649878
0.11785385
0.112841085
-0.017265746
-0.013208536
-0.069896124
-0.013887864
0.011657591
0.21251667
-0.053451564
-0.044616334
-0.1208513
-0.0034098173
0.11253212
0.0050332714
-0.13894993
0.04666538
-0.10579266
0.083661556
-0.08865022
0.055776305
0.014530023
0.032196216
-0.054061085
0.042518068
0.019688137
-0.01176353
0.09064571
0.15085645
0.059150677
0.06857261
0.088358276
-0.028358199
-0.08671431
-0.10796166
-0.042650208
0.012792674
0.10253328
-0.089219384
-0.020087201
-0.0049384795
0.034931447
-0.109272495
-0.11971439
-0.020127797
-0.108037435
-0.040833525
0.047517873
0.025888186
-0.070680894
0.01732754
-0.024547974
-0.025659073
-0.034176994
0.0564105
-0.047057047
0.080949746
-0.02470175
-0.001085896
0.05026542
-0.054209664
0.10942962
0.09668335
0.15202546
-0.14148585
-0.03431448
-0.076948404
-0.08101818
-0.08252037
0.01728345
0.16138314
-0.004698085
-0.087906204
0.0150643205
0.09205033
-0.08445637
0.039111815
0.03170967
-0.1347572
0.05650488
0.13326861
0.017370444
0.12943427
0.14532173
-0.026535138
-0.032219384
-0.08782282
-0.08339247
0.039449617
0.06257072
0.058142725
-0.009168297
0.09611929
0.10562637
-0.041201655
0.04946298
-0.013421741
0.031072892
-0.046354663
0.10423467
-0.08392049
-0.028007185
0.0249516
0.043063816
-0.061744343
0.010010747
-0.09132403
0.0773571
-0.108247764
0.05895357
-0.07610432
0.05703576
-0.053018756
-0.06587313
-0.122282565
0.07058613
-0.040107865
0.07229363
0.1099342
-0.071242854
0.09854174
-0.04955634
0.10752073
0.08959047
-0.018752668
0.007878759
0.023917584
0.06425438
0.0049674385
-0.06695889
0.10235497
0.06890352
-0.068619624
0.035644498
-0.09178939
-0.023261279
-0.10050979
0.10020305
0.043124925
0.066393144
-0.0022322135
-0.0018406995
0.044617087
-0.052673284
0.07009612
0.116264716
-0.05416725
-0.0067402935
-0.055568535
0.044539936
0.043235365
-0.060485993
-0.016344108
-0.05584581
0.1016497
-0.028777877
0.039847925
-0.005560517
0.10978056
0.10839265
-0.08753367
0.010855417
0.07381548
-0.074582316
-0.0569533
-0.019001747
0.12005915
-0.021356324
-0.03810096
-0.1316016
0.025497843
0.02898031
0.090230875
0.0020184556
0.085271716
0.0102265375
0.018423904
0.02454904
-0.09102834
-0.044015415
0.089764915
0.096253455
0.064141534
0.121600024
0.08560773
-0.034975924
-0.027582271
-0.08707641
0.051623847
0.05820434
0.064357005
0.087083384
-0.059662513
0.13688561
0.09213581
0.13120411
0.12533067
-0.034448605
-0.035273276
-0.06859917
0.09219
0.13089226
0.03857539
0.048697256
0.081136145
0.015238965
0.12487937
-0.029009938
0.122034736
-0.06262211
-0.085858226
0.0305765
0.037480213
0.04161714
0.08699958
0.011339524
0.119628064
0.04498779
-0.012597048
-0.03212746
-0.03618724
-0.061722048
-0.14614068
-0.056194983
0.11684517
0.048371345
0.09590099
-0.048670255
0.074801475
0.089323156
-0.13147607
-0.03966812
-0.0207644
-0.038772296
0.059167016
0.12318887
-0.03756308
0.08244053
0.009536269
0.1373516
-0.04949885
-0.08108726
0.08491017
-0.15949927
0.028271845
-0.08874586
0.09552335
-0.097471684
-0.075337194
-0.10088521
-0.08034023
0.11104718
-0.10151343
0.08966273
0.03550872
-0.08351115
0.0624482
0.15035002
0.01567852
-0.0978161
0.017531063
0.16629648
0.044586916
0.0702698
-0.016347114
-0.109564185
0.017800936
-0.03549888
0.109873965
0.11439361
0.04377465
-0.06731912
0.04870348
0.038613297
-0.07237834
-0.06777348
0.10579058
0.14024638
0.09331193
0.038979385
-0.07545274
0.07631164
0.065773614
0.030654166
-0.028332222
-0.07134286
0.017058576
-0.17934924
-0.15071014
0.016199939
0.11670549
0.03289212
0.01477951
-0.06476069
0.1431531
0.1228998
0.05674376
-0.035678506
-0.10025589
-0.019261146
-0.12199991
-0.026595565
-0.08639287
0.08232955
-0.012419184
0.01685696
-0.045892812
0.056574736
-0.009748092
0.08087011
0.15743561
0.05208064
-0.06717772
-0.088926435
0.1334061
0.1582206
0.008134988
-0.032113936
-0.115902595
-0.015179133
0.028138643
0.047252607
-0.077248774
-0.0037935118
0.031191729
-0.09305226
-0.05885998
0.060561836
-0.00856989
-0.06890127
0.026951322
0.0046844683
-0.050476305
0.1347706
-0.049866766
-0.009143551
0.031659756
0.06299359
0.04639686
0.077636555
0.003998033
0.056419477
-0.061568685
0.10929109
-0.13734691
0.055359278
0.04619531
-0.012317848
0.083234325
-0.090191014
-0.057773624
0.043575674
-0.07655464
0.0960717
-0.06430405
-0.005838985
-0.00035041926
-0.07085828
0.12744105
-0.1052982
-0.057300895
-0.046041224
-0.041490402
-0.06842982
0.12539935
0.039692834
-0.011379381
0.08203533
-0.0903967
-0.04156256
0.049089584
-0.094147086
0.0452647
0.06340767
0.07294486
-0.11360707
0.078872524
-0.097466946
0.12189486
-0.0769135
0.049581263
-0.04351283
0.008731641
-0.105041794
-0.059292775
0.10524432
0.119913846
0.07961334
0.01774265
0.049879856
-0.027899556
0.03626543
0.0905826
0.105444975
0.1707075
-0.12228564
0.0012631919
-0.036036126
-0.06774741
-0.08693535
0.022765338
0.03529334
0.07246769
0.06890232
0.107002586
-0.012766933
-0.037708048
0.075832985
0.13673894
-0.044742577
0.072086304
-0.008126506
-0.06937768
0.0027707904
0.09849808
0.08367054
0.04162336
0.0582363
-0.023009695
0.1310228
0.055522345
-0.008554024
0.031426556
-0.0375708
0.06211172
0.08054698
0.08610089
-0.055265587
-0.05029184
-0.014595243
0.033291757
-0.07804462
0.06403752
0.037903212
0.08400945
-0.015472286
-0.07100031
-0.075554766
-0.0061036213
0.08333379
-0.013868996
0.10265406
-0.08377702
-0.03630782
0.12431587
-0.05532166
-0.043109573
0.028333947
-0.002180409
-0.0015802755
-0.108389705
0.11833402
0.03728125
-0.029681478
-0.020471709
-0.041142408
0.05829405
-0.030715974
0.0639695
-0.15252967
-0.0044570067
0.034216832
-0.014674333
0.038243882
0.03231855
0.07631417
-0.099438556
0.15764865
-0.032906435
-0.03889997
0.0057974574
-0.019217223
-0.005964669
-0.07709913
0.13717325
0.03028342
-0.055942822
-0.09733216
-0.17542124
-0.08430878
-0.0739492
-0.077944815
-0.037993606
-0.1498997
-0.13600788
-0.06869755
-0.047932573
0.18679862
0.033542536
-0.1030525
-0.12433252
0.018725151
0.007349992
-0.09171299
-0.020926727
-0.0309397
-0.1056877
0.040534545
-0.06127874
-0.0012181709
0.0929072
-0.06968852
0.0027320348
0.008285857
-0.029338319
-0.1030336
0.011102742
-0.009014409
0.08555136
-0.1266169
-0.03910058
0.09011291
-0.0428624
0.054594345
0.054333948
0.0119394995
0.09207033
0.14341256
-0.05078348
-0.03113487
-0.11214409
-0.042841766
0.17874473
-0.014595369
0.19035736
0.014764327
-0.03131072
0.02867618
0.105367675
-0.06400344
0.111144856
-0.025531866
0.0433855
0.118300095
0.15915333
0.059387848
-0.15679556
-0.061179362
-0.07818764
-0.07939957
0.04308337
-0.06788731
0.14916459
-0.15208454
-0.15744057
0.025504397
0.041933745
-0.0696373
-0.011677056
-0.13722418
-0.08409513
0.18682435
0.117173314
0.06810407
0.021979596
-0.035032615
-0.11454213
0.051724847
-0.08448598
0.07480463
-0.12904996
-0.0052403156
0.07700834
0.030044561
0.053332187
0.097043335
0.101007685
0.18641913
0.10280534
-0.036954343
0.077822484
0.05207909
-0.11186695
0.14009534
0.018192412
-0.13281097
-0.0388358
-0.077168055
0.11524795
0.18819118
-0.0054604625
0.080611385
0.0082315365
-0.0698012
-0.13464779
-0.0076209293
0.09043219
-0.088980675
0.031817578
-0.07524894
0.15536751
0.051521547
0.17926462
0.19005702
-0.019302346
0.10087136
-0.14255613
0.084252335
-0.025311993
-0.006701394
0.010731517
0.004972547
0.07233243
0.015111156
0.069253996
-0.07819161
-0.0067883614
-0.034421775
0.10571785
-0.075243875
0.006156318
0.12287594
-0.0029882144
-0.06867248
-0.006856691
-0.055693597
-0.09697949
0.022009462
0.033200294
-0.106468365
-0.012696942
0.09685352
-0.0035768512
0.0099519435
-0.058199655
0.11376945
-0.027778218
0.05818365
-0.031829905
0.10945776
-0.07839738
-0.14417459
-0.021127077
-0.05099897
0.05518385
0.06841575
-0.12795801
0.10228375
0.09395516
0.13562262
0.0027998476
-0.0223865
0.1475887
0.015304295
-0.039790336
-0.06900249
-0.05196595
0.004667037
0.051946674
-0.09757316
0.022115504
0.111804
-0.007642407
0.042357653
0.09446608
-0.04469434
-0.124748595
0.13185692
-0.083367035
0.09174044
-0.07359924
0.10627473
0.06961786
0.058547243
-0.101708755
-0.0727914
0.13112321
-0.024069415
-0.062276978
0.08431882
-0.12655565
0.059662722
-0.0052400804
-0.122622654
0.13707155
0.09653087
-0.0412835
0.10338052
-0.009932778
0.022262301
-0.101141304
0.02323216
0.04596789
0.090321265
0.08569489
0.053786606
-0.060547765
0.081651986
0.027955791
0.043072507
0.03259632
-0.078771815
-0.06695012
0.11477878
0.043806426
-0.037475392
0.048936438
0.1203208
0.061458793
-0.16159423
0.007074348
0.052632324
-0.07291152
0.056435503
0.12505421
0.09893198
0.14291327
0.00510024
-0.08820006
0.0997908
0.083751544
0.068997815
0.057271745
0.1487135
0.069093116
0.041498452
0.039402526
0.11812954
0.121320136
0.03369914
0.056911826
-0.06781979
0.09933908
0.0027115238
-0.029975876
-0.022910003
0.12146995
0.034612164
-0.017910874
-0.44779342
1.5092548e-05
0.0045739184
-0.16349673
-0.09067298
-0.41244552
-0.20691432
0.07513924
-0.11552915
0.25444773
-0.13752748
0.09896005
-0.036737397
-0.11662007
0.188039
0.14599608
0.13343179
-0.29509676
-0.06142141
-0.08719085
-0.23285066
0.013080273
-0.05934099
-0.12769447
0.015966944
0.1688123
-0.19576427
-0.123515114
0.08095146
-0.047121406
0.016779616
-0.09338353
-0.101232484
-0.28725064
-0.06712973
0.041722298
0.027887853
-0.15101135
-0.18729404
-0.20171121
0.024546035
-0.086370334
-0.016296571
0.13328335
0.2906244
-0.33958766
-0.29335207
-0.19299133
0.014449043
0.060870197
0.010429615
0.0440398
9.375332e-05
-0.0577582
0.024405632
0.20338944
-0.2904332
0.002223491
0.017845582
-0.018654266
0.1191405
0.13373286
0.07622487
0.003003558
0.03041456
0.10328734
0.061340153
0.017151466
-0.03987953
0.048902664
-0.033767324
-0.4054202
-0.032460663
0.00068803533
0.11166227
-0.006972987
-0.15127346
0.2667932
0.26185945
0.1869083
0.29581657
-0.07817418
-0.25777352
0.013953759
0.038891014
0.13095608
-0.16213362
-0.01601929
-0.16821145
-0.04493725
0.055403743
-0.26591396
-0.055065032
0.020884424
-0.081806175
0.01068245
-0.39617792
0.082557075
-0.009520193
-0.055101953
0.07921333
-0.22654778
0.03429047
-0.18018478
-0.114163116
-0.08408391
0.08560303
-0.1758667
0.07518177
0.18907838
0.042912036
0.16134179
-0.083848126
0.0211144
-0.13402908
0.001865271
0.009579489
0.016109016
0.12408114
0.06420867
0.21559697
-0.013943263
0.1526047
-0.38282898
0.056675736
-0.10097045
0.08072404
0.009980967
0.12006485
-0.083838955
0.032003894
0.027847322
0.10873515
-0.2900504
0.11050874
-0.09326231
0.100061096
-0.018771516
-0.0764151
-0.113752484
-0.03194035
0.07848663
-0.055479866
-0.072643735
0.14171451
-0.15720518
-0.19502956
0.019189645
-0.022417782
-0.056989152
-0.058649268
0.08031673
-0.03004405
-0.16362211
0.17047526
0.058983784
0.07571591
-0.022979122
-0.11612134
0.104201436
0.14232433
0.08321056
0.013651381
-0.016729455
0.03776615
-0.07309291
-0.12816352
0.047588106
0.05649992
-0.06612027
0.047293175
-0.090377085
-0.012801922
-0.41552615
-0.040648736
-0.13699894
0.00061855046
-0.024070384
0.053357698
-0.07328309
-0.12513126
0.019972341
-0.01570797
0.0427117
-0.01758715
-0.0068872822
0.0022751829
0.14696087
-0.12452157
-0.1743262
-0.02198148
0.09014111
0.10085228
-0.055665717
0.21801879
0.08257012
-0.07049165
-0.05750918
0.021508744
-0.04486051
-0.06371026
-0.10838538
-0.07845401
0.067788005
0.051731788
0.18034962
0.093498416
0.021213599
-0.027397128
-0.14256452
-0.07511447
0.18794662
0.096419044
0.009415174
-0.03055808
0.076405995
0.020888938
0.021275168
0.16902043
0.014966734
-0.06341884
-0.13123785
0.06775914
-0.08309422
0.114495315
0.051006667
0.031033926
-0.0628866
-0.08078507
-0.14465491
0.099305816
-0.15860446
-0.06428607
0.10094331
-0.053747285
0.11038767
0.066023
-0.003883264
-0.13055083
-0.017997703
0.0033645304
-0.040346675
-0.16770951
-0.118687145
0.023571633
0.05197201
-0.13562606
-0.06342881
-0.049574602
-0.1098446
-0.082704306
-0.022925427
-0.1355213
-0.055712607
-0.054617807
0.08303884
0.120949626
-0.15784626
-0.11014269
0.15662901
0.27589583
-0.034118596
0.14917713
-0.1475114
-0.095426366
-0.038785253
0.0061825947
-0.019179678
0.18362272
0.16041414
-0.14397852
0.0964026
0.17119436
0.18841581
-0.002875362
-0.19243194
0.055985566
-0.010337653
-0.1760778
-0.027793793
-0.16050133
0.02154956
0.17240983
-0.06510528
-0.1051541
-0.0110593345
-0.08288539
0.25716022
0.03351921
0.042648558
0.07890047
0.10487327
0.17812453
0.060702547
-0.10618178
0.17224768
-0.27849165
0.14051358
-0.025065612
0.18102477
0.014160927
-0.017943911
-0.044523478
-0.092187665
-0.12587811
-0.017841332
0.035451107
-0.3253877
-0.0910122
0.07506648
-0.14559107
-0.051690977
0.031239556
0.074982494
0.030220902
-0.024706237
-0.14309914
-0.15671606
-0.05624154
0.1628084
0.11872137
-0.061478164
0.2874698
0.17236334
0.06319971
-0.12027156
0.07458332
0.21943255
0.07637697
-0.03264304
0.13334617
0.0769601
0.25271025
0.118180335
-0.059329204
-0.105129965
-0.09137927
0.003719219
0.11053784
0.16540018
-0.059889395
0.115613826
0.083470814
0.058716077
-0.021768762
-0.0096804835
-0.23902218
0.08010499
-0.07391831
-0.21762405
0.04064906
0.005207447
0.14604338
-0.016220352
0.007667868
0.035187725
-0.2516647
-0.09938426
0.163053
-0.20367807
0.06901423
-0.039982386
-0.15843388
0.08723561
0.11512471
0.06648026
0.012341245
0.114422716
0.22979905
-0.15581532
0.049261943
-0.001295456
-0.012723318
0.023533395
-0.08517743
-0.29397762
-0.026731802
0.096623935
0.077667326
0.011190898
0.11259296
-0.21462676
0.043345813
-0.094585165
0.09715146
-0.07853606
-0.15352437
0.12637694
0.098017216
0.040857073
0.12375915
-0.14178091
0.13237472
-0.08026302
0.02734772
-0.10063885
-0.07471438
-0.08578577
-0.028696142
0.062046677
0.10290774
0.087334305
0.03482703
0.1002132
0.1672628
-0.05716986
-0.034793284
-0.039155185
0.0907643
-0.10264296
-0.059726715
0.16472311
-0.043902423
-0.029228853
-0.10863541
0.13991457
-0.005005065
0.15683447
0.08490254
-0.00083094055
0.059890762
-0.014683491
0.14092268
0.16388443
-0.03430978
0.14641532
-0.12163486
-0.0026800835
-0.0016731138
-0.024393838
0.09936645
0.019741647
-0.044889454
0.10871057
-0.055389974
-0.020062946
-0.118668556
-0.07366252
-0.010680104
-0.17380306
0.009920231
-0.06001457
-0.04452694
0.06185597
0.061320506
-0.10968647
0.0493756
-0.017212035
0.072098695
-0.03466866
0.13872868
-0.03861174
0.15101758
0.05599713
-0.0733592
0.015097075
-0.07002522
-0.005131243
0.024131434
-0.027488684
0.008287991
0.08272022
0.055059098
0.042866454
-0.07777729
0.07599067
0.0040788148
-0.042560685
-0.056940112
0.05516798
0.08759045
-0.051583856
0.019255105
0.05143228
0.024228578
0.014211221
-0.059359107
-0.09987033
0.07203769
0.14867885
0.14772853
-0.13743766
0.10008777
0.015878098
0.06102561
0.09858867
0.094916195
0.12865837
-0.05120535
0.007958887
0.010739683
0.012431951
0.11835528
-0.060685113
-0.037978984
0.06984031
0.009920706
0.060571995
0.13950421
0.0110631855
-0.018118912
-0.09892196
-0.041005306
-0.030029435
-0.11623118
-0.07696706
-0.14230339
0.06935094
-0.030855266
0.05608032
-0.13443702
-0.20562375
0.025410209
-0.30282143
-0.19169769
0.3765004
0.35323825
0.061167587
0.05021647
0.080816485
-0.009628463
0.055310328
0.2468581
-0.16361704
0.076580726
0.17350894
0.09462669
0.062384978
0.14229037
0.22379465
-0.117408186
-0.13862175
-0.020733528
-0.04356426
-0.47927412
0.022128306
-0.13316685
0.08203637
0.0077469083
-0.18836977
0.18598394
0.12694953
-0.08277137
0.06401603
-0.022893816
0.21120624
-0.17041428
-0.11010546
0.14051643
-0.03657608
-0.11333964
0.4406689
-0.29024547
0.07194267
0.1086727
0.07084972
0.010882466
0.07630664
0.029304275
-0.15374662
-0.21135026
-0.23306169
-0.015521972
-0.36838678
-0.14266336
0.12387015
0.09959147
-0.037691306
-0.1360348
0.0943044
0.10870388
0.24651188
-0.4280427
-0.3622252
0.031257264
0.1502478
0.021231184
-0.068338946
0.32374066
0.019648634
0.13928781
-0.06821442
-0.10107857
0.12232484
0.03316915
0.079431035
-0.05506023
0.07736455
0.013193775
-0.24445246
-0.002466177
-0.013456621
0.1994584
-0.12128614
0.15678898
0.12495788
0.07991961
0.28062108
-0.011399163
0.021173324
0.1382219
-0.12012715
-0.2689045
0.19943441
-0.11264745
-0.13653596
0.020916743
0.17444628
0.17802392
-0.09373218
0.075384505
-0.09680041
-0.22696637
0.08558942
0.23846835
-0.014328126
0.04822976
0.092897646
-0.12749247
-0.07391525
0.21368618
0.005191328
0.103630595
0.061012525
0.33094504
-0.024183048
0.095232815
-0.06011577
-0.033118382
0.03372341
-0.19544788
-0.3097826
-0.08335988
0.1628167
-0.0617138
0.1749575
0.1256044
-0.13495843
-0.02227149
-0.0074995533
0.23831205
-0.11846879
-0.11151788
0.27603218
0.09476168
0.2635293
0.19719532
-0.18787022
-0.019292742
-0.23505232
0.23369414
-0.02780833
0.0032601946
0.25110462
-0.027695693
-0.06707918
0.06280953
0.2125943
0.13537447
0.09043345
0.21836437
0.07639007
-0.32112747
-0.030322995
-0.33790055
0.14093892
-0.010145769
0.21650526
0.020806242
0.040819705
-0.13113867
0.051598027
0.13045415
0.07686332
-0.020341162
-0.010269698
0.2697744
0.036316425
-0.07530643
0.191498
-0.27736464
-0.032878984
0.09167804
0.23711407
0.035046272
0.26898053
0.051919695
0.038387828
-0.032876395
-0.17331682
0.13408275
-0.23706412
-0.1359831
-0.024868619
-0.043592166
-0.32858324
0.11593639
-0.0610218
-0.10160899
0.03754908
-0.21321346
-0.12110655
-0.080137216
0.20984608
0.18598993
-0.06048915
-0.071878284
-0.1636028
-0.011853671
-0.1917357
-0.1541002
0.22653396
-0.016778052
0.13258742
0.005702277
0.12854923
-0.09717638
0.019866237
-0.1882576
-0.055225894
-0.12425644
-0.22268268
0.04227972
-0.047675632
-0.051688187
0.08242124
0.100346744
0.1835139
0.25588617
0.029596038
-0.059171397
0.12787586
-0.06426344
-0.3058664
-0.06371386
0.03113437
0.015056333
0.051628795
-0.045463305
-0.07805269
0.07872908
0.007678315
0.19666415
-0.060714893
-0.02961738
-0.01187333
-0.041037336
-0.07712621
-0.075454965
-0.052773375
-0.091000974
0.07595275
-0.1513853
-0.033349812
0.019033333
-0.15401585
0.033635367
-0.0804825
0.079838336
-0.40285054
-0.07915653
-0.0038684716
-0.17536776
0.051352892
-0.10598055
0.07108054
-0.071405865
0.13423266
0.110999666
0.0042133867
0.101329304
0.084207505
-0.11969637
0.08015956
-0.057848763
0.07207071
0.13416648
-0.09703688
0.021609463
0.08929173
0.13199592
0.035758242
0.08969471
0.007843526
0.017126573
0.05355344
0.03698112
0.17948696
-0.041947857
0.030145468
0.008156745
-0.077049255
0.25632647
0.12794846
0.07752277
-0.011947169
-0.073424324
-0.064982675
-0.053802043
-0.030635783
0.09621002
0.05580501
0.089470245
-0.033620823
0.0022532751
-0.14404264
-0.033173565
-0.09488866
-0.0498724
0.07609658
-0.13298947
0.09088586
0.12574738
-0.02217641
0.08968687
0.016923636
-0.08619166
-0.050908696
0.048478194
-0.1308689
-0.08271944
-0.121566206
-0.01356873
-0.08170578
-0.05058298
0.026160195
0.017936377
-0.10883677
0.09646366
-0.11036216
0.021050286
0.026719341
-0.028052744
-0.0033457463
-0.055115122
-0.048736095
-0.13833454
-0.10397465
0.06905034
0.097788066
0.027100476
-0.064830326
0.05831087
0.046406403
0.07535679
-0.057080362
0.1003441
-0.12863712
-0.026275214
-0.02376775
0.037270736
-0.039991338
0.116540566
0.0144893145
0.09457915
0.003771945
-0.09288872
0.044946827
0.09800938
-0.011006237
-0.10121869
-0.022320637
0.01822582
-0.10172406
-0.012817849
-0.0018526971
0.051907513
0.039386895
-0.09122995
-0.07019781
-0.06867041
-0.099805936
-0.13690843
0.075653024
-0.07866919
0.07062536
-0.0017159528
0.065145776
-0.054323625
-0.03783182
-0.065876566
-0.0447451
-0.022125559
-0.0033477733
-0.07476719
0.10409794
0.035160854
0.027161289
0.07183146
-0.13231213
-0.13749585
0.10241915
-0.038830545
-0.094293065
0.027755192
0.10692048
-0.10393428
0.10004073
0.04233099
-0.09297604
-0.12317276
0.022904512
0.07945503
0.2991412
0.067493685
-0.008341587
0.024157764
-0.12715918
-0.060583018
-0.022394182
0.047870014
0.046428807
0.01999979
0.0045872573
-0.043627396
0.4191537
-0.090777196
0.005903026
0.037975002
-0.020631999
0.43134105
-0.05042933
-0.04701606
-0.062648304
-0.045138795
-0.11611101
-0.09210124
0.04551939
-0.13230643
0.05898101
0.10151182
0.13446224
-0.100656085
-0.103313506
0.04179045
-0.14237125
-0.08265989
-0.0035157977
-0.07677352
0.00484713
-0.0063772798
0.0520406
0.09442165
-0.0067777345
0.018661488
-0.067212276
-0.026071215
-0.049985487
0.07992937
0.08917873
0.06309711
0.06156071
0.018758437
-0.039418112
-0.13207822
-0.08280497
0.11113369
0.14783567
0.0058871787
-0.14854571
0.021425676
-0.041972447
-0.15337248
-0.098349705
-0.14207363
-0.06691307
-0.05182907
-0.006521032
-0.039846357
-0.10335144
-0.13953833
-0.0038388246
-0.1039563
-0.17857468
0.031319443
0.002698895
-0.08042391
0.045992512
-0.1316842
0.010920242
0.011051184
-0.17202324
-0.08332318
-0.01527913
-0.0742729
-0.10574579
0.17247027
-0.07224705
0.086163454
-0.03755253
-0.04126672
-0.040405292
-0.07559388
0.031034635
0.12758508
0.044967
-0.07927484
-0.11788134
-0.11503166
-0.07053782
0.08451702
0.1857542
0.034737065
0.17247795
-0.13336322
-0.14153306
0.06275684
-0.17460912
-0.0046733352
-0.0043064407
-0.04464968
0.06862989
0.012585541
-0.04136821
0.06304609
0.08526002
0.012370099
0.014091046
-0.024790911
-0.109729305
-0.07620247
0.010105063
0.05266102
0.14531158
-0.009884495
-0.12157025
0.0006742088
-0.060720373
0.09241173
-0.085025586
0.061206132
0.1629747
-0.06722296
-0.17400146
0.12089905
0.037347037
-0.07729467
-0.0540753
-0.09538164
0.055554327
-0.06403705
0.10605641
-0.059074022
0.14183526
0.095247574
-0.05866469
-0.12631038
-0.1490208
0.18988165
-0.0851897
-0.12610555
-0.09801548
0.0081381705
-0.016539214
-0.15162386
-0.009140768
0.1025119
-0.08277434
0.07493259
0.11869346
0.068234116
-0.14407572
-0.058805082
-0.07964955
-0.16552992
0.17985989
-0.029428998
0.039630726
0.09033995
-0.016477868
-0.027292509
-0.005187586
-0.0021759367
-0.021737892
-0.00340353
0.018046398
0.088888116
0.007840359
0.07335926
0.008979491
-0.074156806
-0.107186265
-0.17131181
-0.030274399
-0.11638528
-0.11434637
-0.0041486016
0.087714784
0.13038377
-0.003437616
0.11092025
-0.09633434
0.018951146
-0.0705854
0.06494204
0.063050635
-0.11616529
-0.04695119
-0.03251881
-0.06484297
0.0877366
-0.07033926
-0.06777476
-0.108463496
-0.07038219
0.027988574
0.080483094
0.12966898
0.0954718
-0.0494527
0.0037028787
-0.08205101
-0.037260838
-0.12927383
0.041300714
-0.113521814
0.027239593
0.04505178
-0.20546351
-0.1041774
0.18889019
-0.02775119
0.04561527
-0.04292783
-0.001399187
-0.11604762
0.13288309
-0.12668495
-0.07343108
0.041299306
0.04055284
-0.057588127
0.04939371
-0.048714884
-0.010864318
-0.13496941
0.088715754
-0.049913127
0.043138202
0.016912365
-0.058023397
-0.056173347
0.054443035
-0.10797621
-0.014781671
0.049559742
-0.07574565
0.072430596
0.13824971
-0.026628077
0.11952187
-0.008513451
0.15185823
0.03437786
0.11859505
0.016611377
0.021087548
-0.011284234
-0.044028107
0.1625288
0.15425028
-0.06522883
-0.14922304
-0.06966498
0.01668509
-0.06464
-0.03251162
0.011785618
-0.025060087
0.082908325
0.021322407
0.14204332
0.030046849
0.04521094
-0.06385876
-0.07697917
0.1259322
0.15052193
-0.056038454
-0.05970353
-0.053483617
-0.049140528
0.12594621
0.0028292323
0.026518743
-0.06375645
-0.111384235
-0.03699637
0.032945372
-0.15842727
0.047820542
-0.047416475
0.1308026
0.08449076
-0.052796748
0.08431858
0.09095476
0.044357814
0.1210426
-0.035518933
-0.013422296
-0.026457753
-0.057930727
-0.023303974
0.06463939
-0.10701288
-0.064089425
0.069440134
0.075947024
0.09446368
-0.016965281
-0.086878054
0.09092713
0.06625972
0.0369245
0.009924453
-0.042613886
-0.12493909
0.05067386
0.047227826
-0.009123384
0.04912096
-0.08518693
0.10137092
-0.11551231
0.017627904
0.022258118
0.10638807
-0.09211261
0.097477354
-0.018459797
0.011922206
0.014086669
0.13648367
-0.14607053
-0.094790295
0.034485918
-0.09801536
0.06972427
0.06112542
0.041001406
0.10743744
-0.008351199
-0.090213746
0.03448773
0.10478662
0.11867644
0.09624741
0.021254992
-0.02170236
-0.046884958
0.0355842
0.010592402
0.08570662
0.09224425
-0.07329629
-0.09095968
0.14219776
0.1654579
0.10596171
0.0059448555
0.074558295
-0.023355957
0.018690102
0.016061887
0.13056734
0.0061453036
-0.07421982
-0.06697882
-0.0988577
0.054323964
-0.07239137
-0.01702942
-0.11028865
0.028083727
-0.052845597
-0.018039301
-0.08439958
0.3108694
-0.09617708
-0.26304266
0.4234675
0.20543684
-0.52813363
-0.29445022
-0.21618097
-0.10741133
0.17070815
-0.068269186
0.1130775
-0.2825761
-0.19012533
-0.16235442
-0.19937928
0.24339084
-0.08734318
-0.08360378
-0.42362404
0.20217595
0.2614405
-0.11607069
-0.11629048
0.22193521
0.076601036
0.067010075
-0.15509397
-0.13670982
-0.0033184953
-0.15846275
-0.26619157
0.30811974
-0.39094582
-0.3370223
0.020177234
0.19162236
0.10739565
-0.2194845
-0.011044825
0.37063226
-0.33664295
0.2754752
-0.16730289
-0.09217965
-0.34478268
0.0768073
-0.28947753
-0.12585732
-0.037800677
0.2672797
0.25785545
-0.22408363
0.20369072
-0.071085654
0.0056467988
0.20998062
0.10287624
-0.05283777
-0.12765843
-0.09627168
0.03955391
0.33164966
0.21767148
0.035997055
-0.28595665
-0.13999397
0.08853039
-0.24349187
0.020415789
-0.08595561
0.0012809314
0.09153835
-0.22981526
-0.02247763
0.14929679
-0.03743432
-0.0023457129
-0.11970556
-0.0058754394
0.19834484
0.29433435
0.026385812
0.24720427
-0.39376208
-0.22849949
0.2448486
-0.12319314
-0.18155229
-0.25011608
-0.11394357
0.30622005
0.10706362
-0.021462794
0.42957827
0.15097663
0.35273835
-0.08163709
-0.1823172
-0.030832438
-0.09984647
0.108572386
-0.0037020291
-0.109323
-0.4990786
0.44425404
-0.005786042
0.062187504
0.26290968
0.06869584
-0.09640834
-0.107484296
0.091343194
-0.09026613
-0.2508761
0.28243637
-0.022398746
-0.05520835
-0.07041132
0.16630797
-0.013903634
0.279125
0.1581305
-0.16615838
0.16433169
-0.23560151
-0.05447626
0.13534789
0.10152781
0.22908121
-0.03248782
0.026960978
0.030261042
0.11995488
-0.057562646
0.22735775
0.05763416
-0.1325291
0.046901274
-0.15138301
0.12942491
0.060571335
0.064131856
0.006033233
0.009559215
0.12207283
-0.100141026
-0.07054871
0.14272751
0.07803428
-0.0835877
0.1624409
0.09376647
-0.0987195
-0.004051982
0.1252847
-0.11407901
0.14935668
-0.015157432
0.08923931
-0.04215504
0.12131707
0.09366585
0.052627925
0.0065146964
-0.022701593
-0.112227716
-0.024521014
0.07906839
0.05090584
-0.031766307
0.007458018
-0.09328591
0.09174612
-0.0646205
0.09972941
0.03774755
0.05314113
-0.04616129
-0.08396864
0.14373514
0.004749115
-0.24057506
-0.012362323
0.19814372
-0.11372806
0.017241212
0.020832282
0.042653885
0.014696256
-0.04846175
0.19550043
-0.049358726
-0.1579306
0.013415201
-0.06568423
-0.034295116
0.10257171
-0.096916996
-0.06412764
-0.07342328
-0.031483326
0.10544244
-0.10050218
-0.007261139
0.0010323421
-0.040025685
0.08623631
0.024120647
0.11624918
-0.058991823
0.011062484
0.048193544
0.118555576
0.06536518
-0.120309256
0.09285212
0.0785575
-0.024583971
0.22303772
-0.07892768
-0.04396482
0.08717203
0.07397533
0.10435308
-0.04376866
-0.003141168
0.11537921
-0.002477385
0.053567007
-0.05475332
0.12281346
0.008301345
-0.0037082497
0.0057736617
0.028961666
0.08079784
0.021732744
-0.13896097
0.093187265
-0.13692757
-0.091193914
-0.09067346
0.0019890675
0.17349511
-0.07476941
-0.07696123
-0.06024882
0.08996022
0.12233124
0.044950183
0.04989288
-0.05003438
0.08540943
-0.054613158
0.028141284
0.008469887
0.03498078
-0.06729537
-0.05205953
0.12130554
-0.104906075
0.0116638215
0.004269923
-0.020661008
-0.10450661
-0.03453811
0.03738917
-0.031956676
-0.10533508
0.016071057
-0.015725467
0.10762471
0.06163994
0.026683487
0.034503683
-0.019847976
0.13216554
-0.034153193
-0.03494146
0.0034374136
-0.07217157
-0.05105423
-0.053252503
0.0921639
-0.055402957
0.039102722
-0.099124536
-0.039531775
-0.07319435
0.1297329
-0.0674208
0.11004084
-0.020125197
0.13769913
0.019391628
-0.0046340423
0.09047244
0.1206331
-0.0020128374
0.12345197
0.018667707
0.026876677
-0.11736455
-0.096100986
-0.1494583
0.13999721
-0.017874375
0.013056611
0.11969856
-0.019478058
0.111903
0.060294792
-0.04031046
-0.09742813
0.12641649
0.01674029
-0.011443044
0.019399809
0.077353105
0.035018265
-0.06967502
0.09028158
-0.07897463
-0.06835128
-0.08119182
-0.052852664
-0.014407583
0.042960733
-0.07701435
0.0004470164
0.004354117
0.053565957
0.012355455
0.034384638
-0.095703796
-0.022447184
0.03818381
0.060852665
-0.11425801
-0.007186534
-0.02748529
0.10957771
0.09919352
0.10247246
0.028595245
-0.06677276
-0.08431619
-0.03132437
-0.033978764
-0.08227495
0.11140462
-0.03644344
0.0072660386
-0.06624978
-0.120405085
0.07200144
0.07063099
0.116063505
0.09578283
0.0865093
-0.08734788
-0.028356219
-0.10170694
0.0021609352
-0.055520806
0.07047122
-0.05593448
-0.07886666
-0.040229555
0.10977496
0.033951096
-0.0018468756
0.027654571
0.114246
0.05471176
-0.061888855
0.09070171
0.079797246
0.048670653
-0.007849089
-0.06028817
0.06237034
0.04229862
-0.04680476
-0.09023325
-0.02451927
0.1019053
0.037452456
0.120808356
0.06724207
0.037640292
0.017291566
-0.10354434
-0.030710183
0.08774045
-0.06783466
0.046871338
0.036014546
0.08170272
-0.016251972
0.08873447
0.116593555
0.06467033
0.12370783
0.038338427
0.08613616
-0.11278105
0.0024046118
0.0010946665
-0.095213
0.008262455
-0.07501936
0.014150609
-0.12543693
-0.041428037
0.10018088
-0.103018194
0.13411938
-0.014045932
0.11714338
0.12955755
0.10725289
-0.14058407
0.022607591
0.033749994
-0.032802477
-0.035545748
-0.11495917
0.0740585
0.13321047
0.105422705
0.043694388
0.0030770267
-0.08594262
0.044718545
0.10118331
-0.043061636
-0.019555112
0.03200264
-0.05097472
0.08996593
-0.056324065
0.112663046
0.15230085
0.0050698835
0.056733232
-0.076317534
0.017399449
0.064007856
0.008437921
0.07816573
-0.026668053
-0.045273278
0.09117012
-0.010999695
0.015054009
0.031205934
0.065739445
0.083745986
0.11575871
-0.009295848
-0.046985228
0.0038546587
0.040114377
-0.05440502
0.07714075
0.057720367
0.14041854
0.0061552837
0.108611695
0.08227575
0.065017104
-0.034828566
-0.01400116
0.09066793
0.10126112
-0.0327021
-0.08505011
-0.033559006
0.111331835
0.01985285
0.104868025
-0.07410595
0.096786544
-0.025688006
-0.04319111
-0.08996139
0.007581651
-0.06804973
-0.03519693
-0.11543179
0.0024590837
-0.049127966
0.03550623
-0.04064305
0.022764048
0.03532405
0.12448099
0.11968066
0.019587548
-0.10865441
-0.005093441
0.084197156
0.11474211
-0.069052406
-0.026004365
-0.097494006
0.09766476
-0.070626386
-0.08298587
-0.018279685
0.0038136547
-0.059722476
0.073600695
0.0029984582
-0.07905655
0.082769774
-0.022813044
0.059187125
0.1037187
0.07428612
-0.025213031
0.13886154
-0.00356761
-0.0428923
0.08338301
0.0014175987
0.05583224
0.05417291
-0.105987675
0.022878226
0.06353688
0.09527905
0.07056213
-0.011687524
-0.04239744
-0.10574603
0.0911039
0.02833058
-0.029283348
0.08993947
-0.028350295
0.025376383
0.076603875
-0.054161277
0.014414949
0.042412784
-0.07209169
-0.045788534
0.016476892
0.0035013664
0.022307172
0.06629346
0.0120167285
-0.12460792
-0.051891126
0.11359331
-0.04954355
0.16872044
0.011389064
-0.14841264
-0.09072549
-0.06976741
-0.06107558
-0.1369086
0.11528432
0.07166469
-0.046080425
0.03283522
0.030698346
-0.06481042
-0.01535215
0.16222017
0.06817316
0.024515493
0.019861322
0.020734893
-0.02196289
0.096366666
0.045514006
-0.07079524
-0.02307957
0.0003932295
-0.1224209
-0.042862352
-0.060064428
-0.06986981
-0.04788804
-0.05269719
-0.0884433
-0.0881189
0.00013418906
-0.06164039
0.110147476
-0.007084431
-0.046818342
0.08509898
-0.051410504
-0.06778704
0.029536568
0.059739795
0.09022934
0.0012515525
0.0680004
0.03449328
0.015433266
0.11792018
0.029435413
0.12460258
-0.18137199
-0.012819482
0.069406144
0.13713533
0.054394316
-0.0368173
0.006447334
-0.083623596
-0.05491365
-0.018615158
-0.041044164
-0.030309476
-0.053003937
0.079852134
0.05374325
-0.018023754
-0.093000464
-0.044382226
-0.09554602
-0.009742149
0.08995884
0.12909755
-0.02326163
0.0047597885
0.088428974
-0.016728496
-0.01632869
-0.030697672
-0.09748195
-0.00074065046
0.047646757
0.017989196
0.1831032
0.10041383
0.07311345
0.10347764
0.007926276
-0.025220275
-0.072402686
-0.020463413
0.06309884
-0.16524523
0.08025776
0.06494373
0.009874359
0.063712895
-0.17366038
-0.13899526
0.03477445
0.14637224
-0.003348574
0.018719923
0.06763781
-0.1999083
-0.10540167
-0.051320508
0.12059251
-0.19665109
-0.13624316
0.17338811
-0.018659925
0.10813227
0.11650101
-0.22371048
0.1488074
0.24382028
0.0866593
-0.05811704
-0.22010198
-0.13201113
0.20944756
0.06379627
0.08990341
0.11781442
-0.00032315947
0.09795034
-0.03389512
0.13934554
-0.12114565
0.025980443
-0.043245293
-0.12946866
0.20119002
0.1641224
-0.23983493
0.1112638
0.15115994
-0.14507492
0.0678648
0.038672335
0.028265206
-0.172954
0.14730817
0.21483354
-0.20817609
-0.06037251
0.19037305
-0.04277599
0.004944519
-0.06063099
0.09243889
-0.14565
0.05337824
0.036307897
0.04165526
-0.023344189
0.043656804
-0.22716537
-0.25493118
-0.063499495
-0.077089384
-0.14336121
-0.080967665
0.09134059
-0.107843794
-0.025951317
-0.115889944
-0.004492004
0.03823276
-0.20175847
-0.0328542
0.2026261
0.108037405
0.10023771
0.044723324
0.05250207
-0.08125092
0.12628868
0.19108297
-0.042330723
0.20480897
-0.16810283
0.15575217
0.22554514
-0.023467029
0.2659924
-0.21054654
0.0402526
0.06897952
0.13603899
-0.036367703
0.055700153
-0.15517123
0.023463989
0.08605213
0.25010183
0.086466126
-0.11102651
0.08894978
-0.037290197
0.1274727
0.07053888
0.053030256
0.042423997
-0.24559996
0.28838706
0.14255792
0.22487906
0.017283887
0.11494203
0.059988394
0.107542016
0.0056477943
0.08993793
0.16278705
-0.039610803
-0.077484325
-0.07248547
0.011384866
0.06316858
-0.012965522
0.039223615
-0.09478606
-0.10159269
-0.08809174
0.0958893
-0.08182945
0.063239746
0.09399951
-0.07391457
0.031163631
-0.054332282
0.07490841
-0.043846615
0.08026767
-0.075249314
0.062310793
0.009442859
-0.09801018
-0.019927813
0.12801221
-0.09974901
-0.10148609
-0.023637097
0.11565063
0.05068536
0.02081658
-0.19879855
0.13629025
0.11460115
0.12639378
-0.1378848
0.097487636
0.0551622
0.050249275
-0.11351686
-0.065429784
0.050005503
0.08024322
0.036331315
0.10238965
-0.008873275
-0.103818
0.01780601
0.10999956
-0.047947712
0.019830456
0.17121758
0.060574513
0.08031822
0.03631681
-0.03418793
0.12796588
-0.0003876931
-0.0020461734
0.0638758
-0.011514298
0.09083839
0.023981368
-0.004844954
0.14015935
-0.02226039
0.032371346
-0.060264934
0.000662509
0.07876013
0.083862826
-0.024637112
0.1668399
0.015187838
0.18107478
0.10037746
0.17129289
0.057629652
-0.08943616
0.0673045
-0.12777342
-0.04602857
0.14296134
0.034017812
0.108520076
0.0070993626
0.15394811
0.13561048
0.17310989
0.072944745
0.004846753
-0.07789618
0.1615111
0.009134726
-0.1095765
0.10465808
-0.0264787
0.10886625
-0.05896806
-0.07449055
-0.0060687247
0.099455155
0.016998751
-0.011523764
0.12217351
-0.017020658
-0.039174434
-0.052290797
0.026472125
0.00039534643
-0.078069024
0.07907102
0.013987416
0.101253085
-0.06344503
-0.036183227
0.03275229
-0.037107155
-0.03641556
0.0379973
-0.14580004
-0.13462135
0.009786401
-0.07589372
-0.19316839
0.14010866
0.3248027
0.023121335
-0.1366307
-0.07793454
0.21082991
-0.1792783
-0.06084975
-0.16483313
-0.0031624953
-0.051098462
0.16289942
0.17939837
0.20620975
0.122298054
-0.3164758
-0.08948973
-0.0032628921
-0.08805148
0.053388957
-0.030120162
0.15079437
-0.03704612
0.02068679
-0.21524386
-0.045670588
-0.05182759
0.15067798
0.0265164
0.014645537
0.15086365
0.111631416
0.2150619
-0.1677666
-0.049048647
-0.06632662
-0.033784926
0.07322591
-0.18260086
-0.07558256
0.059956525
0.18153109
0.0063782306
-0.01935157
-0.19443682
-0.05398451
-0.14512032
0.0448994
-0.12336678
0.027303653
-0.013433241
0.058584984
-0.19506049
-0.14472993
0.08577089
0.09094135
-0.04100099
0.060734715
-0.16423988
0.09817168
0.13677451
0.059157494
-0.0943176
-0.1108381
0.23180848
0.03767954
0.028512267
-0.24246533
-0.09755563
0.18080352
0.097257696
-0.014422118
-0.010914114
0.12630844
0.21353848
0.17985347
0.16073662
0.008576488
-0.22173308
-0.032181032
-0.09809085
0.1493541
0.01632678
0.006370662
0.088081285
-0.2704984
-0.06600677
-0.17354144
-0.079259366
-0.009681988
-0.07936631
-0.13671993
-0.10721264
-0.06957877
0.082875006
0.026341837
0.031598177
0.019223124
-0.16554835
0.10119566
-0.0013939431
0.14383931
-0.09781487
0.118111156
0.057822116
0.109657474
-0.03567526
0.19520724
0.15165615
0.091175035
0.098133914
0.31072944
-0.055609517
0.18506823
-0.26080602
0.021735825
-0.03290842
0.10347486
0.12790106
0.007046071
0.12734573
0.060530026
-0.13756032
0.10743429
0.015429337
0.14513478
0.13297535
0.10726486
-0.09271966
0.09546232
-0.018301427
0.13208658
-0.096110396
0.04842997
-0.005160745
0.05327076
-0.052929122
0.17712913
0.09818055
-0.050156016
0.0421265
0.025561629
0.09394609
-0.06122371
0.002607493
-0.015318548
-0.05171398
0.025143519
0.13620122
0.06747805
-0.043246683
0.006400042
0.13122757
0.12637138
-0.040841203
-0.060443476
-0.1880496
-0.15043265
-0.02493193
-0.0899924
-0.07524327
0.2139635
0.20167984
0.00090066734
-0.0026643018
0.011790907
0.025407916
0.008625514
-0.10391308
-0.13661297
-0.0834071
-0.014429836
-0.056612592
-0.057655204
0.021925278
0.02101047
0.073879994
-0.09756419
0.093177564
0.035710093
-0.048776682
-0.09598663
0.038701303
0.09108224
-0.02471908
0.14653493
-0.17665222
-0.10764245
0.012706369
0.06396441
-0.010408244
-0.12396173
-0.034388423
0.081517465
-0.09464418
0.04253273
0.1042075
-0.12714852
0.031080902
0.12274468
0.014180583
0.0775542
0.15141296
0.100567415
0.01899192
0.030972349
-0.036294717
0.011431655
0.08003511
-0.011571724
3.258921e-05
0.09866899
-0.17700635
0.014112984
0.016388945
-0.057869174
0.065602265
0.044966746
0.036324985
0.071990244
0.039045293
-0.010499055
-0.14860137
-0.02610229
0.035033442
0.11680876
-0.028824933
-0.1436249
0.045379717
0.17976561
-0.035930514
-0.06760612
0.18217741
-0.08203748
0.100328095
0.023349816
0.13058633
-0.029318223
-0.093322374
0.17856225
-0.14835624
-0.038355347
0.029439522
-0.09459995
-0.05888586
-0.030373288
-0.06639402
-0.026575297
-0.027310329
0.0049143033
-0.023484342
-0.15983956
0.2843614
-0.42613152
-0.17983049
0.08188793
-0.01919171
0.4633732
-0.030485863
0.027037406
-0.085408434
0.16309498
0.16905573
-0.06217204
-0.16683324
0.18301496
0.05582047
0.1570302
0.23252626
-0.12543963
0.023906583
0.2327969
-0.11846128
0.058655024
0.10696629
-0.03236374
0.054471623
0.047358204
0.039556216
-0.01811128
-0.17870274
-0.09432916
-0.12765461
-0.040115792
0.20876938
-0.26916462
-0.10484404
-0.14194797
0.25519806
0.40114957
0.012712599
-0.17865796
0.042741515
-0.060130324
-0.18166986
-0.122887395
-0.30192658
0.08168958
-0.035073686
0.123301454
-0.236542
0.11755966
0.086314395
-0.23087576
-0.09395627
0.20891097
-0.041257873
0.06171916
0.07852866
-0.31276205
0.2869073
0.124031745
0.31454608
-0.15122311
-0.3919407
0.37116846
0.1993865
0.025882034
-0.23322032
-0.05387576
0.37106666
-0.17079401
0.41777343
-0.1810295
-0.16225061
-0.037690293
0.06257175
0.35501042
0.5010718
0.32567075
0.05344556
0.23190165
0.40291274
-0.009751816
-0.19400047
0.43972036
0.096142545
0.32951465
0.23011866
0.26733065
0.1826453
0.12701494
-0.21047008
-0.08095517
-0.29176486
-0.10118988
0.065629356
-0.048601057
-0.42795843
-0.34927234
0.007547027
-0.3033255
0.230806
-0.45929432
-0.43802547
-0.17936666
-0.29767516
0.4412654
-0.06505071
-0.19821322
-0.1393027
0.36102602
-0.13338563
0.033257645
0.21100157
-0.101174556
-0.15348758
-0.23330392
-0.037645772
-0.32917014
0.22431931
-0.2348346
-0.10265446
-0.036268428
-0.122919895
0.10425861
-0.29576293
-0.40487564
-0.24754618
-0.027044522
0.09921126
0.061989542
0.08956784
0.014863246
0.1321299
0.061740436
-0.049001403
-0.032942973
-0.07418049
0.08101323
-0.06638302
0.057574213
-0.024649898
0.04568425
-0.06301079
-0.1307115
-0.086466156
-0.05505629
0.1123244
-0.050144013
-0.0013724704
-0.0056926436
0.054037597
0.060247824
-0.066589214
-0.054715138
0.060281966
0.02499129
0.0756135
0.098895274
-0.10616146
0.028410675
0.041774374
-0.052435096
-0.054295987
-0.07431487
-0.057122856
-0.0729537
-0.11762903
-0.091877714
-0.0020270832
-0.03850505
0.051381998
-0.05855579
0.05229281
0.12016548
0.06259977
-0.04580896
-0.0074814064
0.09690623
0.086201094
-0.12023479
-0.03267847
-0.072479896
0.011415424
0.033567544
-0.043963257
0.06561459
0.008667199
0.07978628
0.0046905866
0.082614094
-0.019717798
-0.053674452
-0.09130521
0.022806069
-0.055639602
0.039994057
0.003511852
-0.10855806
0.025437081
0.018226918
0.115187585
-0.09263097
0.043726295
0.08910131
0.052723583
0.0077080433
0.005008501
0.08782885
0.047102895
0.024632484
-0.015525037
-0.024893425
0.172273
-0.020978296
0.026383724
-0.08678756
0.103339374
0.07031643
0.03561171
0.085161455
0.05669002
0.09706732
0.0095535545
-0.05506777
-0.10322745
0.03172092
0.09297697
-0.06182282
0.084426776
-0.014631876
-0.12817639
0.032054942
-0.019150574
-0.08396251
-0.04296275
0.13921762
-0.04020029
0.074920654
0.0757636
-0.05289605
0.02082814
0.10586122
0.06208853
0.061413653
0.0005106863
-0.07182508
-0.054371487
-0.0089092925
-0.07686082
-0.024167279
-0.060663007
-0.057174247
-0.04440102
-0.07015003
-0.085013576
-0.1667964
0.0075751967
-0.331442
-0.1360524
-0.026303208
-0.01369891
0.04332891
0.034940097
-0.1011566
0.05232809
0.10714103
0.17883323
-0.058482844
0.081944816
0.061823376
0.0057776496
0.19106928
0.027952198
-0.04381038
-0.09020492
0.18017308
0.034541566
-0.0745964
0.009915671
-0.1726527
-0.014365721
0.0020744859
-0.114641085
0.015415071
-0.04342388
-0.14352715
-0.11130838
0.012580374
-0.024822501
0.077752694
-0.100494765
-0.21378458
0.18492393
0.36791658
-0.27218187
-0.0076629943
0.06327036
0.11812219
-0.098178245
-0.0631912
-0.29016724
0.13065682
-0.074861236
0.1108727
-0.16054907
0.21480462
0.15150283
-0.05572477
0.03294702
-0.25193724
0.12643157
-0.038815103
-0.0006927107
-0.10922654
0.052158546
0.024554621
0.14717115
-0.2651134
-0.06379645
0.009374046
-0.0878738
-0.10990854
-0.054405145
0.0015068052
0.2969334
-0.11141188
0.1937524
-0.051737044
0.104675606
-0.13741888
0.020408904
0.048603907
0.37258938
0.06656322
-0.04895824
0.19718176
0.20234683
-0.014872889
0.018962458
0.10444579
0.20748194
0.19189933
0.21940571
0.0186637
-0.051766757
-0.016970709
-0.2113722
0.07579262
-0.13337398
0.05381265
0.17964889
-0.024389863
-0.10797667
-0.15261948
0.2024087
0.008997241
0.21859558
-0.107681125
-0.39742574
-0.08838621
-0.027369887
0.18994851
-0.121681936
-0.03914412
-0.2776587
0.16533841
-0.031822003
0.18185548
0.16197161
-0.06384866
0.11310272
0.08503317
0.02126857
-0.40058863
0.07734141
-0.16075572
0.020738782
-0.03741451
-0.008480696
-0.23147015
-0.2473629
0.073359944
-0.17443047
0.17779942
0.28899843
0.016599061
-0.10970703
0.103591464
0.03410277
-0.0010438805
0.12141144
0.119457684
-0.19460116
-0.13303962
-0.02003475
-0.11526737
-0.1199898
-0.07627569
0.08325406
0.08621988
0.21737973
-0.20717247
-0.026577702
0.09521083
0.12091168
0.029459033
0.21988477
0.16435072
0.058259178
0.110414594
-0.081443705
-0.09812242
-0.012512887
-0.24942179
-0.098046236
-0.15886052
0.20655295
-0.083630666
0.082331024
-0.060623225
-0.13486503
0.16244568
-0.031143336
0.032483596
-0.014289059
0.005740774
-0.108745806
-0.11355865
-0.062787846
-0.18486027
-0.06935914
-0.0071001872
-0.12461507
0.25508758
0.25417468
-0.35497677
0.093494385
-0.059603304
-0.0642782
0.1387096
0.14886543
-0.08317464
0.17627776
-0.18976532
0.12877204
0.08644217
-0.092647254
0.23653995
0.11159909
-0.05369904
-0.15408598
0.112506725
0.43717328
-0.05050346
0.21904323
0.13204542
0.074554846
-0.19412424
0.025335234
0.072301686
0.45957693
0.15231158
-0.11985531
0.043382842
0.09284022
0.016636165
-0.07893224
0.09721952
0.06027176
0.16524896
0.00031855484
0.2566622
-0.06015663
0.11071469
-0.014884942
0.23721045
-0.1561037
0.013875422
0.017388094
0.22736949
-0.21875365
-0.16296528
-0.020662444
-0.25113752
0.1582924
-0.20228402
-0.037214108
-0.2617944
-0.16188909
0.09606194
-0.061050016
0.11104619
0.030423969
0.032428157
0.020325918
0.008353087
0.024234755
-0.19991536
-0.14820702
-0.2522197
0.053714983
-0.36150664
0.14567375
-0.10186917
0.010940088
-0.11716476
-0.35575292
0.13347802
-0.05173103
-0.38115582
-0.09673644
-0.0724502
0.025515715
0.0214073
-0.018476794
-0.02005408
-0.00035112322
0.08258057
-0.02850348
0.043707855
0.006465136
0.025811521
0.0021888074
-0.013953052
0.029503487
0.01151174
0.07649531
0.015833152
-0.031758618
0.04013914
0.10131885
-0.11809388
-0.077446654
0.0072651175
-0.048200194
-0.00783335
0.13521262
0.031680364
0.12079991
-0.04306176
-0.09374039
0.0023007048
0.050719094
0.078155264
0.024222434
-0.10473623
0.07440701
0.051367745
0.016289176
0.07314058
-0.0027852731
0.028337467
-0.12727682
-0.1600319
-0.06912356
-0.12861936
0.090878226
-0.021502987
0.04254363
-0.018844448
-0.030547533
-0.07153343
-0.137974
0.0118570365
0.10759217
-0.026558597
0.15294619
0.030933727
-0.1168196
-0.052868627
-0.084914915
-0.0148206875
-0.1231992
0.0044958545
-0.06671854
0.030025909
-0.04227951
-0.04244391
0.023232946
-0.030567963
-0.11813095
-0.08530333
-0.13201673
-0.07007475
0.056099728
0.084959
-0.055676393
-0.056274954
0.023251811
0.012274449
-0.049020484
-0.031538717
-0.07266718
-0.077090025
0.12371085
-0.04359271
0.08804948
-0.04597063
-0.004315564
0.05510885
-0.011280613
0.074338205
-0.029466353
-0.017609969
-0.034087412
-0.13720909
-0.06352446
0.044801418
-0.109919295
-0.058074817
-0.12115752
0.41561648
-0.08440151
0.07723254
0.05060987
0.15097095
0.041112613
-0.07982989
0.047396954
-0.10020988
-0.096065
0.050155144
0.0657769
0.027908444
0.041452672
-0.06974812
-0.061616573
0.2790944
-0.099428155
0.025646402
0.031057278
0.10837464
-0.1757651
0.015525489
0.0067768176
-0.12631176
-0.13873282
-0.040059544
0.00878968
-0.08990263
-0.012041835
0.13966876
-0.009272363
-0.07154112
-0.006164423
0.12314889
0.08145219
-0.02123349
-0.031624556
-0.14033072
0.08715629
-0.057337135
0.15610279
0.056157686
-0.017684488
-0.081568375
0.0329336
-0.04541792
0.061646853
-0.027423754
0.122066006
-0.06875752
0.050678812
0.0067742933
-0.06707486
-0.097510055
0.022677137
-0.07126985
-0.026213871
0.041670226
0.09451124
0.026405958
-0.014065014
-0.14226049
-0.011504527
0.0921908
-0.057026826
-0.035998255
-0.03923137
0.06841598
-0.006208647
0.06664184
0.002111832
-0.053258628
-0.082985744
0.024664542
-0.095838405
0.069765516
-0.02822018
-0.049013127
0.023822716
-0.06627592
0.08228398
0.12195467
0.049077034
-0.03247896
0.03742024
0.018758658
0.060362943
-0.11501847
-0.08706
0.018022327
0.008866387
0.06781939
-0.08770437
-0.06300442
0.121051386
0.09393854
-0.0049512605
0.110066116
-0.007231972
0.014962332
0.0015018283
0.024948405
0.024534289
0.034678787
0.009199151
-0.0032652444
-0.04518957
-0.10337979
0.106167704
0.008695349
0.010971188
0.016182141
-0.03428257
-0.11737745
-0.07077054
0.037570283
-0.0980975
-0.052230082
-0.062177364
0.075557694
-0.06468852
-0.09177156
-0.115934916
0.02528156
0.03546775
-0.037901264
0.015814397
0.8622173
0.10993582
0.13126017
0.0026607392
-0.048553012
-0.045346886
-0.08737759
0.0432701
-0.042225514
-0.032195047
-0.0019610967
-0.008717149
0.06451985
0.10245
-0.04580038
-0.13274871
0.62812674
0.038951408
0.011647806
0.03944895
-0.00052315916
0.042403705
0.01778058
-0.11914439
-0.06017545
0.05316693
0.039814997
-0.042769514
-0.16358332
0.11292697
0.12629595
0.019487599
-0.022052646
-0.08522023
-0.06866552
-0.09449112
-0.009668939
0.03694713
0.004711799
-0.0031750896
0.052657224
0.018964542
-0.04922303
-0.070205726
-0.05119444
-0.044835098
0.014148937
0.06392906
-0.09183314
0.023498895
-0.039073203
-0.057469755
0.04282805
0.12645885
0.09657992
0.06659748
-0.06363276
0.010268867
-0.008616834
0.079847
0.097197294
-0.0026037388
-0.024881652
0.110556826
0.14046562
0.049576033
-0.0140403025
-0.046892904
0.044340424
0.04475701
-0.030829852
-0.08525839
0.09585787
-0.07141919
0.047002036
0.031076465
-0.10325672
0.13608006
-0.008049281
-0.0729425
-0.025633814
0.056124818
-0.08329992
0.14605473
0.082578205
0.04930844
-0.027218772
0.050339483
0.05379017
0.052843004
0.051237646
0.046710867
-0.03223036
0.06443568
0.10150888
0.032978762
-0.05235033
0.023829862
0.094866894
0.010509519
0.029300451
-0.07020184
0.10726023
0.028729737
-0.06884342
0.0019949442
-0.032832947
-0.07934121
-0.055194706
-0.07332442
-0.07517593
0.057785287
-0.100599185
0.050205927
0.07207676
0.07113932
0.038854707
0.019512622
0.0067384294
-0.0124868695
-0.110075355
-0.030216547
-0.026997047
-0.010843905
-0.09198779
0.011357669
0.09723852
0.04190618
0.3808011
0.035336744
-0.06674122
0.07989
0.069547474
-0.037066124
-0.103902884
0.0831116
0.07236016
-0.010242108
-0.0426134
0.07079841
0.19489473
0.11402583
0.06962347
0.020976216
0.24052155
-0.059542365
-0.021627793
0.03427708
-0.07598879
-0.007905756
0.046132233
0.12082889
0.053059664
0.042184256
0.00350443
0.120384835
-0.13117306
0.07497223
0.14856298
-0.012132418
-0.09754309
-0.043958686
0.016635753
-0.015439789
0.1043121
0.12314743
-0.12941197
0.07525057
-0.087801695
0.12730943
-0.048761908
0.07445479
0.11712919
0.08466622
-0.10651169
0.0071875183
0.038271483
0.11966602
-0.03138468
-0.022897758
0.0015044258
0.121332414
-0.037400384
-0.0787213
0.00902719
0.021390645
0.013929797
0.013558117
0.062170237
0.05971723
0.06638455
-0.06719564
0.020145155
-0.036610927
0.08283642
0.07432936
-0.0164945
-0.035548955
0.12774213
-0.03422478
-0.025572162
-0.0700277
-0.07185118
-0.051537707
-0.0931221
-0.005587671
0.08626198
-0.1130854
0.012536747
-0.07841085
-0.024068348
-0.052610714
0.028734077
-0.08617164
-0.06523358
-0.031163601
0.03213336
0.065330386
-0.038218495
-0.009723636
0.084115766
0.021761023
0.091690555
0.11539038
0.056865297
-0.013029979
0.040629104
-0.07297811
-0.10976109
0.07620011
0.05234329
0.093635306
-0.027281774
0.10766216
-0.048236955
0.101123095
-0.031581376
0.11970806
-0.17712896
0.12809706
0.017698493
-0.020025441
-0.06680087
-0.035429228
0.04416949
-0.011861152
0.011747481
-0.011667706
0.07548873
-0.07728379
0.12645993
0.09237184
-0.06907632
-0.00011245822
0.034350045
0.09023282
0.106164254
-0.030648192
0.1220022
-0.10839403
-0.12794037
-0.055580966
-0.031633113
0.040717177
-0.018031104
0.063568525
0.053495646
-0.052548364
0.108525574
-0.021254597
-0.047153827
0.07618354
-0.04297337
-0.05791664
-0.08121617
-0.09622467
-0.0002923656
0.007613636
-0.014445446
-0.06284016
-0.008120172
-0.051041264
-0.0415016
0.04841218
0.20542036
-0.5234515
0.5431929
0.47890306
-0.11496203
0.10163801
-0.65556365
0.053305212
0.31141213
0.22433643
0.24514088
-0.19629395
0.30401644
0.29589605
-0.20939754
0.027542554
-0.30254593
-0.5241823
0.4738
0.5244445
-0.2223292
-0.10202349
0.28114566
-0.58486843
-0.23379292
-0.13442473
0.11062214
-0.13427152
-0.15929869
0.38601857
0.351584
0.38731745
-0.3198591
-0.44440684
0.1269645
0.19488911
0.8937721
-0.19882394
-0.6392471
-0.12299948
0.06765683
0.04369519
-0.2617225
0.406191
-0.13290341
0.46706536
-0.33357638
0.16527718
-0.029805912
-0.23158872
-0.44749832
-0.5067769
0.5408803
-0.0051514013
-0.15987995
-0.03616734
-0.0065375245
-0.30360293
0.31321874
-0.651201
0.034941982
-0.60899633
0.21709329
0.54429513
-0.6568919
-0.045596194
0.4175987
0.5846137
0.052753363
-1.0172888
0.24435902
-0.8168366
-0.0019191504
0.12524748
0.48129085
-0.083204694
-0.42904654
-0.77313894
-0.660574
0.14033231
-0.19486348
-0.85120785
0.47748157
0.108298466
-0.35797006
-0.26649052
-0.6131766
-0.20540987
-0.9063585
-0.3813818
-0.40625405
0.26289943
-0.33263475
0.7078925
-0.06895088
-0.19713168
-0.3263278
0.5318841
0.28022465
-0.18830809
0.9698946
-0.61859024
0.5078623
0.47288588
0.4353602
0.5335975
-0.5736649
-0.035617758
0.15640606
-0.013232567
-0.86101425
0.30169836
-0.40128496
0.15164018
0.6788359
0.2460228
0.5222309
0.050479326
0.7060218
-0.3082954
0.7268996
0.06878893
0.056682546
0.26714307
-0.2330871
0.67377764
0.49309698
0.17547268
-0.030009037
0.0035693743
0.0013158298
0.048279278
0.00853329
0.040821157
-0.002350413
0.05706271
0.104466334
0.09579993
0.029052353
0.012125423
-0.14327481
-0.02834981
-0.046040587
0.0013546434
0.1355136
0.0023960113
-0.009778345
0.15733983
0.06342158
-0.0052976334
-0.08644386
-0.03189796
0.029093407
0.17793606
-0.12566914
-0.112102024
0.026684014
0.0073767826
-0.12869394
-0.006802218
-0.074157655
0.09108787
0.19519985
0.028485417
0.085193396
0.14888008
-0.026278503
0.045660388
0.059591185
0.114821576
0.103399865
0.07237007
0.1990698
-0.07778249
0.08807216
-0.22032295
0.048580505
-0.12321751
-0.021432446
0.097798616
0.06097182
0.024109272
0.02672152
0.028636761
-0.079478994
0.029606543
0.05552159
0.057784893
-0.011512767
-0.107343316
0.058030676
0.02346711
0.040827487
-0.03397857
0.022135647
-0.113244005
-0.024265941
-0.08903953
0.023713911
-0.041839134
0.052840095
0.035698175
0.0025633161
-0.04796741
-0.014797578
-0.0052221897
0.07468762
0.03718326
0.17774557
0.06852611
0.06335718
0.0152281625
-0.038449783
-0.072108954
-0.08750764
0.13495061
-0.11287975
0.11518926
0.11137795
0.04340638
0.07065084
-0.018917797
-0.13906522
-0.021944039
-0.09681217
0.0019640953
0.036615238
-0.097710386
-0.1430629
0.06328983
0.07413567
-0.09047258
0.00015259265
-0.08473989
0.10640903
-0.120299704
-0.08332377
-0.060979024
0.013736162
-0.09426512
-0.0606279
0.15687428
0.17139396
-0.06417697
-0.0037334827
-0.039596885
0.05452217
-6.9545e-05
-0.021578642
-0.05938887
0.08489541
-0.019441579
0.045541003
0.04138847
-0.008188107
0.03128346
-0.04322351
0.04180143
0.07763125
0.014313551
-0.015902573
-0.018699557
-0.035073113
0.033535574
0.046101373
-0.08458139
-0.026397256
-0.061563086
-0.08468035
-0.025381142
-0.061155245
0.02117007
0.017235931
-0.08152352
0.10015561
-0.023108087
0.012763289
0.06374487
-0.054444347
0.02523344
0.07743385
0.0510593
-0.0054046516
-0.08053731
0.005868037
0.050632454
0.11206984
-0.11564966
0.095170446
0.054758605
-0.06504999
-0.03353583
0.025365813
0.07358257
0.02362837
0.08313454
-0.080629215
-0.012045373
-0.14641826
-0.1188866
0.07619803
0.08376081
-0.11429929
0.15230599
-0.02476545
0.05618993
-0.06794766
0.07762274
0.017173156
-0.0019893863
0.018618912
-0.02146028
0.060896654
0.04622512
-0.0108612
0.01556138
-0.066037714
-0.052073386
0.043542005
-0.030786226
0.107959874
-0.044491105
0.070190005
-0.04764238
-0.12921198
-0.08029555
-0.07840621
-0.013833067
-0.14697193
0.06218901
-0.15510674
0.04928864
-0.119069524
-0.077390686
0.083498925
-0.05397159
-0.09965703
-0.055961147
0.026581362
0.030571014
0.04995932
-0.046165
0.02341014
0.083973125
0.032806236
-0.0066347923
0.011412995
0.009281784
0.045672946
0.05047119
-0.10217953
-0.02810645
-0.06793775
-0.019948192
-0.08897704
-0.09817397
0.10410569
-0.0021998852
-0.075658344
0.09222349
0.05870767
-0.05826186
-0.13129455
-0.021649998
-0.1179847
-0.06183459
0.11808324
0.0737407
-0.08962581
-0.069551796
-0.059401426
-0.046914306
0.021350302
0.126504
-0.060481142
-0.14039853
0.123914465
0.0064317165
0.028837342
-0.07088966
-0.10610629
-0.104538076
0.05331482
-0.11420232
0.1101132
-0.06082716
0.007190015
-0.03551672
0.057511657
-0.12341354
0.0036552786
-0.028537126
0.050317418
0.049737543
-0.14646606
0.020065453
0.13323034
0.07660828
-0.026102332
-0.08612296
-0.08295958
0.03772652
0.118573084
-0.08848531
0.101114616
0.1046038
-0.020354755
-0.09599954
0.09697203
-0.08119268
-0.0052609593
0.07957934
-0.016756777
0.08172887
0.007080919
0.0121020265
0.07015649
-0.09694854
0.08319583
-0.09864968
0.10851781
0.075933516
0.014609355
-0.009223374
0.0615741
0.060861826
-0.0046933345
-0.08814519
0.042717364
0.078060254
-0.04575895
-0.021770628
-0.062358737
-0.06659844
0.10141055
-0.016041832
0.026900757
-0.09476189
0.02088958
0.06691494
-0.05732361
0.085122
0.07344714
0.062841766
0.080033846
0.10335559
-0.06580618
0.06988297
0.029426403
-0.08400988
-0.07475644
-0.0036672978
0.07182439
-0.103857346
0.06353254
0.039696593
-0.13548426
0.0011761452
-0.024750024
-0.06329462
0.07638255
-0.06279814
0.018964203
0.038830556
-0.0975907
0.022772802
-0.053787574
-0.07846195
-0.05413333
-0.06026754
-0.10468009
0.07617025
0.07498299
-0.09650595
-0.09020578
-0.04085214
0.011401046
0.082640275
0.038438916
0.09378185
-0.07541618
0.108117096
-0.073184446
-0.086469986
0.12642367
-0.04617186
0.0282491
0.08950976
0.027506437
0.041004278
0.07066566
-0.096924625
-0.074190244
-0.034055013
-0.11020642
-0.03442249
0.0025949285
-0.13407972
0.017289633
-0.04749094
0.05067663
-0.0249042
0.02701779
0.08718633
0.13596086
0.038514357
-0.047737274
0.05797596
0.010731588
-0.08247563
-0.12313293
0.0755462
0.1267733
0.018986596
0.11956292
-0.08932567
0.04070718
0.051335614
0.017751241
-0.024778876
0.010833773
0.059401605
-0.11317709
0.04034245
-0.0091997795
0.0515104
0.04974668
-0.048637524
-0.02906572
-0.0067015295
-0.09500077
0.081142396
-0.04616183
0.06428975
0.05366507
0.12005673
-0.09967212
-0.1633117
0.05201993
-0.08079654
-0.02694652
-0.032565467
0.09895689
0.008530975
-0.044563565
0.05204363
0.08189244
0.12515752
0.067944616
-0.10428292
-0.073910534
-0.13373321
0.10119784
-0.108290166
-0.08901565
-0.12565382
-0.09327051
-0.06900823
-0.04296251
0.046157602
-0.08957116
-0.064206615
0.045622796
0.018724103
0.06782328
-0.07661809
0.027612126
-0.11786719
0.101071574
-0.0076781493
-0.0023170828
0.096945904
0.12784995
0.10567538
0.112713516
-0.04052409
0.01179627
0.090763174
0.04175069
0.07523831
-0.031776518
-0.07352042
-0.07103032
-0.045191843
-0.06938774
-0.051380366
-0.043403514
-0.06557654
-0.09024954
0.0020902976
0.013029489
0.08042277
-0.08215639
0.061455674
0.047878407
0.14809236
0.0506194
-0.08375905
0.11467571
0.06503605
0.09272552
0.075220644
0.1461221
0.10293702
-0.031486984
0.047398664
0.10757359
-0.051128283
0.07855479
-0.06623056
0.1069791
0.06513289
-0.10328634
-0.016471632
0.06145654
-0.036616046
0.06106498
-0.046862524
-0.10016091
0.068736315
-0.049748473
0.09956002
-0.005947048
-0.018228766
0.017690344
0.020651335
0.021257706
0.020311413
0.03769676
0.1190162
0.04495407
0.010310337
-0.110029995
0.08894715
0.017606243
0.08718417
0.047679536
0.053638887
-0.01713179
-0.069875166
0.09817402
-0.06804408
0.056343965
0.04851189
-0.004736422
-0.13562791
0.113425024
-0.02520415
0.047488056
-0.11761887
-0.009494803
0.06991949
-0.03550996
0.06123878
-0.09340789
0.05465355
0.06865456
-0.12701668
0.081276484
0.04127114
0.11468634
0.04239412
-0.043245856
0.013552701
0.06926101
-0.11544142
-0.06804841
0.13088928
-0.05630883
0.10831657
0.019086905
0.080320686
-0.004256576
0.03167838
0.027318928
0.07449111
0.108706445
-0.04741362
0.017396457
-0.11120935
-0.025638666
-0.0065593254
-0.03133627
0.033451032
-0.01127109
-0.092036776
-0.037605364
0.08290581
0.08120094
-0.059914824
0.053627584
-0.009562284
-0.03018107
0.00876862
0.061145186
-0.0032305277
0.03627987
0.10509306
0.12031899
-0.03920777
-0.104886256
-0.086576544
-0.036295597
-0.06678894
0.0957365
0.03695155
-0.04449513
-0.12834384
-0.12736449
0.025487425
0.01159623
0.05551984
-0.09092183
-0.074283116
-0.062031064
-0.06615586
-0.06994868
-0.047723595
-0.009020125
-0.068368636
-0.018096471
0.09294597
-0.025310598
0.04973648
0.11050971
-0.029062882
0.072363324
0.011856391
-0.026396532
-0.012732371
-0.05262645
0.0068215313
0.010124622
0.06706595
-0.0957373
-0.06329825
0.0037339765
0.14060657
0.060644187
-0.017816372
0.009556063
-0.03150648
-0.023638653
-0.021769242
-0.033834126
0.08185709
0.07011118
0.106714986
0.10343658
0.14199324
-0.020699682
0.097523816
-0.06141481
-0.12260992
0.04593848
-0.031945955
0.008607817
0.016935812
0.03931235
-0.07617276
-0.0096285725
0.11278406
-0.073612325
-0.08476014
-0.1332948
0.13115661
0.056479514
0.011624046
-0.063388765
-0.034434106
-0.049873173
0.052742478
0.0035963743
-0.089723475
0.0073064445
0.08178538
-0.06452355
0.031033337
-0.016865594
-0.019696554
0.02769708
0.109100714
0.08649212
-0.017611193
-0.0149905505
0.09705634
-0.116484255
-0.034050483
-0.059036814
0.07473758
0.045390114
0.014742116
0.066845156
0.055902127
0.0022076694
-0.03948155
-0.009482454
0.022005677
-0.07181157
0.067467816
-0.12289169
0.10583547
0.053682663
0.0068409103
-0.08578508
-0.040131975
-0.08470091
0.03135165
-0.05157745
-0.008783519
-0.08177813
-0.007895298
0.021761825
-0.030722464
-0.1087574
0.008744314
0.063142
-0.031557787
-0.09055411
0.1162663
-0.089114025
0.07971901
-0.044246145
-0.014945861
-0.09694117
-0.002847744
-0.078735866
0.1068063
0.04059698
-0.008644507
-0.044177078
-0.10288017
0.011085362
-0.08419802
0.045194708
-0.005336532
-0.045923796
-0.090092614
-0.12594372
-0.007915249
-0.11153043
0.090759136
-0.01097256
-0.07828738
0.06503128
0.037799455
-0.09442059
-0.009977535
-0.11580241
0.12289499
0.05055543
-0.09484816
0.04122593
-0.01667402
0.023946611
0.0050511733
-0.055138476
-0.03169771
-0.044510935
-0.084792934
0.010376168
-0.025510006
0.08753139
-0.067630954
-0.047140513
-0.042294804
0.050120942
-0.084320344
-0.07089845
0.015347403
-0.048479676
-0.0043538897
0.06610064
-0.0974021
0.014513037
0.1291732
-0.0036534602
-0.056372505
0.017643854
-0.0010074526
0.1049714
-0.013423659
-0.09251336
-0.048179105
0.048088636
-0.06367582
-0.05824984
0.024106093
0.008789549
-0.003481376
0.07152933
-0.06342491
0.07691064
0.07562584
-0.121598236
-0.07305751
-0.008997095
0.020466717
-0.03481164
-0.05640489
-0.07751522
-0.052041687
0.015379137
0.017588982
-0.101155505
-0.08199666
-0.0372441
-0.050485317
-0.055874743
0.1346484
0.016226243
0.042456616
0.06864015
-0.110491976
0.15146758
0.104097635
0.035555135
-0.06423121
0.080945656
-0.05409753
0.059262294
-0.11458895
0.15334575
-0.077536725
0.04001639
0.022672359
-0.056592375
0.033089112
0.005098684
-0.0005108768
0.03845044
-0.03655659
-0.087677285
-0.04776127
-0.05715836
-0.14533816
-0.0829361
-0.032034703
-0.12669429
-0.121664666
0.05153741
-0.024997665
0.02345077
-0.059956577
-0.012677456
0.006049125
0.027570453
-0.03572084
0.10211367
0.017703343
-0.04416661
-0.03212293
0.033394895
-0.050398294
0.017445775
-0.030469855
0.1043553
0.12894514
0.066326946
0.11052265
0.13585036
-0.07935828
-0.10531805
0.00076306536
0.030361589
0.04534817
0.015081426
-0.005144531
-0.12726265
0.024036832
-0.16541113
-0.08893677
-0.12239691
-0.0069413446
0.064985454
0.011673876
-0.07735828
0.080942124
-0.026987582
0.025214806
0.086514756
-0.06846964
-0.13322888
0.01862632
0.092287295
0.043627556
-0.07714437
0.09987491
-0.14606611
0.00064838125
-0.10632298
0.08071358
-0.06931969
0.033371612
0.0480102
0.05469451
-0.09534476
-0.056869853
0.040181942
0.030098613
0.07801682
-0.03336918
0.018391475
-0.049544834
-0.030926066
-0.008804777
-0.077009715
-0.06811658
0.08048587
-0.028506374
-0.008983392
0.097447716
0.10606327
-0.008179743
-0.12263725
0.10167478
-0.09786898
-0.06439126
-0.11913342
-0.0065315305
0.032146025
0.105806515
0.07882866
0.02403992
0.0025382848
-0.07680012
0.17426133
-0.021849668
-0.13463327
0.05371411
0.14992334
-0.04893272
-0.048487276
0.061247636
0.0700818
-0.0015134914
0.07679235
0.018059041
0.013404762
0.0636042
0.03955761
-0.107510604
0.08968486
0.025067573
0.107155636
-0.05673664
-0.040601533
0.10371782
0.048166458
-0.053872075
-0.044693638
-0.074447304
-0.0786509
-0.041096512
0.0242118
0.070991404
0.057523098
-0.084518865
0.087693594
0.03363708
-0.07866525
-0.09446906
0.018468376
0.043353636
0.043738928
0.10225299
-0.09906642
-0.13815469
-0.0065708384
0.00606569
-0.08578528
-0.07262452
-0.040245075
0.019372124
-0.0053276713
-0.030067211
-0.17399268
-0.0453439
-0.13306105
0.020084387
-0.068454266
-0.0030755925
0.043194957
0.0027734847
-0.06285563
-0.045921817
0.07092109
0.07614599
-0.08708627
0.03340652
0.04241224
-0.096500255
-0.009461317
0.015064647
0.011782293
-0.056044184
-0.013801277
0.09794741
-0.084313765
-0.091766454
-0.07215067
-0.039788894
0.018509692
0.15663692
0.059336923
0.13963313
-0.10928608
0.077517144
0.12603426
0.072367825
0.09024897
-0.07592104
-0.10072211
0.0054171556
0.13474746
0.10239559
0.008975228
-0.026007382
-0.04176474
0.06736688
-0.060371537
-0.07405916
0.025177293
-0.007700346
-0.11726405
0.017033419
0.017304948
0.01603231
-0.1104948
-0.065176465
-0.053577505
-0.036997706
-0.02600879
0.069198295
0.062670134
0.015662413
-0.10496584
0.019417545
0.12016679
-0.06262935
-0.11441455
-0.06914827
0.02472546
-0.09481065
0.019559626
0.027228229
0.048891563
-0.08663684
0.0027319011
0.05804635
0.021151518
-0.0041419975
-0.07232129
0.04172784
-0.057828803
0.09407046
-0.02584508
-0.110044524
0.057860598
0.056889094
0.024431186
0.100883044
-0.09596691
-0.051399443
0.056434233
0.050467018
-0.0020977347
0.10068797
-0.022305273
-0.02498204
0.14976314
-0.08894469
-0.015124629
0.069903634
-0.042599723
0.04112169
-0.111271836
0.0033563655
-0.003443581
-0.064034134
0.08918123
0.0056660157
-0.014678339
-0.05333597
-0.10198179
-0.019248974
-0.09628226
-0.0129646305
-0.024728244
-0.1235989
0.05885548
-0.11878527
-0.10055793
-0.019192822
0.049246658
-0.07491803
0.011244923
0.14261678
0.022894464
0.050114326
0.080828995
-0.056080464
-0.11104571
0.0057468554
-0.08153378
-0.05832037
0.00069797557
-0.044897147
0.04807938
0.06533856
-0.014133388
-0.031141832
0.04084279
0.09618994
-0.11298798
-0.024649197
-0.00061851775
0.027637618
-0.05851119
0.059840906
0.018011808
0.09969495
0.00036112522
0.08686376
-0.013091558
0.059455723
-0.03316859
0.053959172
-0.02323582
0.121732265
0.015337859
0.01476601
0.009943401
0.11081353
-0.11185842
-0.07729886
-0.045634124
0.09400695
0.033232264
-0.065764084
-0.09113138
0.028588817
0.0938861
-0.0016119544
-0.12399899
-0.005149153
-0.008760035
0.027583145
0.0033489263
0.12887046
0.037583835
0.013056858
0.06537356
-0.09074132
0.106895104
0.0016971378
0.029363044
0.010140426
0.08795729
-0.060795054
-0.07559941
0.14804374
-0.08060197
-0.08021465
-0.08962297
0.059955098
0.0096676145
-0.004453493
-0.0675496
-0.052344333
0.02931617
0.08592371
-0.013807665
0.004906661
-0.041534767
0.09844716
0.08518304
0.028714327
-0.009168069
-0.023379162
0.13178463
0.10007818
-0.10441748
0.0067828703
0.07624274
-0.06448749
-0.005500626
-0.019426603
-0.04713596
0.01978766
-0.039948665
0.023256958
0.019420011
-0.01749261
-0.115674146
-0.09329155
0.11019584
-0.07651725
0.021277694
-0.17653589
0.07636001
-0.017188808
0.010257321
-0.09553173
-0.07236359
0.062972814
-0.02496521
0.010185679
-0.08716305
-0.0559612
-0.007506678
-0.050102312
0.12141511
-0.08563609
0.007542309
-0.023006199
-0.014954732
-0.15841171
0.06103782
0.090090625
-0.02933857
-0.1506505
0.07807113
-0.036459323
-0.067698844
-0.043220095
0.07996323
-0.11873687
-0.030809125
0.013323641
-0.055430137
-0.034191057
-0.06276905
0.012237499
0.020419747
-0.08281392
0.005028076
0.13918959
-0.025335226
0.11808693
-0.08382386
-0.058299392
0.07252034
0.14610812
-0.0003325026
-0.029256966
0.12719434
0.07634322
-0.018898858
-0.003959312
-0.03473423
-0.06955461
-0.119871385
-0.09046373
-0.09372349
-0.030854858
0.11943796
-0.10354366
0.0706609
-0.038296755
-0.011585269
-0.040046796
0.055104308
-0.07225744
-0.029797686
0.0927471
-0.05653341
-0.10136067
0.03559702
0.007418747
-0.022971988
-0.022945115
0.010890391
0.014630955
0.045837432
0.02533807
-0.05594431
0.036056124
0.08453184
0.0215298
0.15440676
-0.056775767
0.12040736
-0.093644455
-0.018823374
0.13572851
-4.4971566e-05
0.02665134
0.08334516
0.10926461
0.023160733
0.08871691
0.00023445179
-0.14189176
0.09835085
0.08111187
-0.095653005
-0.08410134
-0.07220543
-0.11328853
0.046929594
-0.034947786
0.01575914
0.089815654
0.050028477
0.034346107
0.047141925
0.024487527
0.0100360345
0.007930627
-0.049646612
-0.06680786
-0.05707793
-0.11810412
0.09848901
0.04532746
-0.115341544
0.091407806
-0.06613742
0.08412547
0.07149992
-0.04903841
0.11581132
-0.051485907
0.033523027
-0.0028374766
0.08827556
-0.017685682
-0.09202235
0.1410617
0.051160667
0.0580631
-0.010799108
0.021556187
0.04838723
0.019323707
-0.016837696
-0.10685709
-0.049153425
0.06043769
0.00520572
-0.0942361
0.06915455
-0.08687538
-0.05375828
0.08226511
0.079695635
0.0025278009
0.1365979
0.037310455
0.0865525
-0.119009934
-0.055005137
-0.1356495
0.01847441
0.0836929
0.08261116
-0.05762377
0.13288032
0.11925321
-0.06450816
0.15202627
-0.03552222
-0.094840884
0.14323187
-0.01810442
-0.12075985
-0.008427051
0.05590815
-0.14852549
0.042239875
-0.020960689
-0.045672152
0.02268535
-0.07631474
0.0034199518
-0.11430047
-0.048256125
-0.04215817
0.11230622
-0.040137667
0.043786686
-0.01669859
0.04611542
0.010086257
0.0155341625
0.059157547
-0.04259198
-0.07043655
-0.0706646
0.051672317
0.023820503
-0.077037066
0.07627714
0.1865515
-0.09261253
-0.023293255
0.09657729
0.046976656
0.026591904
-0.044505488
0.016919471
0.01047032
0.043156475
-0.00887499
-0.0154312635
-0.012322252
0.06188223
-0.07007411
0.025345203
0.14182644
0.045285635
-0.10070574
-0.06685176
0.109088704
0.08489669
-0.08759875
0.015751474
-0.100049764
0.025346028
-0.000216287
0.020186357
0.028047796
-0.022783047
0.05242569
0.037238628
0.08770385
-0.016027393
-0.042380568
0.024891917
0.1529203
0.122862905
0.016015727
-0.17091836
-0.0611085
-0.08057616
-0.010418964
0.09373146
0.06761692
-0.04425107
-0.04139593
0.079651445
0.065374725
0.13894114
0.06318066
0.038835775
-0.07576903
-0.082177706
0.035394724
-0.14523692
-0.003370758
0.056885846
0.041288953
-0.068226166
-0.03140527
0.0037288892
-0.038952183
0.053467166
0.113058135
0.09138688
-0.0030388744
0.023006018
-0.006372372
-0.11015052
-0.11037894
-0.01976985
-0.029170409
0.09138678
-0.054953028
0.10091182
0.14457978
0.04767388
-0.039091866
-0.052300986
0.100727
0.038692605
0.08764698
0.07386068
0.04441658
0.01996665
-0.013033481
0.11556343
-0.0084850425
-0.013910755
-0.093681194
0.061765388
-0.053107165
-0.063675225
-0.06946454
0.15320756
-0.05799604
0.029866332
-0.018118827
0.061871186
0.12658444
-0.059048932
0.07517135
0.10491385
0.07160437
0.019621346
-0.06321573
-0.11170979
0.11404781
2.6044247e-05
-0.08050356
0.076469675
-0.052129373
0.097544864
0.010942215
0.059387315
0.10964027
0.03559847
0.0406204
0.029144835
0.038460374
-0.10851757
-0.06917341
0.011736311
-0.10989184
-0.026279233
-0.06336138
0.007101358
-0.066129535
-0.072192885
0.0957956
0.008295857
-0.049106378
-0.09997123
0.09194281
-0.033402286
-0.050007373
0.10530537
0.08786985
-0.07705572
0.08894408
-0.092023134
-0.052895855
-0.02136806
0.14692
0.113582976
-0.047283493
0.0774866
-0.0949302
0.024679286
-0.02967534
0.12117016
0.020877356
0.087173246
0.067211695
0.0939234
-0.088839054
0.055610336
-0.086177565
-0.022121733
0.020959066
0.008873471
0.13691905
-0.011290643
0.04509355
0.00027775858
0.057271723
0.037812784
-0.08052335
-0.08663739
0.06050606
-0.099226244
-0.05174686
0.05158478
0.07862591
-0.040034335
0.04343647
0.05708581
0.11139471
0.14950782
0.04179293
0.017049337
-0.04789858
-0.051989105
0.03252313
0.14665774
-0.108661324
-0.05275772
0.05316557
0.075540684
0.08032586
-0.024947777
0.04884746
-0.05480658
-0.10429268
0.0897945
-0.12513793
-0.041698143
-0.010953077
0.09628177
0.023768002
0.059674315
-0.01339575
0.110441945
-0.054908942
0.13651377
0.0055211866
-0.053031046
0.00068056234
0.107441805
0.075564906
0.14191417
-0.07901459
0.12001687
-0.059501342
-0.03433864
-0.1261157
0.056938045
-0.037742313
-0.15898469
-0.08062014
-0.08477165
0.13938604
-0.029920425
-0.026849436
-0.10435581
-0.073529445
0.07577952
0.03243699
-0.036924742
0.076012544
-0.09241345
-0.049018458
0.06983929
0.108749785
0.048523486
-0.0046143997
0.11288318
-0.026789483
-0.007473015
0.060953055
-0.005683969
0.035093382
-0.0360495
0.112434536
0.11875181
0.049044833
-0.07545322
0.04944103
-0.016795972
0.0343686
-0.042791262
0.026672734
0.05786126
0.013063136
0.13409589
0.11270298
-0.047733624
-0.07607322
0.007563483
0.095637806
-0.08555236
-0.056282673
0.12868382
0.0916444
0.002545132
0.05355625
0.036196705
-0.09492168
-0.15324748
-0.10596444
0.043717023
-0.039445594
0.085745096
-0.024516873
-0.13508992
-0.09795721
0.06962641
0.026753154
0.024304807
0.11843386
-0.016668173
0.051052377
-0.03932073
0.08786849
-0.0067978436
0.04024385
0.13334967
0.07942664
-0.093366705
-0.036495574
-0.11517907
0.032125868
0.16567096
0.06745777
0.106144674
0.011259129
0.10253856
-0.043689147
-0.023751812
0.1637053
0.14570847
0.15093093
0.09580944
-0.03940129
0.16504486
-0.029918741
0.14626946
0.049427856
-0.01250507
-0.037664462
-0.14790547
-0.037314054
0.060991716
0.056529988
-0.019632937
0.111488916
-0.052248117
0.11800907
0.08826656
-0.016505742
-0.10702657
-0.1200788
0.010971788
-0.04254444
-0.04145926
-0.07022594
0.074301
0.005403363
-0.011212175
0.108627245
0.017435072
-0.08358621
0.11567515
-0.041627705
-0.0993395
-0.00040690575
-0.10012171
0.021575019
0.044415615
0.092835784
-0.007339685
0.036489934
0.078335516
-0.1594976
0.09425612
0.13952976
-0.11235161
-0.0014829698
-0.095198244
-0.0029722913
0.036959223
0.026672408
-0.1081086
0.08749537
-0.06624438
-0.06597056
0.0100713195
-0.074622914
-0.07777642
-0.030202975
0.056898348
-0.008858759
-0.066403
0.16319484
-0.0026508325
0.05091772
0.04128305
-0.025789808
0.061990663
0.11459014
-0.010062591
0.013503887
-0.098401725
-0.026100444
-0.045016278
-0.011748838
-0.071981214
0.026592087
-0.07315653
0.1148882
0.026949305
0.08495231
-0.10029636
-0.03417182
-0.06527384
-0.10021421
-0.076814726
-0.11666969
0.019203003
0.11151332
0.13104686
-0.14413476
0.063044176
0.01244066
-0.13595007
0.0954923
0.08312895
-0.04824125
-0.07366638
0.09427077
0.08886
0.011624617
0.092570536
0.04420405
-0.12056304
0.0072259805
-0.015795682
0.04381442
0.038697604
0.011538183
-0.09295376
-0.096720226
0.05215636
-0.029791845
0.022946948
-0.039444238
0.048128147
0.009734973
0.12028568
-0.078554235
-0.049186114
-0.086244516
0.12105102
-0.01178125
-0.13696311
0.06060523
-0.10090156
-0.045831967
0.14806089
0.106950745
0.12832107
0.037248343
0.12021565
-0.037521612
-0.09980208
-0.010766285
0.09285364
-0.060270358
-0.1157781
-0.10518642
0.12864265
-0.024386596
0.023488307
0.019644791
0.06950901
-0.05784575
0.13622338
-0.053589493
-0.035438377
-0.014576082
-0.10588705
-0.1138128
0.08941437
-0.07694928
0.10269647
0.0950769
0.035837464
0.011483679
0.07447598
-0.10944542
-0.094491184
0.08333073
-0.07150693
-0.09225088
0.11333386
0.058802683
-0.08693514
0.121040314
0.03916781
-0.06290023
0.095831804
-0.00090901676
-0.0511428
-0.043713856
-0.1931428
0.056856558
0.010470698
-0.09645124
0.07284863
0.097826876
-0.09824207
0.019305725
0.061648037
-0.08100699
-0.05291866
0.018289423
-0.039330024
-0.040689155
0.055677846
0.121006384
0.08652265
-0.009534817
0.06057707
-0.113024965
-0.077217445
-0.0025326954
-0.049324706
-0.12155773
-0.060397036
0.12988967
0.076453306
0.050960314
0.101833224
-0.073324256
-0.027954724
0.12628666
0.091396175
0.11472833
0.034407087
0.07807256
-0.014837744
-0.012706501
0.09075699
0.019217737
0.06296465
-0.04866629
-0.03896776
-0.066918366
-0.06812497
-0.089331135
-0.0069555785
0.12614204
-0.07755968
-0.11738732
-0.15794554
-0.05377837
0.10699248
-0.025599483
-0.119885646
-0.02699838
-0.080544904
0.10719504
-0.0017289752
-0.024456449
0.09598272
0.052025985
-0.02590749
0.067587696
0.0325667
0.06416869
0.103128284
-0.17140892
0.09203015
0.097415425
0.008538279
0.017014803
0.10667936
0.024692515
0.092170306
0.17779797
-0.046857674
0.05069639
-0.08542293
-0.11548762
-0.04673641
0.072903305
-0.08162353
-0.13060057
-0.07918667
0.05396059
0.12427702
-0.11621804
-0.034948215
0.05800074
-0.076982826
-0.15408456
-0.14972404
0.040726017
-0.0041801753
-0.04312998
0.13526252
0.029265327
-0.043101836
-0.09581645
-0.069304615
-0.07520917
-0.078594044
-0.068365924
0.16505629
0.076062925
0.0716361
-0.09123803
-0.0043706624
0.08010893
0.07619226
0.08017611
0.09755728
-0.06097767
0.015020388
-0.01779242
-0.005473074
-0.16903299
0.10961173
0.03361263
-0.041459456
-0.086073115
-0.14072114
-0.11824215
-0.025292458
0.05573464
0.1006855
-0.050831813
-0.1553018
-0.06916299
-0.004544537
0.07084221
-0.035243277
0.0645154
0.076096684
0.12786618
-0.22544992
-0.12332446
-0.049846195
0.004714631
0.029869994
-0.016355626
-0.079637505
0.004816191
-0.059274945
0.009438946
0.09202816
0.062881164
0.022467738
0.015511557
-0.089598656
0.10113432
-0.010327024
0.0633061
0.03252265
0.10327583
-0.124292806
-0.0020520478
-0.002974019
0.055230148
-0.022730999
0.10070697
0.05660161
0.039943207
-0.03755
-0.035713464
0.02542847
-0.034469347
0.11753412
0.044906843
-0.018626647
0.07743143
0.028784728
0.117912196
-0.07852805
0.057575163
-0.025214251
0.050752643
-0.056348775
-0.09070836
-0.06844108
0.010870143
0.12523736
-0.09763106
-0.0002951698
0.048352044
0.029559134
-0.016830757
0.07464016
-0.12109264
0.087491654
-0.015361963
-0.040989127
0.058599606
0.09272389
0.1181787
0.046335604
0.017922759
-0.09271245
0.036069967
-0.030849686
0.103170805
0.036892112
-0.011487012
0.12495204
0.026981995
-0.13467301
0.03667784
-0.024279883
0.23178747
-0.013013723
-0.13037926
-0.08613588
0.012870334
-0.19243781
-0.02767814
-0.078166716
0.102829546
-0.06733703
0.13120528
-0.19450103
0.036984034
0.12192831
-0.15809144
-0.1721692
0.060051583
0.1103167
0.04692004
0.124133736
-0.12560105
-0.08361779
-0.12007471
-0.0581307
-0.13060327
-0.11956369
-0.044589046
0.09124605
-0.086221255
0.053163424
-0.122840166
-0.05202208
0.16623428
0.013872842
-0.077625155
0.08379099
0.13391213
0.19022642
-0.03632645
0.1090647
0.08561305
0.19683628
-0.01241333
0.12444544
-0.11403803
-0.10129133
0.1407403
-0.09273248
0.088284105
0.05032249
-0.04724359
0.04044711
-0.03348281
-0.07796499
0.004391458
-0.0084224995
0.026334072
-0.026293445
-0.01756597
-0.05779074
-0.2412241
-0.007874542
-0.075767756
0.12923859
0.11621052
0.07410567
0.049016926
-0.13339144
-0.09870947
-0.05398986
0.096201174
0.25215304
0.1811979
-0.04288766
-0.08493775
0.10388966
-0.05395494
0.042783976
-0.13300931
-0.08494007
0.043703236
-0.06726168
0.119600795
0.13273165
-0.056631513
0.2197034
-0.030017156
0.044385906
0.002487946
-0.10972232
0.0018573857
0.031603344
0.044287972
-0.00020817507
0.013149144
0.080868065
0.19555128
-0.16654426
0.054738935
-0.13469028
-0.095672406
0.07975105
-0.04343086
0.0029574907
-0.07073313
-0.07982732
-0.032841276
-0.07813541
-0.047519136
-0.12599923
-0.035378546
0.044531155
0.21160951
0.018454734
-0.07583889
0.034437697
0.008993371
-0.066915125
-0.00853948
-0.14985435
0.023078807
-0.019017337
-0.12977438
-0.047581878
-0.018304149
0.025022741
-0.008561904
0.10527488
-0.09028038
-0.060232442
0.054339822
0.08682303
-0.04119925
0.02346033
0.04006187
0.03524131
0.009334917
-0.0497186
-0.0980869
0.073260605
0.0071941195
-0.008545635
0.1414199
0.04305569
0.09104847
-0.077260114
-0.05160298
0.005117292
-0.06910534
-0.033354204
-0.016014906
-0.009060013
0.023479784
0.13570358
-0.08511019
-0.086967945
-0.08719277
0.10983632
0.09139887
-3.1447074e-05
-0.027012704
-0.053491205
0.014849864
0.11554514
0.11427362
0.05163819
0.10802433
-0.12341411
-0.1337045
-0.09119711
-0.10993351
-0.0735447
-0.0081178155
0.1166798
0.09517086
-0.19925343
0.020980734
-0.07373996
-0.048947036
0.060053118
0.089309886
0.07491501
0.028039595
-0.13403335
-0.07207859
0.088628255
-0.036035847
0.08500664
0.0683096
-0.02543759
0.005047428
0.03803682
0.13199964
-0.09579003
0.060557388
0.08496308
-0.015895259
-0.01628266
-0.087599084
-0.019821044
-0.018782377
-0.113231145
-0.056002356
0.053763412
-0.03287067
0.023870617
-0.021311989
0.14887282
-0.019548118
-0.13554318
0.046520934
0.035135005
0.12328928
-0.10921362
-0.14014745
-0.01389101
-0.0032374104
0.12676096
-0.050029118
-0.017706137
0.041291986
0.018884027
-0.03184306
0.053236872
0.04618271
-0.11907823
-0.13188589
-0.09806941
-0.14109312
-0.031645786
-0.045163825
-0.0672218
0.0512501
-0.07291847
-0.019913329
-0.08538825
0.08694123
-0.037101276
0.012223396
0.0077324994
-0.13168927
-0.08668643
0.12347296
0.11156455
0.028933017
-0.0828471
-0.066439226
0.025403634
-0.07197202
0.12165191
-0.056848485
0.033843063
-0.054725394
0.066850916
0.04743755
-0.06604475
0.08228515
-0.0959056
0.015641768
0.06302749
0.080315575
-0.012584148
0.13231617
0.055535845
0.09804953
-0.042572744
0.02064421
-0.07546124
0.12742296
0.06502022
-0.061741214
0.04718984
0.08598518
-0.092504315
0.07612751
0.018385578
-0.055111468
-0.08194548
-0.086444154
0.11920593
0.07884706
0.07840355
0.033727665
0.08670734
0.1091374
0.051730316
0.00334485
-0.038468994
0.061934188
0.057847977
0.06882665
0.08955992
0.06419081
0.0131839095
0.022090511
-0.06463747
-0.07506165
-0.082778014
-0.009971356
-0.09805053
0.07978937
0.026023796
0.090146236
-0.048353754
0.07660152
0.027763253
-0.07676678
0.071388386
-0.044778295
-0.082338765
0.022707785
0.070826486
0.015908107
-0.020214507
0.029990848
0.027584098
0.01995305
-0.06420705
0.07854322
-0.017038725
0.013460319
-0.062185865
0.011009063
0.062281728
-0.011218439
0.1077039
-0.08414206
0.13502179
-0.07731328
-0.044675283
-0.010225551
-0.03192126
-0.075153925
-0.0834178
-0.078655645
-0.05122656
-0.06423387
-0.07101397
0.14559905
0.091744065
-0.05660878
-0.042952366
-0.080868006
-0.09154815
-0.03889894
0.08519215
0.013120752
-0.025448104
-0.019944992
-0.013186061
-0.031774387
0.07716728
0.056809023
-0.08051874
-0.07146739
-0.037927773
-0.05718964
0.04921684
-0.020382928
0.052234825
0.10472749
-0.05597101
-0.078949735
0.05479029
0.1015161
-0.033127975
-0.054031096
-0.027864367
0.11308126
0.09480778
0.056301896
0.050899774
-0.07689342
-0.008684722
-0.008378186
-0.11954261
-0.0027652937
-0.07477315
-0.115607984
-0.07108467
-0.010667749
0.100529134
-0.011868456
2.7119078e-05
-0.03743853
0.12513544
0.039218035
-0.12936689
-0.08208777
-0.06753209
-0.10430398
-0.07658261
0.016502082
0.05968003
-0.101198494
0.070748985
-0.03298298
-0.0003417695
0.104969196
0.068066426
-0.030809028
-0.019005962
-0.074865304
-0.058897953
-0.05365394
-0.077311106
0.014507708
-0.062158104
0.0900148
-0.07315014
-0.037780717
-0.059257105
0.035359
0.0093129845
0.12570676
0.13965087
0.11902969
0.020520877
-0.039198
-0.029440004
-0.050409917
-0.08644218
0.018892404
0.06394879
-0.015018442
-0.08328079
-0.111145236
-0.05499551
-0.047633063
-0.024999812
-0.018604385
0.05537892
-0.034999732
0.03600873
0.06485598
0.026857825
0.064117536
-0.004166528
0.1017134
0.09869792
0.059628677
0.13003807
-0.0581104
-4.8654e-05
0.016192548
-0.0958012
-0.011978362
-0.050106112
0.03362281
0.016771303
-0.08720502
-0.1360966
0.09489022
-0.002384625
0.063791506
0.116373345
-0.08924172
-0.022770703
0.12383693
0.09664025
-0.012579619
0.050545868
0.02235055
-3.864138e-05
-0.103053816
-0.04559176
-0.05501622
-0.0015929389
0.1164551
0.039067686
0.015368539
-0.060778037
-0.09301708
-0.021691257
0.07627897
-0.014672341
-0.08779164
0.0988692
0.07973825
-0.04356519
-0.067572415
-0.06705911
0.036190756
0.05007506
-0.006918659
-0.095289335
0.08350228
-0.0024903424
-0.08108834
-0.11107892
0.03485416
0.15267071
-0.10804408
0.009438323
0.06534371
-0.060654294
-0.07642513
-0.049809694
-0.016150381
0.037967183
0.14146955
-0.028754769
-0.043413572
0.11532815
0.022425914
0.1378264
0.08363134
-0.064999804
-0.018551782
0.06321186
-0.09739034
0.02182264
0.1190975
-0.035342984
0.055248857
-0.08416399
0.097941756
0.12603782
0.04407946
-0.01546016
-0.10460357
0.09645584
-0.09574821
-0.105105355
-0.05952376
-0.0018805995
0.06681874
-0.06663492
-0.09893212
-0.09564206
0.063996255
-0.010295327
0.0226137
-0.12434768
0.050611492
0.04832269
0.07649506
0.047684688
-0.05802466
0.07650213
0.08449932
0.043096803
0.11140737
-0.037193764
-0.0045700413
0.003022555
-0.027353348
0.014281353
0.023091592
0.07358289
0.11763353
0.12370297
0.10366843
-0.041529436
-0.12969077
0.099841475
-0.10163128
0.0037189538
-0.001116677
-0.043938167
-0.12023433
0.12340141
0.11708673
-0.020255618
-0.08613667
-0.053548567
0.04912084
-0.091069564
0.0065669604
0.105516724
0.08774931
-0.044081658
0.032967962
-0.10584811
-0.072542645
-0.09193739
0.017058695
-0.0720467
0.06586046
-0.07661027
-0.0697837
0.085490465
0.09415873
0.12815937
-0.07349044
0.09582889
0.09634143
0.07490717
-0.07621501
0.017499736
-0.050262537
-0.04258538
-0.12110967
-0.093364686
0.09986634
0.055137843
-0.062121846
-0.0687833
-0.019132229
-0.031520683
-0.090366036
0.07853093
0.12623896
-0.043918606
-0.009275406
-0.095777124
-0.001749223
0.12347644
-0.07724701
-0.083148055
-0.054279935
0.065055594
0.012691251
0.07708175
-0.010408373
0.12421607
-0.09033935
0.03753679
-0.028259337
-0.06408473
0.046184488
-0.055082347
-0.049788803
0.07697659
0.129858
-0.11043608
-0.08647213
-0.080781944
0.051458344
-0.0585565
-0.031935465
0.11047879
0.017346531
0.08136311
-0.0011532143
0.07368158
-0.068753675
0.10095525
-0.08941184
0.05962432
-0.06567934
-0.1090905
-0.104471564
-0.09287511
-0.08130584
0.112478115
-0.11453938
-0.002939515
0.010888122
0.0810215
0.11703293
-0.09859996
0.076544546
0.043780122
0.057891257
0.06685427
-0.04698273
-0.009210957
-0.08096019
-0.05020462
0.08792651
0.121544674
-0.13628986
0.13572529
0.04560192
-0.03687051
-0.0672997
-0.013530207
0.08619112
0.07843454
0.11846079
-0.02880286
-0.018968139
0.004200414
0.034975857
-0.10055591
-0.032365587
0.117186286
0.025297297
0.0016791017
-0.08693653
-0.015974795
0.0053595095
0.11689817
-0.105267115
0.007543295
0.04066827
-0.10821332
0.123734966
0.104225606
0.020616623
0.09630262
-0.06458325
-0.112209685
-0.009484007
0.11657044
0.01945947
0.010330359
0.06547881
-0.07014695
-0.08837623
0.060519073
0.05665398
-0.040955793
-0.11549205
0.059185922
-0.12249186
-0.028238604
0.029491007
0.115135774
0.03527782
0.050657798
-0.08830804
-0.06123438
-0.14811881
0.16826566
-0.09193975
-0.03511187
0.056092247
0.12815167
0.048148874
0.11882771
-0.011972646
0.054400813
-0.017818548
-0.030402014
0.019605251
-0.07798004
0.10914987
-0.07718915
-0.07797888
0.033063214
-0.01860404
0.07734916
-0.00052243535
0.14847974
-0.09725581
-0.036195885
-0.024832973
-0.069783166
-0.025670443
-0.045868944
-0.038193554
-0.01586665
0.012436725
0.07232625
0.031262096
0.12408764
0.00039187653
0.09037754
-0.015938256
0.085415296
-0.06471811
0.063639715
0.0633006
-0.10030913
-0.03369102
-0.07747739
-0.03309375
-0.02743584
0.07301594
0.017895913
0.031634286
0.014836518
-0.07443019
-0.06188894
-0.07424358
0.055696182
-0.04278884
-0.024175456
-0.036703106
-0.054816913
-0.10430189
0.16674334
0.08968143
-0.035111595
-0.01867587
-0.07967627
0.07257027
-0.08295084
0.09975614
-0.027439183
0.08233878
-0.041900802
0.09948109
-0.018826516
0.086539276
-0.12085778
0.1307172
0.025914164
-0.07337866
0.13420105
-0.123116344
-0.07297414
-0.16903274
0.05805993
-0.109846465
0.2119209
0.043983582
0.07072444
-0.04697413
-0.12116346
0.0024945366
-0.0014275663
0.1317634
-0.050613873
-0.0953248
0.088022165
0.08347743
-0.04090233
-0.1073014
-0.01725648
0.058734074
0.16158025
0.0076619075
-0.12531434
-0.09263084
0.1322945
-0.10585195
0.116753
-0.12564777
-0.13716279
0.014598229
0.02259135
0.109465435
0.012257454
0.07943233
0.095386975
0.029668685
0.12341678
-0.15931192
0.027867328
0.20168668
0.112116255
-8.91691e-05
-0.033622872
-0.031573012
-0.118521325
0.021767836
0.010473463
-0.083239265
-0.12780002
0.08493775
0.036452148
-0.13594718
-0.057024002
0.02808624
0.08888223
-0.09574972
0.037172433
0.14186743
-0.12260449
0.09127949
0.11001275
-0.07151449
0.028350143
-0.07524088
-0.049575284
0.11262607
0.0523023
0.046572927
0.10562258
0.019863501
-0.0565177
0.028785968
-0.038611256
-0.056910977
0.00837959
0.11744448
0.07911876
-0.059440795
0.09573718
0.057395216
-0.04900473
-0.1387604
0.19965164
-0.014458714
0.091868125
-0.107798085
0.061767954
-0.013435426
-0.018615002
-0.03733185
-0.0072259055
0.13298364
-0.02671174
-0.016671868
-0.049484793
-0.16802946
-0.03975479
-0.011489899
-0.012953223
-0.029551486
-0.021189243
-0.0799048
0.03487053
0.04571954
0.10076477
-0.091041744
-0.045004755
0.17486088
-0.017174127
0.087380454
0.02336782
-0.020122
0.039165974
0.08418715
-0.02231124
0.0036862323
-0.017322507
0.102619216
0.1545632
0.026811583
0.089672595
-0.08231101
-0.036735225
0.08868134
-0.08538947
-0.019431595
0.10356379
-0.06471036
-0.03833522
0.03013195
-0.0053582075
-0.031557776
0.08098437
0.123104505
-0.01593577
-0.07211437
-0.01060265
-0.082299314
-0.1500893
0.014707586
-0.04675859
0.07984747
-0.0010233428
0.037084267
-0.1383608
0.08354857
0.10195707
-0.1426846
0.049850423
-0.06367453
-0.12641482
-0.01919538
0.036137063
0.0958077
0.09376659
0.14339863
-0.077441655
0.07921625
0.00761845
0.16237877
0.061648425
-0.036007
-0.006665262
-0.13375562
-0.10381972
-0.043725673
-0.10758456
-0.10328662
0.07389118
-0.13460979
-0.10126255
-0.108253054
-0.043625057
0.011699915
0.020557435
0.00576985
-0.082271606
0.024646005
0.1785427
-0.09535695
-0.11085994
-0.0070011113
0.14383154
0.06842022
-0.021957582
0.038296916
-0.04416788
0.13828877
0.012927487
0.048380557
-0.023908343
0.05166241
-0.025910942
0.030056775
-0.052480105
0.016854215
-0.10446413
-0.06833809
0.0909593
-0.07821996
0.05809901
-0.05175099
-0.049742732
0.08836748
-0.0028380863
0.11036728
-0.04018833
0.018893303
-0.10328167
0.017724125
0.15502372
0.03325223
0.05172127
-0.029280612
0.09024677
0.024853883
-0.033028837
-0.013953971
0.0436802
-0.09689961
-0.01585526
0.05811654
0.04085241
-0.038990486
0.112498686
-0.055741485
-0.026426524
-0.08404944
0.09194875
-0.10814775
0.12815312
-0.040133204
-0.007445765
0.06625638
-0.09594679
0.10064791
0.07770964
-0.06380489
-0.12454742
-0.07159125
-0.05885021
-0.08734581
0.011634432
-0.004441214
-0.009910467
0.0007921961
0.11185818
0.15497205
0.030411176
-0.114338964
0.0049729496
-0.0047666794
-0.008558579
0.019480903
0.090905696
0.085211456
0.039860666
-0.025238937
-0.13160676
0.008466464
0.010672254
-0.04745007
-0.061190113
0.13242409
0.009710259
0.055108204
0.022991002
-0.05259103
-0.090200596
0.08333151
-0.016102605
0.037743866
-0.032286726
-0.008115952
-0.051103994
0.018648097
-0.020019906
-0.03203292
-0.13757685
-0.08531923
0.0029801426
-0.036522258
-0.10502552
-0.06328111
-0.1615826
0.12354003
0.034655366
-0.039428636
0.043024886
-0.06996432
0.17138928
-0.059605557
0.06441801
0.0872479
0.00513439
0.12908767
-0.05141868
-0.020212874
0.03084097
-0.08028461
-0.065906554
-0.010335069
-0.11608442
-0.117680594
-0.08889466
0.052655965
0.11593961
0.08881037
0.11383841
0.0013079555
0.031520035
-0.091443986
0.058662493
0.06800386
0.0061386474
-0.011859546
0.016360272
-0.08427825
0.040952634
-0.15194088
-0.027373943
-0.1252364
0.025178062
-0.09252842
-0.071574464
0.03362796
0.056563396
0.0031209826
-0.036618326
0.0418071
0.07935965
0.0041921632
0.11466557
0.020131076
0.05288414
-0.024504203
-0.028508024
0.013424805
0.052628756
0.048707843
-0.06976039
-0.13612683
-0.05751213
-0.0683816
-0.015359509
-0.037901465
-0.06180232
0.13724482
-0.04563125
-0.008571658
-0.12661417
-0.04543872
-0.093408965
0.046659686
-0.018055376
-0.014799138
0.07096763
0.081585154
-0.022454008
0.08613673
-0.03168693
-0.05483568
-0.11620225
0.081218526
-0.012158959
0.0330829
-0.036920324
-0.06498
0.024436606
0.03159567
0.0023763017
-0.08766544
0.06385227
0.047064867
-0.13413084
0.031985402
-0.11608523
0.015235541
0.017700614
-0.14450838
0.1511231
-0.18141852
0.23935556
0.084542006
-0.06558703
0.061309494
0.13419482
0.123689435
-0.11714814
-0.01007535
0.07060833
-0.008899063
0.0068673687
-0.042376094
-0.04883231
0.17653559
0.06378455
-0.039899055
-0.076548226
-0.035448804
0.00554511
0.02659681
-0.13681792
0.056612775
-0.11786141
-0.009603322
-0.07605179
-0.0061773313
-0.06344708
-0.066880025
0.15172198
-0.1502599
0.043685354
0.064006366
0.022904966
-0.10384115
0.21595982
0.021068204
-0.13727777
-0.027573435
-0.035234604
0.058055494
0.07059991
-0.019420588
-0.112607665
0.060118075
0.020435508
-0.046797957
-0.13542424
0.017415691
0.105386235
-0.08060429
-0.09152977
-0.03145779
0.13686234
-0.013839828
0.036424927
0.014140276
-0.09927454
-0.11069222
0.073315814
0.12268571
-0.06389418
-0.017997503
0.20012626
0.11693191
-0.024625406
0.0062511545
-0.082126625
0.1287746
-0.0887882
0.16767263
-0.008086701
0.18277349
0.22735077
0.067285955
-0.06437344
0.05887021
-0.064936474
-0.20641296
-0.0098022185
0.09192628
-0.066118
0.049083397
0.21486084
0.10476072
-0.22086756
0.028109089
-0.18803386
-0.06891958
-0.23292165
0.09040307
0.106841154
-0.07760126
0.055074833
0.08860687
0.10443916
0.022312315
-0.091814406
-0.041066334
-0.08955669
-0.26073644
-0.09043992
-0.12005925
-0.0021184464
-0.08667241
0.18536504
-0.03534219
-0.085918665
0.090795174
0.00097587245
-0.080070466
0.015915763
0.057850707
0.03482639
-0.1071557
-0.02502319
-0.03044832
0.044842083
0.074527316
0.03656004
0.13683435
-0.026889604
-0.04549947
-0.08039858
-0.030116599
-0.15909553
0.119160086
-0.13661805
0.060050193
0.0812502
-0.08403658
0.043954
-0.12791947
-0.0049754465
-0.10811055
0.11702921
0.10138063
-0.07393146
-0.0808412
0.041815225
0.06864594
0.0022822167
-0.116164476
-0.040897444
-0.04672937
0.029395461
-0.07479166
-0.043680985
0.059173193
0.039893728
0.081561856
0.05472584
0.08155261
0.050465297
-0.018559856
0.056324396
0.106275946
-0.059101414
-0.003017595
-0.14637712
-0.013110821
0.10174732
0.009534425
-0.056652322
0.047460742
0.10141414
0.030381756
-0.06886387
-0.009505357
0.10737001
0.04887719
0.10122208
0.009752638
-0.016436147
0.036588304
0.09485035
-0.11054955
0.024976976
-0.12157042
-0.17116126
0.021159057
-0.017664054
0.025361726
-0.034267653
-0.09042292
0.04955171
-0.002129408
0.063363925
-0.0048583997
0.011876816
0.0988211
-0.002654925
0.014339969
0.08695133
-0.00032006268
0.08783228
0.009287228
-0.028760286
-0.11385016
-0.039400358
-0.14205465
0.056587797
0.09633482
0.040152114
0.071213454
0.06683591
-0.0598463
-0.014792643
0.020004336
0.044562824
0.13954823
-0.012963442
0.038937755
0.049824584
-0.022709068
0.04842324
-0.015297665
0.16281192
-0.15717916
-0.038455762
0.036557794
0.011710693
0.03723838
-0.052518122
-0.020247111
0.077641346
0.029912809
0.10751338
-0.015225466
0.04437059
-0.06917882
-0.09602584
-0.1296065
0.057283223
0.10918237
-0.03245509
-0.038298905
0.07842637
0.01814521
-0.1253044
0.10684728
-0.08442453
-0.04764552
0.11657851
-0.064694956
-0.06273094
-0.037548658
0.1139757
0.10343028
0.042779624
-0.04496313
-0.09012749
-0.102939256
-0.08866633
0.003839516
0.094784774
-0.05180709
-0.03692129
-0.105555914
0.022455348
-0.023546534
0.04668615
0.040262464
0.03593695
0.07610176
-0.038883626
0.0838597
0.13194937
-0.016162673
0.02939887
0.03637905
0.12154687
-0.08013694
-0.014255529
-0.009140851
0.08157857
-0.060776845
0.08401228
-0.08927877
-0.013799238
0.07926678
0.059490576
0.024452174
-0.04944641
-0.0448471
-0.027368473
0.09799607
0.028326113
-0.033638764
-0.09858779
0.081813425
-0.002595377
-0.064228825
0.10659404
0.07905015
-0.015884794
-0.048391476
0.044241484
0.07035029
0.04062217
-0.05335267
-0.09790348
0.06939165
0.040930457
-0.12711608
-0.024115652
-0.11877367
0.04320716
-0.12071065
-0.033795424
0.027451675
-0.055191718
-0.121851034
0.09009846
-0.120282285
0.046494033
-0.048290208
-0.1401976
-0.028862577
0.018026715
0.056455947
0.07984178
-0.1331443
0.07069899
-0.009765593
0.06379539
0.1323054
0.10282979
-0.0593154
0.021467546
-0.05568531
-0.056552608
0.05224841
-0.034362506
-0.04448033
0.10145765
-0.016451364
0.064439744
0.100074805
0.14161654
-0.08254935
-0.0071377587
0.047994606
0.024298508
-0.08680043
-0.059776448
0.09103868
0.094249316
0.043992598
-0.07986297
0.14986005
-0.059675187
0.02107022
0.070968285
0.060256373
0.08152008
-0.077897616
0.13472456
-0.031356893
-0.05819052
0.04109379
-0.003786713
-0.0039174356
-0.0717803
-0.06810242
-0.022026947
-0.13259989
-0.118053965
-0.063448384
0.12199299
-0.16484495
0.09879181
-0.0043551237
-0.09238329
0.101236045
0.050090414
-0.0016802745
0.09834776
0.031259198
-0.054273147
0.09254238
0.02238447
0.0091171255
0.013419372
0.0010698683
0.06623898
-0.13427188
-0.054527402
0.07917011
-0.04681784
-0.12647069
0.043288324
-0.0116767185
-0.048315063
-0.027234418
0.004167168
0.014308064
-0.06899536
0.021045612
-0.14460452
-0.031618323
-0.06299288
-0.08390774
0.04212748
-0.03777234
-0.016215622
-0.06501557
0.029068308
0.06951611
-0.099164836
0.0070456914
0.17665392
0.06808373
-0.033558402
-0.007850547
-0.08365178
0.015432017
0.045824
-0.12104108
-0.04860371
-0.03969538
0.055282492
0.101898156
-0.10003301
-0.091376215
0.07093155
0.007520541
0.14449783
-0.083565176
0.05136503
0.09480744
-0.017215598
0.03307719
-0.0712124
-0.0979225
0.023526244
-0.055638116
-0.03999204
0.03584352
-0.022314485
-0.047206976
-0.03913626
-0.056810346
0.1334566
0.092655845
0.16272575
0.07535126
0.08515206
0.12137047
0.011060106
-0.03487668
0.13878557
0.09219738
-0.027858559
0.0018278706
-0.0004716619
0.06809736
0.058858447
0.11779866
0.11289414
-0.005982675
-0.03681915
0.07867163
0.10601733
0.10537459
0.07340036
0.012376647
0.028428297
-0.09923272
-0.03371366
-0.1092075
0.018204305
0.17271651
0.004472812
0.077721216
0.04771224
-0.035849977
0.08811089
0.015849898
0.10271407
-0.09492732
0.014250605
-0.019188607
0.025441563
-0.12572873
-0.07214848
0.12547135
0.07463211
0.10394581
0.07332875
-0.060174704
-0.016130438
0.08994272
-0.019683095
-0.12282793
0.11392222
0.04381149
-0.0060124337
-0.05153645
0.1403968
-0.058776166
-0.01625899
-0.0257807
-0.11314303
-0.061820693
-0.120005704
-0.055243336
-0.107019715
0.08602897
-0.04221231
0.09919022
0.05148671
0.057697438
0.06493583
-0.0989946
-0.107610844
0.06362892
-0.01224468
-0.124604456
-0.097375505
0.015982984
0.017265389
-0.08759159
0.044318274
-0.050555922
0.08422823
-0.08573902
-0.050352212
0.016381662
-0.06314511
0.1519994
-0.043276288
0.0022544041
-0.050239056
-0.027565395
0.058479156
-0.010950165
-0.07586153
0.07064142
-0.041626085
-0.043311976
0.18669692
-0.09871909
-0.08681573
-0.08224712
-0.045460295
-0.08946526
0.037903838
-0.03708723
0.0075457427
-0.026052875
0.031191036
0.064003
-0.007980767
0.024335071
0.07249787
-0.12837878
0.0984171
-0.013477275
0.078523576
0.01080948
-0.09560878
0.0373761
0.12185362
0.033597477
-0.102680214
-0.10878656
-0.116518185
0.08903869
0.046162624
-0.13357447
0.13924323
-0.01381159
0.020790711
0.066736326
0.03792447
-0.039192718
0.013894209
0.08380401
-0.04759383
0.13754778
-0.10666731
-0.06051543
0.03951681
-0.1014466
-0.01829145
-0.062143993
-0.006992107
0.071961686
-0.07516805
0.13830455
-0.04814856
-0.06282018
-0.04951783
-0.09221233
0.017721351
0.0028392507
0.15098494
-0.07880615
-0.05983544
-0.037298348
-0.084056675
0.050011005
-0.0251887
0.08744398
0.10248446
0.09245995
-0.08586915
0.012554501
0.0032051036
-0.094806544
0.0045646364
-0.08517263
0.03745844
-0.1021645
-0.06536953
-0.10584279
0.065246895
0.09269847
0.08873929
-0.13284513
-0.008587529
0.09019418
-0.039153874
-0.02652484
-0.04002616
-0.060490165
-0.08018573
0.14575401
0.097573996
0.0041322345
0.019874658
-0.017844137
0.051319823
-0.051684447
-0.048675753
0.031403456
0.027052006
0.062385093
0.08931688
0.035938043
0.0061979895
0.11337116
-0.009549501
-0.09532703
0.08642224
0.014439987
0.008952004
0.08558526
0.019201646
-0.04790398
-0.054412026
0.082260706
0.10999853
-0.08134535
0.089844696
-0.15707555
0.11076295
0.0893062
-0.0059965486
-0.068247296
0.06755368
-0.07614268
0.08349975
0.09566816
-0.12337578
0.0032919496
-0.009586811
0.038574178
0.029294325
0.0017241098
-0.055833884
-0.10719194
-0.02523825
0.050645452
0.019090112
-0.087717794
-0.043668192
0.08852549
-0.09638912
0.09921226
-0.0071859043
0.03445415
0.11605147
0.0060220384
-0.080603346
-0.04616698
0.09318437
-0.06553587
0.10836243
-0.01329752
-0.09585752
0.073328726
0.024654364
0.09317953
0.015164547
-0.0006081319
0.046186775
0.01795016
0.041549698
-0.06424258
-0.04250589
0.008301823
0.065474786
0.030201692
0.035461213
0.014094531
-0.11169894
0.034166668
-0.056593087
0.044053458
-0.11393089
-0.06476771
0.11050775
-0.07287061
-0.095874876
0.030447932
0.11683547
0.03569049
0.0716977
0.1531483
-0.002529387
-0.09457586
0.10611565
-0.02606785
0.10718916
0.08477798
-0.05379086
0.1235187
0.03748382
0.053866945
-0.11188546
0.11608498
0.00252144
-0.07964736
-0.08954605
-0.072573796
-0.10388313
0.011499931
0.04110501
0.06969963
0.15319474
0.11208712
-0.0215305
-0.0959953
0.067357264
0.039316747
-0.011099148
0.118679754
0.13615231
0.0814604
0.04721729
0.13711405
0.14486557
-0.15682706
0.055659022
0.10582251
-0.07349531
-0.039260678
-0.0025145663
-0.0644157
0.03807193
-0.13700058
0.07636465
0.16252035
-0.114741154
0.14456977
-0.057225596
0.06469669
0.07024935
0.043855928
0.028064081
-0.1681032
0.0011493745
-0.050058674
0.17594163
-0.16003324
0.017544212
0.10018297
-0.060149476
0.05759672
-0.12060236
0.019328875
0.023686456
0.015244133
0.07018882
-0.07265256
-0.018870236
0.012098284
-0.061126646
-0.052635293
0.10099529
-0.08268256
0.004664611
-0.10367403
-0.057802144
0.09326576
-0.07309607
-0.06755008
-0.01529857
0.03669918
0.032657374
-0.07286178
0.13790925
0.041664727
0.060609087
-0.04235481
-0.10208299
0.049649607
0.1268656
0.14749782
0.12012581
-0.008056245
-0.06372365
-0.09092587
0.049763512
0.014657474
0.031449426
0.02279171
-0.14760678
-0.08033802
0.04393179
-0.053728838
0.00033715635
-0.09491671
0.013307787
0.05506283
-0.04454485
0.065924644
0.084492356
0.024623279
0.07178314
-0.06208327
0.04030971
0.032078624
0.08322806
-0.08475493
0.04294184
0.06313155
0.08320651
0.056755032
0.10296755
0.049608525
-0.041395485
0.14414361
0.094824836
0.10721159
0.10390836
-0.01222316
-0.02438603
0.015239603
0.033715844
-0.12305605
0.070662096
-0.106702276
-0.101472944
0.08682764
0.006742192
0.13258249
0.06215092
0.0703032
-0.065254554
-0.03664522
-0.060832422
0.07403373
-0.034974672
-0.038046267
0.09545446
-0.12174738
0.14273922
0.11718656
-0.119927645
0.008036709
-0.047884412
0.08790802
0.10328778
-0.0064218086
-0.107457586
0.12440223
0.058807418
-0.033763595
-0.1008279
-0.14592466
0.12934329
-0.076560155
0.094217815
0.11742584
0.09014064
-0.06888053
0.024319785
-0.029430676
0.07679613
-0.0087125115
-0.09268375
-0.0724957
0.036493935
-0.1269383
-0.102835864
-0.063550524
0.072618395
0.09062883
0.124963775
-0.0527973
-0.08205409
-0.08847765
0.076151624
0.04275662
-0.10951263
-0.01126076
-0.11025102
-0.01683934
0.026391152
-0.020146172
0.0693883
0.112722896
-0.106105715
-0.07960318
0.14136507
0.0045682536
-0.016165096
-0.040784813
0.005007195
-0.05366169
0.09588374
-0.02920518
0.09323097
0.009005318
0.05587152
-0.1132382
0.020143144
-0.15107931
-0.021593938
0.10413843
0.1523864
0.014833853
0.020454295
-0.094558716
0.13709721
-0.1009667
0.15753207
0.1158324
0.061688688
-0.0011584992
-0.042999256
0.07037774
-0.024929048
-0.07541309
-0.11783901
-0.099146836
0.083458886
0.07914047
-0.043570884
0.09281208
0.09790272
-0.0201725
0.13383885
0.04577084
-0.02179182
0.10162522
0.054398
-0.057493545
-0.079655305
-0.01790319
0.04269756
0.059811506
-0.065208286
-0.0071024913
0.11543983
-0.03807187
0.11039041
-0.0083621945
0.10241206
0.08759631
0.10163153
0.113989286
0.047136698
0.0048345528
0.056645982
0.10097453
0.11930094
-0.08658509
-0.06746919
0.024997482
0.08386924
-0.048702378
0.12932786
-0.004936502
-0.093105994
-0.108952545
-0.056828987
0.081781425
-0.12102635
-0.048519105
0.028923905
-0.012832405
0.04273708
0.020265661
-0.061367247
0.1042186
0.0059632654
0.000624497
-0.16949497
-0.10924177
0.039394017
-0.0351601
0.036257684
-0.18750632
-0.13810986
-0.0735155
0.0086256955
-0.1018993
-0.1363177
0.014195778
0.049790762
-0.09205805
-0.048115905
0.11048528
-0.05279667
-0.14068805
-0.13999762
0.13995668
-0.011323681
0.10011949
-0.047900937
0.094576664
-0.10708326
-0.07500851
0.07897596
0.023148837
-0.052843444
-0.044537403
-0.062123537
-0.11099523
0.08091715
0.037273612
-0.07010111
-0.009830468
0.08214289
-0.11020535
-0.077061675
0.07386988
0.02110539
-0.06352272
-0.05967201
-0.07953792
0.040543426
0.022216678
-0.04617313
0.05481698
0.03469383
-0.071766265
0.082438335
-0.028652444
0.1878606
0.092886016
-0.106204756
0.101993896
0.060156036
-0.112261884
-0.023215529
-0.01986584
0.08538849
-0.032572802
0.00851906
0.009116154
-0.12354681
0.12833011
-0.04333959
0.07893002
0.06505391
-0.12057835
-0.024813827
-0.055026382
-0.11128844
-0.010880094
0.0016349441
-0.15151894
0.07113788
-0.03825739
-0.0337988
0.03726873
0.06450718
0.034533534
-0.059077647
0.051057037
0.12525553
0.02210476
-0.104178905
-0.0022972464
0.09385035
-0.14573582
0.049995292
0.049634773
-0.014182239
-0.0594634
-0.052745193
-0.041018784
-0.045146484
-0.031189008
-0.0018875945
-0.015239037
0.117929384
0.096746236
0.062063895
0.056023885
0.0043187956
0.08294502
-0.08620714
0.013726221
0.11162548
0.01676058
0.02656105
-0.026103674
0.0375813
-0.1646641
-0.10066258
-0.09241929
0.09196104
0.06157335
0.038059838
-0.052885503
0.051857848
-0.10744291
0.023176251
-0.101985514
0.01899227
-0.019467097
-0.022234442
-0.018799659
-0.10281377
0.15833752
-0.057241615
-0.11977529
0.08768429
0.041050985
-0.052528363
-0.009412747
0.13340268
0.066882975
-0.030056283
0.1305957
-0.023630958
0.04549207
-0.037043333
0.030407004
0.08466213
0.0969169
0.036547244
-0.11190211
-0.09927303
0.16144323
0.033109456
-0.22115806
-0.120730266
0.10750659
-0.108041726
0.17283946
0.06444555
-0.039436992
0.008847474
-0.04498021
-0.0239185
-0.033540536
0.06927509
-0.0004182602
-0.059825692
-0.0073533594
-0.07467299
-0.015373482
0.080901146
-0.002130643
0.1656014
0.09873053
-0.047917053
-0.013896273
-0.21116847
0.03883916
0.012342692
-0.019733641
-0.008620997
0.04696191
0.06885637
-0.08040679
0.08404473
-0.18563461
0.023680365
0.0139976125
0.032490645
0.058320343
0.07733428
-0.087388374
-0.14090201
-0.034524515
0.21652937
0.037087183
0.015402575
0.19880079
-0.024700794
-0.06867877
-0.005018103
-0.05390909
0.15970278
-0.16385785
-0.017490756
0.0290717
0.029861545
0.11372157
0.11535642
-0.01190443
-0.008703312
-0.14313473
-0.013864453
0.008154088
0.074564025
-0.063391484
0.08889702
0.012290369
-0.005479597
0.0082263155
0.11976749
-0.10653724
-0.028339159
0.037659395
0.09602598
0.038407773
-0.04836257
0.07169456
-0.10458996
0.052791294
0.060233027
-0.050245233
0.012324196
0.055583064
-0.118814506
-0.030201616
0.108181484
-0.07101581
-0.115131706
-0.010894705
0.054667894
-0.0142538035
0.06348463
-0.017799636
-0.0263895
-0.012746201
-0.08595904
0.004355418
0.099478476
0.07372884
-0.15786517
0.032297377
0.04188583
0.00038843727
0.13442308
-0.06489163
0.06564141
-0.03071997
0.020187685
0.02126985
0.17541297
-0.09730099
-0.053913336
-0.03207166
-0.17838587
-0.11353136
0.008568486
-0.09710944
-0.027253708
-0.03440816
-0.11289009
-0.010965187
0.082034595
0.14562087
-0.029619105
-0.13279453
-0.13060394
-0.030698428
-0.10120464
-0.13171738
0.072260335
-0.028744558
0.011382849
0.11210905
0.14041778
0.0845731
0.078425005
-0.030029792
0.040306993
-0.013578469
-0.18435866
0.059975628
0.023102872
-0.07145775
-0.073850386
-0.02731313
0.042093646
0.0001509743
-0.18870619
0.087756775
0.047086027
-0.03428531
-0.041868757
-0.05013281
-0.19799548
-0.0004873103
-0.03398631
-0.06479835
-0.05549173
-0.031972207
0.07307005
0.026532331
0.031978328
0.050563253
-0.08454143
0.015886212
-0.060968485
-0.10453581
-0.16192943
0.051801413
-0.056275
-0.1307792
0.09034302
0.01578846
-0.026971297
0.083365105
-0.07749696
0.026766388
-0.106899165
-0.042957313
0.026253602
-0.00036342719
-0.0088162115
-0.04720034
-0.13780826
-0.035338715
-0.06694052
-0.104134254
0.027030233
-0.00071210193
0.11815573
0.06746448
-0.046289157
-0.023138184
-0.09732992
0.06683892
-0.14587599
-0.0522629
-0.06785685
0.051767644
-0.010902196
-0.03877321
0.001442118
0.017346218
0.12016954
0.029759651
-0.07560884
0.14299218
0.040571984
0.04082223
-0.06391626
0.09967008
0.1575609
-0.15341325
0.11420493
-0.009348172
0.04195297
-0.093435735
-0.02774219
-0.02088917
-0.0646422
-0.022944383
-0.046883527
-0.056632016
-0.017691297
-0.022257641
-0.04525327
-0.020758122
0.050691992
0.1431923
-0.043312367
0.03552531
0.090115406
0.083017915
0.064014226
-0.04008586
0.009335002
-0.041428905
-0.011003267
0.006794881
-0.11317094
0.030153176
0.03977463
-0.120011054
0.015017776
0.008946043
0.05797122
-0.017422331
-0.079204984
0.05197447
-0.12261721
0.13905992
0.02182208
-0.118083805
0.029246254
-0.027410172
-0.060649466
-0.06167363
0.058234274
-0.040728748
-0.0668745
-0.07867813
0.00067779684
0.07345237
0.09638009
-0.11490496
-0.10178887
0.072398074
-0.06050885
-0.016034337
-0.105330065
0.0061827432
-0.12595297
0.11419367
-0.11500237
0.07365473
0.0056545907
0.13228095
0.06756869
-0.06737692
0.017060053
0.09443362
-0.030898893
-0.10798298
0.020033568
-0.059411857
-0.016152274
-0.04701979
0.070184596
-0.121299975
0.043420255
-0.03805813
0.07987465
-0.11689844
-0.02729277
-0.052495044
0.0681054
-0.08861815
-0.09199682
-0.012374503
0.040844854
-0.0051376983
0.046652414
-0.003556752
-0.0982906
-0.021604773
0.07094564
0.06934005
-0.08657813
-0.008033591
0.11472189
0.055370204
0.022330286
0.01640687
-0.099048905
-0.08871894
0.09335273
0.01580168
-0.09767751
0.044559732
0.092568666
0.010676279
0.12147454
0.057160504
-0.11171429
0.04187743
0.083391584
0.06873373
0.0064462684
-0.061726194
-0.0046785357
0.05238751
-0.023426767
0.0484618
-0.041279826
0.02766467
-0.07373231
-0.036207538
0.0065296167
-0.053791635
-0.0693993
0.02761952
0.09799161
0.05421764
0.016543334
-0.07359615
0.033896796
0.03185349
0.08590899
-0.08936479
0.09242994
-0.08501078
0.08546739
0.0500027
-0.11088829
0.049333062
-0.0047839102
0.049580492
-0.054029554
-0.10848332
0.02096525
-0.025848355
-0.07215232
0.07109745
0.0041382615
-0.078633994
0.05403237
0.05788792
0.059415743
0.052297864
-0.08441081
0.06328854
0.0996001
-0.000114483315
-0.013677262
0.086115286
-0.06332971
0.07253791
-0.11709671
0.01899148
0.042353973
-0.06323954
-0.05274865
0.0929132
0.09607723
0.047209658
-0.031373627
-0.042250294
0.0960971
0.05180448
-0.089301154
0.021332258
-0.14917699
0.10982913
-0.092616946
-0.1339871
-0.03948634
-0.12377706
0.031434137
-0.0065688263
-0.030792877
0.14142634
-0.08089666
-0.107993454
-0.011299888
0.044074625
0.117755525
-0.09429306
0.059387937
-0.007356667
-0.109122105
0.097758375
-0.026004517
0.07982379
0.05915155
0.008679441
-0.055252545
0.13945268
-0.076292224
-0.04911029
0.1495811
-0.12937294
0.012776922
-0.034616835
-0.051098555
-0.06511782
-0.073804766
-0.061325267
0.007863122
-0.028958429
0.00077791547
-0.0064573097
-0.04811541
-0.09267143
0.091677256
0.017502777
-0.03389209
-0.055527505
-0.07009503
0.01486424
0.11835031
-0.06697271
0.13921976
0.15657772
-0.059921738
0.061415613
0.106802255
0.0061624683
0.105623044
-0.02046415
-0.11063164
-0.11778206
0.051195018
0.0204737
-0.11709789
-0.016971447
0.018528443
-0.008157754
0.023443557
-0.06949682
-0.039348487
0.10419565
0.027433867
-0.049988877
0.16314104
0.05285879
0.096993335
-0.0020693073
0.004426563
-0.029992726
-0.033199713
-0.1071759
0.13583168
-0.05645688
0.09396409
-0.029908936
0.14472382
0.070702985
-0.104709625
0.0050432836
-0.019560505
0.050715264
-0.11493757
0.053599674
-0.051227357
-0.07227151
-0.062205404
0.102686234
-0.05687951
0.05105764
-0.09970747
-0.015841296
0.032520175
-0.0590542
0.11594121
-0.04446791
0.08706575
0.07015466
0.062138285
0.106494986
0.08543304
0.033877496
0.13851105
0.16955437
-0.099523045
0.015425942
0.0345803
-0.029262783
-0.11103886
-0.014683082
0.010260868
-0.05614479
-0.0072929766
0.044754762
-0.025472268
0.026646854
0.012407098
-0.08769548
-0.11908159
0.05099911
-0.03970809
0.04396725
-0.0067474395
0.035503097
-0.08684195
0.00634915
0.06384156
-0.04703136
0.034753587
0.17007019
-0.104881264
0.0020827928
0.0049672117
0.03785253
0.07404753
-0.016991269
0.08590729
0.11243796
0.13034204
0.0007677543
-0.13449351
0.030236416
-0.039307125
0.10531199
0.06652992
-0.0053228075
-0.014309767
0.05629887
0.008132857
0.021307908
0.065032266
-0.0029235748
0.05879395
0.0754888
0.11214123
0.056499813
0.0014633574
0.08322738
0.06555067
0.048439596
-0.06644104
0.12961262
-0.014083751
-0.09210609
-0.039411195
-0.07321074
-0.0259564
-0.042564776
-0.04032904
0.09727093
-0.07393855
-0.0012189934
-0.032747105
-0.065249346
0.04862014
0.016954912
-0.08971778
0.070541486
0.017671285
0.001179863
-0.06594443
-0.04540109
-0.057363153
-0.019526485
0.028563581
-0.017924644
0.11981266
0.052327886
-0.014952947
-0.036492225
0.1111269
-0.06235613
0.07331876
0.052724708
-0.057704363
-0.03621256
0.021742791
0.10176075
-0.05126095
0.13650832
0.09299879
-0.0335545
0.06227478
-0.10903206
-0.10126584
-0.09099932
0.049708325
-0.03442902
0.13979355
0.13303244
0.02682899
0.11999227
-0.0030436586
0.04000709
0.11359704
-0.13817929
0.052882466
-0.027353851
0.017258015
-0.14559719
-0.016406225
-0.12798105
-0.09173505
-0.11487904
-0.05548012
0.071586505
-0.0010419288
-0.0024394044
-0.05558124
-0.14102672
0.17052868
-0.065382145
-0.014760188
-0.015792735
-0.014004199
0.054640718
0.059622876
0.00024413851
-0.014145504
-0.12680307
0.11376225
0.047138214
0.08366152
-0.05964955
0.066782705
-0.11914328
-0.015269244
-0.07398358
-0.07905168
0.08145885
-0.041540615
-0.13955352
-0.054782473
-0.029648868
0.18199912
-0.06634393
0.050189007
-0.05200598
0.011146506
0.09635999
0.00434758
0.0153461555
-0.022899212
-0.056318242
0.059465613
-0.06729871
0.1559812
0.054859642
-0.10123366
0.051538013
-0.07092065
-0.065562166
-0.022581255
0.07597831
0.053624548
-0.15037936
0.1631584
-0.036391646
0.08980573
0.11774922
-0.018626995
-0.12885828
0.030200252
0.08322822
0.041668087
-0.0045997053
0.050037403
0.042602114
0.036682304
0.0076996926
0.1441677
-0.033099953
0.034556374
0.039942726
-0.003431515
-0.046733316
0.14458555
0.00090541446
-0.03203894
0.017565554
0.039294012
-0.04039892
-0.13586363
-0.031008793
0.20526095
0.07368605
-0.08445689
0.005516638
0.06905013
0.14788418
0.012563226
0.13703494
-0.101133786
-0.07328437
-0.07377402
0.15136626
0.10323348
0.09531014
0.1033466
0.04222745
0.09041227
-0.038781162
0.030945769
-0.07443952
-0.1507069
0.07267702
-0.09292753
0.08218372
0.0004952114
0.14467691
-0.059178017
0.08246957
0.10878545
-0.06567688
0.11455625
-0.014842329
0.02689503
-0.013367927
-0.07300987
-0.04362204
-0.10272854
-0.03675372
-0.02476578
0.11347743
-0.07453517
-0.09259087
0.060870025
-0.07759564
0.13283752
0.058931403
0.13995565
0.13053665
0.02419097
-0.043207165
0.045592014
-0.046848394
0.052870587
-0.067723796
-0.060722128
0.13930877
0.10257121
0.07620428
-0.1340736
0.07091444
-0.101843596
0.012239306
0.108103864
0.032571603
0.014510203
0.17649215
0.061811417
0.11724775
0.038167767
-0.11640024
-0.017615777
-0.07825097
0.019592093
-0.017338045
0.19091469
-0.06792134
0.01610005
-0.119247295
0.037319284
0.12140805
-0.061388917
0.02797046
-0.14359803
-0.06582826
-0.018867172
-0.00050270563
0.074494675
0.06255656
-0.02854284
0.016171832
0.016696855
-0.019033426
-0.028745333
0.052470744
0.048367944
0.11615222
0.038299736
0.044723496
-0.09852745
0.006932389
0.042502902
-0.04832996
-0.0011729887
-0.10274408
0.005148472
0.18032469
0.04991552
-0.037224475
0.13753666
0.12222312
0.078841515
-0.11449242
0.133031
-0.011069636
-0.0130212
0.1013948
-0.056222923
0.04838726
0.10992127
-0.04902737
-0.032476936
-0.029526427
-0.026373848
0.14530742
-0.032064784
-0.123372145
0.033134725
0.15506011
-0.055497266
0.089274645
-0.048424125
-0.050196707
-0.036350667
0.08575371
-0.13927934
0.053616032
-0.025683345
0.04215098
0.17292775
-0.049512744
-0.16066071
0.124623224
0.16015084
0.15535644
0.058305405
0.03898687
0.060347535
-0.048919104
0.08960881
0.0032111097
0.008385963
-0.08538063
0.19526176
-0.055693634
0.12901446
0.045915216
-0.049194142
0.01951662
-0.09921824
-0.023825008
-0.10101506
0.0070752352
-0.06847045
-0.05401292
-0.018214045
-0.12908904
-0.027677476
-0.037870184
0.0026892538
0.09678052
-0.1369328
-0.039702363
-0.006579409
0.09048895
-0.0013261365
0.00020051481
-0.10392144
-0.011983879
0.030835863
-0.14220746
0.010917678
-0.068801984
0.013836091
0.1644863
-0.11233421
-0.037980348
-0.03855406
-0.0954963
-0.10779035
0.027538171
0.08569702
0.014777715
0.06573134
-0.0015099776
-0.12936556
0.06287757
0.05795767
0.02588703
-0.15325771
-0.017017439
0.08139837
-0.041005623
-0.044196032
0.0998354
-0.07988097
-0.13221435
0.1319178
0.06856226
-0.030382954
0.12239074
-0.12477474
-0.0009145638
-0.067752585
0.06830559
0.1144576
0.07575338
-0.07927957
-0.055984706
-0.08926951
0.10685008
-0.10742945
0.053706847
0.13403188
-0.080015406
0.036504094
-0.10354487
-0.013413109
-0.08440577
0.104128614
0.08442768
-0.066792645
-0.018767146
-0.07988809
-0.060568206
-0.017347256
-0.0068605253
0.08749892
-0.06991807
-0.07408986
0.028347142
0.056036
0.04430836
-0.06652077
0.10724972
-0.09288732
0.026321594
0.14316055
0.022864869
-0.07252689
-0.111579716
-0.10784632
-0.095308796
0.031668603
-0.07148882
0.0018123836
0.022475513
0.07735165
-0.0023895123
-0.06036201
0.019269623
-0.106310576
0.054197237
-0.17725785
-0.020579707
-0.0656314
0.028171293
-0.07758775
0.059085656
0.037691344
-0.10529391
0.09106429
-0.04068358
0.12791748
-0.06225939
-0.010019567
0.062202502
-0.11159462
-0.09405755
0.057064205
0.12730049
-0.007275505
0.013988896
-0.0861869
0.09091597
-0.12141553
0.07648373
0.041292254
0.049661174
-0.10504557
0.07831588
-0.067798376
0.13092019
-0.033198725
-0.079748385
-0.059773654
-0.022097893
0.09618611
-0.083526835
0.08280909
-0.16208269
-0.2288541
-0.13709146
-0.08998772
-0.11327034
-0.11708985
-0.010948677
-0.0014554888
0.035635956
-0.13843837
-0.007977067
-0.050117347
0.19011977
-0.07742776
0.083583854
0.18669388
-0.03625647
-0.029066809
0.014597721
0.09372228
0.014986645
0.097707346
0.00842758
-0.14049794
-0.03470591
0.07977642
0.05164625
-0.068978295
0.16537184
-0.031652585
-0.12743615
-0.049459953
-0.14345747
-0.029603258
0.00966543
0.018100714
-0.0773074
-0.060468607
0.099793874
-0.045976233
-0.0061860257
0.092556015
-0.10690639
-0.028463041
-0.09790019
0.023273407
-0.13399376
0.10231178
0.018160773
-0.17755818
-0.08602061
-0.11873819
-0.075405605
0.0013664608
-0.072765
-0.08127834
0.030223528
-0.03788343
0.09574216
-0.0018262825
-0.010886705
0.115757026
-0.08918925
-0.005783074
0.1431093
0.13747638
0.037843395
-0.10692909
0.09992251
0.11427008
0.024699207
-0.10164819
0.12805451
-0.0017792332
0.06434093
0.18560229
0.061591577
-0.051851142
-0.056058086
0.11870439
0.06506072
-0.021342114
-0.066301316
0.051069733
0.1547621
0.07660455
-0.06946868
-0.03417982
0.005013915
0.014014912
-0.086478435
0.058407493
-0.088247225
0.060850818
0.059861068
-0.001169846
0.06456641
0.04996785
-0.082694374
-0.13001305
0.10202912
0.035500217
-0.11634106
0.14905371
-0.061415818
-0.043899816
-0.12472618
0.06315755
0.04122955
-0.0021550443
0.09087369
-0.124033615
0.030602163
-0.0952638
-0.11081712
0.028870296
-0.06486813
0.07935201
-0.018649207
-0.04974771
-0.082190596
-0.118275374
0.04328471
0.105016015
-0.006312905
-0.029910078
-0.041538544
-0.030609017
0.047501706
-0.09169338
0.083925486
-0.07347222
0.08457853
0.08289761
0.073405616
0.0073983893
-0.06577353
-0.037500855
-0.014674818
-0.07513946
0.0038531881
0.08022843
-0.08488707
-0.05648378
0.038481217
-0.043408766
-0.12281352
-0.019621367
-0.062076382
0.13133883
-0.11928433
-0.04335292
-0.000367833
0.048775937
-0.017568473
-0.14308849
0.0137936985
0.06885974
0.0025926267
0.04898975
0.04161015
0.10457809
-0.11204588
0.02146572
-0.13861449
-0.010564942
0.19095494
-0.08669721
-0.105763435
0.101141684
0.043722898
0.042350926
0.073683515
-0.11205431
-0.004403432
-0.055592824
-0.0044451947
-0.06891088
-0.047387507
-0.079763
-0.0378104
-0.028324606
-0.053622074
0.10447063
-0.18433918
0.12781437
0.09501376
-0.08090815
0.07241508
-0.0028600944
0.029669292
-0.03183376
0.08144003
0.03214218
0.096557364
-0.007930744
0.034294773
0.09154457
0.016300522
-0.10822683
-0.007217701
0.080064334
-0.023244673
0.11534326
0.058618363
-0.053024925
0.06586066
0.012056583
0.058536917
-0.028024938
0.004614582
-0.10936954
0.15875593
0.011738816
-0.07270339
-0.007841019
0.011216855
-0.059542835
0.11546843
-0.14587338
0.070414394
-0.054148264
0.013336883
-0.029638996
0.11325871
-0.011829254
-0.023683453
0.047458712
0.085496016
0.036380537
-0.11833505
0.0397542
-0.042041272
-0.1870989
-0.064633265
0.047311075
-0.043191314
-0.122520946
0.1303861
0.0043887887
-0.008996529
-0.16283982
0.099740855
-0.14129895
0.05102391
-0.07672834
-0.085677914
0.04988739
-0.03441479
0.06823895
-0.123063765
-0.029634925
-0.08782546
0.06645537
-0.016463313
0.05659298
-0.08167624
-0.096676104
-0.075688966
0.07637967
-0.12390013
0.03832087
-0.008720358
0.035708528
0.0050616497
0.060426608
-0.12752117
-0.11600539
0.07604312
0.0434858
0.019071184
-0.040218405
0.1337321
0.029896338
0.15799445
-0.021139937
-0.0042658714
0.14780235
0.022661055
-0.0136626065
-0.014573372
0.09741051
0.09758814
-0.0876952
0.14600797
0.067254566
-0.057224657
0.070200816
0.07117317
0.056014054
0.00466807
-0.056793638
-0.07071695
0.09377062
0.092020944
0.05247868
-0.038058817
0.073402636
-0.04394053
0.056889907
0.07755915
-0.116079316
0.02702805
0.071831994
-0.015798304
-0.11057376
0.110830255
0.08863671
0.052862104
-0.043962616
-0.031550318
0.04230585
-0.0010630428
-0.047091916
0.111578174
0.060888764
-0.0086137615
-0.11285801
-0.082135454
0.10607898
-0.039663054
0.12359384
-0.11648789
-0.057522908
0.019800832
-0.05741905
-0.046226893
0.017178249
-0.05826044
-0.12313445
0.06446813
0.14800313
-0.085784785
0.055743583
0.0014777654
0.06055694
-0.14716177
0.03379795
-0.121159844
0.0636577
-0.11973801
-0.012684555
0.000750606
-0.060491152
-0.10926532
0.079479404
-0.03140206
-0.093769275
-0.055251915
-0.10994837
0.1209115
0.09360025
-0.0118523445
-0.04191231
0.08919714
0.012637352
0.022938728
0.068929255
-0.103736274
0.1695105
-0.10828385
0.07660757
-0.030290006
0.06322959
0.053819794
0.08850632
0.053225838
0.04443674
0.041999545
0.16671059
-0.06974663
0.15143785
-0.048730157
0.010495924
0.03572323
-0.018009579
0.15487842
0.091887645
-0.07939759
0.08087626
0.1319251
0.100406215
-0.051297516
0.044257678
0.040505104
0.055292737
0.057278782
0.075492434
-0.06363464
0.11470894
-0.027865643
0.081118435
-0.037423234
-0.13796434
0.03434684
0.12646969
0.0929651
0.031573016
-0.091836624
0.053437278
-0.00619933
0.10682457
-0.05034803
-0.009320712
-0.049899902
-0.06810151
-0.09045837
-0.099902235
0.022482717
-0.046138905
-0.013062011
0.08727197
0.013193351
-0.00021051879
-0.0077259257
0.030956246
-0.011096324
-0.02094867
-0.041047767
0.04932657
-0.10239444
0.041392602
0.106748685
-0.13174173
0.09618101
-0.0041158097
-0.011285382
0.10892239
-0.06694036
-0.09457626
-0.055879124
-0.14778584
-0.11806958
-0.14721105
-0.016720014
0.042390656
0.04836093
-0.04472865
0.06159186
-0.035746705
0.064163856
0.050339326
-0.049468715
0.013761872
-0.027709717
0.007096797
0.0699389
0.07362981
-0.036772624
0.019631779
0.06358055
-0.010251031
0.010201827
-0.016019
0.14731039
-0.11626052
-0.0542942
0.055366717
-0.017897481
0.14506619
0.065466516
0.016587717
0.11119705
0.105789304
-0.00013034901
-0.098270066
0.07056473
0.081573255
0.040026814
0.120407596
0.12043642
0.10711607
0.09811716
-0.031864334
0.020643894
-0.12849368
-0.102145724
0.051722102
-0.035339847
-0.029317927
-0.017859956
-0.034588434
-0.044612255
0.047331955
-0.0071257255
0.108981915
0.045251735
0.083978824
0.008072718
-0.03685686
0.0120097585
0.019986877
0.09783213
-0.0018970598
-0.056097396
0.024700012
-0.004686983
0.010107515
0.033435415
0.117566034
0.14740224
-0.13800982
0.080348976
0.059945505
-0.09015254
0.07616535
-0.045642123
-0.033423223
0.08907024
-0.058733296
0.0578891
0.029700493
-0.08548605
-0.095413715
0.04629222
-0.02563836
0.028922206
-0.09969731
-0.006635746
0.09253685
0.012995187
0.07394542
-0.1526111
0.02135076
-0.13206303
-0.08540588
0.11142689
0.01997178
0.09265978
-0.0763564
-0.07832973
0.05481107
0.05840387
0.019609557
-0.10952173
-0.12608223
0.10132405
-0.1027445
0.08372632
0.041526437
0.054416247
-0.03976576
0.06671569
-0.11355679
0.10553082
0.11763657
0.113020316
-0.064884655
-0.04351123
0.017257618
-0.013917186
-0.052293316
0.073802866
0.029594667
-0.053967804
-0.050872974
0.025173193
-0.09235755
0.110756606
-0.06470163
-0.10754952
0.06854491
0.008051148
-0.06587567
-0.02405316
0.07225537
-0.0467349
0.056875527
-0.03602541
0.015236483
-0.094656505
-0.07293542
0.13713104
0.10699543
-0.07735661
0.011367427
-0.05781275
0.010480008
-0.046988867
0.008533851
-0.03456766
0.10926735
0.009918365
-0.08727056
0.12485529
9.347303e-06
0.061667114
0.11698028
-0.04320627
0.13307889
0.016375057
0.0743306
-0.061284874
-0.09469014
0.098187365
-0.05851842
0.079358704
-0.008617989
-0.0026819885
0.04157925
-0.039886814
0.046687853
-0.12588575
-0.1266359
0.090430856
-0.03816807
-0.03857771
0.0842286
-0.0024622004
-0.07264457
0.12114052
-0.055683143
-0.09590351
0.06773382
0.016913323
-0.036712553
0.0037431552
0.06731711
-0.08526127
-0.086375736
0.118675694
-0.08709245
0.10737422
-0.09664502
-0.06336275
0.011182047
-0.06564003
-0.07676568
-0.062017694
0.08708954
-0.081415966
0.061844748
-0.0525189
-0.049706627
0.030519586
0.06676733
-0.08409239
-0.09692715
-0.05963489
0.08882058
0.065041184
0.042334314
-0.0650481
0.1179111
-0.05399075
-0.09218034
0.085695
0.09762676
-0.01563196
-0.08895181
-0.0718411
0.05898941
0.039622847
-0.09123688
0.07362772
-0.08834837
0.07514151
0.04725371
-0.07818653
-0.002786277
0.037571143
0.1185233
-0.0227007
0.107125156
0.013898508
0.074622735
-0.06275735
-0.045546625
-0.043547984
0.144429
-0.10368149
-0.028981134
0.0072687957
-0.0056973062
0.0016417844
0.048714764
0.04379707
-0.16929711
0.10080637
-0.023398953
0.042966448
0.10757744
0.12966883
0.13014324
0.006396819
0.13001384
0.045359522
0.06288815
0.10001128
0.103819326
0.024624122
0.091053404
0.039399825
-0.044048492
-0.052310452
-0.04100883
0.09523532
-0.054342046
-0.0529739
0.03252429
0.011714665
-0.06818006
-0.10272455
0.10837409
0.092648365
-0.063284345
-0.0825872
0.0017343741
0.014470762
0.06283999
-0.034995742
0.03176489
-0.09257952
-0.025154063
-0.007843844
0.025569553
0.090347834
0.08074605
0.029407063
-0.06425535
-0.093141675
-0.043759868
-0.11932664
-0.004042239
0.11419531
-0.13223873
-0.015216198
0.07918982
-0.11557831
0.017361326
-0.11842033
-0.04048617
0.14309546
0.07339496
0.096783265
0.10284184
0.011410657
-0.027415968
0.046500336
-0.11537939
0.014918914
0.117440015
0.018421272
-0.016927928
0.12016732
0.07244587
0.015151721
-0.012844033
-0.042942073
0.15654255
0.00044547723
0.1202815
-0.06267984
-0.020897675
0.051981125
0.10460234
-0.09333141
-0.019505125
0.09084436
0.017636903
0.07603642
-0.044207156
-0.107074484
-0.11355451
-0.14680448
-0.060500287
0.13422146
-0.043331545
-0.14563452
-0.15429632
0.052205887
-0.075435415
0.07532052
0.14009617
0.097584106
-0.0060700006
0.1108286
-0.037000436
0.0073863813
-0.02552981
0.054837976
-0.05801612
0.08971702
-0.04958987
0.046820853
-0.011133727
0.04827115
0.058070917
0.03078847
0.045384753
-0.029751958
-0.10525928
-0.05912935
0.059184097
0.08645258
0.03355586
0.021106433
0.037129644
0.018555265
0.097921744
-0.034604788
0.0014499638
0.054767326
-0.06645151
-0.091446
-0.00012736736
0.032531895
-0.0052382248
0.07048035
0.099379845
0.060194485
0.026944498
0.05193841
0.051884495
-0.042752046
-0.062882364
0.13547215
0.07175208
-0.07017959
0.06531655
-0.0015727225
-0.082559444
0.013736454
0.05957268
-0.05343184
0.11997385
-0.07654909
0.0061475676
-0.011812519
-0.04558273
0.1268144
-0.09100028
0.101060234
0.01434316
-0.018388832
0.08193678
0.08915665
-0.102066405
0.0759115
-0.049475618
0.08517992
-0.08338892
-0.08005541
0.09074319
-0.054097015
0.034655128
0.08179349
-0.008939265
0.134063
0.033702035
0.029540563
-0.0412152
-0.024180595
-0.050393857
0.1184128
0.043974068
0.039205715
0.17031379
0.11855702
-0.11208146
-0.082356796
0.0862119
-0.018286858
-0.007661644
-0.013441923
-0.033730224
-0.105671465
0.054359693
0.036185548
-0.09537715
0.035401646
-0.028466184
-0.076563895
0.0071923453
0.063129045
0.035779264
0.035181846
0.109406136
-0.02051431
0.118845336
0.0014864332
-0.043719687
-0.007978826
0.1178854
0.06806155
-0.013403653
0.06728924
-0.08134338
-0.023600077
0.06457839
0.09485959
0.09486726
0.06324296
0.09394742
0.12515667
-0.11525438
0.08604855
0.14364132
0.032819986
0.014371283
0.066097416
0.06841539
0.17178346
0.22646181
0.086031824
-0.18118002
-0.19892113
0.035143025
0.012880252
-0.095896624
0.17430834
-0.095116176
0.044494692
0.17586502
-0.12203581
-0.06038361
0.34472495
0.058562383
0.17035076
0.091570675
-0.20348008
-0.15738083
-0.18048583
-0.08378226
-0.3018912
0.01799545
-0.052680705
-0.036426436
-0.045625977
0.15736602
0.12459491
-0.025523596
0.062448826
-0.03931507
0.19468682
-0.063218825
0.04655714
0.17226498
-0.025932023
-0.058553275
0.10414185
0.028165683
0.073150024
0.0989576
-0.0069067148
-0.046615224
0.036424614
0.11154495
-0.07936573
0.07018666
0.13043834
-0.030300949
0.13452671
0.15195537
0.06179556
0.083783396
-0.00944636
0.025885323
-0.037323162
-0.041101918
0.050146583
0.16908987
0.1517547
-0.020910827
-0.09880299
0.119198024
-0.14314362
0.07616115
0.033904087
-0.011125957
-0.054384295
-0.086589165
0.14458838
0.10755416
0.23566368
0.011907831
0.09852536
0.2806192
-0.05780932
-0.205274
0.22117116
0.10987337
-0.092935555
0.09708771
0.26533207
0.025686208
-0.023215603
0.020763258
-0.013282559
-0.15209168
-0.1772643
-0.031054309
-0.09730316
-0.14750485
0.09968086
0.015201776
-0.08910203
0.22619207
-0.07375393
-0.027486121
-0.109918214
-0.07568431
0.13341527
-0.036878955
-0.06277203
0.026695518
-0.06528109
-0.1472488
-0.11667999
-0.02334417
-0.18024911
-0.12441876
-0.009635507
-0.13379635
-0.2044608
-0.021912763
-0.06633483
0.04718834
0.015960602
-0.13966933
-0.061160944
-0.020746218
-0.08013186
-0.063080475
-0.0782855
0.104800954
-0.05440759
0.09183317
0.068220854
0.14220528
-0.052661806
-0.004745774
-0.009791396
0.15548499
-0.06940322
-0.017845258
0.09890612
-0.047354594
-0.014608101
0.06802669
0.06833883
0.018930525
0.079458356
-0.010007313
0.00457209
0.070118375
0.0110516315
0.0010414361
-0.13045387
0.07550684
-0.11013641
0.07838608
0.030469734
-0.07859928
-0.078960516
0.046835348
0.13426726
0.0031640516
-0.03824951
0.06093971
0.01804825
-0.09258286
-0.06815929
0.057565697
0.113486245
0.08194545
0.08311565
0.047502708
-0.0484367
-0.10223675
-0.0150784105
-0.12689967
0.006937524
0.09259676
-0.029645907
0.07178509
0.064515814
0.029678758
0.17500918
0.12435011
0.0112007065
0.06864859
0.07261283
-0.035262313
-0.16027083
-0.0074009984
0.04317647
-0.104193695
0.011891882
0.04863829
0.0047550304
0.11283304
0.09266281
-0.05058366
0.11936037
-0.08275889
-0.12873052
-0.036135413
0.13142161
0.07816887
-0.052404817
0.09131417
0.08917456
-0.06608624
0.024497835
-0.07605284
0.02032767
0.11571044
-0.014560975
0.034161817
-0.0115766805
0.091374844
-0.17506379
0.10237585
0.05854586
-0.0460831
0.017755162
0.06791795
-0.08350537
0.056046195
0.06047737
-0.09711287
0.053637877
0.027061297
-0.01203478
0.104161024
0.08871002
0.023406286
-0.007026483
-0.028737202
0.014290049
0.14650358
-0.03329509
0.11366698
-0.031726863
-0.06857321
-0.004504059
-0.02099828
-0.059135456
0.05988389
-0.009281191
0.020086946
0.098113425
0.06576324
0.008403985
-0.0576099
0.13683456
0.06784188
0.12860775
0.0072050695
0.117141455
0.07059542
0.100522876
-0.029979115
-0.114188194
-0.18224706
-0.06422521
-0.045546137
0.052071266
0.04123367
-0.029237665
-0.14430127
-0.14828013
-0.2217826
0.04796452
0.07727052
-0.09575163
0.010734633
-0.21464658
-0.039561335
-0.092302755
-0.0034951544
0.078307845
0.114779286
0.07712101
-0.09759125
-0.059272557
0.08008424
-0.04058459
-0.086377844
-0.016167838
0.085114054
-0.076896384
0.13017464
-0.057403963
-0.070388205
0.05037249
0.07661879
0.08367896
-0.15381159
0.0011067275
-0.0494131
0.0065654865
0.05488874
-0.14131375
0.11373063
0.05674075
0.022758055
-0.066806845
-0.15948404
-0.01074496
-0.06556669
0.12771744
-0.16195744
0.058533013
0.17689961
0.12397985
-0.023251945
0.2192738
0.0067503653
-0.044075817
-0.027247969
-0.053335562
0.004726609
-0.06096525
0.010867347
0.18061632
0.07121791
0.19674538
0.0913985
0.20353794
0.046050206
0.038979243
-0.024519157
0.21256329
-0.16747284
-0.10272679
0.13616242
-0.18598439
-0.09320592
0.046181455
-0.061868533
0.060385182
-0.025636828
0.06251645
-0.14923152
-0.0835812
-0.13663125
-0.14315921
-0.049931806
-0.043074813
-0.07634581
-0.14622872
0.15861383
0.06434701
-0.115364365
0.09756298
-0.19270802
-0.038567774
0.051336195
-0.049161542
-0.025760315
0.0013177497
0.18175343
0.059275556
0.05954541
0.15086843
0.023673827
-0.080709144
0.026798584
0.14417471
-0.03992533
0.051716693
-0.001962777
-0.09757377
0.002888759
-0.062081594
0.13087484
-0.029098334
0.030807724
-0.038471267
-0.09745804
-0.044449635
0.05561624
0.052592028
-0.05335459
0.006159403
0.18836012
0.10122154
-0.02585342
-0.14903794
-0.16092929
0.17663789
0.04124595
-0.024552656
-0.032396886
0.08738726
-0.18971397
-0.062241364
-0.07410124
-0.015629306
0.05974895
-0.108922206
-0.14053631
-0.023495628
0.02622361
0.011436188
-0.15319501
-0.019933216
0.12535077
0.03587564
0.0005748562
0.09166248
-0.019233044
-0.002623079
0.12199194
0.052552916
0.09219299
0.14207001
-0.06829611
-0.09223727
-0.07611915
-0.038259882
-0.09110723
0.08019626
0.13330476
-0.071066566
0.05723465
0.17287286
0.046737723
-0.0900374
0.15782385
-0.0024602318
0.10382298
0.04533026
0.079502195
0.038885485
-0.21096113
-0.10010417
0.13490757
0.08619583
0.041843135
-0.103087224
0.06778833
0.17775688
0.14136921
-0.04862002
0.12401937
-0.24540028
0.09644535
0.15172859
-0.0036369213
0.040149514
-0.105163544
-0.053351466
0.0018490868
0.0032287727
-0.10990777
0.0022585161
0.07898546
0.011335708
0.08269001
0.041189484
-0.037803914
0.09760081
0.0061937263
0.13575174
0.11467121
0.13192263
0.0689049
-0.014823443
0.07205857
0.14744583
0.045389578
0.14189169
-0.03334807
-0.063580185
0.1234471
-0.0069193565
-0.0073141237
-0.078126214
-0.13955939
0.00075861695
-0.1000232
0.05983589
0.002807296
-0.050735094
0.058392137
0.20398879
-0.08724974
0.017059239
0.07237238
-0.030194227
0.047294673
0.06136624
-0.05403877
0.03284094
0.15824503
-0.119301766
0.03699082
-0.06468703
0.084795095
0.112029985
-0.05929854
-0.014639667
0.09389483
0.03736793
-0.06474256
0.01455021
-0.1041538
0.03906919
-0.05066461
-0.0037550824
-0.14013818
0.013999885
-0.015547244
-0.120022945
0.0683786
0.12904315
-0.05339638
-0.0031562385
0.11023279
0.03807665
0.00066592405
-0.11542137
-0.012651357
0.12469649
-0.03435238
-0.036029033
0.13410805
0.10901181
0.21528852
-0.009822988
0.12703094
-0.022952385
-0.06403147
0.078532994
0.104503326
0.049071472
0.12941858
-0.054606088
-0.112143055
-0.021309987
0.12738296
0.027563624
-0.054157015
0.16469075
0.056231026
0.01423735
0.06550073
-0.08756337
-0.023558632
-0.028578777
0.029038006
0.020953368
-0.0065857535
0.14564192
0.0743173
0.11650613
0.057746004
-0.10928955
0.16550131
-0.11360721
0.16049758
-0.1250797
0.04272972
0.17336832
-0.08073478
-0.0095816925
0.0883902
0.20294936
0.14364958
-0.09201624
0.009859758
0.13691632
0.06612046
0.054860424
0.009565502
0.064209834
0.073135115
-0.0074328147
0.13733025
-0.0007906679
-0.029127542
0.13396685
0.0788734
0.0076849977
-0.01895951
0.06567478
-0.19314075
0.059026364
0.03432244
0.1063174
0.09483776
0.028776644
-0.2084125
-0.25649983
0.060939997
-0.023465477
-0.10015555
0.039344862
-0.019430598
0.018347977
-0.011704957
0.008106227
0.04071212
0.046518803
-0.014003146
-0.14402463
0.12136628
-0.020170167
0.078273155
-0.071582735
-0.00785619
-0.011213545
0.14561029
-0.09182872
-0.108781025
-0.07019907
-0.07852218
0.08151596
0.03578787
0.009085828
0.0572855
-0.101189055
0.021158023
0.06409665
0.067348406
-0.019987334
-0.031506386
-0.06692713
-0.09941124
-0.059520975
0.07314154
-0.05153739
0.03553388
0.0010668627
-0.018867059
0.14283507
0.0534614
0.076114304
-0.0692279
0.034740403
0.121973306
0.01281705
0.015557192
-0.13507572
-0.043683406
0.0170909
0.10298477
-0.0175289
0.0011005963
0.06708767
-0.071998924
0.044672485
0.10984822
-0.08475028
0.11630828
0.009718486
-0.035240278
-0.0021283268
-0.12454154
-0.091847494
0.0821313
-0.058701985
-0.019498292
0.046945203
-0.050745748
0.019407386
0.015639678
0.058959994
0.061722822
0.0020571782
-0.10304461
0.107499585
-0.1218247
-0.12091698
-0.060184143
0.083420485
-0.068634346
-0.02578887
0.068227775
0.11145321
-0.02092576
0.09939649
-0.13051179
0.06861035
0.10073523
0.117106974
-0.04251982
0.07482594
-0.030050721
0.08577064
0.028639967
-0.038936447
-0.041181386
0.0012803187
-0.03673974
0.10012156
-0.030222738
0.047468323
0.13067228
-0.023195457
-0.041863892
-0.01295473
0.051754043
-0.06291706
0.09076445
0.012213185
0.022873819
0.0089980345
0.11205068
-0.03460582
-0.117286
-0.0048148357
0.060415197
-0.0062124194
-0.13660572
0.111267924
0.016240306
-0.10383822
0.09770459
0.08979116
0.08936765
-0.04153721
0.046809733
-0.013325546
-0.02016133
-0.024557898
0.088469386
0.044460602
-0.124542974
0.0395511
0.0015135398
-0.06036144
0.015983533
-0.055682946
0.060157657
0.081012614
-0.10672073
-0.03870781
-0.039732303
-0.06780429
0.00011391198
0.04377039
-0.046067502
0.08944895
-0.007103228
-0.037524574
-0.001111202
-0.08119264
-0.07567771
0.14279088
-0.03076215
0.0084455395
-0.055519614
-0.10606415
-0.06924274
0.09197518
0.08605889
0.050765514
-0.025436405
0.015914863
0.09383491
-0.013236127
-0.09582032
0.10173437
-0.08097728
-0.03888419
-0.07143225
0.09006351
-0.038656123
-0.042393852
-0.09685508
-0.0027358371
0.043092586
-0.10063134
0.08022121
0.06752795
-0.095586404
0.019404825
-0.08033524
0.12296064
-0.053000152
-0.07141294
0.0953192
0.06872628
0.033555724
0.009262977
-0.07446524
-0.07383053
0.11869806
0.08621069
-0.026082138
-0.06711772
0.0013992394
0.01664794
0.034108218
-0.024826542
-0.05137025
0.0743726
-0.081798814
0.0065337014
0.08765253
0.023424106
-0.0626873
-0.060457718
0.0918312
0.10604327
0.06968477
0.06403137
-0.036460347
0.087471604
-0.15304267
-0.055014264
0.039226744
0.0020406607
0.052886873
-0.1281589
-0.052570373
-0.047604952
-0.12557538
-0.052437652
0.037441395
-0.026316194
-0.008713573
-0.106579565
-0.08237623
0.11522327
-0.04405386
-0.07195047
-0.022429284
0.09995112
0.11204269
0.022385307
0.14968006
0.13722984
0.005614759
-0.011687772
0.034199193
0.026352737
-0.06159513
0.094360515
-0.05952039
-0.033847254
-0.0018093922
0.12259577
-0.10984421
0.05185207
-0.0419927
-0.086919606
0.029179381
-0.012832001
0.072414614
0.067012124
-0.0036034312
0.018407226
-0.029225945
-0.10592921
0.055383813
0.08066295
-0.11309994
-0.012742918
0.005259352
-0.056127436
0.0017928528
0.02804221
0.020470824
0.065940656
0.08990815
-0.093924165
-0.11030008
0.044551015
0.061553977
-0.0039190687
0.12142761
0.06923369
-0.093655445
-0.0145895295
-0.086311944
0.009983087
-0.006840527
0.03523421
-0.04614397
0.032525424
-0.054055195
-0.0656166
0.016629623
-0.07054035
-0.053026285
0.059919775
-0.058454376
-0.09226037
-0.099450454
0.036040723
0.10982041
0.110686295
0.06714879
-0.033616547
0.044531904
-0.012299703
0.086559646
0.13199908
0.07465118
0.008348692
0.09518514
-0.009130137
-0.037696056
0.04288088
0.009496324
0.0808972
0.053364813
0.090640046
0.044294655
-0.08317784
0.020771766
0.012104827
0.111982286
-0.0681578
0.025662193
-0.118186325
0.072328046
0.08884738
0.114932984
-0.044744365
-0.066989474
-0.06788335
-0.06716517
-0.032148514
-0.02688672
0.044981863
-0.06174921
-0.1017228
-0.12693627
-0.0459458
-0.012649382
0.08233444
-0.014991773
0.028844142
-0.109643795
-0.0055736736
-0.15964925
0.06659886
-0.091982074
0.0140872225
-0.007149503
-0.055167835
0.09073086
0.07730512
-0.05873084
-0.005794194
-0.047530748
0.03932202
-0.03780199
0.037138555
-0.07522327
0.00831604
0.11874984
-0.03998712
-0.012386431
0.08745402
0.008522053
-0.062086664
-0.04346423
-0.10427691
0.024978388
0.07542938
0.09707514
0.098101184
0.07958163
-0.061788235
0.11988343
-0.09029223
0.024602288
-0.105936214
0.027805828
0.14926626
0.003917983
0.06557869
-0.037377484
-0.027757142
0.109267
-0.11314033
0.030456102
-0.072693616
0.06316479
-0.060680795
-0.11879837
0.11724267
-0.0019750048
0.07117917
-0.021150451
0.1493467
-0.10175221
-0.017090373
0.11419784
0.033335634
0.0028011783
0.0894393
0.11050261
-0.056396082
0.12477635
0.11099849
-5.9704253e-05
-0.08929781
0.12944463
-0.056261577
-0.10517782
0.0818591
-0.115728445
-0.008238104
0.17664379
-0.0994065
0.08819459
-0.0711049
0.06635574
-0.020470155
0.1287678
0.0064748856
-0.017368983
-0.01665802
0.044846628
0.0016495202
-0.033971593
-0.028736895
0.11344786
-0.060270205
-0.031059986
0.026982773
0.11282491
-0.017479269
-0.022895409
0.14385267
0.07906444
-0.11037849
0.00082705467
0.03657619
0.043404598
-0.044642262
-0.007059654
-0.07121153
0.092486195
-0.04435533
-0.02831759
-0.07180788
-0.06411398
-0.10522126
-0.08968267
0.028661486
0.095197916
-0.04925315
0.033566065
-0.07451244
0.044326253
-0.09883163
0.056371186
0.04637375
0.11213242
-0.07428949
0.1016285
0.07211233
-0.036551896
-0.041176498
0.09614198
0.010235259
-0.07875482
0.07993658
0.08827951
-0.06466031
-0.115035
0.045007396
0.0884979
0.07051432
-0.0072973575
-0.13462736
-0.035467084
0.02799675
0.097992435
-0.12424387
-0.062965356
-0.019857666
-0.07035233
-0.03595127
0.03233482
0.095083535
-0.12013475
0.042652383
-0.067633554
0.052763443
0.039707106
0.021229858
0.013492119
-0.021622514
-0.12314324
0.063614555
0.13017009
0.09580161
0.01566382
0.04364048
0.05557806
0.033152167
-0.12137749
-0.03004261
-0.058567543
-0.030778205
-0.05035477
-0.11241139
-0.027906334
0.0073320013
-0.013772734
0.063738026
0.07429078
-0.010638325
-0.01885349
-0.010785201
-0.04813031
0.030771365
0.017932443
0.079901814
-0.03916975
0.071188346
0.11651065
0.013530702
-0.011726961
-0.10539818
-0.1144845
0.02343207
0.1293161
0.011209493
0.026224293
0.00790294
-0.08182801
0.0024834666
0.005142874
0.0805986
0.07646222
-0.10565262
-0.09649662
0.075430006
-0.03743659
-0.05248869
0.14153764
-0.033058804
0.027901407
-0.032156933
-0.10056133
-0.058637023
0.030537061
0.10511484
0.0755979
-0.07831117
0.05174136
-0.108002305
0.00037750162
-0.07909267
-0.033379167
-0.06258894
0.110207036
0.18254294
0.043444984
-0.06730783
0.05216171
0.11393864
0.040099367
0.07055026
0.14815105
0.079754375
0.06592311
-0.042361654
0.002325288
-0.01851701
0.038308308
0.21145849
-0.073856056
0.029838854
0.1726852
0.044935975
-0.061231233
0.16524234
0.060622778
-0.052428372
0.06478496
-0.053817406
0.043603607
0.13597381
0.015672758
-0.0070142387
0.0016877336
-0.040089715
0.0048112813
0.08413017
-0.06414251
0.049035452
0.07002758
0.081687085
0.07983316
-0.12843162
0.01294136
0.13426593
0.0056527127
0.19443202
0.017483853
-0.11997964
0.0078623835
-0.07536687
0.112662666
-0.21635996
-0.13372433
-0.09514826
0.13481815
-0.14085817
-0.09036045
0.04855523
0.04006692
0.1125327
-0.03748258
0.035404526
0.05167728
0.057687618
0.056164484
0.25746804
-0.0475118
0.024374433
0.08524719
-0.096108004
-0.024400592
-0.22777222
0.1283064
-0.0101506105
0.16519818
0.15482628
0.07850356
0.13929917
0.1257435
0.019469513
0.04788633
-0.023480156
0.03865308
0.16557153
0.07339747
-0.0098039
-0.057007734
0.05367134
-0.03360382
0.09756225
-0.08814123
0.07796048
-0.022892324
0.11121291
0.03175096
-0.15713193
0.02418261
-0.024972446
0.20006838
0.11080499
0.05933472
-0.009924105
-0.05870513
0.1418443
0.04311472
0.008068197
0.09480668
-0.09356516
0.04090296
0.08081138
-0.08757597
0.06776652
0.21336171
0.13184921
-0.13694862
0.07001241
0.029945422
0.0049457424
0.028394856
-0.087168
0.021203019
-0.025073875
0.1313713
-0.020356871
-0.032392606
-0.111524954
0.053256072
0.1066298
0.036135077
-0.1306634
0.030587398
-0.098328434
-0.11177347
-0.029231764
-0.09612058
0.034837663
-0.066317126
-0.098704375
0.07492426
0.06545617
0.017625999
-0.08623438
0.035005063
0.09010476
0.03607928
0.03844545
-0.028108483
0.121653534
-0.008201513
-0.068160124
-0.077610984
0.081659816
-0.046423286
-0.13886279
0.0036513298
-0.08735601
-0.12652518
-0.050591152
-0.066670395
0.08427596
-0.09405355
-0.16055378
0.09664252
-0.086612694
0.054178223
-0.0132540455
-0.08871572
-0.009165712
0.161123
-0.01050371
-0.07103547
0.0015246352
-0.020041654
0.12380813
0.09069432
0.09588537
0.018521555
0.048802763
-0.054636493
-0.058340672
0.06556056
-0.043528624
0.055871673
0.059239227
-0.038362667
0.07546325
-0.053647917
-0.11145093
0.007381085
0.032711904
0.10166853
0.03919442
0.057958096
0.11635891
-0.088217594
0.05746875
0.092604496
-0.09113737
0.072301075
0.12083394
0.020204758
-0.08392242
-0.10964438
0.072085954
0.034637295
0.031862564
-0.036820333
-0.020266451
-0.12365654
-0.010850993
-0.095787086
0.14667726
0.09594091
-0.014461846
0.01629913
0.12274384
-0.00546423
0.08163167
-0.019853294
0.08333038
0.0925888
0.13100356
0.0016288211
0.06702644
-0.10197744
-0.061924443
0.08959372
-0.014199865
-0.08797526
0.0146289
0.095878296
0.084629185
-0.041768722
0.13198243
0.08315205
0.046927385
0.029816352
-0.044287022
0.034617167
0.029051289
-0.06978319
0.06720299
0.030513065
0.20263316
0.13448352
0.045468032
-0.047751214
-0.022437306
-0.07009163
-0.059418667
0.0068433657
0.13332824
0.10227206
-0.06106121
0.0041262726
-0.020140477
-0.049009603
-0.024749184
0.10146755
-0.0026572535
-0.2841978
0.068884194
-0.20182705
-0.27453887
-0.2084028
0.12909392
0.12196115
-0.23389563
0.07085198
-0.09585179
0.056831967
-0.07498011
0.2268387
-0.050106987
0.2385859
0.046573337
0.05286643
0.02589719
-0.08234528
-0.19079472
0.20866685
-0.13491975
0.123384416
0.054484308
0.066744074
-0.010328951
0.0783656
0.20254868
0.066563696
-0.12258135
-0.0068317708
0.012445131
0.05989598
0.017023545
0.107508406
-0.0831566
0.012891
-0.10298098
-0.19144402
0.06151342
0.17217945
0.03964555
-0.12382814
0.097975805
-0.0042972225
-0.14739266
-0.09259008
0.13034275
-0.17834368
0.22054338
-0.0053287377
0.027477792
-0.15194046
0.1481797
0.080971844
0.07070395
-0.068218656
0.16151723
0.02683606
0.1813279
0.07318169
-0.14301366
-0.18141271
0.109421484
0.1729554
0.16668305
-0.11178443
0.025196796
0.11107287
-0.009688208
0.029492749
0.14990233
-0.07066294
0.09917886
-0.046188682
-0.114795424
0.10026719
-0.11222002
0.019584123
0.08724584
0.053928364
-0.115187444
-0.14992367
-0.066829786
-0.14060666
0.023676213
-0.022554813
0.25053573
-0.009352592
0.045773398
-0.046509624
0.057558365
-0.010937568
-0.009913655
-0.116071485
-0.03398751
-0.0014224747
-0.014156815
0.009878275
-0.17962363
-0.18650429
-0.16760938
-0.19089329
0.079216115
-0.16824412
0.052878693
0.034388002
0.06699923
0.14858314
0.005490675
0.021428999
-0.120693624
0.056093663
0.029491436
-0.023647951
-0.10471879
0.012087661
-0.069807015
-0.04437724
-0.12783876
-0.046302076
-0.031547207
0.1779905
0.04343289
-0.057674427
-0.010860498
0.097430386
0.027789002
-0.020970235
0.28064558
0.068125375
-0.07168027
-0.11368763
-0.022957062
-0.21516232
0.03313191
-0.04098307
0.06754102
-0.11780522
0.05935214
0.104557395
0.109746575
0.041237388
-0.025357597
-0.048602786
0.012806813
0.013668196
-0.011907407
-0.042419914
0.0888879
-0.021223072
-0.15697037
0.12557869
-0.08881598
-0.07240308
0.04497509
-0.004390533
-0.0072978013
0.12503962
0.11173204
-0.18767074
-0.0072086235
0.120747924
-0.0032510087
0.06875444
0.080272794
-0.004605962
0.014107394
-0.1473718
-0.11998407
0.11709868
-0.01921438
-0.043119095
0.14112388
-0.17026742
-0.1594663
-0.1475613
-0.09425429
0.009335938
0.056518227
-0.12566303
-0.01724567
0.12198159
-0.014635315
-0.041809637
-0.018346455
-0.0104833795
-0.1812554
-0.120723754
0.1030039
-0.13385348
-0.1117523
0.20442031
0.049239274
-0.015304201
0.13621642
0.051707823
-0.0025423036
-0.13021617
0.12536487
0.02642055
0.09778435
-0.15861386
-0.058720257
-0.07398915
-0.09316202
0.14017649
0.030551037
0.008162778
0.07870046
-0.10217975
0.0050357045
-0.036663346
0.08242679
0.10604247
-0.14035024
-0.28868023
-0.025448695
-0.017795919
-0.16565642
0.1520805
-0.11573471
-0.10093899
-0.12737572
0.11207033
0.30601034
-0.069424696
-0.019205322
-0.13068697
-0.13608207
0.19497825
0.010105063
0.16545926
-0.058868237
0.11887057
-0.053515214
0.04650069
0.069492996
-0.05993575
0.046952307
0.03689417
0.15801893
0.061077002
0.08361356
-0.054825325
-0.04799368
-0.12481978
-0.021804655
-0.15459943
-0.12668796
0.093259566
-0.06794723
0.1408159
0.12540042
0.02278685
-0.027831113
0.11619785
-0.2602805
0.006017436
0.053582095
-0.0936891
-0.17285572
-0.0040092096
0.108443946
0.0076814205
-0.030974077
0.08330758
0.10375159
0.18418421
0.17764585
0.18691863
0.23579594
0.028617702
0.09216081
-0.12686904
0.29276082
-0.10236124
0.10644253
0.17555723
0.018531559
-0.026254695
-0.11033126
0.12291057
-0.12446538
-0.0031752663
0.053374708
0.04126444
-0.058538795
-0.07566194
0.07185892
-0.043418564
-0.044032656
-0.015835142
0.13566409
-0.16720068
0.018829947
-0.12463735
-0.090677746
0.06488044
-0.073147975
-0.0451401
0.007825606
0.096710116
-0.024685431
-0.13428263
-0.046961315
0.21517102
0.055275187
0.19731507
0.15883936
-0.12622665
-0.036045406
0.2871265
0.12575053
-0.06937699
0.044777296
0.06299091
0.015351517
0.18899715
0.15845427
-0.11760589
0.10514495
-0.015150413
0.039186377
-0.032992773
-0.083833076
0.09869962
0.07191339
0.123162694
0.03432439
0.026291313
-0.036660828
-0.012865317
-0.04419525
-0.13719101
-0.02478925
0.0037287658
0.06614691
0.0003885963
-0.047152005
0.0052229823
-0.06868277
-0.05162195
-6.1800565e-05
-0.23566364
0.029335927
-0.04444684
0.28855553
-0.1891987
0.07459047
0.056543913
-0.11571618
0.012778945
0.016918445
-0.11355337
0.14666174
-0.014105714
-0.033893842
0.015255793
-0.1524434
-0.05120367
0.09002411
0.013506932
-0.16966902
-0.036044013
-0.11287061
0.047128543
-0.18334198
-0.22183566
-0.14245355
-0.2058031
-0.13777265
-0.10106297
0.058059182
0.052788578
0.1881582
0.0940524
-0.07530796
-0.054957386
-0.1666748
-0.09808797
-0.13184963
-0.040487293
-0.04458551
-0.0646096
0.03585881
0.0397461
0.07955746
-0.01823828
-0.023983784
0.05358586
0.035910256
0.14865848
0.14644557
0.03893532
0.04969333
0.11228755
0.08888148
0.09039249
-0.0060938145
0.15913679
0.06136648
0.032691695
0.0014858363
0.0017852365
0.009621123
0.10011969
-0.040447224
0.03911439
0.0381388
-0.002246355
-0.0046649887
0.041873213
0.10952607
-0.05887447
-0.10320301
0.12553917
0.16947636
-0.033167187
0.041552305
-0.15374598
0.008125521
0.015620457
-0.123139
0.041907553
0.07984168
0.094980575
0.12059246
-0.047557727
0.07039486
-0.10949453
0.037710655
-0.08633015
0.040069077
-0.0031339906
0.046410587
0.07422099
-0.16976723
0.113728926
-0.1203978
-0.0048586926
-0.072987914
0.1103319
0.006231568
0.0169525
0.0045334473
0.12555733
0.075611025
0.0877066
0.034117956
-0.07070033
-0.036138576
-0.06997136
-0.096349806
0.09978082
0.10071136
0.049095307
-0.013333132
-0.02336288
0.06972858
0.048440043
-0.08305931
0.009726499
-0.015261442
0.08598381
0.04451748
0.093245275
0.028705653
-0.003760497
-0.09459855
0.062357925
0.040054355
0.03681688
0.07501472
0.049569793
-0.08066225
0.0353444
0.058241975
0.1337733
0.040695056
-0.080768056
0.22010191
0.12397686
0.056788202
0.041505046
-0.048711106
-0.087976925
0.0076122903
-0.1269904
0.12798984
0.03215533
0.005775361
0.14925276
0.035308775
0.024130864
-0.020761706
-0.07326035
0.080932714
-0.031400636
-0.009711068
0.052092347
-0.055377875
0.05743644
-0.061873853
-0.01919529
0.03252586
-0.06694229
0.08962868
0.05376534
0.06750282
0.10181356
-0.03413646
-0.09520632
0.04510111
-0.058613844
0.0037003192
-0.104243726
-0.09596894
-0.13907675
-0.026175076
0.0022673134
-0.031205172
0.087100066
0.10757072
-0.053120438
0.009546033
-0.0035361117
-0.06602791
-0.009406819
0.0050119576
0.106689826
0.05831907
0.082119845
-0.01501166
-0.020157322
0.11377558
-0.12035735
0.035798218
-0.041233648
-0.017910426
-0.026152335
-0.044893876
0.021293273
-0.015128187
-0.048073813
0.06461311
0.010091519
0.0629385
0.024709575
-0.027445307
0.06873649
-0.0245889
-0.11072511
-0.022945395
0.03594447
-0.08991197
-0.048827045
0.09172872
-0.13868581
-5.8218662e-05
0.100714415
0.102681234
0.13900918
7.755965e-05
-0.0029372326
-0.058257468
-0.018086523
-0.15433761
-0.07548176
-0.04243228
0.010358348
-0.10133441
0.09183389
-0.014716469
0.07354826
0.086553454
-0.018463371
0.087221794
-0.031327985
-0.04132151
0.047278915
0.05393776
0.13038446
0.104939625
0.09757963
0.08931309
0.10008746
-0.07041507
0.0037061065
0.07490599
-0.09031246
-0.0610783
0.075793445
-0.009077219
0.11159431
0.020917553
0.009366727
0.026965925
-0.04087371
-0.058358457
-0.0021419434
0.04876818
-0.00966367
0.018649574
0.042905804
0.04942596
0.07201227
0.04760344
0.020078275
-0.08001131
-0.07920089
0.09882481
0.010800834
0.13441668
0.025741667
0.09125
-0.10842082
-0.03606871
0.112201825
-0.031011375
-0.0004782402
0.029111266
-0.07023062
0.008078947
0.09803275
0.06470207
0.028213678
-0.09434083
0.06433156
-0.0018392826
0.036059704
0.0013154511
0.09999468
0.034585733
0.091831304
-0.05328764
-0.09466489
0.11145096
0.01553075
-0.036358085
-0.07119089
0.11064164
-0.051900517
0.12289426
0.102722086
-0.009172135
-0.080034755
0.054051377
-0.0005652431
-0.115272194
-0.0071522873
-0.05244217
-0.11254712
0.05042186
-0.094862305
-0.09488243
0.02795609
0.03954747
-0.0739589
0.025898349
0.06852115
0.0016727877
0.06645906
0.0830124
-0.08883616
-0.13976844
0.11954129
0.0313139
0.050796155
-0.054234263
-0.05832392
-0.038291298
0.118875846
0.023886884
0.028979486
0.15260859
0.056252792
0.048594266
0.14064316
-0.025255293
0.053920366
0.086045355
0.071323745
0.022269933
0.13577467
-0.039987862
-0.088264786
-0.13716936
0.051714215
-0.0020935424
0.06914005
0.02276166
0.06712749
-0.0909641
-0.06102549
-0.069641456
0.010018284
-0.0076663285
0.109997965
0.05338807
-0.03523032
-0.07741015
0.08484401
0.0020539123
0.014466498
0.0802263
-0.10031526
-0.121417254
0.031844478
-0.066903256
0.11081844
-0.08609682
0.09174672
0.022352552
-0.042311408
-0.04242026
0.040771764
-0.09088678
0.08587712
0.07654413
0.046430983
0.08306109
-0.017462559
-0.10719712
-0.05751489
0.09557118
-0.049225204
-0.030349666
0.08283956
-0.041246504
0.005862349
0.051138245
-0.039697062
0.12549667
0.113790445
-0.002663174
0.12369938
0.0051914114
0.06325151
0.004893294
-0.04396968
-0.049603563
0.14366618
-0.020910688
0.12009798
0.09380135
-0.017552864
0.01588974
0.09459353
-0.013688619
-0.07544935
-0.08026264
-0.01212883
0.06729471
0.13326143
-0.024522947
-0.10551944
-0.022718985
-0.07730014
-0.013931253
0.15494637
0.15247717
0.07845486
0.009101099
-0.039366916
0.006902562
0.05593584
0.031396426
0.011462997
-0.017033597
0.06988031
-0.09859604
0.021865431
0.11371163
0.15216906
-0.0038984162
0.13656858
-0.0876542
0.08464948
0.053303286
0.039019905
0.10114179
-0.025041929
-0.11746817
0.120416924
0.014823617
0.117338166
0.061106488
0.12121174
-0.06999538
-0.06625358
-0.13691907
-0.058143035
0.047077842
-0.10224555
-0.012550184
-0.005817382
0.0886574
-0.07638505
-0.14525609
0.06818368
-0.11032265
0.041114952
-0.1181069
0.0346609
-0.062176015
-0.13102752
-0.067497134
0.14623073
0.09637331
0.028831355
0.035418943
0.10393083
0.093547605
0.10168607
-0.109246254
0.087964185
0.117072344
0.07978439
-0.0029726601
0.042792413
-0.03773172
-0.058013793
-0.09150024
0.10279827
0.13704549
0.114728026
0.09511185
0.097990856
-0.095461264
-0.109797
0.02146046
0.0087444335
0.018349387
0.066684544
-0.10398075
-0.09020323
0.06905553
-0.053418726
-0.12500247
0.08032881
0.030692082
-0.016074095
0.0074223722
0.045451444
-0.1000497
0.012117505
0.09227031
0.01614733
-0.050125565
0.043809563
0.010747982
0.07840246
-0.0805549
0.017513322
-0.036953446
-0.11120915
0.096202336
0.04743705
-0.10332037
-0.040397268
-0.04335493
0.012619492
-0.055564877
0.120054096
0.0047949716
0.017791478
-0.15102251
-0.010076238
-0.012539003
-0.0809719
0.061124567
0.039352126
0.078432135
-0.11465604
0.022352612
-0.011744065
0.014833187
0.03127474
0.041967254
0.042551786
0.020696718
0.13766539
0.060404476
0.15013677
-0.036240924
0.17064005
0.02328851
0.109858476
0.0046856217
0.013498445
0.053669594
-0.081359304
-0.026922083
0.03854465
0.039830983
0.0033863997
0.12669462
0.10133762
0.08458552
0.052765764
-0.030795151
-0.09702752
0.07870223
0.014474458
-0.13150701
-0.11420686
-0.16147813
-0.10413862
0.022200806
-0.02544394
-0.030459948
-0.036043286
0.060628302
-0.14689758
-0.0145272305
-0.13762467
-0.0055452157
0.06925535
-0.07776245
-0.10532399
-0.05110994
0.018091267
-0.18057969
0.034882132
-0.15181187
0.06955999
-0.019837694
0.13301772
0.17485103
-0.1292991
0.045305155
0.028660644
0.047481284
-0.15222213
-0.040435314
0.0845661
0.095262416
0.091713384
-0.12762593
0.11233601
0.15410176
-0.027978212
-0.18677208
0.062636584
-0.07018708
0.10530507
0.020922903
0.17240477
-0.061338574
-0.073469184
0.011130023
0.18487597
-0.12557755
-0.011819009
-0.11682947
0.013502465
-0.011128917
0.084753886
0.02871484
0.15294857
0.016111268
-0.035937615
-0.03870781
0.11463217
0.017602105
0.061742634
0.07512446
-0.008002148
-0.079453215
-0.19532377
0.22126853
-0.05725052
0.1955074
-0.040053193
0.18684633
0.04950779
-0.015201739
-0.11662558
0.08679618
0.12754405
-0.11847703
0.006470457
0.07910203
-0.025551196
0.13662954
0.11113102
0.02132827
-0.009019826
-0.17289265
0.032424685
-0.026032504
-0.119368225
0.20017399
0.045611877
-0.0048956354
0.09861379
-0.011188825
-0.08602332
0.14373963
-0.1489179
-0.031165479
-0.118413724
-0.024792546
0.03530122
-0.03553503
-0.0012191908
-0.02759883
0.0051934337
0.034560494
0.055987448
-0.13811912
-0.09289351
0.13683316
0.051562473
0.08622263
-0.0035968008
-0.04424824
0.04811588
-0.00037257737
-0.09905599
-0.048977643
0.025782509
-0.050694432
-0.040626295
0.0076623918
-0.07514296
0.1195797
-0.0119295195
0.09490697
0.11250412
-0.06263428
-0.09921667
-0.0039597666
0.04115967
-0.07051085
-0.1002867
-0.029783854
0.010923001
-0.16645688
-0.028778931
-0.16112742
0.035086263
0.0139084505
-0.0324144
0.08810092
0.023420027
-0.05882492
-0.066164576
0.011557673
0.18424298
0.02669816
0.07764876
-0.08238046
-0.09924489
-0.070592776
-0.112929784
-0.100518025
0.023848595
-0.013219008
0.09179477
0.09720902
-0.1855562
0.078098804
0.049076818
0.07274275
0.07594246
-0.16526337
0.018501604
-0.07109037
0.11620438
-0.050775643
0.040901348
0.0100313965
0.031265553
0.07141552
0.056711335
0.029119708
0.26994282
-0.007953717
-0.10604931
-0.09177195
0.060066774
-0.14760394
0.114387974
0.0072715427
0.12060263
-0.021634677
-0.13481893
0.04109546
-0.04935698
0.08614977
0.12284325
-0.075570025
-0.023543471
-0.19950481
0.11899962
0.06183878
-0.081270695
-0.014382732
-0.060233783
0.032989915
-0.1961308
-0.0046699
0.07291426
0.005344518
0.12366434
0.025644608
0.12768407
0.076045014
0.08392104
0.12879524
0.09605115
-0.042694937
-0.16044262
0.026554696
0.14242238
0.06802395
0.01353673
0.034331996
0.030852288
0.02388538
0.020853443
0.0023857586
0.042877946
0.116277665
0.058405012
-0.115686156
-0.015759945
0.07944922
0.03879709
0.09371327
0.01842803
-0.17356856
0.014475958
0.016799875
0.06389703
-0.0035503511
0.0037640522
-0.14335024
0.07151734
0.053794987
0.092372075
0.06581155
0.09709129
-0.061039027
-0.02412702
-0.04946186
0.07052578
0.099083535
0.1163553
-0.30749848
-0.14905171
-0.08917863
-0.17048903
-0.09885729
-0.008490975
0.015098917
-0.31054777
-0.1645012
-0.068720564
0.005985048
-0.0939234
-0.16626118
0.18173201
-0.05599584
0.03617119
-0.19514212
0.0929021
0.08913134
0.03819945
-0.19755888
-0.054254875
0.026717635
-0.0320161
0.006953041
-0.09577155
-0.08958859
0.16772823
0.16941102
0.014358341
-0.101615205
0.0058384184
-0.15571499
-0.16585603
-0.20700438
-0.007671171
0.091291405
0.026411423
-0.0023080385
0.039164394
0.14665012
-0.14219868
-0.085373014
-0.23109779
0.017972093
-0.05183335
-0.29504177
0.019083826
-0.28021312
0.072590835
0.22397333
-0.07062253
0.08328838
-0.13520117
-0.05860891
0.12817772
0.049123082
0.036705777
-0.10713055
0.08034687
-0.014850849
0.0046790075
-0.027036097
-0.2082967
-0.052447706
-0.048731923
-0.15113908
-0.0055861436
-0.06904857
-0.034862578
0.00938195
-0.014995428
0.07170917
-0.15383242
-0.031476326
0.115266755
-0.2012188
-0.006285562
0.1943491
0.026550077
-0.0756713
0.010858166
0.21809904
-0.066431776
-0.21257055
0.13819739
0.024762321
-0.19028705
0.08746373
0.26521558
-0.080369584
0.05363917
-0.0034938767
0.08408217
0.022753457
-0.10165993
-0.015586738
-0.011780208
-0.26922426
0.1394892
0.076349534
0.20483309
-0.12343599
-0.013029297
0.07224029
0.090077616
-0.06731621
0.07439557
-0.041258916
0.18615972
0.020280875
0.2470043
0.052620783
-0.119859956
-0.14625502
0.1016775
0.079440035
-0.03482368
0.07233706
0.09809417
-0.15018906
0.00647596
0.14003527
0.25168073
0.27589148
0.124343365
-0.056758545
-0.0054037496
-0.080620125
-0.03245275
0.12712924
0.08000034
-0.06597803
-0.058933347
-0.0108337505
-0.20571542
-0.104726225
0.05959839
-0.15960595
0.0801457
0.13400659
-0.14120683
0.1604153
0.0007859653
-0.101642355
-0.17251614
0.009843358
-0.04190465
0.018735575
0.121313944
-0.0614314
0.1574656
-0.07506498
-0.06651331
-0.024629816
-0.16536231
0.057657305
0.15068112
-0.042143326
-0.014924195
0.014313867
-0.11255158
0.056710094
0.14795126
-0.085672215
-0.11392293
0.21773605
0.07940443
-0.074718095
0.14966448
0.14134318
-0.02853561
0.16049337
-0.0073623876
0.038552906
-0.037111055
-0.1085774
0.18394318
0.17253773
-0.027531836
-0.21543288
0.102545395
0.027949212
0.10507147
0.054590557
0.008548652
-0.0940367
0.14367755
0.0773488
0.009081737
-0.12331487
0.0071886964
0.113849126
-0.030781658
0.014968195
-0.19626413
0.04015765
0.07162181
0.11153787
0.022183832
0.009020577
0.12932032
-0.16823849
-0.061145104
0.014334175
0.018185707
0.15625927
-0.08307938
0.09879819
0.017442726
-0.11301056
-0.0071818624
0.12721314
0.0878836
-0.040341314
0.11434158
0.055468984
-0.087503865
-0.008522607
-0.011011843
0.11499152
-0.019596849
0.11640215
0.035415128
0.04409185
0.20151082
0.037780154
-0.09811702
0.0011254763
-0.05853012
-0.16873246
0.008611372
0.014448155
-0.09469713
0.12085327
0.15710188
0.08902988
-0.16832826
0.07592272
-0.13898084
-0.108807035
0.03129557
0.0754399
0.07420017
-0.06431893
-0.10886881
-0.10162357
0.13741587
-0.046734914
0.067080215
0.04003001
-0.11746493
-0.17370404
-0.07259605
-0.10930242
0.18678716
0.008557124
0.15568368
-0.12704699
0.0056526675
0.049087804
-0.09414261
-0.030005764
0.17277722
0.13754559
-0.0005332522
-0.10544168
0.052343883
0.15647413
-0.08283997
0.20513777
0.13607565
0.063718535
0.073635764
0.10484315
-0.0015571243
0.025306672
-0.13722965
0.041194275
-0.028380038
0.08821837
-0.068264745
0.092449285
0.17200561
-0.06297907
-0.029949134
0.060717035
-0.16231126
-0.19540414
-0.0050756484
-0.093442306
0.029846746
0.040823877
0.014784783
0.1691712
0.03140034
0.17058763
-0.059858147
-0.05422749
-0.082067005
0.07626218
0.055859685
-0.27175817
0.04022698
0.16106136
-0.038970456
0.029952306
-0.10707896
0.052098904
-0.16321097
-0.08278838
0.06973391
0.08240902
-0.004465653
-0.06567754
-0.1349979
-0.2143076
0.10060539
-0.11788076
0.058940995
0.16840504
-0.14195843
-0.12389301
-0.107984945
-0.10476115
-0.13085681
-0.08211395
-0.049809165
0.23809464
-0.042481333
0.01507454
0.19281343
-0.030095605
0.056983154
-0.07375483
-0.14659102
-0.2543985
-0.036415737
-0.18096018
0.16619647
0.14793433
-0.0550341
0.2403924
0.037891913
0.042280883
0.044890963
0.05528889
0.0020840436
-0.06507001
-0.06824244
-0.0041684955
-0.021470807
0.037694108
0.037622903
-0.17638597
0.102388516
0.022327103
0.1907162
-0.10584525
0.12376044
-0.103988595
0.09527618
0.11828968
0.016709603
-0.07238083
0.02605109
-0.112637535
0.045377277
-0.03409193
-0.16641462
-0.08389957
-0.054534342
-0.0014152557
0.14590913
-0.0009906339
0.27851465
0.032529037
-0.01745146
0.013267692
-0.052172806
-0.07250322
0.037552904
0.004815982
0.066685855
-0.05647154
-0.060019027
0.04547937
-0.048720103
0.066739075
-0.03142151
-0.09741051
-0.14151037
-0.06258823
0.109459855
-0.024419896
-0.042986125
0.14471424
-0.08776786
0.116745286
0.022312399
-0.0917971
0.03182743
-0.06358718
0.0344857
-0.06392785
-0.07798075
0.10561451
0.016823662
-0.0050034616
-0.12274823
-0.09265153
0.047199115
0.16679512
0.13293035
0.061832562
0.07810868
0.08519539
-0.10956832
0.09190324
0.026100585
0.050954185
0.048986547
0.1054977
-0.050358824
-0.038740553
0.06730366
-0.025121603
-0.030912075
-0.046698067
-0.04142927
0.020745914
-0.14081164
-0.17005956
0.05178314
0.0687778
-0.05676614
-0.02817071
-0.088494435
0.0229258
-0.05704666
-0.12968393
0.021735886
-0.14488858
0.038933434
0.11967564
0.035680626
0.025621649
-0.0137636345
-0.022447571
-0.008101693
-0.008303408
-0.05895304
0.09165598
-0.05684262
0.07297043
0.04058404
-0.044098977
0.08572705
-0.020567577
-0.053707518
-0.0978826
-0.025183542
-0.02526648
0.10676947
0.054464143
-0.1344658
-0.027746646
0.040278334
-0.05968706
0.1015598
-0.04266217
-0.07264313
-0.012663043
-0.1258837
-0.11125878
0.08074343
0.013630803
-0.0010607446
0.01755955
-0.089019455
-0.081053495
0.1480085
-0.030162267
0.14059958
-0.13235536
0.054221362
-0.08343358
0.12154938
0.07599148
0.041514967
-0.102504596
-0.052683916
0.10004453
0.011887423
0.025475724
-0.10325
-0.08653498
0.007852948
-0.035034783
0.049612515
0.09563701
-0.06328659
-0.03572457
-0.001532195
0.04735402
0.10372499
0.14320354
0.06445605
0.06539579
-0.04594176
0.0859734
0.06295024
-0.09999404
0.03883684
-0.0013475552
0.13528569
0.02380772
-0.110878006
-0.08250632
-0.10200721
-0.079860054
0.04947919
0.036808465
0.029659081
0.0779289
0.09071576
0.0142591745
-0.0052961404
-0.110689834
0.10410481
0.0854983
-0.024446322
-0.043131676
-0.018064039
-0.059698343
0.109717086
0.037211288
-0.09246627
-0.06786203
-0.05596349
-0.013755678
-0.07978458
0.12708724
0.05511197
0.036516316
-0.14257178
0.11738246
-0.047935236
0.06581602
0.043206062
-0.004387223
-0.10657612
0.10793918
-0.040557552
0.067422695
-0.0053841625
-0.051897444
-0.10370854
-0.043262575
0.10433715
-0.10130025
-0.08394867
-0.027688036
0.060794372
0.023418903
0.001216005
-0.06965679
-0.11787243
-0.06684499
0.047292843
-0.1337904
0.00854804
-0.060357172
-0.06807963
-0.022861786
-0.0027305735
0.0018153552
0.00011393325
0.070720606
-0.09458749
0.01007533
0.035629828
-0.09875004
-0.095968805
-0.04259974
0.053169757
0.016566254
0.027156742
0.080870375
0.077317335
0.12626809
-0.05406057
0.10919613
-0.08336142
-0.055227775
-0.09104148
-0.093355
-0.0018470418
-0.047452964
-0.09892936
0.06145268
0.09342303
-0.10878535
-0.060949903
0.0024020954
0.09717677
0.10035995
0.12521431
-0.007301056
0.0066085793
0.10943488
-0.09208267
0.0649666
0.030444277
-0.03028625
0.105997555
0.11569983
-0.011761009
0.026768977
0.031128267
0.07966804
-0.06979116
-0.025914049
-0.013107675
0.04836735
0.046241175
-0.06489111
0.08590939
-0.046892323
-0.043840554
0.11384976
0.06445075
0.098915875
-0.010925394
0.07964608
-0.09128701
-0.102556035
0.06665786
0.0014940682
0.00015607939
-0.018086448
0.09200852
0.0044360054
-0.053577773
-0.10028047
0.039944723
0.05653824
-0.11211984
-0.0012590691
-0.06842126
-0.13583161
-0.06276209
-0.030388407
0.018991
0.032596234
0.0583558
0.06995368
-0.04490385
-0.044566713
0.1290454
-0.061688505
-0.08313273
0.046679493
0.0388629
0.07070974
0.013115357
-0.005866238
0.028678413
-0.069764
-0.1246545
-0.0508025
-0.025932932
0.045139667
0.07047251
0.12954
0.030128308
-0.088345565
0.0038835048
-0.0435913
-0.11707156
0.055798076
0.08509501
-0.059750598
-0.03382933
0.055013016
-0.0592375
0.010498787
0.05233653
0.06370798
0.058956776
0.054027453
-0.005975861
0.016192684
-0.07584337
-0.004015427
-0.009232196
-0.026733585
-0.014830142
0.07749157
-0.08172425
-0.12448703
0.09887504
-0.0023006003
-0.09034621
-0.087178715
0.034968607
0.08799798
-0.118192166
0.050102968
-0.01513567
-0.06418713
0.09111387
-0.05928284
0.07295627
-0.019025687
-0.10367394
-0.06315234
0.11325171
-0.118351676
0.025753014
0.0045001823
0.037864063
0.0015538483
-0.10840761
0.1255805
0.048366055
0.06251907
0.11730473
-0.071333006
-0.04914983
-0.10076543
0.07578223
-0.066513084
0.07587109
0.044378083
0.07652257
0.04931329
-0.08708074
-0.09540044
0.14852412
0.09555347
0.012199863
0.07408518
0.1109766
0.07533006
0.049688242
0.017769523
-0.112582736
-0.09439461
-0.046603657
0.06154769
0.14088365
-0.025795925
-0.11613804
0.07638226
0.022442007
-0.04352856
0.06008851
-0.04786315
-0.06051176
0.015169311
-0.02840384
0.043082085
0.1314726
-0.03135037
-0.10041963
0.079299
-0.033997133
-0.05634749
0.050434344
-0.05315106
0.021140803
-0.0023680166
-0.04589898
-0.02475442
0.09534294
-0.1394699
0.07051789
0.0064809127
-0.07923679
0.056614142
0.029978113
0.079432346
-0.050431382
0.12194636
0.076901145
-0.1318849
0.02880766
-0.12784745
0.081495814
-0.029026808
0.047482684
0.024141353
-0.061955296
-0.08305081
-0.046724502
0.08106616
-0.024681287
0.0355761
0.03580764
-0.081223436
-0.03479259
0.02388087
-0.013985097
-0.046239074
0.11915261
-0.005309716
-0.028078847
0.06109418
-0.08548658
-0.061781704
-0.12612964
0.032010682
-0.05972969
-0.005565819
0.052400105
-0.092503995
0.061452255
0.019541085
0.09901792
0.08281358
-0.056397345
0.06470064
-0.10601562
-0.055737577
-0.071781464
-0.005600647
0.041851528
-0.121325776
0.12319852
-0.05806934
0.018906942
0.11583968
0.045732632
-0.0016754776
0.12033124
0.07840591
-0.033353005
0.015249114
-0.017391818
-0.041928474
0.08997637
-0.09869309
0.070574865
0.0023842524
0.121921554
0.044285
0.06827206
-0.008791592
0.019392926
0.11920426
-0.028973058
-0.076865755
0.06445534
0.06253994
0.046215184
-0.06620653
0.052624162
-0.11568164
-0.050074466
0.010058725
-0.061462227
0.12759742
0.00031348
0.04214415
-0.024561342
-0.052769795
-0.0909506
0.044651333
0.006983506
0.123859085
-0.01855851
0.025502037
-0.10686104
-0.049843036
0.005057084
-0.021704968
0.14397018
0.0049040755
0.10971668
-0.07874428
-0.023439754
0.00419956
0.00776728
-0.03525676
0.025766304
0.0036429889
0.06337781
0.07451772
-0.01932374
-0.0643809
-0.023042738
0.13681984
0.091550596
0.03322504
-0.01742373
0.08467276
0.045015104
-0.061253596
0.039562568
0.11324234
-0.11150113
-0.12755387
-0.08114129
-0.03605413
-0.03875368
-0.12877795
-0.070438474
-0.09359217
-0.06305782
0.0043131206
0.040785056
0.0009030716
-0.018726261
0.03260358
0.061043575
-0.123391755
0.02618537
0.10801012
-0.024068162
0.014355249
-0.1834596
0.059598505
-0.08221338
0.013661742
0.104934365
0.08624491
0.025079025
-0.11418268
-0.09751122
0.15371378
-0.01412748
-0.08516505
-0.0012940656
-0.11905747
-0.11004031
0.083019376
-0.1535678
-0.020194942
0.12957579
0.1141213
0.0519725
-0.03608651
0.1315487
-0.15712766
0.08463704
0.09030027
0.12059801
0.024150297
0.10533307
0.115581855
-0.09814462
0.02820653
0.0063621546
0.097648464
-0.02676098
-0.092290066
0.039569
0.0092961015
0.2265955
0.058242057
-0.15556023
0.0836091
-0.017599443
0.08904894
-0.060091138
0.08806219
0.12402049
-0.050444324
0.05231925
-0.06101271
-0.08619305
-0.10773872
-0.14499375
-0.12460987
-0.04168554
0.12966679
0.023354167
0.0600868
0.08389476
-0.071437486
0.015935775
0.129811
0.04066349
0.032242626
-0.05047756
-0.082428455
-0.059368186
-0.02718061
-0.053605262
-0.006390719
-0.047746267
-0.04103134
-0.08508854
-0.05656476
-0.114158295
-0.086445875
-0.06409109
-0.005981779
0.007092733
-0.04557699
0.023815567
0.002457676
0.1186803
0.0021169833
-0.027019018
0.037340224
0.11341056
-0.07487198
0.028596416
-0.15419973
0.054133795
-0.115897395
0.012819247
-0.03946523
-0.07010119
0.17112128
-0.045697022
0.08299308
0.012582395
0.046617605
-0.016642217
0.033072814
-0.020843629
-0.03802056
-0.17726623
0.07242836
-0.046136983
-0.04225724
-0.02180636
-0.11593982
-0.007902863
0.07006228
0.027363082
-0.16545139
-0.00033291557
0.0038054758
-0.07635865
0.029054154
-0.08038124
0.043795552
0.0051280796
0.12865552
0.06691187
0.029121408
0.08052557
-0.07823964
0.10820181
0.044202738
-0.054031264
0.055780664
-0.1068271
0.13847597
0.059620578
-0.024184266
0.11070033
-0.062012453
-0.061706603
-0.046169873
-0.03790409
-0.04825376
0.06901047
-0.033294283
-0.07970449
0.15393807
-0.090913475
-0.049941167
-0.07847993
-0.05387574
0.007887977
-0.016902532
-0.095081985
0.04756046
-0.0445676
-0.03934786
0.044304572
0.12682353
0.045666467
-0.053211667
-0.09021299
-0.15274738
0.13626046
0.11424189
-0.0556354
-0.07075604
0.025198326
-0.04002296
0.011875575
-0.036693826
-0.08414444
0.049526177
0.004434383
-0.02975146
0.0032444783
-0.015738659
-0.015961237
0.08787798
0.08642144
-0.14413275
0.108903036
-0.08131746
0.071423925
0.09712739
-0.089123525
0.08016345
-0.10165411
0.007873911
-0.01858789
-0.1063822
-0.10943141
0.12528972
0.09669368
-0.031977545
0.11781729
-0.08124487
0.04857777
0.020875307
0.059341203
0.08013301
-0.032856468
0.022421813
0.007873848
0.054092456
0.14921238
-0.107974164
0.04390747
0.10867587
-0.025674656
0.07871387
0.00022386463
0.036831867
-0.045052662
0.047397494
-0.10130913
-0.123812735
0.085254215
0.029713728
0.11883431
-0.10600201
0.005388986
0.022587964
0.07901587
-0.026469233
-0.10545102
0.0062026116
0.020576302
0.09802432
0.1158466
0.07559449
-0.013393479
0.0024422833
-0.09677548
-0.1038008
-0.045519236
-0.15349345
-0.106699884
-0.16081744
0.11354189
0.26514137
0.06801142
-0.16483563
-0.0305119
0.06975091
-0.006232441
0.064558394
0.10194604
0.043000564
0.09307151
-0.10217584
0.10047485
-0.1344811
0.14740358
-0.047986098
-0.12182982
-0.077881865
-0.026575027
-0.09074058
-0.026577052
0.036716707
0.0532381
0.09244876
-0.17074302
-0.082034834
-0.14045328
-0.08597102
0.09086362
0.09462847
-0.057060998
-0.015517878
0.028752223
-0.07853697
-0.026724512
-0.14540383
-0.016247615
-0.23303394
-0.10500545
0.14744142
0.13305268
-0.095164314
0.009650983
0.04891936
0.041122694
-0.018892283
-0.17025705
0.067995004
-0.20973466
0.14758481
-0.08308649
-0.031893767
-0.05204966
-0.14310233
0.15478516
-0.101473615
-0.055182695
0.04403462
-0.050675932
-0.017795993
0.0055475864
0.048952468
0.012681326
0.0054662516
0.17244117
-0.08669553
0.038121067
-0.02415058
0.015638327
0.11540473
-0.02764789
0.094715774
0.21905415
0.051733773
0.011647087
0.034430325
0.054846857
0.082242735
-0.0058291843
-0.043874793
0.023388837
-0.10789029
0.07304024
0.087971784
0.09089767
0.09911222
-0.062300198
-0.28523678
0.078220256
0.03082935
-0.09502159
-0.13349026
-0.023660999
-0.03658891
-0.06511595
0.058655433
-0.025433758
-0.009155347
-0.027027253
-0.09060878
-0.14524002
-0.03880429
-0.07025045
-0.23801562
-0.08365349
0.11216255
-0.030130206
-0.15003781
0.03865616
-0.073171444
-0.0113652805
-0.031395085
0.0031964483
-0.12261259
0.019747512
-0.017248387
0.050911456
0.014691414
0.0054882425
-0.08032883
-0.13138576
0.014424509
-0.05199641
-0.021009441
-0.0012123775
0.09906109
0.02490392
0.07376161
-0.059716757
0.14048915
-0.018013602
-0.055694196
0.026053907
-0.069026075
0.082190715
-0.10928322
-0.05796598
0.0737001
0.04384361
0.09076577
-0.08104633
-0.09774656
0.076539256
0.048695575
-0.004688609
0.02978602
0.10422991
-0.11812119
-0.08050162
0.027767906
-0.067566454
-0.016418941
-0.10331779
-0.045660358
0.10191149
0.09759808
0.03020407
0.053947546
0.0017782438
0.028640727
0.020745812
-0.06012356
-0.014940533
0.019805139
0.029660195
0.015810115
0.0036766843
0.08808179
0.01125475
0.0126250945
-0.064907484
-0.1136505
-0.09699316
-0.059381414
-0.0560542
-0.04342803
-0.00019294667
0.10964989
-0.04078889
-0.075471565
-0.04194876
-0.18731236
0.06967263
0.03737285
-0.06709039
-0.015862541
-0.01936524
0.10376464
0.15936568
0.109147854
-0.13990653
-0.07177547
-0.023065438
-0.108688906
0.08075001
0.01495818
0.12796703
0.12448118
-0.06503412
0.06568586
-0.038848806
0.15937
0.013230838
0.0061675804
0.114771284
-0.09422421
0.023975372
-0.05697508
-0.018192207
-0.04889005
0.060140528
0.13382688
-0.048025142
0.00074228353
-0.014242595
-0.022289278
0.055987947
0.07870858
0.07122077
-0.052953076
-0.10493905
0.0534708
0.04410644
0.009625976
-0.047127496
-0.07939557
-0.029561214
0.09352175
-0.15561654
-0.05482333
0.12405593
0.03086009
0.12179699
0.04200207
-0.048773855
0.033564042
-0.07234828
0.1355841
-0.0806852
-0.14045592
0.010236004
0.07511205
-0.00074688386
0.025362734
-0.07026811
-0.025442643
0.0063110963
0.061311927
0.07490196
0.110122815
0.10398556
0.06623133
0.072775364
0.04542036
0.085797906
0.059612807
-0.057789218
-0.025643267
0.059557263
0.049305968
-0.037866626
-0.00079045
-0.014267592
0.04703124
0.12297129
0.019187998
-0.031383473
-0.12370752
-0.040057413
-0.15083069
-0.06375583
0.05762383
0.03993582
0.096689716
-0.057089012
-0.017239254
-0.05548905
-0.016900402
-0.08645034
-0.06818204
0.14903438
-0.014727598
0.00085090747
0.10427972
-0.09906456
0.07208501
0.11760378
0.055020317
0.023256995
0.12597907
-0.13823245
0.124839455
0.043497685
0.11012092
-0.06655669
-0.0034992616
0.035644826
-0.040393975
0.047764562
0.002553213
-0.076061405
-0.0066582337
0.0042897
-0.060128372
-0.015241755
-0.019306742
-0.14875992
0.05677959
-0.022689464
0.024263075
-0.06187936
-0.023246327
-0.024704175
-0.094151855
-0.048505034
0.026370127
-0.017359497
0.038610805
-0.03176894
0.016077846
-0.019981267
0.107041895
-0.08402404
-0.051048536
-0.022458745
0.11534665
0.04195499
-0.07260372
0.028422276
-0.012093437
-0.018612746
-0.11098038
0.034627676
-0.06493211
0.07175149
-0.020781228
0.006872001
0.13087095
0.13326383
0.04017558
-0.060380977
0.054056257
0.08096743
-0.101137616
-0.018015873
0.09197101
-0.029908068
0.047784384
-0.089048296
0.03793089
0.12968013
-0.12515461
0.057327747
-0.12221759
0.121300146
-0.051414017
0.09148924
0.044569477
-0.09133388
0.06874813
0.113813505
-0.045330707
-0.10188978
-0.0942453
-0.00568769
-0.1377515
-0.0031791748
-0.10413011
0.010681243
-0.06856216
-0.07880279
-0.0527553
-0.046788115
-0.13790967
-0.079554684
-0.16014463
-0.10726011
-0.10460427
-0.05395895
0.08449339
-0.06630154
0.11665928
-0.036652382
-0.00875706
-0.05956715
0.091757014
0.051188353
0.10169582
-0.016220763
-0.073529094
0.053514734
-0.120146364
0.0015291641
0.09491661
-0.040589564
-0.14103587
-0.039023288
0.14221328
0.08828006
0.044306397
0.10385555
0.023785912
-0.04638877
-0.014156387
-0.0180059
0.102526926
-0.10402375
-0.04975993
0.06423231
0.14651383
0.07238912
-0.14470837
-0.031046296
-0.081433296
0.12109771
-0.12190719
-0.11452463
-0.009306912
0.07187875
0.14594784
0.13064532
0.1251676
0.11011916
0.06966177
-0.021167098
0.02236215
-0.15664974
-0.098867476
0.08718798
0.0068711154
0.05205272
0.076938905
0.14582203
-0.03271688
-0.10645307
-0.1281368
0.13753435
0.10696449
0.026086066
0.01613643
-0.10507927
-0.054402545
-0.0462209
0.0690307
0.068914
-0.049814742
-0.040504172
0.12879944
0.07924771
0.03587607
-0.07576745
0.07653113
-0.077483
0.08041901
-0.0068373755
-0.03157527
0.10079157
-0.07326647
0.0068796673
-0.009512752
-0.028532177
-0.12916976
-0.05744697
0.049622193
0.011141914
-0.0024762836
-0.11745857
-0.031175505
0.0023147333
-0.00033993184
-0.048627745
0.1629099
-0.034480948
-0.045865957
0.012946099
0.032726415
0.047472075
0.1547974
0.053392883
-0.015628776
-0.019367272
-0.013828026
-0.048914045
-0.12502325
0.073665954
0.06516116
0.11652835
-0.10266719
0.11398897
0.09998933
0.007399501
0.018162584
-0.13571468
0.07535327
-0.026433943
0.12080316
0.07063595
0.095145814
-0.066544615
-0.001105556
-0.027401421
-0.0050158366
-0.095543556
0.07775188
-0.040395826
0.022101734
0.023400167
0.099639304
-0.045158174
0.09280374
0.01938175
0.03693499
0.017974824
0.058267478
-0.061339345
0.06014464
0.008840903
-0.03410046
0.054160614
0.013198396
0.066610605
0.037511926
0.12903167
0.00085475383
-0.09628467
0.07210911
-0.08881023
-0.048337493
-0.0071341246
0.059430987
-0.06085716
0.031285282
0.0934341
-0.061222948
-0.029249478
0.13757575
0.0010076832
0.051452026
0.031053038
-0.09099504
-0.11771191
-0.099374086
-0.049048405
0.05434604
-0.06373975
-0.013944761
0.07480937
-0.017455248
-0.095337845
0.08880533
-0.08923124
-0.06027314
-0.11329072
0.007829821
0.07622935
-0.03980277
-0.064571805
0.086496
0.078509435
-0.012611701
0.022820408
-0.09086764
-0.023824297
-0.07623949
0.104281835
-0.0833596
0.04688399
-0.022870589
0.102954105
0.014341755
0.06616023
0.118220314
0.11228838
0.03163246
0.031358413
0.054510146
0.11700409
0.019392705
0.06775727
-0.032703266
0.074506365
-0.076530024
-0.07795724
0.10546283
0.118005924
0.031308863
-0.00857225
-0.048283786
0.033370037
-0.09844144
-0.06737201
0.031993773
0.02447245
-0.10745414
-0.10628446
0.07070069
-0.0027825602
-0.078578934
0.022153458
0.060654167
0.09394598
0.009425924
-0.052712694
-0.0060884566
0.050451476
-0.054439116
0.102008305
0.032191813
-0.06262895
0.031789176
-0.094369814
0.082121015
0.032532915
0.0193841
0.10875537
-0.055614226
0.02929945
0.086247236
0.08050599
-0.13162306
0.08689955
0.03679691
0.12421536
-0.04722552
-0.054864436
0.12225074
-0.080273114
-0.068101965
-0.07080112
0.051721375
0.015597017
0.12935355
0.100673735
-0.024289891
-0.07310187
-0.05844252
0.029486772
-0.11152446
0.00016506622
0.092421316
-0.059205826
-0.037195843
0.023041489
-0.016704125
0.053266235
0.04014058
-0.018535106
0.03434661
0.033250213
0.044341244
0.07144843
0.04900922
0.090320736
-0.10155014
0.08452991
0.17466187
-0.0046483097
-0.006861669
-0.08568338
-0.095386185
-0.057620883
-0.20889662
0.06512426
-0.07327621
-0.15603298
-0.1612425
-0.123076186
0.14742
-0.071620956
-0.020001113
0.034120094
0.050415352
0.032673944
0.09041896
-0.059104517
-0.003717581
-0.06295704
0.09024205
-0.02956361
-0.09769037
-0.038196865
0.1549238
0.09734
0.17055528
0.01804411
0.05604022
0.029050596
0.09407058
0.059663743
-0.0744882
0.07610691
-0.05679409
-0.085845776
-0.019156735
0.13695659
-0.086472556
0.027166024
-0.023655972
-0.030956976
0.08091951
0.10373968
0.10036053
-0.071422674
-0.1275254
-0.05854156
-0.14328541
-0.0585582
-0.049003836
0.040985778
0.19038326
-0.10120452
0.1379759
0.14195985
0.024787018
0.02722798
-0.022617098
0.05027686
0.044553105
-0.031013872
0.1225575
0.01075595
-0.025500786
-0.10041915
0.019624185
0.11984957
-0.06588175
-0.012838582
-0.0670736
0.047704116
-0.08989442
-0.03731918
-0.021067241
0.018771837
0.09144352
0.1002771
-0.010740253
0.015745994
-0.050658606
0.085956775
-0.0037942142
-0.042369157
0.0135119185
-0.1148717
0.08465676
0.08821572
0.049439225
0.09006227
-0.02759677
-0.01628242
-0.083236314
-0.004588748
0.018990513
0.056583397
0.018630154
0.07546706
-0.092414446
0.014205498
0.029812474
0.052804172
-0.012812794
-0.05733198
0.113054655
-0.1251427
0.076390974
-0.037289537
-0.114900716
0.13565618
-0.057977542
-0.061712097
0.09393807
0.13647445
-0.027014084
-0.14818257
0.050971907
0.07829891
-0.0031069072
0.100784294
0.079678334
-0.16842657
-0.1011181
-0.124776475
-0.06563526
0.08467577
-0.04333491
-0.01855426
-0.017992647
0.102844365
-0.09650367
-0.055582527
-0.052101467
-0.0070572267
0.10069063
0.13979967
-0.15903981
0.0129266055
-0.069942996
0.04639702
0.11174439
-0.0054519987
0.107465066
-0.061819006
-0.1386856
0.05129912
0.028256854
-0.08104766
-0.058769867
0.06670761
0.059347652
-0.034424495
0.058535267
-0.010918979
-0.0043370984
0.0555152
0.07880023
0.11947228
-0.03636846
0.08972156
0.086008295
-0.05462386
0.03079779
-0.05813176
0.03529017
-0.026917983
-0.14678155
-0.101398855
0.032888457
0.044885803
0.09197903
-0.08478355
0.10022426
0.091861695
-0.113899365
-0.089945644
0.050776433
0.016989842
-0.14647317
-0.061812975
-0.0010285209
0.10625343
0.006710564
-0.09495192
0.0032733236
-0.05156093
-0.07986783
-0.026172878
0.011420492
0.01816541
-0.01941975
-0.07412727
0.033245705
-0.11363579
-0.16170861
0.13315846
0.08758691
0.01532964
-0.14664215
-0.058426566
-0.00467547
0.0301121
0.07987534
-0.031116214
-0.014250751
0.08176975
-0.013400486
0.16050515
0.059658594
0.017614206
-0.025123104
-0.04608525
-0.037833072
-0.07490299
0.049428847
-0.02827211
0.0757069
0.15181305
0.045797992
0.058413338
-0.033006806
0.052674502
0.07204423
-0.04836195
-0.0002604019
0.08684435
-0.020542417
0.10132913
0.036311626
0.028242128
0.06544028
0.13991207
0.09965687
0.0533101
-0.05867399
0.0367268
-0.10571595
0.10209328
-0.062592715
-0.17583875
-0.14417106
-0.074874565
0.10278843
-0.0733003
-0.0874753
0.06862427
0.005639429
-0.045305695
-0.04590049
0.15874232
-0.08329414
-0.09672309
0.13096285
0.026308848
0.15618967
0.019703073
-0.10950969
-0.028285904
0.055686403
0.04289185
0.049483143
-0.09749704
0.14005797
0.20994948
-0.026269354
-0.08505109
-0.017132165
-0.14076902
0.053666465
0.012751094
0.056546286
0.0025462173
0.13894716
0.037413638
-0.010915178
0.120727934
0.12746225
0.06473543
0.044413924
-0.08922607
0.0486905
-0.06290274
0.010188533
-0.05077448
-0.08562178
0.12098468
-0.048469998
-0.0043378104
-0.081489705
-0.09916007
0.0065456782
-0.04237314
0.043100562
-0.018440425
-0.032704726
-0.03134066
0.04700274
0.052012876
0.1808318
-0.008452867
0.04162068
0.08653243
0.05366581
-0.07692067
0.1007416
-0.035259016
-0.0931029
0.062001728
0.102333345
-0.08567195
-0.043365683
-0.12231397
-0.029768622
0.102256685
-0.09619603
-0.078975365
-0.087911874
-0.020721398
0.02849393
-0.020557437
0.08977263
-0.012886222
0.071816795
-0.2768205
0.15050092
0.06970873
0.00587386
-0.04651148
0.030093754
0.14613399
0.09976967
-0.049297787
-0.02211206
-0.07179689
-0.04605759
-0.013330222
-0.14703028
-0.09192724
-0.12578073
0.0123599395
-0.118029565
0.13445382
-0.024065243
-0.013084036
-0.039039552
-0.0015029453
0.010447852
-0.14009835
0.08660837
0.07679537
-0.027252587
0.011765352
0.0002575158
0.09534839
0.014221773
0.042437885
-0.042478107
-0.1007607
-0.13714305
0.15453349
-0.044615306
-0.029020038
0.08547641
-0.002058667
0.055239916
0.093632214
0.10706526
0.017868852
0.05531857
0.115760155
-0.011815979
0.0032059385
0.0040237936
-0.14563361
0.08282136
0.023133999
0.008391921
0.13783386
0.21590653
-0.024337944
-0.2887254
-0.030552069
0.14782909
-0.010889987
0.044070482
-0.009231283
-0.062838085
-0.10421976
-0.018681785
0.05218136
-0.005424651
-0.03900906
-0.12733002
0.11721217
0.22567742
-0.15851723
0.008783364
0.014605638
0.051302955
0.031590845
-0.04967289
-0.16644722
-0.0759338
0.034142073
-0.052937515
-0.00027061385
-0.09597391
0.08467281
0.070118114
0.07179992
0.093519464
-0.030871786
0.097547
0.13039531
-0.006710437
-0.09988407
0.080980144
0.077123
-0.06524065
-0.006380025
0.06386313
0.13267075
-0.09489405
0.031215245
0.07130997
-0.025016453
-0.1089778
-0.2183086
-0.031833265
-0.08251578
0.06620846
0.11275178
0.107800044
0.08505058
-0.044881217
0.11535941
0.1041176
-0.10193835
0.10917443
0.016602099
-0.10848495
-0.06661397
0.08380452
0.12581176
0.04413616
-0.11319111
-0.041368864
-0.051779326
0.07519608
-0.04714425
0.022207921
0.0057034497
0.22288477
0.054020517
0.091587044
0.095423914
-0.08028467
0.076782025
-0.025969962
-0.05207214
0.17491733
-0.2327664
0.09089791
-0.0976028
0.0582951
0.011015135
0.029592006
0.06977536
0.047519684
-0.013859641
-0.17423806
0.019589327
-0.24317873
0.09103204
0.07513753
0.11017347
0.14039803
-0.0466351
0.2029829
0.0014912719
-0.06646158
0.15082614
0.10044491
0.18989412
-0.019305117
0.107537046
-0.007537853
-0.14534286
0.09459148
0.073737964
0.052901287
-0.078072265
-0.12814042
-0.050211277
0.02706064
-0.050578445
0.07707654
-0.04112425
-0.12719776
-0.045500092
-0.0019289491
-0.028439721
-0.022431003
0.006532193
0.072942406
-0.032637406
-0.042832185
-0.047790404
-0.04859486
-0.018120985
-0.014896163
0.036482118
0.037765447
0.023891145
-0.050599277
0.16168593
-0.16826509
0.020674827
-0.0076356465
-0.27434403
-0.10233756
0.053526673
0.18744883
-0.09683323
-0.029608788
-0.13829851
-0.032481607
-0.096968964
-0.08361609
-0.10767815
-0.12096665
-0.13681912
-0.0866059
-0.12782978
0.051518068
-0.06834397
0.15280452
0.046569873
0.19331826
-0.1863732
-0.097550325
-0.23285276
-0.07232431
-0.15633635
0.0766877
0.058418047
0.12570763
-0.030304061
-0.05345119
0.01300497
0.14095545
0.09292297
-0.15530239
-0.10556743
-0.017394217
0.07654746
-0.0446298
0.08495857
0.11912486
0.13316534
-0.115006454
-0.052400492
-0.056417756
-0.10371912
0.048877086
-0.09163509
0.077512234
0.14782973
0.032752942
0.16693348
0.072443575
0.116143875
0.00301716
0.06382875
0.1338879
-0.023141343
0.035469353
-0.059669297
0.041082557
0.20693783
-0.08645613
0.05736596
-0.15275505
-0.08976944
-0.11318178
-0.03539406
-0.111021735
-0.02318705
-0.020982739
0.041630197
0.08521988
-0.00819535
-0.17331405
0.012176369
-0.05315575
-0.18658538
-0.055181053
-0.022563362
-0.02722716
-0.16490741
-0.11617929
0.09443176
-0.046643175
0.080592446
0.038117338
-0.14946294
-0.044818826
0.044999253
-0.10879683
-0.06627364
-0.071218744
-0.101695895
-0.067296885
0.15406741
0.05196599
-0.07464108
-0.016362201
-0.1348403
0.080921866
-0.09702824
-0.02578962
0.11938258
-0.062385485
0.004816696
0.084899105
-0.11999175
0.0032149341
-0.058033157
-0.17433162
-0.09503286
0.119901106
0.07846965
0.04062077
0.050561696
-0.09264445
-0.089540586
-0.023116443
0.014567288
-0.04506924
-0.03758045
-0.10093014
-0.0020121203
0.044473603
0.15928894
-0.206741
-0.08945063
0.08982431
0.14330682
0.036042057
-0.018145341
0.07638392
-0.17550737
0.046615757
-0.028757315
0.11445715
-0.11786528
0.07289073
0.06931719
0.11707761
0.030260315
0.009817844
-0.10474963
0.10226336
-0.05336048
-0.017798569
-0.009328506
-0.13158178
-0.048252016
-0.028693544
0.041666724
0.07963169
0.1534335
-0.11736362
-0.10775098
-0.015680926
-0.11037689
0.074196205
0.105983086
-0.14022075
-0.16340205
0.024906736
-0.07945312
-0.09935352
0.120382525
-0.064750545
0.014327177
0.1355368
0.003050501
-0.05542993
0.06222344
-0.01218373
0.06779004
0.068589166
0.080472656
0.08847623
-0.13703425
0.04440884
0.03657723
0.012490299
0.015182603
0.14105554
0.024618413
-0.12866187
-0.057825074
0.08941298
-0.18334882
0.05327378
-0.1687721
-0.10941809
0.07578822
-0.012123885
-0.05841983
0.009800432
0.05830214
-0.07533114
0.11111609
-0.018784711
0.081389375
0.08334721
-0.06376377
-0.09723859
0.022438372
-0.0520372
0.028057452
-0.114687234
0.062370557
-0.029997826
-0.009603804
-0.05270384
-0.044409424
-0.08880118
0.044975933
-0.07168026
0.093645856
0.12619396
-0.1977486
0.0482807
0.10419292
0.02428071
0.09707113
0.09082576
-0.015299122
-0.03432652
0.07138639
-0.014263978
-0.040025793
0.058927037
-0.02068952
0.07232023
0.0154470205
0.115770966
0.07649606
-0.012631464
0.053891607
0.027086644
0.06404844
-0.091087796
-0.018868709
-0.023817468
-0.077493876
0.1292666
0.08080864
0.04714084
-0.06903063
-0.01880883
-0.09255808
0.14687797
-0.023635747
-0.029227745
0.05458675
-0.099226326
-0.050212156
-0.09891792
-0.03520374
-0.020783693
0.13641416
-0.13404134
0.06939418
0.09240132
0.11048179
-0.11440275
0.0264474
-0.04997117
0.054916617
0.008653429
0.08279238
-0.03703453
0.03856928
-0.029470861
0.03489331
0.045772046
0.06880783
-0.020560887
0.13050953
0.18877345
0.049530018
0.051778365
0.119405
-0.011137684
-0.045253124
0.052200265
0.06816904
0.093774535
0.036913686
-0.084487386
-0.11405269
-0.06995572
0.031205442
0.072930925
-0.07790473
-0.016290735
0.03049545
-0.053036973
-0.012514946
0.006528526
0.035137597
0.045521185
-0.0155132655
-0.111998156
0.053739328
-0.08713669
0.049705636
0.15388288
0.09098378
-0.024444547
-0.07423933
0.054651804
0.092364
-0.13074844
-0.06150369
-0.05289852
0.10116836
0.16342406
-0.12709318
0.0053814836
-0.037130393
0.020001568
0.01158715
-0.001060004
0.0002643888
-0.03134831
0.015919246
0.040394
-0.15481369
-0.038300678
0.046400283
0.0367769
0.11439745
-0.015818926
0.02106984
-0.027538415
0.013745138
0.12982069
-0.09718357
-0.018978907
-0.08169995
-0.08005966
0.08065052
0.041932687
-0.053406432
-0.02575062
0.02901079
0.0029827696
0.11598455
0.018755442
0.010707086
0.119004905
0.0883601
-0.008907212
-0.05474802
0.14638945
0.15452732
0.09707267
0.022467714
-0.058408663
-0.11585047
-0.123046085
-0.10548341
-0.071630426
-0.066767216
0.26107997
0.036584664
-0.059173543
0.145114
-0.07770778
0.06463696
-0.07802562
0.06866107
0.06434973
0.19813263
0.04518
-0.073840484
-0.017029453
0.05146986
-0.15495087
0.0021988484
0.07319712
-0.09255797
-0.08180799
0.11820473
-0.08993946
-0.0551172
0.084867775
-0.07899549
-0.20565869
-0.067796975
0.24354126
-0.08643387
0.09605059
-6.226833e-05
0.06470762
-0.026141351
-0.040997967
0.03433836
-0.10322613
-0.0083034625
-0.06594158
-0.012857095
0.0016325426
0.018177267
0.044307057
0.09660353
-0.013309832
-0.08271897
0.010894118
0.11419313
-0.028138444
-0.09944887
-0.064135514
-0.0003358376
-0.07269929
-0.06956182
0.019377073
0.062470753
0.04692447
0.10688225
-0.023460686
-0.014900958
0.095298916
0.06472189
-0.08893868
0.16145398
-0.069344856
-0.084061965
-0.006394912
-0.064804465
0.05139112
0.19964418
-0.027733363
0.030002907
0.13643362
0.12256538
0.11003915
0.01752221
-0.0878212
0.08705265
-0.044412166
0.0069617075
0.079290345
0.02923468
0.028973099
0.07313582
-0.15490833
0.14032076
-0.09037667
0.081495374
0.038054824
0.03243821
-0.06890629
-0.09445788
-0.08527834
0.06058192
-0.17991816
0.041115507
0.011548902
-0.17745274
-0.0011492427
-0.018955113
-0.077253476
-0.3208156
0.0025187389
0.0133992825
0.038451914
-0.026179792
0.0329997
-0.111507885
-0.19519351
0.07195477
0.06864643
0.10301513
0.05386385
-0.048876595
-0.0652537
-0.008362876
0.10419672
-0.03567844
-0.0561396
-0.16034259
-0.10061775
-0.052561764
0.1286284
0.050021566
0.04485236
0.09876967
-0.07773543
-0.009147354
0.05810756
-0.08841133
0.047699977
-0.023586748
-0.07534324
0.084296554
-0.07024425
-0.09581127
0.008026539
-0.024760148
0.06535191
-0.06251399
-0.1128542
0.08673142
0.10709257
-0.09720519
-0.05461369
-0.019466415
0.051930774
-0.009272944
0.018476581
-0.07118821
-0.011828728
-0.1119973
0.062329162
-0.012537708
-0.043050945
-0.07793936
0.06703509
-0.0027856329
0.041581962
-0.07778547
-0.10734612
0.10146554
0.11177313
0.014942785
-0.04218599
0.10843549
0.110563084
-0.021714006
-0.076546595
0.10661455
-0.012340407
-0.046048965
0.017456178
-0.11174664
0.10209822
-0.018738927
-0.06514495
0.069548465
0.10392825
0.079737954
0.04857649
-0.020250367
-0.009612481
0.014972395
-0.011349019
0.037617993
0.105539136
-0.064127006
-0.09715753
0.008989138
-0.05016353
0.11293954
-0.025103267
0.13333748
0.14033405
-0.08847598
0.057287008
-0.11026731
0.045627363
0.026352528
-0.11526922
-0.08997404
0.017834052
0.13254851
0.082994014
0.08931432
0.06808835
-0.061729323
0.029548682
0.07721021
-0.08145364
0.026575081
-0.009957609
-0.022657197
-0.117947154
0.06543804
-0.05142976
-0.0789661
0.073433764
0.045471318
-0.04218176
0.12559985
-0.09924998
-0.08971126
-0.06144179
-0.025182731
0.089563064
0.08085499
-0.054366596
0.059607275
-0.0064602247
0.006834755
0.0834687
-0.0788567
0.03309198
-0.0021187777
-0.09581855
-0.11020918
-0.0709702
0.04536585
0.04472896
0.06584335
-0.080208816
0.018775254
0.08342066
-0.045614794
0.110128105
-0.08689877
-0.10293522
0.115018785
-0.0073914058
-0.08426744
-0.038035855
-0.078544095
-0.0030021595
-0.09713435
-0.11114373
0.1165719
-0.010383762
0.078155436
-0.08766377
0.04590564
0.024816833
0.16892637
0.12068543
0.07163191
0.13402939
0.119227305
-0.041381966
-0.04452096
0.010898865
0.08524902
-0.042189065
-0.06935758
-0.08114136
0.04758059
0.16130741
-0.0053862436
-0.11890097
0.13627699
-0.015009743
0.0602766
0.10066502
0.01594835
0.2097488
0.13189986
-0.041701287
-0.018292047
-0.08236596
0.00653197
0.12275329
-0.027324382
-0.073057815
0.031244246
0.0741063
-0.011159214
-0.0009138008
0.035628196
-0.05062901
-0.01064285
0.009169323
0.050098594
-0.0200428
0.07109936
0.013990465
-0.0030802407
0.11585505
-0.025681313
0.17504814
0.1504411
-0.0350973
-0.04734725
-0.048309866
0.14763775
0.023110718
0.088198535
-0.051245514
0.07622916
-0.07298982
0.03898836
0.0076093306
0.0772077
-0.0105125485
0.066547774
0.046649285
-0.06512076
0.06688474
-0.03712328
-0.00056891394
0.0104166325
-0.003433151
0.09069416
-0.0014418018
-0.06380802
0.035471376
0.088480055
0.037293423
0.046072237
-0.0651762
0.16790521
0.009387866
0.072452895
-0.025882283
-0.14812824
0.069714695
-0.019544978
0.122730516
0.015867941
0.095889695
-0.045667097
0.074962355
0.29089394
-0.014558504
-0.09298635
-0.15226917
-0.02932134
0.067695946
-0.06739737
0.07654979
-0.040966514
-0.05074051
0.027957557
-0.061017826
0.012618701
-0.017340042
0.036565125
-0.0034935495
-0.0101066455
-0.06664922
0.088018626
0.039421737
-0.040300734
-0.026207792
-0.006555604
0.13829671
-0.050864562
-0.067815006
0.05157509
0.09382232
-0.05611251
-0.1618842
0.03755742
-0.11493765
0.07105421
-0.10166095
-0.06663314
0.022764152
-0.016169338
0.09027183
0.09278533
0.1488376
0.09739636
0.008773504
0.058030963
-0.023461685
-0.09089716
0.08017447
0.009812629
0.12871334
0.06023077
-0.12436289
-0.060427427
0.008650026
0.029282771
-0.06527442
-0.056266725
-0.00649292
0.075294375
-0.035124574
-0.040255014
0.1102967
-0.07607244
-0.071225904
-0.04438424
-0.0017083758
0.116623715
0.1075241
-0.101319216
-0.05907356
-0.0034352746
-0.047327206
0.021097086
0.019603312
0.089648135
0.00610535
-0.038364083
0.06135785
0.06104416
0.07595712
-0.14013886
-0.08191525
0.0036932365
-0.08122832
0.0487276
-0.023773123
0.00632294
-0.06282966
0.058108848
0.085779466
0.025469264
-0.09377728
0.0033054398
0.08221284
0.08739437
0.05405327
0.060998224
0.00035772598
0.05450961
0.11734093
0.028812254
-0.057724368
0.01877161
-0.07083894
-0.10869653
-0.1384544
0.006798002
-0.04284586
-0.11909478
-0.070143074
0.068663105
-0.0057920003
-0.027617233
0.04283255
0.06592261
-0.077728994
0.050946392
-0.016980045
-0.11442788
-0.07478901
0.06581431
0.09643618
0.084051155
-0.009553343
0.011869637
0.094808325
-0.08724174
-0.059807982
0.059407905
0.00072828494
-0.0064965524
0.10647337
-0.041770514
0.06787825
0.08365677
-0.036180306
0.03334896
-0.026368134
0.100992635
-0.12052554
0.09887931
0.040848535
0.035311658
0.067118675
-0.0025666724
0.111823834
0.09499546
-0.06774313
0.08610106
0.07922245
0.09551809
0.04364198
-0.07818802
-0.0013052258
0.111294374
0.05179085
0.14257999
0.099290766
0.001307429
-0.15754604
-0.040526886
-0.062216774
0.13037363
-0.021322077
-0.12968253
-0.020564968
0.15916394
0.013808891
-0.0764212
0.15710948
-0.12025338
-0.025559222
0.15452231
-0.0803529
-0.09626295
-0.14620993
0.03163179
0.10727007
0.06396998
0.18863446
-0.0026809152
0.12688154
0.09273852
-0.025744496
0.0645635
0.05994351
-0.035322063
-0.055612363
0.078246474
0.07464205
-0.03596945
-0.0940094
0.046064574
0.15822783
-0.09102506
0.074905016
-0.03244224
-0.034877487
0.115633294
0.16125484
0.050246052
0.12575784
-0.035321362
-0.07902105
-0.042848065
-0.16645665
-0.069799215
-0.016277324
-0.10225975
-0.067273065
0.025362365
0.105803125
0.046329957
0.00028306083
-0.027230324
-0.037473276
0.095924065
0.0159164
-0.0656319
0.092028685
0.06641224
0.12675145
0.018130716
0.03847795
-0.13692853
0.17017809
-0.019430436
-0.13521796
0.007880497
-0.027538037
0.012107383
0.033718854
0.04908076
-0.14514996
0.094701536
-0.022167483
-0.14631735
0.033783916
-0.08146056
0.04480973
-0.07354803
-0.23963504
0.07379144
0.0011687608
0.02940484
0.07969384
-0.09113783
-0.059917167
-0.055791635
-0.07174123
0.11738851
0.112030566
0.09576667
0.07289944
0.124161236
0.002450244
0.100665584
0.037935022
0.007658727
-0.02745809
0.1347421
0.16598131
-0.023436435
0.022362014
0.111807145
-0.14990361
-0.031372383
-0.023546202
0.078688875
-0.102888346
-0.04508309
-0.01504081
-0.19233015
-0.056286506
-0.09105952
0.21793574
0.08413088
0.102878466
-0.0036544567
0.07300183
-0.096175574
0.0049174833
-0.17449674
-0.010815283
0.062133297
0.013062395
-0.111417085
0.011721664
-0.01577763
-0.06456014
-0.025021331
-0.14819713
0.096244626
-0.055175886
0.15209302
0.05936733
-0.08996037
-0.026715623
0.010965759
0.03252041
0.05666067
-0.0023158484
-0.081576325
0.09856422
0.12272825
-0.06238612
0.104575306
-0.017996361
0.076930195
-0.054029886
0.06430754
-0.014004096
0.04922515
0.048022952
0.13410029
0.1101127
-0.016402401
0.058844287
-0.019468585
0.027969748
0.044081237
-0.04759917
0.09685412
-0.0070694904
-0.05828851
-0.09611934
0.12966453
-0.101742655
-0.010228301
-0.060363647
-0.050873607
0.008951089
-0.013248289
0.08927694
0.03428185
0.085700825
-0.042985383
-0.104100645
0.09131392
0.12259057
-0.061379727
0.129834
0.102425225
0.100776464
0.06987486
-0.016028903
0.07205182
-0.07909961
0.089411795
-0.077045165
-0.06899604
-0.12799613
-0.13748306
0.108461276
-0.10643687
-0.03901898
-0.027126819
-0.03265757
0.013849917
0.007348933
0.101076156
0.07149999
-0.050684225
0.04112368
0.03622792
-0.1034422
0.03674673
-0.041553795
-0.05322164
0.24030627
0.046544462
-0.066441745
0.016698286
0.008723705
-0.0046505155
-0.128118
0.041312806
-0.10694778
-0.09192382
0.020428268
0.018268552
0.0010873994
0.11182862
0.048186354
-0.0021038223
-0.11827746
0.01827843
0.15163776
0.007601126
0.084451996
0.0036758217
-0.11225107
0.070506096
0.11274396
-0.076783665
-0.07008133
-0.021174911
0.08271324
-0.10159511
0.03987531
-0.06601725
-0.06909375
-0.0003163385
-0.05476641
-0.006962009
0.08043829
0.057177186
-0.003653284
0.104448095
-0.019763105
0.07423801
-0.0023240545
0.13510033
-0.02394865
-0.01760437
0.00068452314
-0.24367054
-0.0018920002
-0.04780241
-0.025773069
0.06066681
0.22177088
-0.011372544
-0.079083174
0.0830521
0.049446337
0.12696488
-0.030454887
0.08942104
-0.10083206
0.06614315
0.0194778
0.21192268
-0.10430237
-0.14263576
-0.37950963
0.026109295
-0.17986925
-0.1338679
0.034129377
-0.03239924
-0.031923607
0.048955776
0.1244778
-0.19434938
-0.10059517
-0.082603276
0.07282053
-0.10015256
-0.15528561
-0.051428434
-0.08996309
-0.13046357
-0.07901723
-0.068833925
-0.20126797
-0.16267127
-0.066412084
-0.14275716
-0.14149047
-0.08683261
-0.046776008
0.1593241
0.031971466
-0.044894885
0.065960586
-0.0061439383
0.053260997
-0.20749092
0.22067952
0.043777704
0.36898735
-0.10558872
-0.1304292
-0.09901636
-0.0034583837
0.12821318
-0.18773255
-0.09129859
-0.13363121
0.010845617
-0.039993096
0.08389975
-0.04963716
-0.025006207
-0.052353404
-0.023266362
0.06532014
-0.050369166
0.058912206
-0.047219668
-0.024032498
-0.10138938
0.13534848
0.12877065
0.09293004
0.15914106
0.039326407
0.12482281
0.078556366
-0.0072441446
0.046303596
-0.04234768
-0.1270783
0.16052522
-0.16773503
-0.09893151
-0.04740506
0.05547887
-0.06582224
-0.058788083
-0.030996358
-0.14685935
-0.09529063
0.25257593
-0.009020475
-0.0055849133
-0.24926643
-0.2461929
-0.020764062
-0.17003267
-0.062415108
0.04182514
-0.09568361
0.00314558
0.17168382
0.013780671
0.028164836
0.10555201
-0.05587503
0.06377466
-0.13963138
-0.056754533
0.05474489
0.05237255
-0.13956913
-0.0183483
0.23512198
0.109959744
-0.026688827
-0.20541129
-0.057992026
0.042690214
-0.036812965
-0.08299293
0.15607917
0.004849895
0.02304086
-0.096030936
0.013552637
-0.07962682
-0.15417683
-0.11414208
0.08611331
0.057801057
0.17781754
-0.082680784
0.09003227
0.08264752
0.036044285
0.06278906
0.009557059
-0.037129585
-0.068632364
-0.060890343
-0.0041803666
0.0056351717
-0.091459416
0.13038677
0.14018837
0.07413927
-0.074232206
0.12446816
0.05318785
-0.09432465
0.01601976
-0.097573005
0.07347306
-0.09397598
-0.1595981
-0.11178324
-0.01532251
0.20411834
-0.18023114
0.1030147
-0.052477967
-0.07742615
-0.017771041
-0.17438789
0.06854242
0.105314516
-0.048677914
0.005364877
-0.017865324
0.08833786
-0.016457105
0.04751317
0.12556875
-0.0019407443
-0.005846456
-0.12143746
0.06030467
0.055156253
-0.10186497
-0.094689816
-0.13457559
-0.16608487
-0.13960701
0.0878578
-0.030555148
-0.12337785
0.18810572
-0.013238471
-0.059783805
0.06686054
0.09694873
0.10278512
-0.084607646
0.00822325
-0.0779258
0.022891235
0.059280273
0.19185834
0.074102625
0.12359874
0.013728628
-0.0059283855
-0.015198173
0.037851535
0.049986202
0.15885496
0.06753666
-0.18758333
0.10309656
0.0148144625
-0.03272169
-0.08069333
-0.021460442
-0.03344082
0.103307396
0.058073964
0.19289602
-0.024984969
0.09136937
-0.12362294
-0.0012366927
-0.020953892
0.02374169
-0.079698086
-0.032349367
0.077352725
-0.007928809
-0.08881609
-0.06259397
-0.19359986
0.071306296
-0.03623926
0.112352945
-0.09095659
0.09524237
-0.15648931
-0.08402036
0.05404965
-0.115040496
-0.14084882
-0.23667178
-0.050252445
-0.0885376
0.06217097
-0.031916775
-0.056593977
0.02067982
0.18552084
-0.043667737
-0.10637707
-0.09038659
-0.018478377
0.055536013
0.16268499
0.08358724
0.04063398
0.00058871426
-0.08073844
0.050621185
-0.063513726
-0.0780457
-0.016915066
-0.03215973
0.06605327
0.10569535
-0.12737496
0.103780374
0.13295934
0.174523
0.043301634
-0.10378069
0.25553036
0.10288472
0.031014888
-0.09172418
0.030310117
0.012557919
-0.044909563
0.007952403
0.03145354
0.08042513
-0.048887666
0.10565044
0.17398024
-0.045421764
-0.017874185
0.044747744
0.035897847
0.058517814
0.0059734304
-0.06804837
-0.0015490775
-0.060404208
0.047416575
-0.21092685
-0.071270056
0.0152780125
-0.097934656
-0.14177983
-0.07107936
0.07591459
0.037509155
0.21211673
-0.04229529
-0.02715486
-0.04351769
-0.16210204
0.024206629
-0.054705177
0.08216996
0.055637997
-0.17536557
0.1128983
-0.060802706
-0.04374956
-0.0049773124
-0.04796213
0.07628907
-0.07023437
0.09538643
-0.058625665
0.118184075
-0.037114505
0.0691553
0.051816013
-0.06604896
-0.082487
0.105916485
-0.1391449
-0.0830235
-0.007272701
0.0191161
-0.014343143
-0.19925241
0.008450892
-0.06954666
0.040695805
0.03511522
0.08910945
-0.00822464
0.108038686
0.017242681
0.03505355
-0.059918627
-0.10110265
-0.08493966
-0.06872401
0.0008783716
0.11060809
0.12272917
0.06738204
0.013736584
0.1089824
-0.06789911
0.17744799
0.034841854
-0.11079562
-0.0023201052
0.005769911
-0.052472044
-0.009010592
-0.005344814
0.10017425
-0.23542371
0.029106673
-0.14348513
-0.071814634
0.07672218
0.022153303
-0.07535145
-0.08988201
0.15890354
-0.034434244
0.015144967
-0.13699093
-0.11827007
0.09132514
0.012030344
0.07242635
-0.21187788
-0.057741385
-0.2882608
0.019283924
0.08507152
-0.124626346
0.027847126
-0.021104416
0.056822546
0.025481613
0.09622576
0.05302587
-0.00011007392
0.078987494
-0.04401407
0.09531095
0.0009714934
0.13067526
0.05056603
-0.13031693
0.04738963
-0.07187253
0.016532872
0.043055627
0.015379136
0.04135128
0.118961975
-0.00043381003
-0.20239212
0.069604844
0.07477664
-0.10928917
0.10116898
-0.03185757
0.023309467
0.059156314
0.058809537
0.06341591
-0.102976814
0.10748833
-0.0109386975
0.19263974
0.046799067
0.10885436
0.13758118
-0.0074745794
-0.024039973
-0.017195353
0.021951092
0.034838885
-0.07599404
0.015536675
0.052376937
-0.16344209
0.027819721
-0.22418867
0.07924409
0.08758137
0.043281596
-0.09701213
0.09838787
-0.037999116
0.10189419
0.044277128
0.13311215
0.03678566
0.095273584
0.027498709
-0.006424108
-0.05239044
0.036378253
0.056727983
0.0139641985
-0.11959255
0.0049373102
0.077881195
-0.07677997
-0.11408849
-0.06711614
0.011433784
-0.12845464
-0.060291715
0.057159655
-0.018067908
0.089368895
0.11412097
-0.006777122
-0.056188654
-0.062018413
0.07864831
-0.058899533
-0.032491837
-0.08371732
-0.10004264
0.18587986
0.008386535
0.007886468
-0.08909057
-0.08371916
0.076814815
-0.06974802
-0.08482767
0.037619013
0.042803723
-0.103121296
-0.08535197
-0.052900575
0.1453754
-0.027172808
-2.1390942e-05
-0.09072388
-0.21664155
0.0457097
-0.071343966
-0.040530216
0.058353473
-0.035150517
0.03690206
-0.009581209
-0.109786496
-0.048475556
0.007892675
0.1752475
# B
-0.009320935
0.011880941
0.01209273
0.025502883
0.0003470269
-0.01832643
-0.0015788206
-0.0205505
0.016369192
-0.0038644369
0.012588503
0.02451525
-0.007190633
0.016810138
0.020830918
0.0030902193
-0.0075284243
0.01497961
0.00453567
-0.0043983287
0.015196577
0.017305752
0.004377966
-0.0042081927
0.0038497604
-0.0029640994
0.010604986
-0.009065585
0.01955437
0.019811997
0.0120209465
0.004239371
0.0045573297
0.010020649
0.026390444
0.010452637
0.0067085866
-0.009589296
0.0284937
0.007560508
0.0075632324
0.011492715
0.03272189
0.014650163
-7.518199e-05
0.008397558
0.029144844
-0.024773123
-0.009748109
0.0077407276
0.011261525
0.039900534
0.0012909842
0.012272194
0.0038685848
-0.008104562
-0.022796668
0.037801478
0.0058592353
0.021512253
0.008816521
0.029658535
0.008345711
0.0082124695
0.033472247
0.009710976
0.0085727805
0.022074385
0.012414643
0.024337972
0.022337295
0.02370384
0.012289324
-0.0043367655
-0.01543443
0.012360442
0.013613018
0.01917675
0.014382754
0.02637807
0.02644984
0.017592805
-0.0077713667
-0.003961596
0.015881576
0.0084327
-0.0046417406
0.00910776
0.0030284873
-0.006941043
0.012259241
0.0070754713
0.023184631
-0.004371911
0.012752737
0.010241254
0.01324504
0.017757978
0.00991507
-0.0036053448
-0.0096739
0.0211476
0.020150872
0.0054923166
0.013873007
-0.00025046957
0.0143694
0.017293006
0.022613281
0.010612297
0.010477848
0.013761597
-0.0018041619
-0.0077444273
0.012667005
0.02203394
-0.017327284
-0.010453259
0.012972263
0.020383943
0.01610098
0.017941441
-0.002026826
-0.0022766422
0.008996746
0.0153586855
0.017070847
0.0074997195
# Layer Number: 1
relu
64 128
# W
0.21337765
-0.16462177
0.057838667
0.13989848
-0.10616652
0.16827796
0.021015296
-0.06384012
0.12240202
-0.08871551
-0.0026606077
-0.22136925
0.096981175
0.07138121
-0.048864905
0.18907498
0.013328379
0.21070619
-0.06804202
-0.14587723
0.24023329
-0.08958918
-0.07160319
0.06598804
0.16118748
-0.31304216
-0.1620286
-0.17376532
0.027388116
-0.07637295
-0.011743101
0.17319515
0.11823421
-0.0570676
-0.20179544
-0.07100141
-0.047544833
0.115502924
-0.012087309
0.06260052
-0.20430516
-0.03159467
-0.031311475
0.15024598
0.110596344
-0.24724817
0.15014827
-0.02075596
-0.15358388
0.20193283
-0.046517134
0.16689481
-0.15848693
0.033875074
-0.00073790486
0.22581665
0.18802571
0.03258665
0.062977396
0.17123653
0.14326447
-0.06625682
0.14127645
-0.06246293
0.011679064
-0.28260818
-0.24834904
-0.0352174
0.036408074
0.025604505
0.2550059
0.071061365
0.03628756
-0.091146044
0.13945806
0.20726511
-0.11556151
-0.058364548
-0.0100899935
0.18943381
0.037200067
0.22376142
-0.14997962
0.21870935
-0.23874824
0.21886684
-0.20370105
0.20508239
0.18997695
0.11332452
0.18395782
-0.085876465
-0.048262335
-0.033063013
-0.05572362
0.13278031
0.010726515
0.09373804
-0.08710798
-0.031419344
0.16365224
0.036475237
0.0057794563
0.10512477
0.10411932
-0.09942751
-0.20241572
0.39166164
0.071141765
-0.06810004
-0.065210275
0.036820076
0.08589877
-0.055256024
0.18327236
0.03856925
-0.15658037
0.04615647
0.13606398
0.15274116
-0.07205188
-0.1397815
0.1269173
0.1613508
-0.28675118
0.00061873544
0.27182183
-0.23122185
-0.119421
-0.113546744
-0.018507168
0.08027575
0.23224291
-0.100019336
0.030984476
0.25646925
0.100748725
-0.12933318
0.0085559925
0.06545341
-0.21542926
0.22645982
0.16060345
-0.12743442
0.025693597
0.210751
-0.09233448
-0.076937824
0.062471
0.0751275
-0.045762315
-0.2331031
-0.009215696
0.018101871
0.02984565
-0.05819103
-0.19606219
-0.0040413556
0.18163611
-0.04250982
0.15521273
0.21586865
-0.025450578
-0.055537425
0.033824954
-0.00872376
-0.09072279
0.113906965
-0.03244789
0.15906543
-0.13079834
-0.058039237
0.19606815
0.21995471
0.1198385
0.22708361
0.022412548
0.10790547
-0.1990856
0.13327943
0.038696017
-0.03425215
0.22654434
-0.1222863
0.0027839802
0.05681325
0.14261831
-0.12363264
-0.072152674
-0.26198998
0.14494273
-0.06248305
0.25752226
0.13189168
-0.15736128
-0.08605379
0.13646902
-0.017375736
0.03205923
-0.09220937
0.12041111
-0.115055166
-0.07750111
-0.06218412
-0.10314919
0.12668248
-0.1209242
0.19441435
-0.1649719
0.23317671
0.0052397265
-0.07842571
0.083887495
0.0036154303
0.14498347
0.16357982
-0.1784229
0.135321
0.083891
0.110092096
0.110127226
0.091368854
-0.045831796
0.11822613
0.25937068
-0.012215375
0.13143776
0.18997367
-0.05385129
0.08621266
-0.0026642585
0.047742203
0.10917663
0.13462502
0.14550242
0.08838264
-0.02854941
-0.04621506
0.10433008
0.09400952
-0.036833297
0.090025984
-0.068505496
-0.023917308
-0.09309099
0.06185801
0.048973285
-0.04957028
0.10219135
-0.005746483
0.19327463
0.039574884
0.13761179
0.043380104
0.21359381
-0.038607687
0.17208143
-0.015121616
0.08006958
0.034740657
0.05463997
-0.06644647
0.04808563
-0.17035213
-0.14414643
0.015591675
0.1847768
0.15646027
0.037007794
-0.095048405
0.12181071
-0.035390086
0.03385448
0.21986201
-0.102426454
-0.06678923
-0.16004476
-0.099347234
-0.18915966
0.14579833
0.0045599504
0.15363723
-0.0148151945
-0.06331899
-0.059271257
-0.012498259
-0.023626229
0.013406659
0.18610746
-0.075263955
-0.09464
0.03763159
-0.0045269905
0.113059655
-0.02090649
0.17391512
0.090872
0.18741056
0.16828652
-0.1352117
-0.13079688
0.03266951
-0.1588929
0.036351707
-0.14365874
-0.047387753
0.05625004
-0.014520395
0.16214174
-0.10641612
0.072950296
0.13063702
-0.08705082
-0.06741461
0.18456566
-0.044962626
0.15860537
-0.14842986
0.2715213
0.14049028
-0.23223999
-0.062918596
0.12539616
-0.19844638
-0.006268457
-0.029458076
0.14417043
0.066813275
0.109810054
0.06249217
0.15242918
0.0437307
0.0014269198
0.13650852
0.011371344
-0.07655262
0.027128458
0.08222006
-0.0895349
0.17229998
-0.1593617
0.28809604
0.11595904
-0.06729236
0.13210966
-0.034126826
-0.13843517
0.17462745
-0.1186131
-0.11942646
0.041618872
-0.011465024
-0.021037389
0.052399263
-0.04384556
-0.19680813
0.11723908
0.12502798
-0.0024528871
0.09436082
-0.08040843
-0.11894303
-0.24463378
-0.07886513
0.20936964
0.15427887
0.2398007
0.17429861
-0.18851793
-0.007966518
-0.01845471
-0.08904956
-0.021621492
-0.13104388
0.08153972
0.027177012
-0.087951206
0.043783497
-0.039356828
-0.027317543
-0.042202003
-0.087136894
-0.03800806
0.16304387
-0.1706339
-0.13303182
-0.22976153
-0.06718595
0.11607202
-0.0532885
-0.009439497
0.06946897
-0.111234866
0.0035837514
-0.23067322
-0.08524198
-0.16768238
-0.10597883
0.056244962
0.017562801
0.16737954
-0.25066108
-0.10328114
-0.1503711
-0.16057193
-0.07711575
-0.023712272
0.13954306
0.07605254
0.29651886
-0.022746274
0.07202552
-0.092830464
0.029780522
0.024758542
-0.16611886
-0.05490556
-0.08845905
-0.20417199
-0.17240055
0.052638464
-0.11789136
-0.14595674
-0.13512419
0.21291225
-0.24309644
-0.21465068
-0.19516815
0.16520776
-0.01752773
-0.11230986
0.22448161
0.016698975
-0.1455057
-0.011175395
-0.19926839
-0.004324253
-0.109345615
-0.06318905
-0.13231622
-0.10319275
0.054769646
-0.018161736
-0.019353034
-0.17393062
-0.19036365
-0.13357936
-0.13253802
-0.056859232
0.15228619
0.016834114
0.100259066
0.44651335
0.14378642
0.020032153
0.40690845
-0.0654959
-0.16803628
-0.14023213
-0.13862203
0.014409985
-0.19783714
-0.050267767
-0.09943692
-0.1316988
-0.2574969
-0.04472277
-0.08984433
0.007862582
-0.030871939
-0.109926686
-0.00288103
0.08000341
0.066510744
-0.06709829
-0.15992424
-0.058433603
0.05024192
0.09667378
-0.27160725
-0.20054252
-0.08237497
-0.20391254
-0.09228646
0.27229953
-0.21959877
-0.16361426
-0.03949027
0.15645415
-0.15133557
-0.076962546
0.14983425
0.1576479
-0.15945761
0.025562013
-0.049300842
0.03509376
-0.081506096
0.08361558
0.14574726
0.27600062
0.29663703
-0.11044689
0.18488659
-0.11219308
0.08044744
-0.08766584
-0.0733037
0.10839783
0.031050935
-0.07694434
-0.07921748
0.047055304
0.14760491
0.10778924
-0.11899725
0.21398145
-0.16589312
0.07078865
0.013229421
-0.000981494
-0.13621742
0.21929026
-0.10066994
0.23566094
-0.13962118
-0.19198936
0.08188132
-0.086892515
0.121632576
-0.15452127
0.17858428
-0.06360996
-0.20165166
-0.049429458
0.1426405
0.107648075
0.1020575
0.008462877
0.043622766
0.13424075
-0.17771831
0.22854318
-0.106349595
0.1277916
-0.09454215
-0.16961977
0.015521937
0.0051833214
-0.09260714
-0.11034371
0.13284095
0.034946907
0.24433401
-0.005561735
-0.20704426
0.19613543
0.011611361
0.15760162
-0.10064421
0.11931671
-0.11323219
-0.11420984
-0.09547786
-0.054096483
-0.23741134
-0.13261287
0.11401488
0.22723496
0.0651381
0.15548193
-0.014016572
0.08727278
0.032991305
-0.015256161
0.21549661
-0.048756942
0.1035478
0.16986728
0.11251915
0.20200634
0.06601685
-0.25152943
-0.22117099
-0.10707577
-0.071549885
-0.11009532
-0.06327007
-0.11641663
0.1404136
-0.025903933
0.0468075
-0.15158238
0.14105268
-0.004566205
-0.23189819
-0.14048852
-0.0855644
0.03683362
0.24002182
-0.08372805
-0.0014001763
-0.11462436
0.0075076804
0.20043766
-0.0318171
0.051212657
0.1023147
0.19147497
0.20252144
-0.08441236
0.10521561
-0.09862127
0.22215427
0.019621234
0.10608131
-0.16905707
-0.074919775
-0.09612449
-0.13604829
0.08911153
-0.02423987
0.008898579
0.14511976
0.18827738
0.2351122
-0.12760106
-0.10345951
0.059298404
-0.032371387
0.20151855
0.053289488
0.2324547
0.23439765
0.14163515
-0.02096081
0.061671905
-0.16944109
-0.1756153
-0.0021514196
-0.06920841
-0.057666358
0.15779395
0.13063982
-0.13383287
0.08736131
0.05883974
0.09592729
-0.00034386435
0.020052519
0.1789752
-0.045841683
-0.09044447
-0.08442219
-0.11673362
-0.25562865
-0.15139215
0.21167502
-0.27635399
0.1784375
-0.010959204
0.24944462
0.06976637
-0.09643986
0.13774988
-0.14182702
0.09955569
0.13739137
0.15434994
-0.110175684
0.12137778
-0.033254948
0.06812394
0.20833625
-0.053008508
-0.054837544
0.23131682
0.025262775
0.21312244
0.019073788
0.15568289
0.14134179
-0.08705296
0.26629624
0.17533986
0.036066554
0.16559935
-0.1817741
-0.2663032
-0.13898198
0.21447511
0.23582236
0.0009883979
0.04636384
0.21683602
0.10850631
0.02579883
-0.11930342
-0.102307595
-0.062515065
-0.13911566
-0.14267695
-0.12090265
0.2432633
0.19489506
0.12118625
-0.06603011
-0.06536357
-0.0023087705
0.13604613
-0.16091457
0.03639447
-0.09471692
0.09275685
-0.1699365
0.054148536
-0.062326502
-0.018979883
0.16309367
0.12181531
0.17502092
-0.14961456
0.0041274326
-0.05421194
0.18978114
-0.08413251
0.11319903
0.013535074
0.11461312
-0.082347445
0.09839351
0.14090623
-0.05754374
0.1453489
-0.023036731
0.04018149
0.11746598
0.1361305
0.16731748
0.04759142
-0.07826209
0.0093538705
0.021781523
-0.13620886
-0.18200028
-0.054445937
0.059696842
-0.06277057
-0.13264856
0.06284588
0.17186996
0.008631424
0.03586357
-0.0836038
-0.037100606
-0.0713222
0.18696378
-0.13012686
0.10773142
0.10539991
0.1741837
0.084619924
0.20591286
0.10082672
-0.065985896
0.11507825
0.03547742
0.038551874
0.26628658
-0.008456417
-0.07751123
0.16786401
0.095074624
0.21334533
-0.10966139
0.27499995
0.07930771
-0.25825375
0.20870857
-0.13566072
0.014991624
-0.20529592
0.13492352
0.07428202
-0.08251809
-0.17352334
-0.1677605
0.24427146
0.19180045
0.08327571
0.037047435
-0.08158127
0.14748135
-0.1554399
0.13924976
-0.024100685
0.16173668
0.048881724
0.16981485
-0.091805875
-0.104722984
-0.15367943
-0.17232582
-0.021309141
-0.088296995
0.029155899
-0.006306256
-0.16401424
-0.14203462
0.1372053
0.08448018
-0.13707976
0.19629616
0.15693471
-0.044780582
0.14348063
0.1798802
-0.044053547
0.0143719
-0.075963676
0.21107154
0.15618476
0.13310988
-0.22866993
0.17190284
0.16126096
-0.03777981
-0.03602781
0.25240368
-0.10806153
0.015226913
-0.14823493
-0.14277285
0.11324515
-0.042856425
-0.06942967
-0.19624005
0.17151089
0.031246198
-0.13225043
0.23191324
-0.027436387
-0.081398144
-0.14143723
0.100574255
-0.095572755
-0.2546767
-0.30673596
0.22117321
0.13893381
-0.07145681
-0.02604127
0.13378069
0.2735252
0.063102
-0.24046019
-0.020788804
-0.00084369007
0.22912648
0.2544932
0.19385847
-0.14456688
-0.06669399
-0.25065252
0.21016967
0.011024886
-0.075551376
-0.02846381
-0.0613111
-0.056968637
0.21769325
-0.0044437316
-0.03887508
0.22483833
0.22235149
0.19854508
0.2135624
-0.029034907
0.39037836
0.11363372
0.12748149
0.1566951
0.021862438
-0.040567458
-0.16246073
0.11086359
0.009511737
0.048355017
0.058996562
0.14875282
-0.0555684
-0.29518417
0.111974865
0.07262009
-0.16526973
0.0895309
-0.028804636
-0.16338164
0.19927846
0.07104995
0.15028493
0.10619064
0.1371227
-0.010437981
-0.057422
-0.19693734
-0.02472526
0.17521977
-0.0530353
0.1486487
-0.07547714
0.14275879
0.027778482
-0.045663077
0.25464383
-0.08169644
-0.085570805
0.026404452
0.19255865
0.18813281
0.14344461
0.041548356
0.20683947
0.11698771
0.10829161
0.101512685
-0.030336725
-0.15978925
0.16651702
0.13352211
0.12082663
-0.00029527885
0.00015057814
-0.05740994
-0.10815859
-0.05509204
-0.07437839
0.027644286
-0.084204026
-0.024571668
0.17033364
0.19817689
-0.015010105
-0.13046059
0.13844277
0.16808487
-0.21852504
-0.15512736
0.26081592
0.07035743
0.16105539
-0.010149
0.20623334
0.026368583
-0.028407281
0.15739469
0.057734843
-0.14067896
0.033901583
0.054257248
0.25568628
0.09873335
0.034232497
-0.1382425
0.08324938
-0.11293166
-0.0741012
0.107643396
-0.06099285
-0.14286862
-0.21298999
-0.21224503
-0.08367274
0.035023473
-0.038722407
0.010546587
0.01242633
-0.18151626
0.05915366
-0.12351383
-0.010975593
-0.15697043
0.042771023
-0.1701017
0.22691675
-0.09534586
-0.15743168
0.07814754
0.051903587
-0.08776787
0.09842946
-0.123071104
-0.18868789
0.10630756
-0.14936313
0.13540615
-0.0247022
0.019549651
0.13884476
-0.029204823
-0.015668985
-0.08482278
-0.05947848
-0.05291825
0.046583742
0.006336877
-0.02373193
-0.028416065
-0.028699053
-0.009297183
-0.21283361
-0.25907257
-0.016955959
-0.13604587
-0.09586121
-0.04629601
0.11858372
0.06612804
0.10873918
-0.14808121
0.22140922
0.12858361
-0.048034377
0.15549739
0.01075292
-0.15922363
-0.025508331
-0.13954921
-0.08385472
-0.21829829
-0.0888395
-0.19644774
-0.008611901
0.18761548
0.13122022
0.22573765
-0.31042853
-0.09050232
0.05274701
0.07928976
-0.0012246837
0.039452128
0.14171655
-0.21782623
-0.053904198
-0.0024669624
0.3454868
0.13830745
-0.31738418
0.02286556
-0.035221335
0.121999316
0.16584022
0.07087936
-0.114364006
0.19295514
0.07213537
0.02521476
-0.12207305
0.2491433
-0.17088935
0.049402196
-0.0019250782
-0.047558717
-0.11903366
-0.29804918
0.007384123
0.017650096
-0.2188366
-0.059794005
-0.13908948
-0.024314543
0.065382816
-0.098297015
-0.04309282
0.12858121
-0.22728786
0.13930042
-0.044369143
0.088618636
0.22065346
-0.12001405
-0.1440951
0.27556553
-0.010778239
0.22005923
-0.38912737
-0.40994728
-0.09086074
-0.037076898
-0.015700422
-0.060419094
0.23831655
0.05558331
0.029577818
-0.18972257
-0.13577965
-0.04010509
-0.08349074
0.17659904
0.11428948
-0.09677294
0.07548909
0.038837038
0.08668454
-0.09475748
-0.07471467
0.13841811
-0.18859887
-0.10115708
0.2330318
0.18353236
0.03015625
0.21688654
-0.11043186
0.054350957
-0.0012376695
-0.22705531
0.10846856
-0.0044749924
-0.09818237
0.0048446
0.068219595
-0.15289308
-0.12097433
-0.05498189
0.14980318
-0.017135842
-0.06564744
-0.08525232
-0.045639113
-0.041377623
-0.05897196
-0.063741766
-0.100271806
-0.095298424
-0.11358288
0.14812484
0.041543785
-0.03287112
0.13705035
-0.06878087
-0.1023978
-0.082540445
0.11310807
-0.20206201
0.042295303
-0.048949875
-0.107085705
0.06877901
-0.15984009
0.00019976137
-0.093901895
0.07721381
0.11035474
0.03662705
0.15464737
0.21241894
-0.124050304
-0.12470887
0.11789728
-0.2368898
-0.0525404
-0.070185035
0.099473365
0.15902345
-0.23770279
-0.15920882
0.1848311
0.17200439
-0.15051991
-0.11712888
-0.051925264
-0.19653432
-0.091613784
-0.094146505
0.046850283
-0.084896505
0.016926823
0.15751852
0.00025729905
0.12889263
0.15684292
-0.081980444
0.052802972
0.09472946
0.1953785
0.10412968
-0.053283427
-0.017064366
-0.1402549
0.1602773
0.09576919
0.08274611
-0.014460637
-0.053270943
0.04263704
0.20926
0.16006185
-0.2677751
0.007035976
-0.02210962
0.0074832253
-0.09058062
0.05880228
-0.20330371
0.15430897
0.14527592
-0.0471255
0.12692848
0.084574394
0.060277987
-0.12710506
0.060056247
-0.02546265
0.21661714
-0.09886708
-0.09964697
-0.16191298
-0.044343907
0.29891467
0.04737922
-0.03772987
0.21641283
0.02254708
0.028568802
-0.02234234
-0.0947929
0.005387965
0.133677
-0.07887829
-0.10842662
-0.12197293
-0.12544577
-0.064017735
0.116450906
-0.093153715
0.22806132
-0.12524295
-0.12602028
-0.011591175
0.19453545
-0.03926605
0.022424914
0.030797876
0.046854533
0.20393617
-0.15243146
0.12225263
0.06333018
-0.07334078
-0.018205188
-0.024493568
-0.10062948
-0.18322948
0.10371179
0.14911562
0.118419446
0.09068773
0.07969
0.19496097
0.106407724
-0.06831386
0.1121699
0.053878915
0.17931272
-0.14518133
0.08172564
0.0664961
0.22298722
0.042061258
0.03907493
0.081895076
0.048477437
0.121805616
-0.04121693
0.22852121
-0.2691092
0.067838326
0.03161378
0.15218349
-0.16658553
-0.09562076
0.10791176
0.09411998
0.045540664
0.14419988
0.112706736
0.076836266
-0.09118974
0.26069888
0.11254503
0.16683836
-0.17160629
0.11673258
0.068069465
0.061377134
0.29108837
-0.30927736
-0.17296201
-0.12079671
-0.18876933
-0.04373948
0.027459946
-0.083856136
-0.1294836
-0.008145259
-0.182704
-0.17307098
-0.036201935
0.090862565
0.021276439
-0.09268057
0.050625525
-0.16831972
0.10583524
0.16741318
0.0063160416
-0.052339587
0.09805175
-0.13907994
0.16292416
0.03441019
0.009425207
0.0346335
-0.0052635884
-0.021468302
-0.23188469
-0.17252138
-0.2101313
-0.21863647
0.12012775
-0.061517093
0.08235506
0.068155915
0.23150265
-0.077234365
-0.08860048
-0.029587617
0.24199171
0.13337104
-0.033655297
0.17580086
0.10138334
0.15057981
-0.109185226
0.01104137
0.059912205
-0.072727844
-0.03988487
-0.1419848
0.11673551
-0.028657818
0.018657956
-0.099198535
-0.18302369
-0.026437396
0.09859729
0.1521777
0.006024644
0.08477167
0.034487475
0.11741869
-0.08718933
0.016112171
0.103124835
0.01820685
0.09926707
0.045243714
-0.119404554
-0.12426806
0.017774453
-0.08503188
-0.034994643
-0.18425722
-0.03826509
-0.13830507
-0.2088546
0.07650773
0.18978374
0.10405416
0.17987637
0.07921047
0.15192121
-0.14204237
-0.07983301
-0.08105412
0.009037566
0.010620894
-0.18678258
0.14941947
-0.026585039
0.13426168
-0.1918351
0.1713002
0.074431814
0.069490954
-0.05641937
-0.0814006
0.07826579
-0.098718174
0.1823321
-0.06146663
0.042973712
0.15885977
0.033120796
0.15887797
0.09844663
0.09292751
0.06491127
0.05850411
0.04410756
-0.0018686245
-0.0791321
0.22333004
0.048394583
-0.20138286
0.13887507
0.15196942
0.19456406
0.22030099
-0.05621186
-0.18061423
-0.07351322
-0.16656843
0.04020075
-0.10372916
0.2064157
0.08246673
0.07035938
-0.0030324731
-0.17606057
-0.049391102
0.08145148
0.17394431
0.07371449
0.20487985
-0.20159364
0.01649152
-0.1730437
-0.13980569
0.045637313
0.16823478
-0.13317467
-0.0374653
0.15463455
-0.050047465
0.25657296
0.10946844
0.00663514
-0.097977936
-0.024312062
0.17189665
0.11654102
0.0850487
-0.21306026
0.0038816216
-0.17936815
0.20054086
-0.19807115
-0.045876794
-0.055218924
-0.05303206
0.05833546
0.1395787
-0.12714092
-0.028588617
-0.14317168
-0.2501916
-0.19035839
-0.037465148
0.18205988
-0.0037241094
-0.080201745
-0.19891943
-0.23686604
0.037051253
-0.16364945
0.029959144
0.01711345
-0.032484006
0.0013295511
-0.08032363
0.14700252
-0.18788876
0.055424023
0.09768524
0.1448221
0.039296076
-0.13179354
0.06362109
0.13199672
-0.10623015
0.035578612
-0.08970872
0.013593487
0.26607442
-0.025452869
-0.06790523
-0.12237319
-0.036253884
-0.08219484
0.075947255
0.07985407
-0.3760019
-0.18949023
-0.0995047
0.026456963
0.2933551
-0.12872195
0.020930687
-0.050645363
0.17821461
-0.12862776
-0.1577223
0.18357818
0.123478726
-0.15069197
0.15314768
0.036631826
-0.014611934
0.23304106
0.17582953
-0.0048481287
-0.13839296
-0.0040162215
-0.17905405
0.25788435
-0.10877944
-0.22912312
0.07894161
0.22120878
0.086581185
0.008843916
-0.07896124
0.14774857
-0.027770698
-0.098103024
-0.0072006825
0.0902994
0.16346326
-0.18122846
-0.15942277
-0.09870466
-0.12136815
-0.01132742
-0.1463663
0.043866325
-0.09299915
-0.27032575
0.2687386
0.14312135
-0.12848386
-0.043449525
-0.29086432
-0.1654274
-0.00068136794
0.024431435
-0.1482341
-0.014371132
0.05051755
0.006606335
0.21452086
-0.04674322
0.12998125
0.2090472
0.08807602
0.20715283
0.07119529
0.03076951
0.16276212
0.12446555
-0.05775875
-0.05310993
0.053666722
0.18478756
-0.2445417
-0.04178925
0.04020555
0.0137639
-0.20221534
0.11576601
-0.23044303
-0.061937097
-0.20307247
-0.039932843
0.05325666
0.06550853
-0.07567626
0.26776695
-0.07339154
0.11012714
0.012218063
0.058596585
-0.13145843
0.26907194
0.07615544
0.21639456
-0.042697802
-0.07436157
-0.11459781
0.06617259
0.09576004
-0.116863355
-0.087178886
0.07757051
-0.05006173
-0.15997405
-0.012044596
-0.010388115
0.20352645
-0.28777376
-0.22865987
0.18538538
-0.15743788
-0.023370052
-0.06854896
-0.15205704
0.19565903
-0.047832828
-0.15025672
0.22126655
0.15343383
-0.38642338
-0.047423396
0.12860923
0.05112387
0.40158844
-0.15048063
0.04814244
0.025534643
0.019294215
0.07980306
0.14210409
-0.055146016
-0.113533966
-0.17607014
0.07952973
0.18806669
-0.18731353
0.12611361
-0.04277687
-0.29606837
0.11128117
0.122696206
0.24465176
-0.026801663
0.1278482
0.4454008
0.24001956
-0.015191274
0.027606586
-0.09206601
0.009376353
-0.058931343
-0.10215938
-0.21266606
0.031657096
-0.13557592
-0.21102709
-0.25359383
-0.21616505
0.097473264
-0.12549774
0.19424893
-0.12689616
0.21411492
0.22995643
-0.048367742
-0.15307988
-0.12146067
0.04160384
-0.0619456
-0.10343339
0.31044784
-0.16444375
-0.25203088
0.16213849
-0.06904835
0.33954972
-0.2695027
0.07466151
0.11240786
0.046507053
0.08140018
0.059689105
0.1740516
-0.0041127475
0.011300436
-0.17417498
-0.1547174
-0.2532658
0.13794641
0.32709008
0.07693258
0.101509795
-0.090965
-0.27512464
-0.18227276
0.27711526
0.22224063
-0.22055365
-0.10289086
-0.037440196
-0.015004404
-0.22118792
0.0801407
0.20928852
-0.27806747
0.024328506
0.039889198
0.040887862
0.37065473
0.028202908
-0.10007158
-0.077615075
-0.22402664
0.033262614
-0.0776576
0.11560461
-0.029370965
0.13360989
-0.31711432
0.055248234
0.2291046
0.07142645
-0.21474747
-0.0457151
0.047519926
-0.0835688
0.043097865
-0.19421785
0.34165663
0.1631984
-0.33086434
-0.077752225
-0.14203063
-0.12679784
0.13437912
-0.01841252
-0.19819424
-0.10664159
0.1695283
0.0084650675
-0.1391353
-0.1842805
-0.04305839
0.049407072
-0.049070124
-0.05109545
0.1855174
0.02503104
0.051166672
0.30014473
0.02291949
-0.21142036
0.08875507
0.06879592
0.16844733
-0.26541314
0.13865708
-0.13410386
0.046116997
-0.17192641
0.196045
-0.41729233
-0.123620376
0.10057889
0.1833799
0.02952427
-0.11242724
-0.037906628
0.09885263
0.038021613
-0.22150429
0.13497762
-0.019659994
-0.073277265
-0.045692403
0.012987827
0.22563346
0.2042213
0.032461137
-0.03416767
0.18709585
0.12739015
0.04576321
0.08525223
-0.011356465
-0.2727189
-0.19135197
-0.21234809
-0.01424288
-0.10849293
-0.06722071
-0.21814996
-0.0036849102
-0.14816177
-0.0733416
0.051763397
0.022355588
-0.09776396
-0.2069761
-0.19603498
-0.018905502
0.17654692
0.16140114
-0.0017894673
-0.11313621
-0.030142719
-0.049867496
-0.17544079
0.064223886
0.009032129
0.34375244
0.016197372
-0.10025443
0.06190361
0.021494314
0.06583766
-0.035074387
0.17098199
0.27896896
-0.09859346
0.10079322
-0.113481425
-0.21278162
0.21986796
-0.1426906
-0.24804962
0.03769971
-0.03574563
-0.1811146
-0.023975426
-0.13186613
-0.119611934
0.14405875
-0.090948716
0.062825926
0.24177352
0.08103172
-0.03668903
-0.19367288
-0.034915805
-0.06322454
0.14357734
0.010962296
-0.0893142
0.15371731
-0.0467267
0.22167364
-0.12270195
0.19270575
-0.12890254
-0.19193995
-0.17984517
0.2365088
0.17264585
0.055906855
0.14335299
-0.0016312685
0.15087636
0.046943866
0.19228706
-0.014835478
-0.020875484
-0.013835118
0.15470651
-0.016355032
0.023613283
-0.17792858
-0.09784369
-0.1786053
0.2442217
-0.10596864
0.1675437
0.01321823
0.015769104
0.084909305
0.12844326
0.17744648
-0.21019825
-0.10230479
-0.08931855
0.017716808
0.18767376
0.1705462
0.013000298
0.21860701
-0.16776282
-0.07054356
1.1176959e-05
0.117550604
-0.13010769
-0.12178447
-0.11969222
-0.028748432
0.19336314
-0.029328912
0.112353116
-0.004328492
0.12649469
0.15143718
0.03364299
0.04462113
-0.074391365
0.011498828
0.08654634
0.06881514
-0.17440085
-0.096420564
0.14672086
-0.087716736
0.17310683
-0.056863476
-0.0146757895
0.20391002
0.0006005192
0.038541585
0.040893044
0.116395
0.034552563
-0.04515553
0.23748964
0.1321169
0.19722234
-0.036293253
0.023172995
0.18838446
-0.12804502
-0.1397377
0.032769084
-0.065886416
-0.051193867
-0.07843125
0.1980448
0.07445797
0.064721115
0.1385684
-0.02871703
0.019438567
0.0012168085
0.16954483
0.03233493
-0.1413738
0.0071326634
-0.054299217
0.07073787
0.11787223
0.11557135
0.014406158
-0.16007058
0.18996099
-0.02163997
0.09350184
0.040015046
-0.1621272
0.20480458
-0.122581
0.053783022
-0.11103356
0.043714277
-0.0072193826
-0.010611752
-0.20752634
-0.06171358
0.048779827
0.098455444
0.19077377
0.1240817
0.10453434
0.07873401
0.1478592
-0.18843421
0.049150866
0.019956784
-0.20060055
0.14430031
-0.07476351
0.035953946
0.051529948
-0.10009794
-0.10981622
-0.2507097
-0.010128734
0.11891838
0.003339913
0.0687818
-0.120317936
0.07155408
-0.09685142
0.0971084
0.059764646
-0.23181401
0.25784022
0.022102324
0.29374135
-0.037820023
-0.06961127
-0.2082882
0.0142990295
0.060168434
0.07081057
0.008241955
0.036774695
-0.20855844
0.0919401
-0.14803968
0.012701747
0.10708023
0.076847866
-0.101260304
0.18464033
-0.111842565
0.08994268
-0.10047191
-0.07866338
-0.0036505905
0.05732582
-0.093254
-0.20864299
0.22529782
-0.08460445
-0.13755326
0.18749066
0.28631985
-0.015370056
-0.24440415
0.1364491
0.14378116
0.21769544
-0.012687349
-0.21173558
-0.0867378
-0.17286383
0.1979214
0.050034434
-0.031827558
-0.06909632
0.17414029
-0.16048132
0.18343957
0.16537547
-0.02146629
0.14202102
0.03211991
-0.11783628
0.28537458
-0.16260648
-0.08267776
-0.0975968
0.10935443
0.043903485
-0.12747975
0.15426256
-0.18437988
0.13622096
0.16880381
-0.0320926
0.13441645
-0.2325934
0.21801153
0.15059026
-0.09602882
-0.015258292
0.105220154
0.14262812
-0.05566336
0.09893099
0.19745365
0.29588532
-0.08628657
-0.21702036
-0.124134414
0.22731736
0.020935522
-0.14668511
0.0050066346
-0.09677145
0.1775542
0.0627167
0.06768598
-0.08065417
0.21177131
-0.031135261
0.16671394
0.17823757
-0.12013896
0.21077546
0.09321979
-0.15225923
0.25759336
-0.020925231
0.0135419965
-0.20998795
0.078558624
0.015115416
-0.017640166
0.13116114
-0.10778698
-0.24045153
0.08197929
-0.13427603
0.12288215
-0.014147994
-0.080222055
-0.19045697
0.058413208
0.0819661
0.2128082
-0.16835865
-0.21338034
-0.17502381
-0.110829845
0.17850798
-0.05077964
0.07788317
-0.18145978
0.18330306
-0.004977154
-0.008264722
-0.00047969806
-0.15526438
0.21837547
0.025409462
-0.18478493
0.21883696
0.04010644
0.07117071
-0.12075775
0.12600431
0.011766143
-0.037955455
0.118726626
-0.018191194
-0.19066292
0.13609657
-0.014545586
-0.17900142
0.17186113
0.15670882
0.06925991
-0.1765332
0.09131188
-0.27176496
-0.22346194
0.07019519
-0.21086393
0.112450376
-0.12436182
0.047677178
0.07285208
-0.016703606
-0.06452179
-0.30067265
0.20976618
0.10013701
-0.1271828
0.18674202
0.17082015
0.086981
0.1303714
0.10102334
-0.06429708
0.022958223
-0.18159977
0.1276205
0.047007628
0.11629998
-0.11579161
-0.10205813
0.067229494
-0.12024092
-0.12060879
-0.087839104
-0.039830264
0.1400628
-0.1812506
0.18806648
-0.15019596
0.0025896728
-0.045278978
-0.036341056
-0.012530867
0.20774275
-0.08191833
0.17019635
-0.13108474
-0.16983908
0.01624579
-0.10266576
-0.02389209
0.07170421
0.20147318
0.06194277
-0.040023256
0.14933063
0.21534486
0.24592799
-0.18655844
-0.12754698
0.008879107
-0.0793161
-0.07207145
0.054581396
0.09984945
-0.116015084
0.042922676
-0.18340774
0.16500631
-0.030808056
-0.19273832
0.09689446
0.07004021
-0.07033215
-0.12767813
0.16040483
-0.11882138
-0.03630286
0.12732928
0.051631942
0.134953
0.12581247
-0.13805471
-0.09119814
0.084764734
0.1791673
-0.1762095
-0.13660327
0.114504196
-0.08016369
0.15730144
-0.101149626
-0.06649113
-0.22964312
-0.10545324
-0.03874518
-0.26094145
0.1917727
0.13247097
-0.012735148
-0.038899697
-0.24091876
-0.013890559
0.12383236
0.024169222
-0.15693492
0.10915206
0.16880657
0.013233886
-0.15603365
-0.11802066
-0.0527353
0.16177244
0.057223104
-0.11389833
0.07838099
0.30401444
-0.0053018024
-0.13942364
-0.078773566
-0.024653519
0.114026465
-0.1361558
-0.07664344
-0.035012074
0.06488941
0.10885025
-0.040744476
0.05631967
0.057170723
-0.0026250067
0.07557162
-0.15375859
0.13788603
-0.0797368
0.053797826
-0.14783598
0.22263995
0.21693185
-0.082362115
-0.06307278
-0.040204376
0.1572943
-0.09165145
-0.050437942
0.07541048
0.2023725
0.04834513
0.08972722
0.058365166
0.13635841
0.11208395
-0.038393676
-0.10943864
-0.20988181
-0.04827531
-0.09169127
-0.18912253
-0.054671805
0.17646734
-0.114505306
0.1892205
0.1116882
-0.072122395
-0.022251444
-0.04355507
0.11600838
0.22751248
-0.13250478
-0.005845893
0.093883544
-0.09224138
0.12153339
0.022925759
0.098343804
-0.0902755
-0.059241403
-0.16741548
0.08251583
-0.07830589
0.16855201
-0.1837282
-0.16639315
-0.13887304
0.13742687
0.045586657
-0.0072984877
-0.0489344
-0.09842445
0.1664821
0.11328589
-0.011465152
0.02177141
0.005229706
0.15717569
0.15114665
0.11973134
0.17170793
-0.07851227
-0.17471598
0.108935386
0.13671179
0.14927731
-0.05901111
0.058672972
0.018861815
0.17001615
0.017243272
0.1663449
-0.00036885776
-0.06910511
-0.026932044
-0.10147283
-0.0075365864
0.07603029
-0.16415843
-0.009610991
0.17955874
-0.2010575
-0.16412117
-0.05363556
-0.009063338
-0.17952661
-0.0455302
0.12650445
-0.06241812
0.008825325
-0.19421417
-0.018413402
-0.22210857
0.093101546
0.052751902
-0.20220281
0.11072388
-0.055247016
-0.11295782
-0.0055398764
0.07500202
0.115049325
-0.3105316
0.11106177
0.28231514
-0.15169711
-0.10817911
0.20079502
0.027039403
0.08162387
0.16965224
0.2995934
0.139263
-0.023559703
0.21550614
0.022175746
0.008682939
-0.26332524
0.15572666
0.019576536
-0.1871224
-0.0074940966
-0.28947553
-0.20609777
-0.20056787
-0.20806463
0.07301274
-0.027598452
0.20995547
0.01814151
0.060169403
0.04443279
0.11256694
-0.0062700524
-0.077680096
-0.017203856
0.14566116
-0.0012400479
0.22212343
0.035211917
0.12390604
0.013183956
-0.12687616
0.04452918
-0.027514856
-0.13075969
0.070117965
-0.14435284
0.14984757
0.012182991
0.04153864
-0.045771353
-0.25683624
0.05035783
0.059961934
0.052997526
-0.121422626
0.11760659
0.030304259
0.036378983
0.08025756
0.059761297
-0.19160809
-0.19128016
0.2344563
0.1057141
0.18380144
-0.029038271
0.108974755
-0.026864039
0.14950201
-0.07151743
0.06914507
0.14134446
0.22313944
0.021195443
0.25760803
-0.021270214
0.08362055
0.099443294
0.14022666
-0.07326666
0.1634556
0.095576614
0.106266916
-0.11357591
-0.19212624
-0.1755966
-0.21751419
0.07499961
-0.027797174
0.038774252
-0.08384908
-0.0034278543
0.10560228
0.053893413
-0.05145519
-0.218143
0.15240282
-0.1898412
-0.07179693
0.05339595
-0.08353164
-0.02235391
-0.088785045
0.057397842
0.261285
-0.011216006
0.16784732
0.105194904
0.0112136
0.16543157
0.15271784
0.18363093
-0.0976218
-0.23967308
-0.07231594
-0.019177984
0.24340104
-0.15265916
-0.22848485
0.1704102
-0.0886551
0.03821389
-0.050277267
-0.06960301
-0.05219661
0.1329979
-0.13864844
-0.053204093
-0.058220334
-0.21892548
0.08987493
0.0768973
-0.1765467
-0.12001343
0.18976633
0.08821715
0.12652262
0.051454686
0.021369496
-0.27854887
0.044198595
-0.03853888
-0.21272095
-0.16029777
0.027934467
0.20437865
0.20542508
-0.13449645
-0.20556839
-0.2604947
-0.19532995
-0.16648693
0.29538354
-0.05313434
0.10016778
-0.16772972
-0.17729326
-0.066966824
-0.24826679
-0.012179125
-0.18421702
-0.2376877
0.22866115
0.02133819
0.03126536
-0.01277058
0.0043749646
0.07673208
-0.19099309
0.27097145
0.1218167
0.062703125
-0.20557213
-0.24810047
-0.106261946
0.06355271
0.15581182
-0.05113139
-0.17209114
-0.19052327
0.08940844
0.025273655
0.20148778
-0.09710813
-0.03195975
-0.12975618
-0.016912589
0.15713434
-0.1314998
0.05133436
-0.09146048
-0.12167006
0.18478273
-0.007458075
0.1379146
-0.16231596
-0.104088105
0.1124491
0.116488084
-0.15518683
-0.15144013
0.03627046
0.06854548
-0.03673028
-0.08310586
-0.080958724
-0.14064828
-0.14674678
-0.16965036
0.11853203
-0.04181727
0.023308797
0.20056638
-0.04080721
0.19730417
0.07638472
0.11049392
-0.11995811
0.052915487
0.09883194
0.011565498
-0.06675187
0.15457474
0.1464767
0.15976605
-0.079618394
0.017169615
-0.106828414
-0.17946012
-0.03047045
0.109704375
0.14846133
0.15804729
-0.20132478
-0.12892728
-0.14998181
0.10352005
0.09704084
-0.08704751
0.11556671
0.19427426
0.019028144
0.10491279
0.22743668
-0.14899452
-0.096420184
-0.06687563
-0.18133515
0.011530457
-0.05524375
0.17298862
0.068354845
-0.006962078
-0.05995848
-0.14186601
-0.113247275
0.067111336
-0.055527646
0.049827326
-0.04580745
0.058962546
0.20318528
-0.16201034
0.17833734
0.024420181
0.16239926
0.12623791
-0.08433505
0.056258656
0.1263167
-0.08483143
-0.11681737
0.10286981
-0.015175349
0.17675458
-0.059223883
0.011062382
0.12360711
0.06356869
-0.15870589
0.010635088
-0.13497435
-0.08891735
-0.016180877
-0.15532117
-0.0695576
-0.13172823
-0.14250177
0.18262108
-0.045472253
0.1630429
0.15106207
-0.0095731625
-0.2044696
0.18009552
-0.21317115
0.004323186
-0.17540179
0.07959971
0.07340154
0.09611601
0.12081877
0.14692464
-0.027022315
0.081230044
-0.12125157
0.20254302
0.028379327
0.20023026
-0.17631355
-0.1276683
-0.00092144095
0.038713314
-0.1045837
0.15197574
-0.002527831
0.1569903
-0.008403526
0.15781078
-0.1499248
-0.13115913
-0.11686335
0.09543104
0.057445742
0.1250373
-0.09261886
0.13478452
0.094152
0.08606154
0.25018793
0.16603827
0.14057659
-0.12461803
0.038302206
-0.062190402
-0.023505518
-0.14862324
0.16446951
-0.06078955
0.15403914
0.12132978
0.12772848
0.010878026
-0.019487066
-0.008204668
0.15285064
-0.07947647
-0.15512142
-0.08705462
-0.10217766
0.037957564
-0.055648264
-0.101258785
-0.10367145
-0.063493796
0.033739597
-0.1294297
0.1423151
0.17980711
0.0819187
0.107218966
-0.08384202
-0.042625718
0.121759295
-0.047007285
-0.06610611
-0.03648449
0.1291973
0.12931553
0.0965248
0.09211213
0.16116244
0.24697718
0.13752303
0.08929178
-0.16259344
-0.09823072
-0.11041389
-0.12521087
0.19438364
0.0798694
-0.23445822
0.09757855
-0.09108711
-0.029415928
-0.035962578
0.061116103
-0.109370686
0.11596955
-0.071949854
-0.030994186
-0.009161714
0.013845307
0.22147256
-0.06552549
-0.17035992
0.15487309
-0.24785924
-0.16179317
0.11457534
0.1826207
-0.13867725
0.23588274
0.07365442
-0.10395189
-0.08676655
-0.07047812
0.074358955
-0.16352087
0.01856186
0.19428527
-0.067853265
-0.058688965
0.1050253
0.14137901
-0.24346985
0.04175413
-0.007355281
0.25006837
-0.1021047
0.08441438
0.09635647
-0.12248441
-0.09949943
0.12705947
-0.11441312
0.08262768
-0.1388303
0.098511286
0.24002513
0.14151923
-0.04354461
0.034543216
-0.16328792
-0.030356932
0.16235714
0.2611748
0.04130778
-0.056617886
0.08024684
-0.07597087
0.08592923
-0.068858445
0.109798774
0.113554105
0.09848375
0.12838714
0.030950885
-0.07244095
-0.02810419
0.04217605
0.03180367
0.074083365
0.022973144
0.07985556
0.13728471
0.0024754556
0.21295373
-0.15369743
0.12164668
0.11459845
0.0012573733
-0.20793815
-0.15139252
-0.13486356
0.20524135
0.022950487
0.033004977
0.030884061
0.020824842
0.16487679
0.013183775
0.16664158
-0.09154299
0.16961803
-0.018872334
-0.058324885
-0.13679448
0.21937063
-0.25224298
0.017156938
-0.2746731
-0.11574482
-0.042853884
-0.073720895
-0.0044512423
-0.011418727
0.118522786
0.03267974
-0.15251085
0.1635352
-0.15623534
0.18259777
0.08232799
-0.060282074
0.224063
-0.003638914
0.10210014
-0.13305387
-0.13055466
0.0611971
-0.14326748
-0.036633763
-0.02916069
0.060066354
0.07963398
-0.1791926
-0.13699178
0.0053465846
0.03888238
0.05481278
0.13317215
-0.009516054
0.0824591
-0.096544914
-0.08198823
0.026874254
-0.18752329
0.04012232
-0.07613276
-0.02814436
0.13156287
-0.107511766
-0.074882135
0.060253922
0.10695857
-0.07284007
0.003613886
-0.10250641
-0.22897556
0.25542307
-0.18041848
-0.1842818
-0.052022252
-0.023690458
-0.14744748
-0.057436276
0.20210461
0.20834164
0.004851127
0.041775737
0.06974113
0.13615887
0.1669996
0.08606063
0.034823153
0.24608529
-0.08611234
-0.03154426
-0.13273168
0.09802212
0.07985705
-0.026774459
0.07828461
-0.043870404
-0.14877571
-0.059215974
-0.036693018
-0.17015512
-0.26652178
0.02716869
-0.16536903
0.0731299
0.03186291
-0.04165004
0.019511018
-0.18601526
-0.052570272
-0.09843752
0.052472137
0.1432311
-0.16924003
0.15060052
0.13629779
0.06771611
0.05061493
0.11971472
0.13804935
0.15583637
-0.049301535
0.1701952
0.2008147
0.13397811
-0.12623526
0.0064486032
-0.0006554384
0.12817255
0.004076546
0.077689596
0.06806141
0.16088563
0.12930559
0.08567836
0.14178194
-0.12680396
0.16373643
0.16718818
0.20430149
-0.043592498
0.13296948
0.15861405
0.14712574
0.18141708
0.056465488
0.18377925
-0.14993663
-0.16725686
0.062185902
0.03604321
0.047253706
0.101483315
-0.062997386
0.06128346
-0.082327716
-0.040888567
-0.15558334
-0.2160536
-0.06050263
0.17143583
-0.005393384
0.047205023
-0.14924298
0.007237248
0.048580118
-0.02519394
-0.042686924
-0.16510588
0.02372865
0.11725296
0.051795937
-0.03462483
0.20703866
-0.064897716
0.24318853
-0.2208076
0.32897067
0.14050713
-0.1709077
-0.25945193
-0.31823486
-0.05241168
0.097518146
-0.1469746
-0.116097435
-0.3010148
-0.33650863
-0.17675902
-0.052671563
0.14106695
0.020483186
0.29212186
-0.010809469
0.011463315
-0.030106174
-0.09438293
0.033030786
0.18755059
0.06644289
0.11432763
-0.28343296
-0.21767636
-0.19585752
-0.206912
-0.13814119
-0.051896956
-0.19220467
-0.14343192
0.03787817
-0.11755201
0.11478449
-0.06038547
-0.097412795
0.31576377
-0.16665936
0.13210824
-0.024581293
0.014163118
-0.072203755
0.01705956
-0.01567635
0.012481497
0.21015853
-0.23967475
-0.032090124
-0.13812728
-0.15327832
0.040754903
-0.2317394
-0.11670518
-0.26113376
-0.11467698
0.0006750695
0.20985544
-0.40235338
0.17264958
-0.0038016355
-0.12644537
0.03285596
-0.33023673
0.22319567
0.11800717
-0.17274164
-0.11574461
-0.15717371
-0.12630558
0.11371501
0.05636653
-0.065510884
-0.08103524
-0.115326494
0.040754553
-0.005142655
0.13076134
-0.1141951
0.21509019
0.06717611
-0.12711662
-0.0047521205
-0.12629046
0.073861144
0.053599637
0.26272145
-0.04555961
-0.08943101
-0.01224224
-0.26109478
0.026303027
-0.028619636
0.084956184
-0.2601702
-0.06945369
0.103949316
-0.031352688
-0.08323371
-0.3559009
0.018819205
0.20788936
-0.12184073
0.045864742
0.10636751
0.04889582
-0.010065171
-0.37336102
0.07517226
0.12812576
-0.05603034
0.10145557
-0.11666983
0.37922224
-0.018595772
0.05227882
-0.07541728
0.20770088
0.041746564
-0.22603437
-0.11593294
0.10597483
0.14858851
-0.013518585
0.06135497
0.19595183
-0.16994281
-0.04255371
0.091755286
-0.10067259
0.022483725
-0.16543774
0.13919865
0.077771686
0.05926238
-0.12948474
0.041291732
-0.13928625
-0.014939983
0.01863832
0.09907043
-0.11557137
-0.02629025
-0.038056523
-0.0127718225
0.07121576
-0.025951022
0.24746218
0.09885397
-0.035971522
0.0866745
0.08048179
-0.30003253
0.046945337
-0.02861202
-0.09649848
-0.24933039
0.23664613
-0.2196075
0.09872686
-0.08619004
0.18155956
-0.02427434
0.077240266
-0.13709794
0.21547887
-0.029505612
0.02851403
-0.20709746
-0.2993177
0.110285
0.046988644
0.10449651
0.19476776
0.05585079
-0.15075774
0.044555314
0.13438103
0.0900666
0.09318216
0.1869061
0.26562572
-0.056051217
0.11885815
-0.069317825
-0.13691007
0.051166933
0.18776259
-0.05111688
-0.054368377
-0.22877744
0.075833425
-0.016767615
0.084957525
0.19024771
-0.04692815
-0.18710896
-0.08765018
-0.016851643
-0.035748687
-0.14782646
-0.13206959
0.12913471
0.003151951
0.17110568
0.22484094
0.16050087
-0.00078093825
0.029573305
0.23744732
0.06870579
0.044558678
0.07100099
-0.09157667
0.06538078
0.07779538
0.11080014
-0.0033678387
-0.15278292
0.1428229
0.14441387
0.23374283
0.02542968
0.24421918
-0.1492819
-0.17031957
-0.07271399
0.037472032
-0.11868334
0.111753896
0.048322864
-0.07690913
0.110873364
0.011327638
0.038077578
-0.039594952
-0.038146455
-0.12245572
-0.034038264
0.13121079
0.19068715
0.16698763
-0.02541761
-0.16181768
0.099970005
-0.029971339
0.11133065
-0.05755771
-0.13951708
0.20784642
0.025714096
0.24000923
-0.03406804
0.07422314
-0.1642968
0.10648629
0.12381785
-0.02776144
0.08778268
-0.09846091
0.101664595
0.07804469
-0.24635836
0.12774591
0.18474665
-0.032969348
0.12511352
-0.093979865
0.16949104
0.19268376
0.12451918
0.1813113
0.14435542
0.119963326
0.11714535
-0.044616077
-0.13327318
0.15135312
-0.110537365
0.029425383
0.11649528
-0.10776057
-0.11293559
-0.10001458
0.06306306
0.16945219
0.10416562
-0.07410014
-0.1606773
0.0899774
0.118874714
0.08375096
-0.11751313
0.04536759
0.039255496
-0.04828561
0.12256741
0.20246527
-0.20678933
-0.02129203
-0.25736034
0.0038275982
-0.1704997
0.13375849
0.11043351
0.19401018
0.11171373
0.11447481
-0.1442166
-0.15208243
-0.10702762
0.18447572
0.05159303
-0.20056319
-0.07538506
0.13129646
0.20795526
-0.010239341
0.06875658
-0.009090798
-0.04182225
0.08715246
-0.09997884
0.06631181
0.24086119
-0.035080153
0.09714977
-0.15374455
-0.2283069
0.011787482
-0.11586761
0.13126221
0.20878027
-0.1764841
-0.16789852
-0.12847443
-0.1492145
-0.078770906
-0.061335072
0.009205948
0.12681928
-0.11716622
-0.2068138
0.081989944
-0.024498608
0.033270024
0.11593652
-0.045432664
0.017112399
-0.22593474
0.09850069
0.03404141
-0.15243357
-0.026783431
-0.08306486
-0.094159134
-0.13441706
-0.09584962
0.016904846
0.1665245
0.15988998
-0.25494334
0.06028471
-0.15082504
0.18985966
-0.07615795
0.19352089
0.19946311
-0.07482445
-0.16165434
0.24334317
0.1571983
-0.09003554
-0.20409691
-0.10434548
0.20193481
0.0494358
0.17700315
0.049018767
-0.0010459537
0.13498123
-0.13782969
-0.09606539
0.13781153
-0.17929369
0.04234159
-0.15790294
-0.04882148
0.12646866
0.101731926
0.15339628
0.14978734
-0.14260387
0.030736463
0.08276253
-0.036855586
-0.23437934
0.06338511
0.09098612
0.18755868
0.1621125
0.023192836
-0.047711264
0.19203937
0.07241965
-0.051781982
0.11213605
0.071443714
0.10476269
-0.16395643
-0.14750993
0.099112764
0.083869986
0.12304773
0.1507524
0.14136755
-0.13677746
-0.21944103
0.1743723
0.05527957
0.018142428
-0.059156694
0.08990018
0.0029566444
-0.14060928
0.010778845
-0.18120699
0.1924628
-0.08984613
-0.15544075
-0.1531942
-0.21475846
0.12757659
-0.14582925
0.026341379
0.046735015
-0.12061531
-0.048759986
0.09516276
0.14345817
-0.012823803
0.14897713
0.036957994
0.14138533
0.17004082
0.038659953
0.040681142
0.18338396
-0.253874
-0.2098628
-0.01708525
0.055478897
0.21977165
0.093442544
0.022249224
-0.072653785
-0.03890023
-0.024587402
-0.093441226
0.17464137
-0.16243185
0.052683827
-0.05104327
0.04214924
0.11124142
-0.094050504
0.22085784
0.24742268
0.2722963
0.19004618
0.061220676
-0.082687706
0.11141746
0.03325455
-0.087156326
0.10418987
-0.1359969
-0.19852321
-0.037054323
0.13316776
0.091006294
-0.0146251535
0.025629941
-0.0007907118
0.14189385
-0.081016615
-0.05964096
0.022162613
-0.1077042
0.0015529209
0.13125941
0.08933273
0.10674434
0.08860447
-0.22696431
0.2104936
0.1803078
-0.081286736
0.054400466
0.26121008
0.12494904
-0.23011042
0.052344125
-0.1281913
-0.15486142
-0.19637765
-0.12347614
0.09535084
0.16301663
0.26096883
-0.028573943
0.30274233
0.1804149
-0.035704874
-0.11452557
0.16841015
-0.038095765
-0.027514169
-0.16814749
0.03947803
0.09144313
0.20850858
-0.112436846
-0.023469923
-0.24223728
-0.14796373
-0.15120898
0.08815045
0.118063614
0.121640675
0.076965734
0.2443768
-0.068718255
0.012267936
-0.104869425
-0.06584438
-0.030124841
-0.23026575
0.13039574
0.15885851
-0.32336622
-0.10440054
-0.17837673
0.038213044
0.14509629
0.0040169884
-0.07990155
0.18229167
0.0670516
0.073630355
0.17230609
0.054929063
0.1035609
0.044992197
-0.024228174
0.023764739
0.120460354
0.1922753
0.1894962
0.16467975
0.057591785
0.010493129
0.0051291184
-0.06768787
0.095961906
0.2246764
0.053434122
0.21744604
0.20513707
0.083878
-0.018155957
0.075444646
-0.1664671
0.040337745
-0.17676194
0.047181148
-0.23276041
-0.028616047
-0.038399465
0.2852764
-0.12560046
-0.03363104
0.22470625
0.2770152
-0.012616091
-0.24193142
0.17055324
-0.08665825
-0.05346967
0.07623672
-0.023286508
0.07786555
0.3361849
-0.094190575
-0.03662177
-0.20535342
0.07639798
0.11448416
-0.18507853
-0.03779906
0.16198806
-0.07505302
-0.36753517
-0.12241262
0.09566019
0.049066257
-0.043367606
-0.068177395
-0.09164626
0.12801602
0.006214783
-0.09361467
0.04107331
-0.23240377
-0.014974076
-0.03520729
0.011104975
0.2287625
-0.21487956
-0.29145038
-0.11437959
0.093292445
0.26106632
-0.17397133
0.17885706
0.30271932
-0.032470725
0.14299394
-0.020389557
-0.1571814
0.12553409
-0.12015795
0.043354258
0.011127757
-0.07557646
-0.12594625
-0.18575853
-0.074748956
0.123410314
0.051624626
-0.03727229
0.007738978
0.21686742
-0.0087185865
0.22932887
0.12739973
0.12810986
0.09377739
-0.18074569
0.12759162
-0.016315544
-0.0733247
-0.010243829
0.14605744
-0.07641592
0.24399541
0.1358658
0.002702318
0.03554737
0.030743407
0.1968569
0.103618376
0.059706975
-0.0023470435
0.14226472
-0.13068528
0.12905204
-0.0024886744
0.1357091
0.18355449
-0.048538752
-0.038872886
-0.123443596
-0.17915693
0.18651392
0.07109299
0.12827104
-0.18662067
-0.13609314
0.23412086
-0.16067089
-0.009162127
-0.029715013
0.037786007
-0.2032631
0.23486538
-0.1867112
0.115993604
0.18340199
0.086406976
0.18165411
-0.08560956
-0.08773069
-0.017384913
-0.048265673
0.07320641
-0.08885286
0.29214856
-0.03911992
-0.029321872
0.16261569
0.09090167
-0.05119296
0.09253527
0.16630983
0.14933039
-0.23457283
-0.07166772
-0.059051145
0.19576696
0.06251668
0.13854988
-0.12858634
-0.22506443
-0.0832753
-0.21006815
-0.12939799
0.2590274
-0.106746584
-0.003491502
-0.0015445066
0.11830486
-0.31550834
-0.009187593
-0.24292213
-0.064414255
0.19049287
0.3008864
-0.22694756
-0.032088913
-0.062367026
0.0027984378
0.005170017
-0.0074915783
-0.19053513
0.069751166
-0.0018199561
-0.10739896
0.22632119
-0.010636094
0.027988354
-0.048737064
0.15109971
-0.021730952
-0.09434114
-0.27927515
0.1614322
-0.0023941488
0.00034856756
0.0019826049
0.10135397
0.21924596
-0.042794637
-0.11929071
-0.02744853
0.041312467
-0.18726249
0.12456777
0.13665275
0.17546836
0.027119
0.1732206
-0.25281712
-0.027167615
-0.17040248
-0.18482259
-0.10434973
-0.03981741
-0.029050259
0.12162915
0.16133696
0.017814497
-0.021745121
0.12007867
-0.18567432
0.20626608
0.012949879
0.04307976
0.045361757
-0.17477268
-0.12180073
0.2015926
0.22438452
0.17766936
-0.16925119
0.17110975
0.022509865
0.094411574
0.080923535
0.08735052
0.14719781
0.014391395
0.08455505
-0.23062606
-0.07302711
-0.03027618
-0.11776906
0.089810856
-0.12028559
0.24659953
0.075048625
0.17877561
-0.02221998
-0.030212134
0.0132981
0.1583206
-0.059639696
0.123369314
-0.19270791
0.096784286
-0.13837983
-0.07616893
-0.061785985
-0.14592688
0.093556374
-0.18751381
0.14586072
-0.10771058
-0.21227734
-0.04350643
-0.05617797
-0.12594998
0.14290486
-0.14143564
-0.082028925
0.10611575
0.06975301
0.20895138
0.096338846
0.10794365
0.17969933
0.0684493
0.005459186
-0.0869404
0.2797066
-0.28879058
-0.277862
-0.20689842
0.07557005
0.0133957565
0.22142635
-0.024861062
-0.2482034
-0.018687973
-0.025690887
0.119792975
0.04043445
0.18664755
-0.0805174
0.060189422
-0.10249249
0.07138586
0.23875728
0.11861053
0.018785318
-0.050605725
0.17294179
0.065100044
-0.15325521
0.048943996
0.076744325
0.11865218
0.20312308
0.11616696
-0.092763774
0.21675305
0.12136359
-0.015825877
0.0033065253
-0.11266602
-0.03731184
0.24556832
-0.12052773
0.35153845
0.0666276
0.24325316
0.0780016
-0.033608943
0.06588324
0.11126471
0.011946008
-0.058605134
-0.23176359
-0.12541911
0.060924243
-0.030283114
-0.09736624
-0.17770708
-0.18499869
0.16681316
0.09738628
-0.07456104
-0.09540416
0.13494842
0.05270916
0.03162169
-0.057465352
-0.209436
0.18779834
0.14842057
0.18529506
0.15556027
-0.07696919
0.124518104
0.010129439
0.09764513
0.0016911596
0.016833214
-0.08232273
-0.09302064
0.028736848
0.23685233
-0.1870075
0.14014758
0.027985172
0.00019900805
0.10961612
-0.05021965
-0.13188857
0.016697755
-0.13306329
0.09988975
-0.02326664
-0.0012828464
-0.09817364
-0.06362442
0.05643234
0.045917504
-0.06625227
0.0691587
-0.053969927
0.035693128
0.10906593
-0.07651559
-0.13908677
-0.09393458
0.031407546
0.022077233
-0.036833532
-0.03365833
-0.1106171
0.17488928
-0.05904572
-0.031269643
0.12921134
0.15128234
-0.070996486
0.18278877
-0.05940572
0.10623173
0.16237448
-0.0733705
-0.0341692
-0.13481253
0.13264622
-0.12478414
-0.10266373
-0.13238
-0.15097326
0.11147454
-0.048477754
0.05993025
0.17719626
-0.07287183
-0.06306098
-0.026297925
0.15277728
-0.16422664
0.20031261
-0.04791448
0.1559346
-0.08018786
0.13700888
0.1340381
0.17317733
-0.12685013
0.11455077
-0.19523391
0.018477
0.063837126
-0.05526092
-0.17741677
0.054060206
0.0074662073
0.10220589
0.08647388
0.22315574
0.19609809
-0.046833623
-0.12040267
0.06531004
-0.12757164
0.14173548
0.18251038
0.18693651
0.23957184
-0.032663755
-0.12531477
0.08420398
-0.07586114
-0.19174127
0.11972349
-0.16975614
-0.013786059
-0.023501502
-0.007261278
0.021833472
-0.12103213
0.014020787
0.0061737825
-0.061363604
0.14080434
0.19807304
-0.12958549
-0.017557722
-0.071783006
0.022095436
0.038418245
0.116421565
-0.08582801
0.03763948
-0.17118026
0.13027106
0.05037684
-0.17656656
-0.0019049639
-0.12324494
0.19669485
0.23187663
0.14261563
-0.18727827
0.013895774
-0.033343744
-0.24274157
0.029028028
-0.219214
-0.11663521
0.06835563
0.14071243
0.17926985
0.18467012
-0.027686603
-0.19868305
-0.08234267
0.118905194
0.10203551
0.13414419
0.19254582
0.17689244
0.20019038
-0.12094176
-0.17477164
0.11253353
-0.11969876
0.121813074
-0.030488143
0.036156874
0.102553464
-0.060650278
0.22305712
0.023230692
-0.21749291
-0.021171367
0.14130063
0.049769726
-0.03785015
-0.011295349
0.06576942
0.04967799
-0.026694173
-0.13030396
0.020098137
0.08438768
-0.08960738
0.13378547
0.09788491
-0.08479802
0.07086811
-0.07380282
0.069762245
0.106864944
0.026273062
0.16124292
-0.04845714
-0.087555796
0.21248257
0.12352649
-0.006536021
0.18385075
0.006816934
-0.1389742
-0.12643985
-0.0016717721
0.07711267
-0.23468284
0.09218181
-0.042931367
0.10273877
0.09989685
0.0448193
-0.12154507
-0.026708717
-0.025408952
0.1327416
0.16927001
0.19133876
-0.081185065
-0.0027761476
0.09256624
0.09978125
-0.058601003
0.036001816
0.10132133
0.04542114
0.10348111
0.1940141
0.03198568
0.18554188
-0.12728724
0.16095524
0.032263342
0.1772732
-0.06498555
-0.07339735
0.17638941
-0.10723797
-0.15600033
0.10077211
-0.08328035
0.013243053
-0.26788062
0.11587449
-0.07366188
-0.10275104
-0.17268702
-0.096853055
0.07060541
0.20323452
0.021159032
-0.13531448
0.07606388
0.0011568399
-0.049580768
0.1949588
-0.0935274
-0.17931198
-0.14278685
0.15615277
-0.3196407
0.2969517
-0.07368188
-0.1837876
0.19806062
-0.011064872
0.019868234
-0.019976562
0.023779916
0.020592842
-0.09139494
-0.048890866
-0.018314272
0.07433266
0.13354936
0.2524237
-0.081946805
-0.08992671
-0.19278803
0.20197438
-0.08522063
0.039005462
0.035741266
-0.10407225
0.09976417
0.15848067
0.07230736
0.21523657
-0.3007718
-0.03988151
0.19241337
-0.12624247
-0.25666213
0.1313459
0.011567981
-0.20713142
-0.0104190605
0.12559904
0.021452561
-0.0071283444
-0.044382684
0.23761885
-0.013584506
-0.19995727
0.0070508006
0.17193028
-0.07162339
-0.059961013
0.14480673
0.019435469
0.016163219
0.14095342
-0.09141591
0.0030206325
-0.006109792
-0.0009355101
0.17064771
-0.10578836
-0.16489792
0.00019811062
-0.0302678
0.082091205
0.05540085
-0.12871365
-0.16210267
0.0009872365
-0.029686615
0.24152982
0.0941044
-0.03435253
-0.2087224
0.12790366
0.049387474
0.00234667
0.14540763
-0.11260079
-0.060587294
0.123746015
0.18509236
0.19105549
0.11296481
-0.10762799
0.11145559
0.136588
0.029387418
0.11522875
0.11169585
-0.059973117
0.09850969
-0.07039642
-0.19797337
0.024798246
-0.16511597
0.10976898
0.17524801
0.16477092
-0.14163974
-0.12384217
0.23273821
0.13013764
-0.35784444
-0.16563371
0.17881738
0.050613888
0.20005603
0.08673382
-0.011038354
-0.12204901
0.10269896
-0.25685877
-0.12060132
0.1142679
0.07619194
0.15710065
-0.13132824
0.08830744
0.16142876
-0.1970477
-0.008029862
-0.05131826
-0.0071761534
-0.19659571
0.19674031
0.17668924
0.22676522
0.10968967
0.105887204
-0.2176545
0.13457958
0.15963209
0.21000765
0.033886187
-0.28436342
-0.17741556
0.21097904
0.004206617
0.105903335
0.16208898
0.07008395
-0.061362952
0.018507376
-0.0067623546
-0.23456411
0.04071531
0.07386987
0.0032043394
0.085161686
-0.05493382
0.094429724
-0.17161994
0.04020934
-0.17940691
0.26143458
0.2248506
-0.15414363
-0.103737146
0.056290213
0.13595854
-0.03242727
-0.051829997
0.025100255
-0.07345894
-0.098238505
0.22033381
0.12971987
-0.114113145
0.16997813
0.25354052
-0.071809486
-0.04329582
-0.039519686
0.2351287
-0.07831435
-0.19808395
0.087026924
0.038164668
-0.05657237
0.033695184
0.018269584
-0.1063862
-0.086930595
-0.105235375
0.095612995
0.07944697
-0.06602847
-0.17528604
0.15396054
-0.20846963
0.003887967
0.09845652
-0.021141397
0.003481831
-0.1580251
-0.061711133
0.18628033
-0.107973084
-0.065977216
-0.05333391
-0.11875598
-0.10684559
0.08594889
0.036317613
-0.01124692
0.040135723
-0.13616613
0.15030436
-0.16432968
0.12546407
0.040363505
0.052132796
-0.16376828
0.037044127
-0.14818545
-0.017942844
-0.14228669
0.049320556
0.004464274
0.14993411
0.14184806
0.07059169
-0.08853594
-0.16137438
0.21782027
-0.18226205
0.158013
0.16375142
0.110142425
0.06513845
-0.09286918
-0.18929774
-0.007566272
-0.18006274
-0.19454591
0.14427441
-0.038748913
0.12329869
-0.13752972
0.030399263
-0.1174942
0.16285993
-0.115665115
-0.007674334
0.097238116
-0.030255292
0.116897985
-0.047763642
0.22660474
0.17103694
-0.10552547
0.013339946
-0.080593415
0.055907678
0.045359105
-0.21579404
0.024888631
-0.15025583
-0.22897282
0.15978512
-0.006018644
0.102671914
0.109283574
-0.33366704
0.113129735
0.023873286
0.030463846
0.2250809
0.15746301
0.030536028
-0.30433688
0.14956012
0.01802081
-0.0785012
0.057604138
-0.027458038
0.035680003
0.05115106
0.091508575
0.2666506
-0.14439467
0.031541355
0.16194165
-0.0074737645
0.086659074
-0.06374136
0.099461645
-0.37730628
0.0103983395
0.19750077
-0.045284975
0.13781022
-0.019722296
-0.05626349
-0.1334179
0.00477294
-0.053318862
-0.091328375
0.080422126
0.08531294
-0.2048411
-0.1745001
0.08058744
-0.093501695
-0.034033448
-0.0007118575
-0.11534946
0.05544057
-0.09091893
0.02182321
0.21013622
0.03571693
-0.18528327
-0.15216768
0.06781908
-0.18356079
0.13964039
-0.05863363
0.1892676
0.24819131
-0.07267072
-0.048979014
-0.17065635
0.17526823
-0.18629597
0.023271723
0.21020009
0.048128054
0.06468037
-0.06854822
-0.16461954
0.011145794
-0.116733
-0.119000025
-0.06520765
0.18998992
-0.117955744
-0.24775814
0.0024891188
0.17986976
0.0021455365
-0.14136165
0.033681817
-0.06036733
-0.002258127
-0.136084
-0.12638642
0.12747127
0.0850444
0.16803126
-0.17194478
0.19038704
0.016556427
-0.08698194
0.14304282
-0.12658371
-0.14189397
0.09116911
-0.1021998
-0.07100713
0.14938055
-0.08242346
-0.11772897
-0.02441014
0.12388394
-0.082242094
0.09190362
0.01068706
-0.071817674
-0.16929618
0.071988486
-0.13796951
0.0893839
0.1989033
-0.22791846
0.042621873
0.075100325
0.061988935
-0.08317953
0.22352251
0.07808163
0.07426417
-0.16009268
0.003225279
-0.11592144
0.10814478
-0.091115214
-0.021366624
0.110046804
0.16947205
-0.18944429
-0.19159952
0.046844803
-0.07160686
0.1539453
0.040901124
0.1734887
-0.083791815
0.06278916
-0.124093495
-0.03389192
-0.033516724
-0.12211071
-0.026174137
0.20400475
0.16692476
0.069230504
0.20829521
0.19776341
-0.028037956
-0.0340751
0.122496784
0.059252016
-0.17235556
0.17257953
-0.02820892
0.15360196
-0.013431249
-0.058911167
0.09603959
-0.10169905
0.042186964
0.09367786
0.119406626
0.09489117
0.14142294
0.17861825
0.0030158602
-0.21415228
-0.067277804
0.09013462
-0.054897673
0.061268955
0.05455852
-0.0016820491
0.1601972
-0.078769766
0.1298629
0.24465612
-0.1706835
-0.14278182
-0.102847375
0.17700519
-0.18452328
0.11438558
-0.0756159
0.0035763835
0.34807754
0.14963299
0.15614684
0.16470541
-0.078650504
0.103724584
-0.21813089
0.18569386
-0.059317768
-0.05255791
-0.17575046
-0.152883
-0.012608658
0.07187043
-0.2373339
0.09862341
-0.00991102
0.22247544
0.021665722
0.16918446
-0.1162853
0.054574355
0.015864104
-0.07072637
-0.062198814
-0.20080897
0.071000256
-0.22513337
-0.13298884
0.041335464
-0.050916012
0.045798667
0.26389724
-0.060535964
0.14959727
0.03454566
-0.19757392
0.03433829
-0.11239597
0.1342106
-0.054176327
-0.039230928
0.009535629
-0.009571742
0.06731627
0.011394932
0.08589042
-0.18349567
0.21868587
0.06839631
-0.2077219
0.21237321
0.086512424
0.122340746
-0.14671722
-0.2309967
0.17760052
-0.040644266
0.19189069
-0.03744519
0.09486092
0.13202678
0.21630199
0.16642013
-0.116053686
0.17076673
0.17264648
0.019211186
0.23073532
0.14508355
0.13918965
0.08663055
0.13684787
-0.22042903
0.012174301
0.04494721
-0.013371403
-0.17845584
-0.16061185
-0.06275054
-0.11529882
-0.093601145
-0.019004244
0.09292228
0.074448004
-0.08565365
0.24905121
-0.12083541
-0.14451765
-0.14524399
0.18543282
0.0811753
-0.0029290216
-0.05742433
0.1981851
-0.23318818
-0.10127992
-0.059094433
-0.20545746
0.093589574
-0.008380213
0.024918294
-0.17254195
0.056924134
0.024007423
0.289124
-0.15045924
0.0702917
0.15669139
-0.09207148
-0.10794414
0.018298326
0.23846012
0.0051227813
-0.23035657
-0.15148252
-0.042567953
-0.08968328
-0.1081642
-0.047341365
-0.034842506
-0.10210998
0.23939346
0.0026870416
0.07380926
-0.0505639
-0.07506777
-0.029024841
0.20223586
0.17414795
0.07116076
0.06574827
-0.14799505
0.12321139
-0.22448204
-0.0052451617
0.17854866
-0.10596393
-0.13853478
0.24835363
-0.14566258
-0.20274456
-0.02288996
0.09355977
-0.21272762
0.11718543
-0.1190821
0.051569395
-0.06802129
0.021657232
0.039551437
0.179997
-0.07100643
0.06433154
-0.081177235
-0.12678875
-0.17218652
-0.024182267
0.034802865
0.050046597
0.26399174
0.22647323
0.21438095
0.13697888
-0.19538602
-0.113552846
0.049174003
0.06372933
0.14545088
0.08559226
0.11323305
0.019093161
-0.04858335
0.07311063
0.22963752
-0.022992477
0.013271735
0.23061073
0.016486976
0.08188458
0.02324009
0.098343454
0.21961506
-0.13032907
-0.1847406
-0.10201123
0.019479563
-0.0037694832
-0.048730217
0.18985327
0.013262665
0.03343636
0.098099485
0.09765718
-0.08562965
0.14930955
-0.05102706
0.05014499
-0.22342327
0.06291968
0.0366742
-0.071477935
-0.1531259
-0.167057
-0.18979982
0.022835176
-0.00011472223
-0.019166112
-0.056690093
0.11429746
-0.093792744
0.10415628
-0.09480318
0.20082285
0.12290212
-0.14275537
-0.15446097
-0.11693133
0.097975776
-0.06625811
-0.12925364
0.16718578
-0.09237997
-0.0069448864
-0.09828788
-0.12735376
0.24136357
-0.03778818
0.24228378
-0.033753376
0.08108705
0.19935872
0.062205903
-0.1815405
0.02891217
0.2862075
0.110452585
0.13583437
-0.05550951
0.23890667
-0.07232061
0.09251923
0.07859011
0.035358973
0.01012862
0.15718211
-0.04386224
0.08808221
0.17802486
0.040078603
-0.21311195
0.14261933
0.18024299
0.20824501
-0.017708296
-0.051970135
0.06904324
0.06867867
-0.16510749
-0.030805316
-0.110385135
-0.18432708
0.2770172
-0.079083346
0.031304836
0.005907905
-0.13705455
-0.08971472
-0.044066608
-0.043419935
0.13087021
0.043847468
0.23112191
0.0641374
-0.02610375
-0.087291166
-0.15928689
0.033964634
0.21844551
0.0773808
0.02340527
0.12115756
0.24351381
0.1680673
-0.09427561
-0.08263971
-0.11094946
-0.017133577
-0.15456507
0.20095845
-0.0071115782
-0.07312168
-0.064660914
0.17073376
-0.14576112
0.04206225
0.22990957
0.032756917
0.055886317
-0.012410849
0.14087486
0.10981705
-0.012842626
0.08968429
0.09410059
0.17542748
-0.0076182163
0.08613276
0.22304371
-0.19497667
0.17367867
0.023554109
0.14318109
-0.15782903
0.0078505
0.075825535
-0.14091899
0.05092273
-0.036612444
0.14282316
-0.07645108
0.078553915
0.20265022
0.030710118
0.10462507
0.044893276
0.07444446
0.16755645
-0.13309655
0.22200257
-0.20639823
-0.13801126
0.13562663
0.0043796655
0.032894056
0.14270253
0.042946216
0.11475757
-0.025079168
-0.080744565
0.17062038
0.008509261
-0.125243
0.14564835
0.14124799
0.13790461
0.09220277
-0.14775257
0.09376628
-0.023049809
0.10734546
-0.10571016
-0.28368506
0.17339253
-0.009934739
-0.102284424
0.2016802
0.11231026
0.15279089
0.0011502336
0.022322701
-0.09985324
-0.18417285
-0.11208274
-0.08254119
-0.14774936
-0.018740498
0.14190304
0.044404924
0.15266128
-0.15301767
-0.07768952
0.05085183
-0.15728064
-0.088046834
0.20081005
0.20755792
-0.21169887
0.054462872
0.24214563
-0.18113112
-0.14000015
0.14073206
-0.16331692
-0.22543894
0.123349875
0.06785289
-0.15901235
0.23736075
-0.17794985
0.01909019
0.24773
-0.057279505
-0.08697814
-0.0005218307
-0.009279309
0.09448016
-0.14300317
0.19431712
-0.22522612
0.24514985
0.018736165
0.0870936
0.13597205
0.042556137
-0.027334195
-0.003837618
-0.03055699
0.036808934
-0.026730364
-0.12395276
-0.06431978
0.16936144
0.13924739
-0.2157767
0.02522098
-0.12012204
0.11637745
0.12970746
-0.035601042
0.24238157
-0.1640579
-0.01817184
0.20948982
0.16511297
-0.058719482
-0.15361266
0.0030711659
0.23917668
0.104940206
-0.0795116
0.014386146
0.030064125
0.28679094
0.13465503
-0.115707695
0.13566133
0.16576768
-0.03016745
0.009554171
-0.0410678
-0.17053005
0.059192825
0.15647422
-0.118161485
0.19782394
-0.14305612
0.074586935
-0.16189148
0.06579356
0.03733622
-0.06558436
0.23520498
0.16603439
-0.11130827
0.19654985
0.07932202
-0.2700167
-0.06794003
0.011146004
-0.05381493
0.099501796
-0.20947291
0.1936462
0.3366829
0.0025357627
-0.07994773
0.1980889
-0.20049554
-0.06239987
0.19184129
-0.14595586
-0.12807421
0.10939093
0.09746006
0.22647402
-0.07711695
-0.035045452
0.12660468
-0.28890124
0.11806999
0.23640437
-0.09557249
-0.24914065
-0.07502143
0.047600802
-0.12684631
0.12844831
-0.03583832
0.010975218
0.020438021
-0.21313676
0.035049632
0.16373494
-0.09958071
0.057695314
0.11837111
-0.052419372
0.07814528
0.13765909
0.017561676
0.09608442
0.15321958
0.0717671
0.057250306
-0.15832411
-0.13176015
-0.010038733
-0.19092143
0.005027521
0.22650114
-0.01618078
0.12552302
-0.037637055
0.057550807
-0.19386391
0.15158044
0.080168724
0.060564324
-0.05425052
0.06164526
0.15966131
-0.08374642
-0.06715443
-0.089094825
0.16409165
0.1993377
-0.09529284
0.18971992
0.23456667
-0.08798472
-0.056854237
-0.0845233
0.026182033
-0.1075549
0.007150425
0.09508646
0.10878358
0.15564182
0.16629605
-0.05183992
-0.12780057
-0.038802378
0.15567018
-0.15607865
0.13624309
-0.11797152
0.18770485
-0.08961862
0.12931873
-0.033188388
0.045898356
0.027040066
0.15015091
-0.011385147
-0.13365512
-0.00029043408
-0.07257494
-0.028680386
-0.02617336
0.073094256
0.011944499
-0.0020226664
-0.012889555
0.041623045
-0.20103575
-0.12771739
-0.051663663
-0.055150297
-0.077760525
0.04951348
-0.070850275
0.1033536
0.14484262
0.1420928
0.12084863
-0.15267694
-0.085465215
-0.050660487
-0.022568852
0.21307714
-0.16820629
0.20667423
-0.059796922
-0.19613281
0.10241585
-0.13416275
-0.07221448
0.0004534445
-0.19700989
0.13671869
0.16850628
0.11678742
0.06750218
-0.06572184
0.17146009
0.01686944
0.09136172
0.16643451
0.08274595
0.109098256
0.2004012
0.00974135
-0.13357215
-0.04850259
-0.026093362
-0.008906343
0.15966591
-0.019916514
-0.11395537
-0.022321152
-0.02056249
-0.024745025
-0.16661535
0.11784746
-0.18778965
0.1802674
0.04083436
-0.14943324
-0.010631407
-0.048276678
-0.08160299
-0.14803115
-0.06377023
-0.1543833
0.09138816
0.09337717
-0.072652146
0.23390663
-0.106498264
0.09837361
0.1661583
0.13858901
0.030482644
-0.10867835
0.1731619
0.1302331
0.16233356
0.18681972
0.10033443
0.025075417
-0.16867752
0.07232857
0.12149988
0.028339855
-0.03489997
-0.086099476
-0.15297048
0.20864949
0.2590762
-0.07479662
0.09390691
-0.07469622
0.1452099
-0.08985903
-0.12095779
0.021314127
-0.1263518
-0.17683098
-0.060400315
-0.20158404
-0.09025191
-0.020679541
0.08701228
-0.1509743
0.09398624
-0.1430945
0.23834626
0.1870889
-0.13715574
-0.04717074
-0.09082249
-0.09879466
0.23860045
0.18932852
0.11446464
-0.12177615
0.041483823
-0.08962619
0.06916698
0.13784221
-0.13247602
0.14300556
-0.2546714
-0.15909512
0.083483085
0.15470996
0.0091227135
-0.2722724
-0.025196275
0.23394516
0.13418883
-0.045317803
0.11659577
0.16426006
0.110241726
-0.16519135
0.026512017
0.09710558
-0.14281565
-0.014911034
0.15718064
0.00037243412
-0.118802994
0.3022567
0.109859735
-0.17355311
0.07001697
0.2181015
0.005904389
-0.063435055
0.03508498
-0.04507316
0.122627854
0.009480229
-0.030851409
0.07498104
-0.20649481
-0.13301492
0.3568095
0.027124746
-0.20426588
-0.21063781
0.0071671293
-0.08027675
-0.17910008
0.13531698
0.21461634
-0.11587944
0.13529731
0.183468
-0.013601425
-0.058345564
-0.048137743
0.022075871
0.1005039
0.11244232
0.12177123
0.20586957
0.0049604187
-0.20475689
-0.07867389
-0.25893933
-0.051183563
-0.21070576
0.058014553
0.18584932
0.10969369
-0.14725791
-0.13636713
0.00450797
0.121787824
-0.067096084
0.024561279
-0.2174414
-0.07358897
0.20674837
0.17533918
-0.11500766
-0.10728694
0.16685499
0.13867709
0.05357397
-0.03397979
0.26265678
-0.20221303
-0.046435293
-0.060648527
-0.13701338
0.052248664
-0.17070623
-0.1568908
0.21339817
-0.0020530713
0.17565462
0.13517633
-0.048410304
-0.08128422
0.037152205
0.047050145
-0.15872201
-0.056677986
0.12789024
-0.075117335
-0.100801736
-0.0059314677
-0.1388953
0.033807937
-0.08032361
0.05954408
0.22334944
-0.08662708
-0.008248005
-0.13796139
0.14163013
-0.009719968
0.18534738
-0.058892984
-0.11082309
-0.080498606
0.008286126
0.15588433
0.00035507613
0.005894813
0.14303327
-0.046599228
0.03451269
-0.1700602
-0.0025257613
0.19958128
-0.098696716
0.025758486
0.19841985
0.014108262
-0.073192574
0.16163456
0.12932554
0.12588377
-0.014288845
-0.014949274
0.09672362
-0.14963298
0.023037026
0.042372465
0.18400459
-0.19504873
0.19141395
0.10416969
0.12911232
0.12383618
-0.10373339
0.09180412
0.0011231096
0.021781696
-0.069038354
0.0029930535
0.13037372
0.026516387
0.053560562
-0.046338174
-0.06286284
-0.090927206
0.023253025
0.17408904
0.045507055
0.13736938
0.013993686
-0.009523105
-0.082702056
-0.06806457
-0.03235959
-0.041669685
0.2011936
-0.039152507
0.011036642
0.08199445
0.26425382
-0.04590774
-0.003430037
0.15884478
0.3654409
0.10225251
0.002120034
0.082484834
-0.17081173
-0.12142954
-0.20095482
-0.20338292
-0.14263166
-0.12671757
0.053183146
-0.12112959
-0.17340827
0.1463521
-0.060349517
-0.13489315
0.11348834
-0.23442996
0.28687623
-0.113356546
-0.15364696
-0.10189462
0.13623701
-0.10967498
0.2149691
-0.09857307
-0.1641804
0.19221447
-0.0675194
0.013636737
-0.04561808
-0.03186119
0.0944853
-0.0047437926
-0.09996026
0.3165468
0.05389917
-0.033738982
-0.1496455
-0.15079458
0.08005222
-0.033527568
0.11336225
0.09656003
-0.026971975
0.116155155
-0.123465404
0.13067108
-0.0763354
0.13155319
0.036054034
0.06521483
0.019080585
-0.09435513
-0.048669368
-0.2416655
-0.1653754
0.06033267
-0.08829872
0.11682867
-0.09795339
0.061753716
-0.015654627
0.028204037
-0.12863596
0.05382645
-0.16551912
-0.038868662
-0.13995652
-0.17934579
0.15804611
-0.042182025
0.03311407
-0.16683936
-0.10525932
-0.10514137
-0.0896323
-0.053656705
-0.11457274
0.11605724
-0.11111459
-0.07092028
-0.21829836
0.2742584
0.23165299
-0.12574366
-0.15440615
-0.002608235
-0.047923476
0.22420639
-0.22524682
-0.16444135
0.17169324
-0.036173314
0.15026572
0.23181376
0.2138441
0.08333955
0.04594604
-0.148533
-0.03050919
0.018964723
-0.14726427
-0.1905552
0.05391247
0.1933549
-0.03935739
-0.08755479
0.09219346
-0.22605121
-0.24381715
-0.15061988
0.11962872
0.09646769
0.043476205
-0.16304503
0.14923754
-0.07121233
-0.12288089
-0.17837723
0.04100174
-0.1730618
0.22302999
-0.01350805
0.18290654
-0.007700014
0.0055670473
-0.015501969
0.18002482
0.03389271
0.13722792
-0.21659662
-0.08899982
0.10289214
-0.07047289
0.0816477
-0.058150195
-0.16218312
0.039848793
-0.10270125
0.15048176
0.02470583
-0.14859325
-0.32042855
-0.0919745
-0.1369214
0.17291085
0.12613563
0.08682096
-0.0028659482
-0.107447796
0.09332716
0.18190406
0.11000321
-0.12193647
-0.071640566
0.13350911
0.045829665
0.22082928
-0.081683815
0.20499428
-0.1140469
-0.24861255
0.16877735
-0.015397514
-0.26173934
-0.03928026
-0.14998679
0.27459478
-0.12037666
0.10268429
0.25259975
0.04506897
0.0031723499
-0.050413128
-0.09317274
0.21217906
0.06624804
-0.040526435
0.14149535
0.110530436
0.033626247
-0.023808299
-0.06458976
-0.06519791
-0.13876742
-0.2475308
-0.031987917
0.23413928
0.026554052
0.03510932
-0.12958571
-0.06929881
-0.18875849
-0.15262258
-0.19528005
-0.19088481
-0.22534612
-0.021296764
0.124293365
0.20841442
0.007389168
0.10873182
-0.053628825
0.123151064
-0.097851746
-0.05075661
0.050152548
0.1484629
-0.08912423
-0.011503889
0.006795432
0.06216551
-0.10624875
-0.042502888
-0.17261924
0.27908847
0.06243508
0.11579173
0.30513585
0.119981736
0.13748817
-0.04502692
0.15642911
0.08073084
0.026548488
0.14613064
-0.054310087
-0.27756342
-0.032420956
0.0022697423
0.06008574
-0.10483382
0.015930764
0.029670514
-0.17557509
-0.24888328
0.15605193
-0.07487134
-0.06753014
0.010560617
-0.06161393
-0.030298498
-0.18473426
-0.049826927
-0.01514752
0.00017962804
0.09758942
-0.22729652
0.1492042
0.018718498
0.17377982
-0.00584356
0.25454962
-0.03611115
0.24881795
-0.098982066
-0.21621148
-0.11656721
0.04148183
-0.06609224
-0.14929578
-0.075458236
-0.016419107
-0.08092153
0.09916171
0.16585316
0.15710457
0.19543213
-0.09795983
-0.070829295
-0.16224317
0.19234364
0.17127408
0.030366015
0.037534162
-0.053677987
-0.16191503
0.1808
-0.16487914
0.18041801
-0.1521389
0.027330535
0.005493973
-0.11418928
-0.21909702
0.115619846
0.018244473
-0.028219773
-0.067270346
0.15520869
0.04495683
0.153034
-0.15591839
0.2091692
-0.11826166
-0.08836521
-0.023576204
0.015829274
0.1611921
-0.097215965
0.07733049
0.06509014
-0.0986607
-0.21318664
-0.460439
0.0063928505
-0.130892
0.10791268
-0.0500075
-0.283381
0.13269946
0.15705493
0.021899274
0.14066042
-0.19219919
0.32176557
0.13016206
-0.23942703
-0.09128497
0.16113912
0.19303484
-0.16632184
0.05462344
0.036572557
-0.2708013
-0.1498982
-0.08842822
0.19869235
-0.28498918
-0.06865807
-0.034447305
0.05638467
-0.00088106026
-0.25626978
-0.1735304
0.05131532
-0.09696104
0.044561442
0.15730278
-0.064306825
0.29763374
0.0042821816
-0.034936048
-0.06986198
-0.03481613
-0.28530386
0.22307192
0.21624877
-0.26839042
0.022080885
-0.09946623
0.19627279
0.1312543
-0.1423184
0.102991484
-0.001769215
-0.14185575
0.060043123
-0.04648077
0.103688195
-0.15281785
0.1762051
-0.08669086
0.045309782
-0.10731656
-0.12742786
-0.25549784
0.060976416
-0.036825705
0.0020504473
-0.07969279
-0.1435894
0.48985818
-0.02670224
0.08082589
0.12934974
-0.16935171
0.112612695
-0.03321704
-0.101248726
-0.36690116
-0.03378842
-0.3196037
-0.29706585
-0.015445239
0.010143064
0.14194503
0.06482587
0.026174985
0.15014565
0.1668026
0.01743625
0.10299309
-0.20694534
-0.044309735
-0.097152635
-0.1421271
0.20885676
0.102415025
0.027519783
0.05761251
0.078082584
0.018868044
-0.2336122
-0.08245462
-0.0970354
-0.04417212
-0.025681406
-0.0805662
0.19259472
0.07557634
-0.051308982
0.2532191
-0.015419719
-0.045839325
0.2621781
-0.06340237
0.089891165
0.018000312
-0.055808365
-0.18024898
-0.0111863585
-0.036953937
-0.22570078
-0.2772124
0.12180253
0.083414316
0.05420253
-0.080005676
-0.066369735
-0.10901488
-0.022477144
0.13097058
0.08055239
0.046379343
-0.15321867
-0.031532176
0.008766566
0.11196555
0.062439974
0.13126962
0.020522917
0.04138073
0.23969637
-0.19454077
-0.13519455
0.19272399
0.18270363
0.08242913
-0.10399197
0.14390348
-0.13467279
-0.002394822
0.037638836
-0.019284517
0.13494045
0.27592036
0.2189452
0.015153259
-0.22280721
0.0502052
0.0037430923
0.14959247
0.04279916
0.058559842
-0.0005050403
-0.2177439
-0.17759162
0.06333531
-0.1032566
0.010928616
-0.009185577
-0.122635774
0.11277294
0.0904494
-0.1814619
0.19487663
0.11300879
0.099817954
0.10885822
0.015091093
-0.051213846
0.29337046
-0.073721856
0.117974974
0.03405156
0.12694688
-0.011753689
0.09126616
-0.038011197
0.12386322
0.26640993
0.16850416
-0.016684134
-0.1868477
0.13741772
0.14206778
-0.15710641
0.13525027
-0.21876964
0.011976881
-0.08691757
0.039277874
0.025460457
-0.13899493
0.09712546
-0.15318915
-0.11380157
-0.14103572
-0.15250607
0.17755131
-0.060771912
0.13202593
0.07119742
-0.08657359
0.08282736
0.114550956
0.12516302
0.07989135
-0.18064882
-0.048112974
0.14721385
0.12708914
-0.11842465
0.12574118
0.08435645
0.0510212
0.17849693
0.0027245444
-0.008927123
0.16690353
-0.05843363
-0.22729598
0.03817156
0.14949128
-0.013480281
-0.10403754
-0.13231556
-0.079882614
-0.17526989
0.18808779
-0.079911046
-0.097837694
-0.06277699
0.10588278
0.020911401
0.09167634
0.06151441
0.0062902514
0.0054381173
0.07861542
-0.040523026
0.003643588
-0.11052734
0.061274584
-0.12748799
0.119722694
-0.048238914
0.15147214
-0.06253132
0.082606465
0.10633039
0.18729195
-0.08578407
0.15457809
0.090073034
-0.11743337
0.119173996
0.011507008
-0.06047551
-0.0050581503
0.027518949
0.061872955
0.03851002
-0.12041633
0.0452948
0.22046137
-0.06708723
0.10840572
0.13241804
-0.060862135
0.11400776
0.20756084
0.18824543
0.17130291
0.038353045
-0.14184149
-0.12388919
0.093481734
0.05713554
0.07211301
0.061643325
-0.051500633
-0.20281045
0.1972349
0.22615662
0.06968659
-0.02549068
-0.035488676
-0.12568568
0.06412776
-0.1773844
-0.08850216
-0.006480647
0.031568814
-0.21006596
0.14873713
-0.044007342
0.09228749
0.14334174
-0.08968778
-0.10347111
-0.04582446
0.029018268
-0.26277816
0.23397316
0.122330874
0.1156239
-0.09506363
-0.10484808
0.058349203
0.15080746
-0.03400951
-0.08687031
-0.20013042
-0.011440318
0.03329675
0.043594074
0.029952694
-0.009574261
0.03207659
0.15084794
-0.100045994
0.13786238
0.14093995
-0.1454098
-0.04888008
0.21775895
-0.09763476
0.16401815
-0.115325555
0.044758
0.17836241
0.16756816
-0.010939265
-0.0715881
0.19575791
0.007416492
-0.068241104
-0.08059343
-0.04897161
-0.08275732
0.09530297
0.07544692
-0.08144048
-0.016616251
-0.028070344
-0.20819773
0.14355028
-0.061658297
-0.07726187
0.13596968
0.0653014
0.24658485
-0.19969322
-0.09538017
0.044471703
-0.005262325
0.15894517
0.011628214
0.12780647
0.18347283
-0.034002792
0.14816254
-0.006195191
0.03868264
0.10579181
-0.06768577
-0.0870807
0.13052781
-0.0700523
0.038722668
0.20750208
-0.021630814
0.07787659
-0.20171276
0.09933461
-0.0048458255
-0.1666271
0.1450021
-0.094870985
-0.030102916
-0.07592718
0.11119933
0.1059619
0.111037
0.29409572
0.06566334
-0.18601519
0.011363736
-0.053163704
-0.046847574
-0.12596032
-0.16252767
0.08755663
-0.056396842
0.022281025
0.070228346
-0.09132224
0.037366472
0.010013372
0.12772919
-0.11391369
0.17527738
0.09973619
-0.11297461
-0.11319945
0.1170128
0.19357094
0.04729106
-0.22801435
-0.16892014
-0.004252671
0.04456767
0.019893177
-0.04003463
0.055416696
-0.11890702
0.13103591
-0.19537815
-0.087233946
-0.08590196
0.062264618
-0.031946823
0.16714591
0.20147072
-0.0007232376
-0.08244621
0.13195825
0.082110725
0.03666821
-0.22135769
-0.12773368
0.19336943
0.0020038926
-0.16048491
-0.104164794
0.13056105
-0.047347784
-0.038647573
-0.19899182
0.058134876
0.043006394
0.04302353
0.15784363
0.0669837
0.29087666
0.1332421
0.06752602
-0.0029723095
0.12073194
-0.07910815
-0.15117684
-0.15741035
-0.071123935
-0.10921231
0.1263964
-0.17451458
0.12860392
0.15688059
-0.07084225
0.2557564
0.19697775
-0.1463225
0.15327048
0.13246265
-0.105053134
-0.01672522
-0.14840986
0.13261099
0.17696798
-0.11885751
0.06850783
-0.06908438
-0.023846222
-0.063720964
0.19932687
-0.18024899
0.16584297
-0.010721831
-0.09255185
0.03565846
-0.10699257
-0.04942404
-0.225815
0.09653102
-0.07249597
-0.17615764
-0.079351954
0.1800492
0.01041322
0.1599992
0.050298553
-0.17854433
-0.1075097
0.109532885
-0.124541976
-0.0016380708
-0.05526097
-0.17175259
-0.024848564
0.18662044
-0.24818404
0.24833575
0.056663718
0.03864842
0.21341673
-0.06439364
-0.121064626
-0.034493443
0.0893257
0.013428126
-0.08217937
0.10636391
-0.08209902
0.3829989
-0.24986038
-0.13885853
0.032060713
0.20246682
0.06624362
-0.050827492
-0.00543535
-0.010032692
-0.24016117
-0.0502915
0.098180644
-0.1466063
-0.2533795
0.072911724
0.04365491
0.11158743
-0.059574015
-0.07691956
0.2663103
0.07657614
-0.13548619
0.20753697
0.046802655
0.014527384
-0.014102658
-0.06264528
0.079870455
0.13254412
-0.051427957
-0.17804727
-0.08571761
-0.05747114
-0.3196525
0.052088954
0.015596273
-0.10629664
-0.08840668
-0.3045406
-0.2632006
0.044494826
0.10035727
-0.19462337
0.15267643
-0.026281284
-0.03234699
-0.06093212
0.1266558
-0.10443865
-0.21048793
-0.1879748
-0.006074115
0.17496485
0.27103472
-0.1519668
0.13009922
0.21638864
0.0057513514
-0.10073499
0.05607192
0.02295844
0.031735886
0.10647873
0.11615228
0.016907219
0.16560997
0.009888244
0.28455368
0.22117886
0.072263524
0.08039335
-0.056943364
-0.09310134
-0.13863331
-0.16692393
0.18598528
0.116821006
-0.018587166
0.041263796
-0.008972559
-0.018259507
0.06961977
-0.03564905
-0.08703755
-0.022209903
0.13697356
-0.13596135
0.09823982
-0.20001769
0.040487725
-0.010757576
-0.078323714
0.0183635
0.2400878
-0.15468134
0.23221107
0.017640632
-0.14343488
-0.035500992
0.098436445
0.092896126
0.0019932354
-0.0154733565
-0.062173024
-0.16712591
-0.22805542
0.0071402704
-0.04051527
-0.125064
0.07639345
-0.17340328
0.21477056
0.050275907
-0.05370909
0.28456405
-0.05019663
0.10557985
0.132928
-0.007938239
-0.1501182
-0.10548187
0.024541788
0.11370889
-0.04884813
0.026144847
-0.06948031
-0.035703104
0.18437925
0.049039952
-0.30271015
-0.26358756
0.07770044
0.13946398
-0.034782298
-0.2589938
0.0026558903
0.05551204
-0.026813805
0.0074818083
0.10887744
0.28586555
0.05478303
-0.07543574
0.12920769
0.07028581
-0.12449635
-0.14118443
0.114264034
0.15390165
-0.0370667
-0.030821808
0.2972089
0.06374576
0.009518445
-0.12404157
0.011654528
-0.0015045247
-0.076078005
-0.11490891
0.2480349
-0.07493394
-0.13803086
-0.13347587
0.15138528
0.042864576
-0.24435604
-0.054065794
-0.19210334
-0.056271553
-0.1992426
-0.03420008
0.023833029
-0.117022075
0.18529093
0.113231115
0.027678007
0.11359351
0.11329941
-0.044670757
0.07636839
-0.10309729
0.0036543843
0.21014325
0.10633314
0.166323
-0.13133225
0.08152985
0.19015123
-0.06532724
0.122191034
0.030069288
0.07153003
-0.14765522
0.11045009
0.07275747
-0.12945904
-0.17597519
-0.03958674
0.08833007
0.014692086
-0.16183794
0.16388921
-0.13302566
0.13644697
0.18178162
-0.15471807
0.066922255
-0.14815721
0.14474882
0.026938269
-0.08613435
0.1787942
0.084409714
0.06137071
-0.02876672
-0.02731579
-0.1760033
0.027408116
-0.15163115
-0.05790429
0.16240042
-0.20170754
0.056820128
0.03437574
-0.07645589
0.124117136
0.1800018
-0.077568546
0.055472974
-0.05797529
-0.031402547
-0.10118681
0.1893315
0.07528566
0.19704722
0.025326122
-0.068634525
0.1457176
0.0676196
0.15931644
0.1649213
-0.002558515
0.090005495
0.12727024
0.16479978
0.19878875
0.14069948
0.14647476
-0.0034234517
0.10255586
-0.18848163
-0.0761894
0.029206593
0.06086758
0.14205468
0.091264315
-0.051271603
0.036245834
-0.009188559
0.024500085
-0.10606598
0.13919383
-0.025739484
-0.11914372
0.011280308
0.10337373
0.07334958
-0.026721088
-0.15082124
0.17597152
0.039706223
0.114333235
-0.044031143
0.02748781
0.0675972
-0.06468413
0.17959957
0.15650856
0.15588905
0.08408096
0.030598346
0.023528457
-0.050779637
-0.10443848
0.21652383
-0.10940455
-0.069809124
0.01965759
-0.1022004
-0.08034833
-0.14883833
-0.008514952
0.020317568
0.08662548
-0.13636269
-0.121367596
0.15599747
0.026108928
-0.08953991
-0.17558734
0.12832084
0.059179023
0.14790328
-0.12747061
-0.14418666
0.1961793
0.012817038
-0.12657402
0.16565447
-0.045733508
0.008719883
-0.040383827
0.012391666
0.053317863
-0.048662797
0.12438764
-0.061182518
-0.15064709
-0.13879882
0.24775355
-0.03532337
-0.100584134
-0.10492858
0.02479093
0.009092225
0.15219654
-0.23670937
0.1726259
0.13624382
0.11554411
0.051356707
0.04678468
-0.030911755
-0.12304459
0.0045293756
-0.12906732
0.1844862
0.098604746
-0.15897278
0.080568306
0.15755631
0.12581885
0.06382886
0.010068654
-0.022321278
0.039942835
-0.037079383
-0.020065766
0.061276898
-0.077745475
-0.048141606
-0.13192798
0.07988169
-0.16191946
-0.08152903
0.04776695
-0.17101075
0.06352277
0.0030423824
0.15553328
0.1469554
0.18291649
-0.15856911
0.03493304
-0.17250486
0.057945583
-0.18338946
0.14504553
-0.012139225
0.020589093
0.16744216
0.2615602
0.15042128
0.08212996
-0.08231853
0.060209658
-0.1047164
-0.17828529
0.19391601
-0.118556626
0.011595434
-0.13057052
0.22663648
0.2592147
0.28992084
-0.10695144
-0.0059715956
0.12148253
-0.20644292
0.14977819
0.028693737
-0.055359025
0.0052358587
-0.16327609
-0.014270824
0.031249443
-0.188741
-0.13085115
0.016052313
0.05750986
-0.035702586
0.033661082
-0.0763913
0.08239745
-0.04174221
-0.114640035
0.07493931
0.021284461
0.13331755
-0.04238173
-0.11706541
-0.1321683
0.13167651
0.036486812
-0.011197117
0.10034079
-0.15480867
-0.18183793
-0.16525623
-0.019747566
-0.19890328
-0.16342774
0.06438425
0.08254938
-0.08364079
0.11370472
0.10650496
-0.17437467
-0.16201714
0.0070058214
-0.08260208
0.10886483
-0.09631332
-0.01352715
-0.13037728
0.10227272
0.09140062
-0.16512203
0.21059749
0.09076338
-0.042348173
0.02655674
-0.16899054
0.2193266
0.16239575
-0.02890366
-0.10116245
0.11194375
0.03493422
-0.107286
-0.24217954
-0.048664268
0.16063468
-0.17381527
-0.21657522
-0.08010016
-0.13581459
-0.12118213
0.1858787
-0.16809312
-0.10103024
0.071685106
-0.05102026
0.15234502
-0.12006585
0.18515421
-0.09508722
0.108230725
0.18678698
0.15309837
-0.06517176
0.09583648
-0.2220075
-0.12395862
-0.021956408
0.02438222
0.11175305
-0.09423662
-0.09999247
0.10062606
-0.13635388
-0.16724066
0.19936022
0.19227695
-0.0030927362
0.0030265052
-0.021587778
0.15562339
0.25337264
-0.0065428694
-0.023820052
-0.046101473
-0.055603802
-0.11550459
0.12723236
0.13878208
0.2115058
-0.08808364
-0.042057794
0.03755068
-0.1967653
-0.1671785
0.16133833
0.023411619
0.11233832
0.14620991
-0.024854023
-0.0046443045
0.1260777
-0.12755021
0.028846284
0.09216942
0.04178156
-0.08525687
-0.09925332
0.11918803
-0.030820161
0.022156399
0.05499591
-0.036438774
-0.19560044
0.076663
-0.07777365
-0.08697842
0.09977439
-0.027254958
0.04863708
-0.13486068
-0.24244873
0.1395834
0.050810162
0.08001218
0.15524398
0.2192471
0.16877605
0.14175984
-0.097709425
-0.12706818
0.12889795
0.01681228
0.11070539
-0.24500549
0.26089376
0.017303893
0.040661525
-0.043737184
0.17335314
-0.2285546
0.08216209
0.18642293
-0.10946742
0.06390982
0.14309089
-0.16968377
0.01083314
-0.1783418
0.14521876
-0.22902559
-0.119145006
-0.03385931
-0.18342255
-0.101797774
-0.06339526
-0.0072064404
0.013890735
-0.15052049
-0.20812388
-0.049326148
0.18047816
0.21581917
0.07202435
-0.055196382
0.05600317
0.1781787
0.100920826
0.12319988
0.09782071
0.009385637
-0.023787826
-0.11864908
-0.17862934
-0.02516541
0.13067244
0.2567281
0.19913746
0.11316289
0.13324092
0.118100636
-0.039051194
0.08884652
0.018131103
-0.114377484
0.005021956
-0.053671338
0.108165964
-0.03805268
0.029233692
-0.028665205
-0.05941993
0.06719097
0.24735756
0.12857814
-0.08034565
-0.16077232
-0.01298068
0.14302483
-0.2232051
-0.063254245
-0.024368372
-0.1638284
0.014064646
-0.06772979
-0.15984865
0.18293756
0.10099229
-0.10822033
-0.14430693
-0.065755084
-0.12558028
-0.17498486
-0.092291094
0.16757941
-0.17368104
-0.11789009
-0.12842222
0.041785616
0.1574372
-0.012313688
0.19701582
-0.07481734
0.018777335
-0.16015261
0.23856255
0.15954396
-0.016199807
0.0046528294
-0.21445069
0.1420657
0.083177246
0.15490751
0.06766217
-0.09315155
0.16099122
-0.044036545
-0.041147504
-0.082833245
-0.15955694
-0.008427587
0.034670677
-0.091117755
0.15565044
-0.0025051476
0.112494074
0.078668006
0.021458583
0.13531193
0.258882
0.12039858
-0.07748508
-0.04683977
0.13309716
0.17896853
-0.14084296
0.00050829636
0.09715627
-0.041804474
0.13519382
-0.10246861
0.09681696
0.14762864
-0.110897966
-0.074786305
0.15157051
0.028652746
-0.072731376
-0.10717397
-0.058518264
0.096131474
-0.003991426
0.16471091
0.14355154
-0.03731249
-0.14970902
-0.10856524
-0.017068328
-0.108288355
0.20349075
-0.21648493
0.15753996
-0.07070478
-0.13188453
0.16439421
-0.15237089
0.029294582
-0.16955712
-0.087803125
0.10058118
-0.11616307
-0.14807044
0.012802966
-0.024236552
-0.20554231
-0.013409139
0.2034701
-0.06448265
0.093259715
0.015734605
0.0036183305
0.12476952
0.023762915
0.021638574
-0.118557684
0.13385938
-0.12158231
0.2078459
0.04973435
0.12890267
-0.042264655
-0.1290051
-0.050282095
0.13480005
-0.17640588
0.030381173
0.14379014
0.016929805
0.10345202
-0.11682807
0.1876219
0.10490104
0.11490976
-0.08691925
-0.042310238
-0.08475397
0.10066959
0.14521101
-0.0145484125
0.11871176
-0.06481494
-0.11465578
-0.1031967
0.065041766
0.10599482
0.13506621
-0.15731944
0.19159785
0.20231763
-0.08405617
-0.12641935
0.0707713
-0.17981294
0.05293791
0.0052336194
0.083806865
-0.16641863
-0.092293106
0.06723966
0.08070038
-0.007937981
-0.23588265
-0.12688404
0.18140435
-0.039963897
0.2535172
-0.042326733
-0.11738626
-0.08571467
0.21627381
0.1211404
0.0904207
-0.040366873
0.15296474
-0.015592862
-0.14845005
0.052166127
-0.1418723
0.20594685
0.039727267
-0.12602262
-0.28897974
-0.11933878
-0.07891714
0.034499522
0.06660744
-0.16175471
0.08524072
-0.098659925
0.106461346
-0.08857648
-0.071541905
-0.13780932
0.13341248
-0.24944548
-0.026621
0.22352363
0.27743915
0.24762665
-0.18419035
-0.2551892
0.044066716
0.046362083
-0.17032407
0.120914474
-0.06198997
-0.10919176
-0.12437251
0.04785948
-0.069235
0.0057091475
-0.18708852
-0.11900009
0.008616527
-0.07753369
0.22047582
0.004542807
-0.10047246
0.18349846
-0.15814199
0.11824744
0.101760514
0.22611657
0.013839379
0.28151911
0.091786996
-0.1714447
-0.21039228
-0.13326608
-0.11267597
-0.11784705
-0.09624935
-0.17029011
-0.0937648
-0.09154955
-0.13502745
-0.1262776
0.15606484
0.05423678
0.044671368
0.14677109
0.1934897
-0.014002577
-0.03674581
-0.005073941
0.12163344
-0.18328843
-0.059513617
0.002300836
-0.13312347
-0.0032632414
0.23292829
-0.04325331
0.09386117
-0.12908539
0.10750051
-0.13258572
-0.19963236
0.17145276
-0.08611786
-0.07388616
-0.10377927
-0.08054987
0.16062905
-0.2098821
0.022609057
0.006857209
-0.17615475
0.16472669
-0.103521295
0.19041313
0.019134678
-0.09645098
-0.20340408
-0.05622979
-0.043900054
0.09963031
-0.21624193
0.091452405
-0.15027824
-0.060058497
0.22420107
-0.005895996
0.30325425
-0.12587912
0.11031418
0.100925826
0.19276908
-0.074993074
-0.09097332
0.12238206
-0.08682769
-0.035314333
0.20211907
0.089660585
-0.26467797
-0.042632423
-0.19084151
0.06024251
0.01831327
0.0078118583
-0.020417335
0.14785546
0.2662104
-0.13400152
0.044890717
-0.21141091
0.06550498
0.09460595
-0.21310344
0.20301211
0.157182
-0.21525235
-0.14755957
0.11604251
-0.23731427
0.033590183
0.18004063
0.16176619
0.07467092
0.193849
-0.052103363
0.15508081
-0.24159226
-0.19793047
0.19792932
0.0982214
-0.05306626
-0.119197406
0.018693853
0.14717206
0.09166908
-0.14348508
0.046681046
-0.050786026
0.057605095
0.11686342
-0.102849334
0.11013737
-0.0059308563
-0.027085906
-0.16196752
-0.044789784
-0.11804764
0.20871611
0.12752482
-0.02979802
0.10362522
-0.113351844
-0.03164035
0.18441367
0.05057327
0.23915444
0.01100329
-0.029860066
-0.11566231
-0.15444772
0.08416028
-0.088594735
0.09345345
0.15637814
-0.23443352
0.089028716
0.29104358
0.14003119
0.028586142
0.29643664
0.08379933
-0.022156058
-0.12092997
-0.068655744
-0.03232164
-0.14623685
0.021181842
0.24305668
0.115784995
0.018688692
-0.25960416
0.18709362
0.06385476
-0.16402906
-0.09396248
-0.20140694
-0.08266399
-0.10954205
-0.07128704
-0.07993415
-0.06689787
0.1017296
0.18193609
0.22543494
0.17177172
-0.15921663
-0.040424056
0.030883815
0.0019455616
-0.1553614
0.004161546
-0.16947103
-0.0049285907
-0.16263871
-0.25711077
-0.047045425
-0.21399753
-0.21183269
-0.11535515
0.15715285
0.029248592
0.08560859
0.14508694
0.28998834
-0.15262215
0.14188631
0.113619484
-0.043723688
-0.030994792
-0.05110645
-0.17798497
-0.19067097
-0.088532954
-0.03132343
0.09892367
-0.051534478
-0.01714152
-0.13332754
0.010974474
0.058520246
0.12544091
-0.042604167
-0.21854721
0.0350502
0.05297715
0.16003916
-0.10362874
0.0844166
0.09724998
-0.3040472
0.14932229
0.014474793
-0.045478925
-0.017714815
0.048288047
0.11854878
-0.16239409
-0.06190491
-0.107678175
0.15944265
-0.065755986
0.09428272
0.25041053
0.17979307
-0.064396024
0.18769471
0.07244969
-0.17446738
0.05944632
0.013555588
-0.085331336
-0.08653541
0.069557056
-0.096371256
-0.011879277
0.09447422
-0.14502361
-0.17994761
0.1256915
-0.06876054
0.20193116
0.028970484
0.13687663
0.096437484
-0.14383483
0.15673473
-0.052160725
0.11090754
-0.16468741
-0.06632683
0.17893894
0.044239733
0.11660129
-0.17241505
-0.24052039
0.029051907
0.03426715
0.14015675
0.11623427
-0.06875112
0.12297473
-0.145648
0.06911929
0.35874128
0.1454
0.10367505
-0.17109676
0.15633821
-0.10633502
-0.12097608
-0.2042542
0.07114899
0.049611665
0.13433397
0.10082951
-0.08747655
0.13701145
0.06786983
-0.022467839
0.08208116
0.033029076
-0.15720576
0.108001254
0.13401665
-0.07807391
0.23549348
-0.083034374
-0.024831558
0.050371666
0.09942175
0.017765304
0.15483293
0.11881098
-0.042500686
-0.006121612
0.10169702
-0.056046184
-0.18059316
-0.053622734
-0.18478698
-0.15419357
0.051109888
-0.0064103706
0.1732855
0.022121439
0.054381955
-0.14770927
0.12891461
0.07337428
-0.058573328
0.06949555
0.02560156
0.05182165
0.15796675
-0.0009722389
-0.03974416
-0.05400042
0.13968463
0.13732423
-0.110572755
-0.22727355
0.06488981
-0.053465147
0.102728955
-0.21267685
-0.11742333
-0.4155393
-0.008589903
0.029534198
-0.18791837
-0.019189412
0.08325265
-0.016258445
0.08771443
-0.060726024
-0.41873285
0.15772901
-0.3345482
0.22368611
0.1753722
0.30700925
-0.09085999
-0.47956616
0.33908913
-0.102103226
-0.122989625
-0.058853474
0.270792
0.29431096
0.0048435214
0.33590913
0.29422772
0.015013523
-0.14145437
0.13797368
0.18394037
0.020783436
-0.10112947
-0.047889333
0.13215375
0.1968909
-0.04152237
-0.098459885
0.20111795
0.06318814
-0.21157663
-0.3474754
-0.22749752
0.25279728
-0.086775914
0.15617466
0.15686196
0.22131804
0.023132432
0.15143499
-0.13502769
-0.012693062
0.082122765
0.052323055
-0.10005511
-0.19202341
-0.1607577
-0.059264082
0.13711411
-0.09431389
0.05875333
-0.06916634
-0.1945516
0.04967387
0.12853943
0.0182063
-0.08795002
-0.0523921
0.18949968
-0.21688928
0.14941278
-0.13306233
-0.16678004
-0.1891781
-0.12297132
-0.039704096
-0.19425373
0.23246703
-0.040903054
-0.003495163
0.15868402
-0.0980413
-0.2686835
-0.22314095
-0.08164549
0.0706474
-0.1178657
-0.14920343
-0.11895707
-0.095584795
-0.090096496
-0.16956052
-0.011758153
0.032025505
0.096809514
-0.22913727
-0.07495449
0.10999755
-0.038777087
0.17996381
-0.12787093
0.033061445
0.028443718
0.23788954
-0.07403118
0.10255802
-0.10837368
-0.0039344
-0.13320455
0.014486946
-0.019291762
-0.07283333
0.11879648
0.03140883
0.02893317
0.013197145
-0.16951068
0.1497561
0.016354915
-0.17561059
0.12528558
0.1808053
-0.10300338
0.10084985
0.18308496
0.031432193
0.11052284
0.03349698
-0.1620071
-0.12913612
0.14949347
0.02351051
0.0043515298
-0.15785433
-0.15604344
-0.13718987
0.18039003
0.030852227
-0.029567024
0.053534225
-0.12802689
-0.09727971
-0.0068962546
0.023381034
0.05843717
-0.12912354
0.07052915
-0.016471867
-0.056381118
0.034328036
0.14488764
0.088291325
-0.028023973
-0.15866442
0.13836056
0.2296642
0.18363725
-0.05902725
-0.030511955
-0.08007414
-0.1399677
-0.06324016
0.15714036
0.084638566
-0.20282476
-0.19708954
-0.063357525
-0.17363526
-0.120607555
0.10513395
0.066799246
-0.05765381
0.14337897
0.33765033
-0.03364026
0.05310784
0.09745363
0.14110696
0.017271029
0.12875096
0.111410595
-0.12732388
0.009142854
0.017486196
-0.13554126
0.019710176
-0.115096405
0.09931539
-0.13522168
0.015213155
0.07911886
0.07048717
0.15586808
-0.004988523
-0.21193871
0.1695024
0.03750076
0.25513625
-0.13404605
0.101209596
-0.041741785
0.18801175
0.01532118
0.018100448
0.17260408
0.10250602
-0.14443213
-0.196764
-0.063811466
-0.126572
-0.17382859
-0.13487302
-0.18097301
-0.06769367
0.1734262
-0.020384107
-0.25344223
0.071749724
-0.012728908
0.024500677
-0.13966618
0.16912238
-0.08017617
-0.17330103
-0.10570256
-0.008516049
-0.054888453
0.057377614
0.22381532
0.13140975
0.07419038
0.17080158
-0.0250281
0.20754395
-0.112905264
-0.03996109
0.23317392
-0.07579801
0.13840893
-0.04180536
0.18508244
-0.08055706
0.12645121
0.09260257
-0.1533608
0.14053908
-0.104952045
0.2017848
0.17277387
-0.012253498
-0.09086709
-0.015714537
0.0051548807
-0.23732422
-0.06492822
-0.1408492
0.08392024
-0.052569415
0.039878912
0.18303317
0.06940866
0.0876355
-0.12553203
0.011762209
-0.054903366
0.2119818
0.0054677455
0.17414175
0.044742595
-0.00838021
-0.17437467
0.12865166
0.2020565
-0.12858155
0.20820722
0.122192726
-0.0936557
0.010505352
0.23039609
0.09439019
-0.12476051
0.14918208
0.080042124
0.24089444
0.116665654
0.14774978
-0.10494024
0.1677809
0.15679705
-0.18235157
0.122941576
-0.16954783
0.037510417
0.12167209
0.17453602
0.0020912255
-0.18572481
-0.1636031
-0.11884196
-0.083974116
0.11557217
-0.06111048
-0.16362578
0.007086758
-0.09687706
-0.019532679
-0.05555967
-0.07925817
-0.2292258
-0.016530944
0.031744864
-0.026551934
0.20882958
-0.06444272
-0.16398801
-0.110126734
-0.006570037
-0.11711361
0.13288745
-0.012486173
0.101466656
0.04778059
0.11408268
0.0043059033
-0.039845437
0.016192898
-0.030156372
-0.081645995
0.053554382
-0.19455674
0.13430956
-0.06816381
0.19565439
0.19213109
-0.08630457
0.011201416
0.16710134
0.13395229
0.1069041
-0.022049049
0.09760006
0.053003766
-0.1425136
0.2465806
0.18064827
-0.095255956
-0.18687434
-0.094722174
0.061337464
0.0933323
0.12819718
0.071776845
0.020955894
-0.18395531
-0.0025825708
-0.013698485
0.16170068
0.04346098
0.05726468
-0.07599149
0.020929066
-0.108419806
-0.039464362
0.075391635
0.12050107
0.16479711
0.111434095
0.05736208
0.1925227
-0.119081624
-0.08618499
-0.2293599
0.028763551
0.063444264
0.05720108
0.039738186
0.014050329
-0.18058448
-0.029242946
0.17996867
-0.117208906
0.043542217
0.023804713
-0.122179866
0.12848401
0.13768011
0.15656218
0.27937973
-0.043232735
0.12683561
0.08129588
0.095266394
-0.09433694
0.12496373
-0.003964484
-0.118523255
0.19451728
-0.059829988
-0.18508478
0.110766456
0.08282279
-0.04487081
-0.16376697
0.2103145
-0.17932186
0.09421298
-0.074944116
-0.07868302
-0.053905495
-0.052196916
0.12855911
0.28421116
-0.015913477
-0.011524556
-0.16044964
0.1843718
0.062358458
-0.04125811
-0.076654695
-0.11369054
0.03073048
0.027132882
0.22424167
0.088688366
-0.19269004
0.21701147
0.14667033
-0.30677262
-0.12090417
-0.1756349
0.07486641
-0.11431442
0.15425874
0.19042149
0.22325759
0.008355819
-0.21319978
-0.12233353
0.20401627
0.0036366603
0.28007424
0.08672838
0.15316339
-0.07574369
0.13117394
-0.16138719
-0.034179706
0.22869578
-0.050363522
-0.23728451
-0.0065232506
0.14463927
-0.12392194
0.043141417
0.10273859
0.18223847
0.21878767
0.09925041
-0.12272627
0.09468861
-0.08904714
0.12081618
0.13492516
0.15760139
0.104566686
-0.14116412
0.16621505
-0.033412155
0.043494016
0.15367554
0.22313954
-0.08395988
0.027389748
0.11323632
-0.06312916
0.12226372
0.031911686
-0.028031275
-0.10199079
-0.028522667
-0.01437348
0.1362676
-0.08003034
0.013170406
0.10889687
-0.121127926
0.21224593
0.068744875
-0.000946809
-0.15845336
0.11141576
0.11883885
0.020123031
-0.0055092894
0.1651178
0.05946865
0.07083406
0.16635452
0.10528994
-0.10041322
-0.14248289
-0.24742424
0.11565389
-0.018061811
0.29842186
0.0909409
0.17993417
0.16636814
0.074264385
0.14589608
-0.16733369
0.09732592
-0.12688111
-0.2794625
0.09395572
0.021152468
0.055682123
0.04221795
0.20984037
0.016928814
0.07465615
0.112075284
-0.16076761
-0.18259092
0.24224807
-0.03629252
0.10183371
0.23684523
-0.13891676
-0.2050332
0.084088795
0.1539632
0.08947239
-0.006893844
-0.06896701
0.2800006
0.17345949
-0.05451635
0.061285894
0.119207636
-0.19754638
0.06602694
0.028962951
-0.12050763
0.13706625
0.11012437
0.100895405
0.11916974
0.13554673
0.049373064
0.028911116
0.049451716
-0.11894495
-0.2593577
0.09782928
0.021346476
-0.18079783
-0.039689496
0.19557624
-0.08547395
-0.0023993466
-0.046191193
-0.101634674
0.08181615
0.07475474
0.13107635
-0.019948877
0.0751684
0.014996307
0.12921396
-0.07866101
-0.14983627
0.18285552
-0.16101898
0.118826896
-0.052428916
0.033081334
0.1393196
0.2614061
0.108202614
-0.20235057
-0.08545402
-0.019066898
-0.12814234
-0.128284
-0.045451086
-0.0760526
0.12925667
-0.110826656
0.093112215
-0.1335371
0.1935271
-0.10104461
0.17986682
0.0071458234
0.038179435
0.0491578
-0.13802406
0.21640655
-0.09020686
0.046207175
0.19576639
-0.09257906
0.09143562
-0.13854942
0.022073453
-0.13755193
0.18468581
-0.3281544
0.06118022
-0.16087219
-0.16637723
-0.1782033
-0.2341614
0.065036304
-0.2030003
0.15122141
-0.17294078
-0.031321716
0.026907854
-0.061362028
-0.16665483
0.010792401
-0.13535616
-0.11548013
-0.19793531
0.18671703
-0.13711466
0.13011147
0.018612858
0.23295565
0.14188175
0.06253269
-0.09457528
0.07295001
0.030471956
-0.10393222
0.21648808
-0.057395577
0.094439134
0.012207957
-0.055666074
0.06957539
0.14419033
-0.10711937
-0.24194889
-0.020722918
0.08731352
0.2611263
-0.06988444
0.006309123
-0.11719774
0.096270755
0.13436808
-0.10160702
-0.16545327
0.084633
-0.04458474
-0.01007764
0.13498361
0.085816585
-0.15456073
0.14369236
0.07760918
0.037297178
0.048711527
-0.03116556
0.07203556
0.2248958
-0.09900341
0.22879378
-0.028808016
-0.092199266
-0.2179492
0.0018507658
-0.14069755
-0.1086555
-0.20655155
0.17012632
-0.21719502
-0.0861324
0.024028458
-0.045264576
0.08816509
-0.18172659
0.16550814
0.056149203
0.016601525
0.04089817
-0.09398975
-0.045090586
-0.056974087
0.105960384
0.13455643
-0.0006037498
-0.02282507
-0.08415325
-0.21000685
0.048462782
-0.039448828
0.016635424
0.17390606
0.37264228
0.19679946
0.029730285
0.1898045
0.21553287
0.12192787
-0.10389222
-0.25284594
-0.11254607
0.019382326
-0.25681078
-0.19285183
0.1402398
-0.11933122
0.039476458
0.102095634
-0.08120289
0.0030212263
-0.050642073
0.16691856
0.02226568
0.15213917
0.08180709
0.061898116
0.08849827
0.19463515
0.264752
-0.0072465725
-0.13874868
-0.108410716
0.070584476
-0.026668027
-0.021215595
0.23425749
0.0711459
-0.29845914
-0.006055892
-0.032643396
-0.22899246
-0.07617359
-0.109437086
-0.29964244
-0.06047053
0.09088339
0.0622577
-0.18766628
-0.114740014
# B
0.041944586
0.006414915
0.024279987
0.009749104
0.015478649
0.010523954
0.0070939604
0.01574709
-0.0023062099
0.036136534
0.017983781
0.016753275
0.002283061
0.016135193
0.010638643
0.033058837
0.0513994
0.034469035
0.062853664
0.0328109
0.019553078
0.057823613
0.05647797
0.0028371778
0.0083211735
0.024600513
0.00423355
0.016156955
0.041758142
0.013227663
0.03662733
0.0022492704
0.0080663515
0.031285282
0.016793616
0.011960447
0.015998112
0.014950796
0.02163363
0.0048798537
0.023122346
0.026619054
0.0091466
0.020859132
0.005487631
-0.012612561
0.010189753
-0.011979434
0.015517619
0.035321906
0.03294668
-0.025948498
0.019411374
0.015373246
0.009558211
0.0067852475
0.0016659233
-0.0009581368
0.0012569084
0.010866944
-0.0026697489
0.011120788
0.013350155
0.014020123
# Layer Number: 2
relu
32 64
# W
-0.07155699
0.17751117
0.13075577
-0.056392904
-0.2232821
0.03752592
0.22276916
-0.30575943
0.044142388
-0.30926237
0.009522593
0.09199411
-0.06275761
0.31619835
0.09175663
-0.29753715
-0.16627157
0.12474291
0.2445226
0.18042473
0.28586206
-0.2534887
0.33537495
-0.09229812
0.17270167
0.034966536
-0.028244387
-0.024007613
0.24216588
0.21463984
0.2143388
0.25413215
-0.07530109
-0.12442689
0.04372686
-0.26412806
-0.4115536
0.21966864
0.38956428
-0.20680386
0.4936092
-0.085207045
0.24516907
0.3712203
0.14764328
0.03139609
-0.049072832
0.22198448
0.3404813
-0.004345608
0.22392008
-0.19141358
0.18985611
0.00019547032
0.016800348
0.0917376
-0.035063423
-0.38827664
0.091054805
-0.067762166
-0.10428368
0.17332877
-0.22209568
-0.10491769
0.21744056
-0.21233037
0.1585477
0.11832778
0.23253153
-0.17405346
0.27897838
0.029201513
0.3654454
-0.33666527
-0.0004059601
0.2880557
-0.030406998
0.04455477
0.17529088
-0.21141237
0.12671164
-0.2846657
0.3063403
0.09688152
-0.30920866
-0.25576687
0.18945915
0.07518832
-0.09042336
-0.0539363
0.09813916
0.053623773
-0.13169621
-0.24552886
0.10564083
0.30066568
-0.5049582
0.30311403
-0.04204177
0.03868246
-0.006039474
0.40787748
0.24404126
0.35928556
0.16729203
-0.025718307
0.10168358
0.0558449
-0.09818188
0.29176593
0.2143255
-0.1042369
0.13534614
-0.095637366
0.3675925
-0.06429832
-0.21234426
0.121833384
0.167905
-0.060554285
-0.3008788
-0.17678837
0.15229304
0.14572398
-0.23252988
0.37880716
-0.37708053
0.33050326
0.23143223
-0.115844764
0.1404375
0.1783924
0.17620914
0.22270104
0.050793417
0.21292421
-0.108962685
0.24295801
0.12842281
0.18841395
0.023141077
0.26145878
0.019060813
0.2042247
-0.01897284
0.05674669
0.23180594
0.08763184
0.0905701
-0.047622077
-0.14112434
-0.1328155
0.11264485
0.23636578
-0.2801701
0.1365311
-0.11492216
-0.2548688
-0.065352656
0.24116872
-0.22373474
0.119054034
0.423668
-0.27813363
-0.18000662
0.008252262
-0.06568203
-0.13019179
0.19132313
0.018459558
0.3374833
-0.1267613
-0.19181006
0.09035074
-0.29397088
0.101772495
0.031254336
-0.09764154
0.1334934
-0.07177186
0.07366017
0.09945265
-0.22322778
0.022029014
0.15098014
-0.2552228
0.02483227
0.1639867
0.2270888
0.10548783
-0.46893167
0.31803125
0.14382122
-0.20274624
0.03466955
-0.05374481
0.05816841
0.21283343
0.018438883
0.080717705
0.027157094
0.12169081
-0.084925234
-0.09865646
-0.21411297
-0.23392016
-0.21509191
0.14138359
-0.04141813
-0.14887662
0.24027345
0.12764436
-0.0156113915
0.25905693
0.2612833
0.21641901
-0.052866142
-0.27274105
-0.14913188
0.013212407
0.14872123
-0.24164894
0.28535575
-0.10296212
-0.19261296
0.20155536
0.12635063
0.17049149
-0.08749281
-0.22445378
-0.08916183
0.33268204
0.20084505
-0.2860161
0.25345865
0.12051571
0.33164564
-0.17020413
0.10816681
0.115873374
-0.2400122
0.17754978
-0.15480426
-0.060407992
-0.1839874
0.14184241
-0.22173455
-0.011197645
0.13035451
-0.15906058
-0.40534556
0.3309118
-0.10761358
0.05408327
0.30156824
0.33862555
-0.33699462
-0.038023084
-0.4164863
-0.16720432
-0.22157529
-0.1916569
0.12506047
0.28588584
-0.3447677
-0.19117714
-0.2625422
0.31530342
-0.02207749
0.25332087
0.20553766
0.25561133
-0.1248889
0.19578038
-0.17828226
0.027116006
0.101480484
0.23032424
0.13828619
0.1791707
-0.10998723
0.3969799
0.4635841
0.31448594
-0.05804479
0.059751976
-0.18616188
0.016308326
-0.23990515
0.012224292
-0.20887986
0.17962031
0.0009820729
0.25061586
-0.17228086
0.028833935
0.12767093
0.4462865
0.21103807
0.15146065
-0.12796819
-0.16937585
0.03899387
-0.061903674
0.06514907
-0.17031312
0.07802059
0.13764127
0.2426767
0.08618017
0.18067072
0.02585179
0.3138049
-0.07871989
0.39698142
-0.095471404
-0.22907011
-0.16815983
0.13372813
-0.39181337
0.16245838
-0.43618673
-0.28804573
-0.29475608
-0.0049386583
0.11931362
-0.2868492
-0.060927026
-0.12091299
0.2801396
-0.2533835
-0.31503925
-0.041919116
0.13626494
-0.047864836
-0.12628181
-0.08027913
0.07817885
0.30567354
-0.08768877
0.10546198
0.22084413
0.3308304
-0.042511977
0.3619793
0.33141646
0.36096957
-0.39540914
0.11263407
-0.008549375
-0.09471385
-0.35294878
-0.12201141
0.0876514
0.24084634
-0.07835909
-0.09725908
-0.07366079
-0.13032486
0.22917266
-0.23554803
0.15518157
-0.0059069647
0.25252417
-0.012946833
-0.21006668
-0.32757777
-0.2252759
0.19105646
0.08600381
0.21015795
0.055139624
-0.2343871
0.37572473
-0.19150315
0.054215606
0.07302369
0.14709933
0.2837813
-0.21926211
0.31977776
-0.20522907
-0.047699634
-0.26292154
-0.1115535
-3.2434073e-05
0.32691294
0.24353202
0.061294775
0.28067815
0.10406045
-0.09416727
0.27279788
-0.14644867
-0.07352091
0.05972755
0.068130456
-0.014375899
-0.3115416
-0.2404872
-0.09232461
0.26724806
-0.12780073
-0.1826672
-0.35881594
0.23625791
0.29572672
-0.15206788
-0.13921586
-0.34151548
-0.010973018
-0.040968575
0.05104576
-0.14572853
0.11109853
0.025804652
-0.09678484
-0.20804636
-0.22142321
0.114233755
0.046071175
0.0038341875
0.30770645
-0.21434656
-0.43196797
0.25563818
0.2981033
-0.14161608
-0.050852098
0.022801528
-0.21446887
0.28302
0.0077894884
0.37030515
-0.30221763
0.121745855
0.1849012
0.49180642
0.04035525
0.19131584
-0.020593729
-0.055922315
0.20039462
-0.04223399
-0.07024845
-0.07261418
-0.33004963
-0.02232102
0.20684382
-0.029734308
-0.07061688
0.23104605
0.0043512606
-0.15186068
-0.2731538
-0.11909464
0.081292585
0.20546062
-0.0503758
-0.008689134
-0.20098889
-0.16468184
0.17075026
0.13016059
-0.1259734
-0.15265848
0.010738876
0.06876797
0.23618001
-0.21742673
0.0030497487
0.25284946
0.25734636
0.14554477
0.035132606
-0.14420825
-0.17345676
-0.16913383
0.22709012
0.16496766
0.07660144
0.13016355
0.17792381
0.34997115
-0.22677283
0.21721667
-0.028059533
0.1644716
0.1850993
-0.20408072
0.20677364
0.036442276
-0.10511558
0.3737662
-0.016114008
0.14273836
-0.12674238
-0.26974273
0.48389065
0.32608253
0.3887508
-0.42751047
0.015632963
-0.089148305
0.060837
-0.06976933
-0.044464193
-0.19835652
-0.32457134
0.30667287
-0.028642517
-0.23839737
-0.20867912
-0.34846
0.38509005
-0.12511191
0.041425694
0.20704097
-0.2450465
-0.10244039
0.2070582
0.13421753
0.2887828
-0.103206694
-0.15315105
-0.34817812
0.05626776
0.18170749
-0.052224256
0.16526921
-0.30707884
0.027057813
0.18769296
0.06374586
-0.25207016
0.16406314
0.01676284
-0.12188672
-0.06476516
0.46632478
0.11045367
0.16925511
0.21858348
0.09696957
-0.018185228
-0.2579486
-0.061249487
-0.20571458
0.26364103
0.23617116
-0.09281319
0.1804315
-0.053738356
-0.25901213
0.043542106
0.007586534
0.048551742
0.112976335
-0.117833726
0.29275724
0.27171955
0.13025203
-0.013306636
-0.121507116
0.1991164
0.05748047
0.04856504
-0.17660445
0.08512977
0.30403084
0.29890755
0.051736087
0.22242348
0.15485911
0.22797583
0.011245884
-0.056491517
0.07529213
0.27991867
0.2373434
-0.018031633
0.1540876
-0.06495916
0.1236766
-0.09139194
0.36256889
0.47525194
-0.049009133
-0.024109082
-0.13240525
-0.1949449
-0.24021804
-0.21179609
0.30213222
-0.12767735
0.30072144
-0.228998
0.1118041
-0.02425971
0.21217723
0.3170349
0.026687194
0.04322303
-0.4052716
0.29895538
0.18668279
0.108983964
0.09866942
-0.2630473
-0.064861655
0.12548612
0.27519456
0.2585343
0.37835678
0.1350585
0.14481694
0.22938831
-0.1888386
0.13131164
-0.058303304
0.004983068
-0.22063914
0.061581604
0.002883124
0.33500585
0.17726687
0.3909167
-0.010667027
-0.16492581
-0.29965433
0.036888316
-0.1386178
-0.06972434
-0.22435582
-0.07012843
0.39682582
0.09518601
-0.2343456
-0.003439913
0.19341534
-0.049038135
-0.14382164
-0.11934362
0.023288101
-0.22297709
-0.13644475
-0.01151668
-0.013620432
0.1522557
0.0046466114
-0.26708186
0.03470509
0.0043331985
0.09496052
0.1812317
-0.11134088
0.066696614
-0.026985444
-0.3635452
-0.2678845
0.30734736
-0.026551073
0.34512085
-0.039939936
0.30414006
0.29906145
-0.15400931
-0.040199358
-0.21404395
-0.21992123
0.1426624
0.34848434
-0.172474
0.1969764
-0.12236304
-0.1334734
0.20802867
-0.050929382
0.1206769
-0.18377006
0.1267879
0.20022479
-0.09736353
0.09227224
-0.01222735
-0.11912798
0.12576652
0.005380608
-0.16436204
-0.11747219
0.17911147
-0.21123564
0.23944533
0.0059212684
0.09556012
0.20367384
0.05532654
-0.14553474
0.27396053
0.2616746
0.06415814
0.08072388
0.14635718
0.082183845
0.05027691
-0.17089029
-0.03066973
-0.16774437
-0.017538678
-0.16145827
0.21983734
0.11723501
0.095240295
0.13532202
0.17270562
-0.18126018
0.054771382
0.018022098
0.0986518
0.08959777
-0.061619658
-0.038979303
0.06622939
-0.04356438
0.2094124
0.027423315
0.05447632
0.1494831
0.27208564
0.27729654
0.060716517
0.07029314
0.1841512
-0.013636959
-0.07081223
0.29425088
0.45363688
0.04440082
0.2666335
0.122093104
-0.23810193
0.021069266
-0.16436899
-0.23297295
-0.23904777
0.12252121
-0.10501901
0.06403736
0.25174555
0.27101648
0.15436321
-0.24146774
-0.21326225
0.06917636
0.23910397
-0.31546664
-0.045393668
-0.22858454
-0.13875264
-0.13937554
0.123117715
0.13652897
-0.11099391
-0.3234664
-0.036670167
0.26830903
0.21191071
-0.31150275
0.2884589
0.2278044
0.21775502
0.22714455
0.35175446
0.10858841
-0.4703848
-0.10808172
0.07720037
0.19610715
-0.2095871
-0.034848947
-0.08589949
-0.23538262
-0.13430561
-0.36664653
0.24157012
-0.10062297
-0.22204442
0.14984493
-0.1587579
0.16009739
0.32662094
-0.016875133
0.08775099
-0.104180925
-0.34332982
-0.010968602
0.012962418
0.07882909
0.14345375
0.19958828
-0.046987657
-0.06712169
0.27645943
-0.22665693
0.19543155
-0.024064276
0.20628908
-0.032922965
-0.023765987
0.35928196
0.16976793
0.076058924
-0.18630582
0.08945733
-0.052216385
0.0688524
0.11116359
0.0813747
-0.024834359
0.1612499
0.042132597
-0.11831429
-0.34082076
0.016736714
0.021159671
-0.042977236
-0.0068728286
-0.07984974
-0.060675863
0.14338328
-0.2166505
-0.32306498
0.3081455
0.15587452
0.1301649
-0.17654538
0.18895622
-0.00510776
0.059048474
-0.02881841
0.19544463
0.29705992
-0.061164487
0.08983698
-0.29345307
-0.12643518
-0.21851629
0.29991198
0.11815702
0.19627288
0.08640046
0.09583607
-0.106046
0.2471419
-0.25831562
-0.006564243
0.19094728
-0.054688565
-0.0018799969
-0.3590017
0.25041482
-0.052942675
0.11934001
-0.07571384
0.14057659
0.12990053
0.22014126
0.008222666
-0.23625205
0.17162351
-0.08214643
-0.15474173
-0.25220758
0.17208673
-0.04563652
-0.13655682
0.2302116
-0.0767525
0.03977289
0.18873304
-0.18469438
-0.20186709
-0.2450252
-0.23979281
-0.13540457
0.088905774
-0.007281288
0.07455502
0.20477802
0.049793888
0.11877304
-0.119710736
-0.21140563
-0.027563853
-0.31190982
0.09966822
0.055089917
0.0770206
0.14280841
-0.111331165
-0.28801903
-0.031586576
0.1695381
0.18530104
-0.1339388
0.2896844
0.101793036
-0.2701808
0.19819862
0.001411245
-0.048935756
-0.43302098
-0.065190405
0.07815235
0.008252595
0.028729385
-0.20141476
0.17962164
0.4435456
0.07894169
0.24409756
-0.09643913
-0.3132481
-0.21548292
0.20634568
0.022405136
-0.12288308
0.11714671
-0.16430466
-0.036228973
-0.204409
-0.045490958
0.086581856
-0.37132013
-0.01806542
-0.019795775
-0.050057955
-0.20295234
0.05258673
-0.22984904
-0.09718578
0.073808976
-0.20470831
-0.11535122
0.06047804
0.25349435
-0.18988468
0.16362627
0.30666167
-0.15850925
0.002031652
0.27346972
0.4008911
0.19699593
-0.07673869
0.06361171
-0.05728849
0.015931787
0.05630614
0.13344103
-0.013263429
0.13633
0.29025945
0.09940491
-0.32402182
0.20800695
-0.0059671225
0.22236215
-0.03668991
-0.10103101
0.1791236
0.15773898
0.038774226
0.21517912
0.008346312
-0.10117355
0.038553633
-0.15439215
0.14127697
0.09339713
0.018296225
-0.035733037
0.1268434
0.2028312
0.123867705
-0.092305854
-0.04656748
0.21084446
-0.026354352
0.19487911
-0.12612924
0.4173492
0.262068
-0.18562356
-0.36635536
0.102216534
-0.011898927
0.16937517
-0.023209527
-0.06585127
0.02268688
0.25895265
-0.27164212
-0.17322174
-0.06392586
0.18476214
-0.18858168
0.021382097
0.11757099
0.20286225
-0.075728714
0.18735574
0.19365753
0.11240713
0.2813847
-0.20130469
0.3243389
0.2608111
0.3818412
-0.36256823
-0.07423078
0.20462312
0.1388839
-0.2860047
0.23797469
0.13044678
-0.10127728
-0.22349685
-0.23626763
0.025415527
0.19085309
-0.21827038
0.07000992
-0.36779594
-0.10433836
0.2872641
-0.19988105
0.23095667
-0.33029854
0.29012737
-0.15243556
0.19954033
0.38429838
0.002068901
-0.06920398
-0.21107122
0.014999595
-0.036422156
-0.2421367
0.058180764
0.10358185
0.19923511
-0.18553585
0.12620868
-0.12214162
-0.17690016
-0.23666936
-0.19020826
0.12015232
-0.31027016
-0.30713463
0.32859507
0.15000367
0.19922362
0.03202529
0.116827525
0.3521819
0.1680706
0.08970159
-0.19995722
0.03719609
0.30566543
-0.14492044
-0.021478096
0.2613471
0.18443482
-0.117151074
0.01360864
0.010642987
0.23487738
-0.28223732
-0.17210022
-0.1886052
0.042456575
0.22405624
0.10838466
-0.12287583
0.021612026
0.23892295
0.22634669
0.13452622
0.08904005
0.12895788
0.13589485
0.30085397
0.20734502
0.04038947
0.049435962
0.18857376
0.17182872
0.24730666
0.13862388
0.029795846
0.20271358
0.042018984
0.34267285
0.13777876
-0.31721497
-0.0012378055
0.21190844
-0.17033611
0.10122933
-0.1863117
0.26159054
0.27465367
-0.22865753
-0.27661592
0.070303425
0.2142053
-0.07212425
0.19764888
0.1150386
-0.26455456
-0.20090431
-0.27697894
-0.057707466
0.1523611
-0.14958887
0.032253034
-0.34253243
-0.2711293
0.21518311
0.09219963
0.43907043
0.0657894
-0.022087505
0.1371311
-0.24228054
-0.08955774
0.2375751
0.032076485
0.02539689
0.051331952
-0.23727153
0.11530963
-0.014091677
0.19864582
0.05712777
-0.23680943
0.0025079905
0.23674339
-0.10582186
-0.09725542
-0.12993576
-0.2581531
-0.15464635
0.3642115
-0.23465976
-0.15512164
-0.1293872
-0.011205346
-0.11662035
0.21234562
-0.37657374
0.054757148
-0.27958176
0.128251
-0.24123079
0.178778
0.08738458
-0.26717827
0.116168074
0.28052983
0.2221088
-0.035761908
0.058143027
0.0028181924
0.33484915
-0.22043858
0.10838484
-0.30789128
-0.078335896
0.22283778
-0.16129072
-0.06653168
0.27430993
-0.17247604
-0.2420056
-0.36703897
0.3609677
-0.30321047
-0.027213646
-0.108384244
0.19947307
-0.18280381
-0.146146
-0.10654262
0.21579885
-0.21918617
0.20540108
0.0428762
0.20299803
0.3829242
-0.14691696
-0.17179692
0.3682154
0.24910913
-0.17125973
-0.27872136
0.1649518
0.41219166
-0.1495492
0.18955056
-0.07857925
-0.15957822
-0.35949188
-0.053542003
0.2703328
0.04742995
0.05049903
0.22113515
0.045405455
0.008113426
0.18352287
-0.09555641
0.06393648
-0.2976173
-0.28804234
-0.027191475
0.15683395
-0.24062768
-0.14835843
-0.14240581
-0.2431029
-0.2200301
0.13709025
0.030445961
0.2800977
0.17714988
0.24448416
-0.12561108
0.32253104
0.30041745
0.19450462
-0.28129014
0.105981074
-0.09269149
-0.1089731
-0.2572999
-0.17533009
0.13420762
0.2180691
-0.2348745
0.24258386
-0.24262302
-0.16838086
-0.09881814
0.011639739
0.048540335
0.26269826
0.10846749
-0.17088108
-0.092790835
0.13708933
-0.19785742
0.23039582
0.21873336
-0.11881279
0.08798367
0.08026756
-0.24844548
0.14513966
-0.12188826
-0.17193538
0.09924084
0.20910752
0.0038318378
0.13953073
-0.05574704
-0.20579346
-0.0013286498
-0.30101427
0.2894453
-0.29967174
0.09926693
-0.20954233
-0.34373263
-0.17100789
0.04820437
0.25672498
0.26308048
-0.30499628
-0.1001275
-0.123425715
-0.2752178
0.09143847
0.21139273
0.23904288
-0.35637954
0.12791881
0.2702215
-0.10490945
-0.41643104
0.06793806
0.34662923
0.4000888
-0.16976736
0.12154515
-0.16648817
-0.28257057
-0.078550644
-0.17632341
0.23337644
-0.006427767
0.14595352
0.09631402
0.07769097
0.06580357
0.21676074
0.08643698
0.20229143
-0.21095534
0.08833389
-0.17941606
-0.16545503
-0.003324229
-0.036011927
0.16201898
0.08868389
-0.19513008
-0.025273671
-0.2186003
-0.07559813
0.26585263
0.26574096
0.22669886
0.007476116
-0.15406321
0.14924592
0.28179285
0.2688096
0.09159602
-0.20829874
0.1277202
0.24169268
0.18713693
-0.2569554
0.07538573
0.21448804
0.19603041
0.24722143
-0.28400913
-0.047121845
0.025457155
-0.008048938
0.27663094
0.0068935226
0.19762258
0.21224156
0.012720399
-0.011723671
-0.22407755
0.34474054
-0.2491394
0.039280627
0.13652106
0.18340191
-0.14361377
-0.23141663
0.004310794
0.23602036
-0.21429871
0.23052844
0.025129436
-0.14853615
-0.071020715
-0.03822375
0.21725544
-0.326789
0.13144611
0.25369662
0.16666165
-0.04121077
0.07629508
-0.16719562
0.0069759474
-0.20921363
-0.028622195
-0.13613525
-0.10104873
0.20019849
0.2089704
0.12633486
0.08380166
0.24204877
0.07151896
0.13543715
0.22931187
-0.29067215
-0.0084198415
-0.051371865
-0.12032703
0.03187264
0.24401811
0.06314699
-0.1931543
0.37098053
-0.106969856
-0.13536584
-0.20102109
0.2989164
-0.24187686
0.16063166
-0.11251616
0.20538841
0.019374387
-0.13986498
-0.069512
0.27839214
0.015992314
-0.18673626
-0.11648109
-0.0061110575
0.21528411
0.04017661
-0.030896746
-0.20437664
-0.25542632
0.12041737
0.205635
0.218826
-0.035046484
-0.18491007
0.12073623
-0.24207313
0.3095709
0.16322783
-0.19945583
-0.028214458
-0.094479784
-0.24421453
-0.03946242
0.041136757
0.23719801
-0.31045002
0.23571603
0.39168712
0.19398779
0.14052075
-0.09854629
0.3061073
0.21110767
0.12926817
-0.16165768
-0.10320172
0.29072753
-0.02591509
0.014792531
0.06867324
-0.12299822
-0.33254722
0.119660564
-0.1382515
-0.3231226
-0.25970358
-0.122228704
0.09858968
-0.11797093
-0.16240367
0.039208625
-0.013491342
0.0007771974
-0.2678455
-0.101714596
-0.21100351
0.13589442
-0.3274997
-0.24378315
-0.18021296
-0.08931365
-0.26672664
0.28405792
-0.24473235
0.11589542
0.22159998
-0.15041149
0.16668934
-0.15370312
0.28100368
0.1844509
0.10207914
0.043166637
0.03920215
0.17005926
0.37489784
-0.21244785
-0.11575913
-0.17551313
0.15766369
0.058142427
-0.18297076
0.2369043
-0.11778043
0.40096712
-0.03771523
0.19862358
-0.10001983
-0.049673192
0.15814213
-0.106381826
0.066759676
-0.088009484
0.05165153
0.0853541
0.02731428
0.2769333
-0.31160492
0.14121798
0.118126445
-0.0166304
0.3245547
-0.041007396
-0.2134861
-0.27744442
0.20965768
-0.28534004
-0.2880252
0.28606924
-0.07923024
0.13650917
-0.005772662
0.07471172
-0.22340709
-0.17474127
-0.19636016
0.17367002
-0.19042501
-0.050588254
-0.021975677
0.20155735
0.13057227
0.11818947
0.24870788
0.11023143
-0.07576456
0.19023307
-0.19749057
-0.04836367
-0.0022545217
0.16711271
-0.026032882
-0.102590606
0.021479208
0.30800122
0.045688268
-0.18937974
0.31193867
-0.2980389
-0.3413721
0.000393101
0.47448245
-0.056559008
-0.38280538
0.26928386
0.06433223
-0.29665378
-0.2206345
-0.010752343
0.056496516
0.17114043
0.32405084
0.3203348
-0.2104898
0.31009984
0.37507847
0.32901818
0.29550594
0.07421839
-0.10224069
0.027847212
-0.28834316
-0.1902337
0.09184492
-0.07234423
-0.1529147
0.11294368
-0.24674426
-0.024614591
-0.08421735
0.23772119
-0.3263321
-0.27235302
-0.028203435
-0.4049297
-0.16916128
-0.03620103
-0.22875589
0.13688709
-0.19771884
-0.06341239
-0.037876472
0.12496532
-0.26260626
0.040097773
0.13767612
0.26921046
-0.2186083
0.010540986
-0.021753965
0.2801507
0.09768742
0.056797728
0.13803153
0.006412428
-0.17877363
-0.19106832
0.22907265
0.14146315
0.17324497
0.2826391
0.051694166
-0.08042779
-0.05411485
0.022693679
-0.09923008
-0.041610688
0.32374704
0.20175055
-0.13229065
0.019824265
-0.00018227802
-0.019680198
-0.32851836
0.07308762
-0.047099788
-0.24774079
-0.29081225
0.04362262
0.22542447
-0.0883989
0.023378948
-0.40630242
0.03936625
0.39974782
0.25634614
0.33378318
0.103093855
0.15943733
0.43510368
-0.31602523
-0.16682374
0.04231619
0.13319561
0.12794767
0.1627854
0.0540937
-0.13794789
0.201114
0.18198451
0.13025925
-0.31334993
-0.3020773
-0.31561437
-0.008815582
0.2837317
-0.2810633
0.338702
0.08925137
0.16329756
-0.075192116
0.14964463
0.08805329
-0.1253028
0.2803898
0.02600197
0.1779686
0.12125804
0.08567931
-0.1583061
0.024059508
-0.19967917
0.03309968
0.16123255
-0.2183291
-0.2628252
0.022404691
0.024266006
-0.13261604
-0.0690462
-0.18821548
-0.1985529
-0.06772241
-0.06450103
-0.005071047
0.1813882
0.34159642
-0.13896564
0.14879927
-0.32595742
0.060067896
0.011613735
-0.094420426
-0.13936901
-0.01258511
-0.2287946
0.25611022
-0.17448474
-0.3040399
0.02893999
0.02122097
-0.09624181
-0.23705214
-0.28912008
-0.062917955
0.1325267
0.14906889
0.173313
-0.25687966
0.19156106
0.06456853
0.28531817
-0.23356096
0.20763187
0.41541398
-0.16109401
0.110553555
-0.020600708
-0.18862909
-0.06902758
0.15443765
0.36550808
0.13497433
0.04737544
0.24919458
0.094530195
-0.059580006
-0.31394607
0.027314035
0.21906
0.1956438
0.24110252
-0.18336816
0.10184885
0.3416384
0.25720635
0.27629763
0.017566478
-0.17721538
-0.1753879
0.14680019
-0.22895192
0.14590006
-0.3327557
0.1912033
-0.027162349
0.064010136
0.2515467
-0.5665933
0.121055305
0.2475411
0.2844856
-0.1415651
0.00489337
0.04834267
0.22779606
0.11530569
-0.38208583
-0.10893002
0.13865113
0.23949318
-0.1723827
-0.14877981
0.006339887
0.076529615
0.028310318
-0.020273613
0.2760337
-0.18132237
-0.2432171
0.081041284
-0.34459564
0.04449789
0.26945227
-0.2591554
0.17050317
-0.18780488
-0.22585317
-0.010800454
-0.06960367
-0.17328656
0.17568119
-0.21146223
0.3771366
-0.3191949
0.23642279
0.17388417
0.09527411
-0.21332836
0.27404216
0.025110928
0.2035689
-0.26258639
-0.0034859146
0.15927354
-0.010858922
0.27441826
0.28441912
-0.13850218
-0.1415901
-0.08635576
-0.049688928
0.09659127
0.1045701
-0.31605893
-0.32604432
-0.07387993
0.14214195
0.17572917
-0.40132686
-0.20346628
0.23235033
-0.0663863
0.080895275
-0.007334509
0.061663806
0.07021457
-0.26738966
0.024239602
-0.12298218
-0.3226763
0.2878676
-0.08386852
0.30102038
-0.32284063
-0.09261014
0.3079745
0.09868729
-0.046715174
0.16021897
-0.22365047
-0.28079042
-0.15086749
-0.050266888
0.16807215
-0.2845035
0.108955584
0.17062204
-0.45339832
-0.31932408
-0.114192285
0.29319143
-0.1919966
-0.038751666
0.13759993
-0.28343374
0.36443192
-0.043635946
-0.26500064
0.32822743
0.14148116
-0.0093120765
0.0021434166
0.37474254
-0.0727879
-0.05695794
-0.1121227
-0.18325275
0.20170951
0.1599688
0.14114459
-0.24614136
-0.22609918
0.08780997
-0.201611
0.020780846
-0.06620307
-0.20808785
0.16834407
0.07739355
-0.3065605
0.09502983
-0.042155977
-0.34876102
-0.33740118
0.02577962
-0.19606158
0.042176366
-0.08356874
0.20715393
-0.2583521
0.23817264
0.121897355
0.26051706
0.023852916
-0.334678
-0.20386724
-0.21324886
-0.17187345
0.1726596
0.12324184
0.16808997
0.17970276
0.029454423
-0.03927995
-0.00210422
-0.15884009
-0.043153938
-0.0343681
-0.020643026
-0.19759578
-0.11455205
0.19387612
0.22945972
0.19158277
-0.06618975
-0.2061219
-0.18554483
0.15689564
0.42847854
-0.34933922
0.11212064
0.1955061
0.11042686
0.1445321
0.120842755
-0.24530885
0.23393314
-0.13095522
0.18080406
-0.18799144
-0.08190713
0.15082902
-0.20056391
0.28423488
-0.06345914
0.03548665
0.09777387
-0.073638804
-0.06974663
0.17481226
0.0435988
-0.30951387
0.22995183
-0.14550138
-0.053497255
0.06468901
-0.10082297
0.13263702
-0.26286298
-0.18944907
0.23420244
0.09951905
0.25132027
-0.11058534
-0.3225157
-0.3744567
-0.036910594
-0.39332664
0.09736498
0.20570631
-0.1517971
-0.21935609
-0.4100491
0.07624183
0.029526502
0.1694935
-0.11701293
0.020148207
-0.11085601
0.011367333
-0.2038467
-0.17952253
-0.14824744
-0.3216033
0.055422805
-0.07136035
0.088134594
0.31538534
0.39507696
-0.43288293
0.24511603
0.19186576
0.09976481
-0.31414774
-0.19648701
0.06089306
0.17896737
-0.19305116
0.2633492
0.13434239
0.06991369
-0.2489047
-0.23071508
-0.23917621
0.13774872
0.10181801
0.035525527
-0.15327284
-0.080723085
0.05090164
-0.21158966
0.04248715
0.22786161
-0.30363414
-0.1546463
-0.083533294
0.1577886
-0.1287347
-0.10573007
-0.26404014
0.16124715
-0.030823266
-0.1875259
-0.042749733
0.24117753
0.10521794
0.18588658
-0.24051218
-0.16898468
-0.17731918
0.17321286
0.22054555
-0.14801346
-0.22488372
0.046438098
-0.04068148
0.036381997
-0.025847036
-0.10389906
-0.015880838
-0.2662371
-0.04629377
-0.080194145
-0.19077803
-0.18361796
-0.14581756
-0.185828
0.19173767
0.113791496
-0.15931185
-0.0071360734
-0.0975416
0.25064433
0.20947164
0.27025476
0.051972523
-0.04705329
0.32680959
# B
-0.017395744
0.03425316
0.017932914
0.00079309917
-0.0035022406
0.0053896084
-0.004424681
-0.023994267
0.00046142106
0.02652572
0.010493378
-0.015714105
0.008207128
0.035791274
0.037113518
0.015585948
0.034452558
0.034654506
0.003899558
0.027108544
0.021883206
6.7792535e-05
0.031240469
0.031391896
0.03529843
-0.0035662581
0.026243065
0.05514361
0.00029602548
-7.8787634e-05
0.023631789
0.02785006
# Layer Number: 3
softmax
12 32
# W
0.15525675
-0.43737763
-0.07436972
0.16421308
-0.16174187
-0.40391695
-0.3961884
0.36284918
-0.12480372
-0.071873516
0.3692307
-0.39973527
0.028569048
-0.059475653
-0.39584833
-0.43444365
-0.5906349
0.27902094
-0.2596966
-0.4219737
-0.12590253
0.28464618
-0.12210936
0.4197952
-0.571127
-0.72786856
0.21145754
-0.099326916
-0.19237733
0.31132963
-0.1959075
0.4224064
0.084575474
-0.34403613
-0.56958336
-0.253852
0.16335955
0.11468256
-0.64799017
-0.2595226
-0.022554157
-0.08136446
0.20924698
0.5121511
-0.30928406
-0.5202537
0.20419703
-0.3040144
-0.19050065
-0.36625847
-0.39027745
0.17663525
-0.35055825
-0.3181024
0.34701794
-0.0038861982
-0.059117522
0.039437532
0.02290488
-0.36568335
-0.41872856
-0.19795543
-0.1443776
-0.47683844
0.01446218
0.38810998
0.30616698
0.31113482
0.16122542
-0.58271444
-0.01952896
0.23790468
-0.015069126
-0.46042547
-0.049760662
0.31960166
0.4058962
-0.065602496
-0.20322436
0.39655086
-0.303955
-0.025644273
-0.017957859
0.40003714
-0.32600123
0.08361952
0.5550878
0.12356853
-0.2191864
-0.31090492
-0.6199045
-0.23356155
-0.37113464
-0.07939848
0.39451727
-0.10596753
0.28857824
-0.109689735
-0.4465615
0.25853613
-0.031888876
-0.3803749
-0.45799977
0.36411414
-0.122697376
0.22408013
-0.26394963
0.12297304
-0.49664852
-0.25041813
0.07924539
0.24299179
0.21620734
0.2385205
0.21141398
-0.3735926
0.45846814
-0.83164203
0.028350616
-0.41545835
-0.2567123
-0.6677552
0.13417362
-0.27917868
-0.029526351
0.27004278
0.3529609
0.35129425
-0.095252655
-0.3384968
-0.68768543
0.055251498
0.15755342
-0.11710754
-0.09518623
0.2692923
-0.18568116
-0.31645554
-0.21691844
0.22133055
-0.37536973
-0.22831652
-0.1267927
0.26094162
0.08696864
0.26131043
-0.22175577
-0.10297731
0.29457092
0.58787024
-0.20640424
0.53850114
-0.4340704
0.51748025
0.14845012
-0.16805644
-0.14565362
-0.20626801
-0.07115297
-0.16987962
0.009085227
0.10376171
-0.67126626
0.049351025
-0.39370638
0.25736985
0.40833354
-0.011260785
-0.01001904
-0.3255387
0.4467768
-0.13278763
-0.2671089
0.038712416
-0.09137897
-0.6289735
-0.3737114
0.29236278
0.44032496
-0.54876655
-0.521542
-0.5067124
-0.19666155
0.01981772
0.26199767
-0.47566202
0.52880335
0.20589423
-0.5755433
-0.3307092
-0.17574008
0.40446764
-0.025102716
-0.09392079
0.44030282
0.2795729
-0.18990214
-0.47584036
0.1410602
0.12202362
-0.40272808
0.13516104
-0.51258814
0.20572384
0.29907063
-0.122297786
0.24936166
-0.114771
-0.07633968
0.33892268
0.46599883
0.21794768
0.27619743
-0.5286055
-0.51721644
0.12863572
-0.47232488
0.0875806
-0.18914571
-0.04812673
-0.34729156
0.31247175
-0.021283522
0.15732865
-0.14000133
-0.26545134
0.18640324
0.10757818
-0.1454862
-0.045835514
0.39922842
-0.30988604
-0.38873947
0.15868981
0.18711866
0.2727807
-0.6669411
-0.06372889
-0.017093757
-0.24972749
-0.57458675
-0.40417552
0.09437975
-0.2525628
0.22171885
0.29034895
-0.020614255
-0.42091075
-0.36385497
0.14436436
-0.056774925
-0.25401542
-0.4931528
-0.19950996
0.052884527
0.14136451
0.35525736
-0.45335394
0.33680445
0.13699277
0.51694596
-0.287492
0.036952958
0.31316942
-0.26691875
-0.2913494
-0.12497299
-0.55032086
0.022302072
-0.020554312
-0.44529718
-0.3226022
0.46209583
0.18778709
0.08182135
0.054617062
-0.6995864
-0.13845935
0.40639907
-0.055387944
0.05927777
0.133316
0.45211944
-0.47686166
-0.38119695
0.19496499
-0.2646333
-0.2883368
-0.6931327
-0.5443874
0.24950343
0.017279906
0.3645905
0.3777911
-0.13357885
-0.26861247
-0.053950608
0.12970155
0.1272373
-0.4550473
-0.25902778
-0.80682606
0.11781551
0.30917713
-0.09715635
-0.4168292
-0.050859515
-0.30606177
-0.14166507
0.05900533
0.0045975572
-0.11924196
-0.081551366
-0.35529357
0.21015976
0.037946932
-0.33047214
-0.09280568
0.08659668
-0.5107675
0.054804344
-0.24839652
0.38480896
0.4519776
-0.32238474
-0.404418
-0.28085515
0.11433801
0.0019214237
0.01795296
0.23625429
-0.14006591
-0.05044853
0.35659003
-0.5744508
0.29051864
-0.35018054
-0.3470621
0.04410943
-0.7376181
-0.015279476
-0.36059594
-0.31416035
0.19232659
0.6384151
-0.54503894
0.11050739
-0.23330937
0.15981457
-0.16457367
-0.04404201
-0.024937542
-0.46430764
0.535171
0.04329779
-0.38510525
-0.47857475
-0.35502413
0.3778072
-0.26517442
-0.42480966
0.011234144
-0.006480921
-0.40581056
-0.42083836
-0.3177087
0.32961556
0.26564887
-0.20268428
0.2379327
0.4190226
-0.5071542
-0.5714407
-0.20905411
-0.017431073
0.1571775
-0.18956842
-0.22888595
-0.13658744
0.19731297
0.2995472
0.39530426
-0.34804878
0.287879
# B
-0.053738065
-0.081583746
-0.016254626
0.05937805
-0.001822132
0.07276165
-0.013190617
-0.013797302
0.007590886
0.01960149
-0.02478837
0.0014886324
